url,status,w,h,alt
https://ailens.sedaily.ai/news/2026/10/09/2026-10-09-%EC%B9%9C%EB%94%B8-%ED%8F%AD%ED%96%89-%EC%82%B4%ED%95%B4-%ED%9B%84-%EC%9A%B0%EB%A6%AC-%EB%94%B8-%EC%82%B4%EC%95%84%EC%9E%88%EC%96%B4%EC%9A%94-%EC%99%B8%EC%B9%98%EB%8D%98-%EC%97%84%EB%A7%88-%EC%9C%A0%EB%AA%85-%EA%B0%80%EC%88%98%EC%98%80%EB%8B%A4,alt-ok,1824,1822,https://sedaily-mbti-cms-media-dev.s3.us-east-1.amazonaws.com/media/mustknow-auto/20099518-webtoon-cut001.webp
https://ailens.sedaily.ai/news/2026/10/09/2026-10-09-%EB%B9%9B%EC%9C%BC%EB%A1%9C-%EB%87%8C%EC%84%B8%ED%8F%AC-%EC%BC%9C%EA%B3%A0-%EB%82%A8%EA%B7%B9-%EC%96%BC%EC%9D%8C%EC%9C%BC%EB%A1%9C-%EC%9A%B0%EC%A3%BC-%EA%B4%80%EC%B8%A1-%EC%98%AC%ED%95%B4-%EB%85%B8%EB%B2%A8%EA%B3%BC%ED%95%99%EC%83%81%EC%9D%B4-%EC%A3%BC%EB%AA%A9%ED%95%9C-%EB%B0%9C%EA%B2%AC,alt-ok,1824,1822,https://sedaily-mbti-cms-media-dev.s3.us-east-1.amazonaws.com/media/mustknow-auto/20099701-webtoon-cut001.webp
https://ailens.sedaily.ai/international/2026/10/09/2026-10-09-%ED%8A%B8%EB%9F%BC%ED%94%84-%EC%8A%A4%ED%86%A1%EC%BB%A4-AI%EC%A3%BC%EB%A7%8C-%EC%98%A4%EB%A5%B4%EB%8A%94-%EC%A6%9D%EC%8B%9C%EA%B0%80-%EA%B1%B1%EC%A0%95%EC%9D%B8-%EC%8B%9C%EC%9E%A5-%EC%85%80%ED%94%84-%EA%B8%B4%EC%B6%95,alt-ok,1824,1822,https://sedaily-mbti-cms-media-dev.s3.us-east-1.amazonaws.com/media/mustknow-auto/20099351-webtoon-cut001.webp
https://ailens.sedaily.ai/international/2026/10/09/2026-10-09-%EC%84%9C%EB%A5%98%EC%B2%A0%EC%9D%B4-%EB%B2%BD%EC%9C%BC%EB%A1%9C-%EB%82%A0%EC%95%84%EA%B0%94%EB%8B%A4-%EB%B2%A0%EC%84%A0%ED%8A%B8-%EC%9E%AC%EB%AC%B4%EB%B6%80-%EB%96%A0%EB%82%9C-%EA%B3%A0%EC%9C%84%EC%A7%81-7%EB%AA%85-%EA%B8%80%EB%A1%9C%EB%B2%8C-%EB%AA%A8%EB%8B%9D-%EB%B8%8C%EB%A6%AC%ED%95%91,alt-ok,1824,1822,https://sedaily-mbti-cms-media-dev.s3.us-east-1.amazonaws.com/media/mustknow-auto/20099846-webtoon-cut001.webp
https://ailens.sedaily.ai/international/2026/10/09/2026-10-09-UN%EB%8C%80%EC%82%AC-%EC%A7%80%EB%A2%B0-%EB%A7%A4%EC%84%A4-%EC%82%AC%EA%B3%BC%ED%95%98%EB%9D%BC-%EB%9F%AC-%EA%B5%B0%EC%82%AC-%ED%98%91%EB%A0%A5%EB%8F%84-%EC%A4%91%EB%8B%A8%ED%95%B4%EC%95%BC,alt-ok,1824,1822,https://sedaily-mbti-cms-media-dev.s3.us-east-1.amazonaws.com/media/mustknow-auto/20099877-webtoon-cut001.webp
https://ailens.sedaily.ai/finance/2026/10/09/2026-10-09-%EB%B3%B4%EC%95%88-%EA%B0%95%ED%99%94-%EB%82%98%EC%84%A0-%EC%B9%B4%EB%93%9C%EC%97%85%EA%B3%84-%EB%B9%84%EC%94%A8-%EC%9A%B0%EB%A6%AC%EB%A7%8C-%EC%9D%B8%EB%A0%A5-%EC%A4%84%EC%98%80%EB%8B%A4,alt-ok,1824,1822,https://sedaily-mbti-cms-media-dev.s3.us-east-1.amazonaws.com/media/mustknow-auto/20099854-webtoon-cut001.webp
https://ailens.sedaily.ai/international/2026/10/09/2026-10-09-%EC%98%A4%ED%94%88AI-%EB%A7%A4%EC%B6%9C-%EB%B6%80%EC%A7%84%EC%97%90-%EB%B0%98%EB%8F%84%EC%B2%B4%EC%A3%BC-%EA%B8%89%EB%9D%BD-%EB%8C%80%EC%9D%B4%EB%9E%80-%EA%B3%B5%EA%B2%A9-%EA%B0%80%EB%8A%A5%EC%84%B1%EC%97%90-%EC%9C%A0%EA%B0%80-4-%EB%8D%B0%EC%9D%BC%EB%A6%AC%EA%B5%AD%EC%A0%9C%EA%B8%88%EC%9C%B5,alt-ok,1824,1822,https://sedaily-mbti-cms-media-dev.s3.us-east-1.amazonaws.com/media/mustknow-auto/20099879-webtoon-cut001.webp
https://ailens.sedaily.ai/industry/2026/10/09/2026-10-09-%ED%95%9C%EA%B8%80-%EC%8D%A8%EC%95%BC-%EC%A7%84%EC%A7%9C-K%ED%91%B8%EB%93%9C-%EC%8B%9D%ED%92%88%EC%97%85%EA%B3%84-%ED%95%B4%EC%99%B8%EC%84%9C-%ED%95%9C%EA%B8%80-%EB%A7%88%EC%BC%80%ED%8C%85,alt-ok,1824,1822,https://sedaily-mbti-cms-media-dev.s3.us-east-1.amazonaws.com/media/mustknow-auto/20099765-webtoon-cut001.webp
https://ailens.sedaily.ai/markets/2026/10/09/2026-10-09-%EB%8B%A8%EB%8F%85-%EA%B8%80%EB%A1%9C%EB%B2%8C-%EB%A0%88%EC%A0%80%EA%B8%B0%EC%97%85-%ED%81%B4%EB%9F%BD%EB%A9%94%EB%93%9C-%ED%9C%98%EB%8B%89%EC%8A%A4%EC%A4%91%EC%95%99-%EC%9D%B8%EC%88%98-%EA%B2%80%ED%86%A0-%EC%8B%9C%EA%B7%B8%EB%84%90,alt-ok,1824,1822,https://sedaily-mbti-cms-media-dev.s3.us-east-1.amazonaws.com/media/frontpage-auto/20099643-webtoon-cut001.webp
https://ailens.sedaily.ai/industry/2026/10/09/2026-10-09-%EC%82%BC%EC%84%B1-%EC%98%AC%ED%95%B4-%EC%9D%B4%EC%9D%B5-370%EC%A1%B0-%EA%B8%80%EB%A1%9C%EB%B2%8C-1%EC%9C%84-%EC%99%95%EC%A2%8C-%EB%93%B1%EA%B7%B9,alt-ok,1824,1822,https://sedaily-mbti-cms-media-dev.s3.us-east-1.amazonaws.com/media/frontpage-auto/20099716-webtoon-cut001.webp
https://ailens.sedaily.ai/markets/2026/10/08/2026-10-08-%EC%82%BC%EC%84%B1%EC%A0%84%EC%9E%90-%EB%B6%84%EA%B8%B0-%EC%98%81%EC%97%85%EC%9D%B5-107%EC%A1%B0%EB%9D%BC%EA%B3%A0-%EA%B5%AD%EB%82%B4-%EC%B2%AB-100%EC%A1%B0-%EB%8F%8C%ED%8C%8C,alt-ok,1824,1822,https://sedaily-mbti-cms-media-dev.s3.us-east-1.amazonaws.com/media/mustknow-auto/20099345-webtoon-cut001.webp
https://ailens.sedaily.ai/industry/2026/10/08/2026-10-08-%EC%83%81%ED%8F%90-%EC%9C%84%EA%B8%B0-%EC%A2%85%EB%AA%A9%EC%9D%B4-%EC%A4%84%EC%A4%84%EC%9D%B4-%EC%83%81%ED%95%9C%EA%B0%80%EB%9D%BC%EA%B3%A0,alt-ok,1824,1822,https://sedaily-mbti-cms-media-dev.s3.us-east-1.amazonaws.com/media/mustknow-auto/20099461-webtoon-cut001.webp
https://ailens.sedaily.ai/industry/2026/10/08/2026-10-08-%EB%9D%BC%EB%84%A4%EC%A6%88-%EC%98%A8%EB%9D%BC%EC%9D%B8%EB%AA%B0%EC%9D%B4-%EB%AC%B8%EC%9D%84-%EB%8B%AB%EC%95%98%EB%8B%A4%EA%B3%A0-%EC%95%84%EB%AA%A8%EB%A0%88%EC%9D%98-%EC%95%84%EC%8B%9C%EC%95%84-%EC%A7%80%EB%8F%84-%EB%8B%A4%EC%8B%9C-%EA%B7%B8%EB%A6%AC%EA%B8%B0,alt-ok,1824,1822,https://sedaily-mbti-cms-media-dev.s3.us-east-1.amazonaws.com/media/mustknow-auto/20099230-webtoon-cut001.webp
https://ailens.sedaily.ai/news/2026/10/08/2026-10-08-%EB%B3%91%EC%9B%90-%EC%A7%84%EB%A3%8C-%EC%98%81%EC%83%81-80%EA%B1%B4%EC%9D%B4-%ED%95%B4%EC%99%B8-%EC%9D%8C%EB%9E%80%EC%82%AC%EC%9D%B4%ED%8A%B8%EC%97%90-%EB%96%A0-%EC%9E%88%EC%97%88%EB%8B%A4%EA%B3%A0,alt-ok,1824,1822,https://sedaily-mbti-cms-media-dev.s3.us-east-1.amazonaws.com/media/mustknow-auto/20099164-webtoon-cut001.webp
https://ailens.sedaily.ai/markets/2026/10/08/2026-10-08-%EA%B8%B0%EC%95%84-%EB%85%B8%EC%A1%B0%EC%9B%90-5000%EB%AA%85-%EA%B0%9C%EC%9D%B8%EC%A0%95%EB%B3%B4-%EA%B5%90%EC%9C%A1-%EC%97%85%EC%B2%B4-%EC%84%9C%EB%B2%84%EC%97%90%EC%84%9C-%EC%83%88%EB%82%98%EA%B0%94%EB%8B%A4%EA%B3%A0,alt-ok,1824,1822,https://sedaily-mbti-cms-media-dev.s3.us-east-1.amazonaws.com/media/mustknow-auto/20099308-webtoon-cut001.webp
https://ailens.sedaily.ai/finance/2026/10/08/2026-10-08-15%EB%85%84-%EB%B2%84%ED%8B%B0%EB%8D%98-%EC%84%A0%EB%B0%95%EC%99%95-3938%EC%96%B5-%EC%9B%90-%EC%99%84%EB%82%A9%ED%95%98%EA%B8%B0%EB%A1%9C-%ED%96%88%EB%8B%A4%EA%B3%A0,alt-ok,1824,1822,https://sedaily-mbti-cms-media-dev.s3.us-east-1.amazonaws.com/media/mustknow-auto/20099333-webtoon-cut001.webp
https://ailens.sedaily.ai/international/2026/10/08/2026-10-08-AI-%EA%B2%BD%EC%9F%81%EC%9D%98-%EC%9E%A3%EB%8C%80%EA%B0%80-GPU%EC%97%90%EC%84%9C-%EA%B8%B0%EA%B0%80%EC%99%80%ED%8A%B8%EB%A1%9C-%EB%84%98%EC%96%B4%EA%B0%94%EB%8B%A4%EA%B3%A0,alt-ok,1824,1822,https://sedaily-mbti-cms-media-dev.s3.us-east-1.amazonaws.com/media/mustknow-auto/20099289-webtoon-cut001.webp
https://ailens.sedaily.ai/industry/2026/10/08/2026-10-08-HLB-%EB%8B%B4%EA%B4%80%EC%95%94-%EC%8B%A0%EC%95%BD-%EB%AF%B8%EA%B5%AD-%EB%8B%A4%EC%9D%8C%EC%9D%80-%EC%9C%A0%EB%9F%BD%EC%9D%B4%EB%9D%BC%EA%B3%A0,alt-ok,1824,1822,https://sedaily-mbti-cms-media-dev.s3.us-east-1.amazonaws.com/media/mustknow-auto/20099126-webtoon-cut001.webp
https://ailens.sedaily.ai/industry/2026/10/08/2026-10-08-%EC%82%BC%EC%84%B1%EC%A0%84%EC%9E%90-%EB%B6%84%EA%B8%B0-%EC%98%81%EC%97%85%EC%9D%B4%EC%9D%B5-100%EC%A1%B0-%EB%8F%8C%ED%8C%8C-%EC%9D%B4%EC%9D%B5%EB%A5%A0%EC%9D%B4-55-%EB%9D%BC%EA%B3%A0,alt-ok,1824,1822,https://sedaily-mbti-cms-media-dev.s3.us-east-1.amazonaws.com/media/mustknow-auto/20099335-webtoon-cut001.webp
https://ailens.sedaily.ai/industry/2026/10/08/2026-10-08-%EB%85%B8%EC%82%AC-%EC%8B%B8%EC%9A%B0%EB%8A%94-%EB%8F%99%EC%95%88-%EC%A3%BC%EA%B0%80%EB%A7%8C-%EB%82%B4%EB%A0%A4%EA%B0%94%EB%8B%A4%EA%B3%A0,alt-ok,1824,1822,https://sedaily-mbti-cms-media-dev.s3.us-east-1.amazonaws.com/media/mustknow-auto/20099128-webtoon-cut001.webp
https://ailens.sedaily.ai/industry/2026/10/08/2026-10-08-%EA%B0%80%EB%8F%99%EB%A5%A0-16-%EA%B9%8C%EC%A7%80-%EB%96%A8%EC%96%B4%EC%A7%84-%EA%B3%B5%EC%9E%A5-%EC%B2%AB-%EC%88%98%EC%A3%BC%EB%A1%9C-%EB%8B%A4%EC%8B%9C-%EB%8F%8C%EC%95%84%EA%B0%84%EB%8B%A4%EA%B3%A0,alt-ok,1824,1822,https://sedaily-mbti-cms-media-dev.s3.us-east-1.amazonaws.com/media/mustknow-auto/20099096-webtoon-cut001.webp
https://ailens.sedaily.ai/news/2026/10/08/2026-10-08-%ED%98%9C%EC%84%B1%EC%9D%98-%EC%9E%AC%EB%A3%8C%EA%B0%80-%EB%A7%8C%EB%93%A4%EC%96%B4%EC%A7%80%EB%8A%94-%EC%88%9C%EA%B0%84-%EC%84%B8%EA%B3%84-%EC%B5%9C%EC%B4%88%EB%A1%9C-%EC%B0%8D%ED%98%94%EB%8B%A4%EA%B3%A0,alt-ok,1824,1822,https://sedaily-mbti-cms-media-dev.s3.us-east-1.amazonaws.com/media/frontpage-auto/20099191-webtoon-cut001.webp
https://ailens.sedaily.ai/industry/2026/10/08/2026-10-08-LG-%EC%B4%88%EC%9D%B8%EC%A2%85%EC%97%90-%EC%95%A0%ED%94%8C-%EC%84%A4%EA%B3%84%EA%B0%80-%EB%93%A4%EC%96%B4%EA%B0%84%EB%8B%A4%EA%B3%A0,alt-ok,1824,1822,https://sedaily-mbti-cms-media-dev.s3.us-east-1.amazonaws.com/media/frontpage-auto/20099193-webtoon-cut001.webp
https://ailens.sedaily.ai/news/2026/10/07/2026-10-07-%EA%B0%99%EC%9D%80-%EC%97%AC%EB%A1%A0%EC%A1%B0%EC%82%AC-58%ED%9A%8C-%EB%B6%80%EB%B6%80%EC%9D%98-%ED%8C%90%EA%B2%B0%EC%9D%B4-%EA%B0%88%EB%A0%B8%EB%8B%A4%EA%B3%A0,alt-ok,1824,1822,https://sedaily-mbti-cms-media-dev.s3.us-east-1.amazonaws.com/media/mustknow-auto/20098626-webtoon-cut001.webp
https://ailens.sedaily.ai/property/2026/10/07/2026-10-07-%EA%B3%B5%EA%B3%B5%EC%9E%84%EB%8C%80-%EC%A4%91%ED%98%95-%ED%8F%89%ED%98%95-%EC%98%AC%ED%95%B4-100%EC%B1%84-%EC%A4%91-4%EC%B1%84%EB%BF%90%EC%9D%B4%EB%9D%BC%EA%B3%A0,alt-ok,1824,1822,https://sedaily-mbti-cms-media-dev.s3.us-east-1.amazonaws.com/media/mustknow-auto/20098608-webtoon-cut001.webp
https://ailens.sedaily.ai/industry/2026/10/07/2026-10-07-15%EB%85%84-%ED%82%A4%EC%9A%B4-%EB%B0%98%EB%8F%84%EC%B2%B4-%EC%9D%B8%EB%A0%A5%EC%9D%B4-2-9%EB%85%84-%EB%A7%8C%EC%97%90-%EB%96%A0%EB%82%9C-%EC%9D%B4%EC%9C%A0-%EB%AD%90%EA%B8%B8%EB%9E%98,alt-ok,1824,1822,https://sedaily-mbti-cms-media-dev.s3.us-east-1.amazonaws.com/media/mustknow-auto/20098832-webtoon-cut001.webp
https://ailens.sedaily.ai/news/2026/10/07/2026-10-07-%EC%9C%A0%ED%95%99%EC%83%9D-35%EB%A7%8C-%EB%AA%85-%EC%8B%9C%EB%8C%80-%EC%9D%B4%EC%A0%9C-%ED%95%9C%EA%B5%AD%EC%96%B4-%EC%8B%A4%EB%A0%A5%EC%9C%BC%EB%A1%9C-%EB%B9%84%EC%9E%90%EA%B0%80-%EA%B0%88%EB%A6%B0%EB%8B%A4%EA%B3%A0,alt-ok,1824,1822,https://sedaily-mbti-cms-media-dev.s3.us-east-1.amazonaws.com/media/mustknow-auto/20098912-webtoon-cut001.webp
https://ailens.sedaily.ai/news/2026/10/07/2026-10-07-%EA%B5%90%ED%9A%8C-%EA%B5%90%EC%A0%81%EB%B6%80%EA%B0%80-%ED%95%B4%EC%99%B8-%EC%84%9C%EB%B2%84%EC%97%90%EC%84%9C-%EB%B0%9C%EA%B2%AC%EB%90%90%EB%8B%A4%EA%B3%A0,alt-ok,1824,1822,https://sedaily-mbti-cms-media-dev.s3.us-east-1.amazonaws.com/media/mustknow-auto/20098786-webtoon-cut001.webp
https://ailens.sedaily.ai/news/2026/10/07/2026-10-07-%ED%95%B4%ED%82%B9-IP-28%EA%B0%9C-%EC%A4%91-%EC%83%81%EB%8B%B9%EC%88%98%EA%B0%80-%EC%84%B8%ED%83%81%EC%9A%A9-%EC%9D%B4%EC%97%88%EB%8B%A4%EA%B3%A0,alt-ok,1824,1822,https://sedaily-mbti-cms-media-dev.s3.us-east-1.amazonaws.com/media/mustknow-auto/20098956-webtoon-cut001.webp
https://ailens.sedaily.ai/markets/2026/10/07/2026-10-07-%EA%B8%B0%EC%95%84-%EB%85%B8%EC%A1%B0%EC%9B%90-5000%EB%AA%85-%EC%A0%95%EB%B3%B4-%EA%B5%90%EC%9C%A1%EC%97%85%EC%B2%B4-%EC%84%9C%EB%B2%84%EC%97%90%EC%84%9C-%EC%83%88%EC%96%B4%EB%82%98%EA%B0%94%EB%8B%A4%EA%B3%A0,alt-ok,1824,1822,https://sedaily-mbti-cms-media-dev.s3.us-east-1.amazonaws.com/media/mustknow-auto/20098913-webtoon-cut001.webp
https://ailens.sedaily.ai/industry/2026/10/07/2026-10-07-LG%EC%A0%84%EC%9E%90-3%EB%B6%84%EA%B8%B0-%EB%88%84%EC%A0%81-%EC%98%81%EC%97%85%EC%9D%B4%EC%9D%B5-4%EC%A1%B0-%EB%84%98%EA%B2%BC%EB%8B%A4%EA%B3%A0,alt-ok,1824,1822,https://sedaily-mbti-cms-media-dev.s3.us-east-1.amazonaws.com/media/mustknow-auto/20098929-webtoon-cut001.webp
https://ailens.sedaily.ai/markets/2026/10/07/2026-10-07-%EC%84%9C%ED%95%99%EA%B0%9C%EB%AF%B8-%ED%86%B5%EC%9E%A5%EC%9D%B4-4%EA%B0%9C%EC%9B%94-%EB%A7%8C%EC%97%90-%EB%8B%A4%EC%8B%9C-2000%EC%96%B5-%EB%8B%AC%EB%9F%AC-%EB%84%98%EA%B2%BC%EB%8B%A4%EB%84%A4%EC%9A%94,alt-ok,1824,1822,https://sedaily-mbti-cms-media-dev.s3.us-east-1.amazonaws.com/media/mustknow-auto/20098888-webtoon-cut001.webp
https://ailens.sedaily.ai/markets/2026/10/07/2026-10-07-%EC%A6%9D%EA%B6%8C%EC%82%AC-%EA%B0%90%EC%82%AC%EB%93%A4-%EB%B6%88%EB%9F%AC%EB%AA%A8%EC%9D%80-%EA%B8%88%EA%B0%90%EC%9B%90-%EA%B8%B0%EB%B3%B8%EC%A1%B0%EC%B0%A8-%EC%95%88-%EC%A7%80%ED%82%A8%EB%8B%A4-%EA%B3%A0-%EC%A7%88%ED%83%80,alt-ok,1824,1822,https://sedaily-mbti-cms-media-dev.s3.us-east-1.amazonaws.com/media/mustknow-auto/20098889-webtoon-cut001.webp
https://ailens.sedaily.ai/international/2026/10/07/2026-10-07-%EC%82%BC%EC%84%B1-%EB%B0%98%EB%8F%84%EC%B2%B4%EC%97%90-%EA%B0%80%EC%8A%A4-%EB%84%A3%EB%8A%94-%EA%B7%B8-%ED%9A%8C%EC%82%AC-7%EB%85%84-%EB%A7%8C%EC%97%90-3%EB%B0%B0%EB%A1%9C-%EB%9B%B0%EC%97%88%EB%8B%A4%EA%B3%A0,alt-ok,1824,1822,https://sedaily-mbti-cms-media-dev.s3.us-east-1.amazonaws.com/media/mustknow-auto/20098741-webtoon-cut001.webp
https://ailens.sedaily.ai/industry/2026/10/07/2026-10-07-%EC%BD%94%EC%8A%A4%EB%8B%A5-2%EC%9C%84-%EC%9E%90%EB%A6%AC-%EB%B0%B0%ED%84%B0%EB%A6%AC%EC%97%90%EC%84%9C-%EB%B0%98%EB%8F%84%EC%B2%B4-%EC%9E%A5%EB%B9%84%EB%A1%9C-%EB%84%98%EC%96%B4%EA%B0%94%EB%8B%A4%EA%B3%A0,alt-ok,1824,1822,https://sedaily-mbti-cms-media-dev.s3.us-east-1.amazonaws.com/media/mustknow-auto/20098648-webtoon-cut001.webp
https://ailens.sedaily.ai/industry/2026/10/07/2026-10-07-%EC%85%80%ED%8A%B8%EB%A6%AC%EC%98%A8-%EB%AF%B8%EA%B5%AD%EC%97%90%EC%84%9C-%EC%B5%9C%EC%B4%88-%EC%9E%90%EB%A6%AC-%EC%9E%A1%EC%95%98%EB%8B%A4%EA%B3%A0,alt-ok,1824,1822,https://sedaily-mbti-cms-media-dev.s3.us-east-1.amazonaws.com/media/mustknow-auto/20098553-webtoon-cut001.webp
https://ailens.sedaily.ai/markets/2026/10/07/2026-10-07-100%EB%85%84-%EB%90%9C-%EB%8F%99%EB%AC%BC%EC%8B%9C%ED%97%98-%EC%84%9C%EC%9A%B8%EC%97%90%EC%84%9C-%EA%B8%B0%EC%A4%80%EC%9D%B4-%EB%B0%94%EB%80%90%EB%8B%A4%EA%B3%A0,alt-ok,1824,1822,https://sedaily-mbti-cms-media-dev.s3.us-east-1.amazonaws.com/media/mustknow-auto/20098291-webtoon-cut001.webp
https://ailens.sedaily.ai/markets/2026/10/07/2026-10-07-%EC%82%BC%EC%84%B1%EB%B0%94%EC%9D%B4%EC%98%A4-%EA%B8%80%EB%A1%9C%EB%B2%8C-1%EC%9C%84-%ED%95%AD%EC%95%94%EC%A0%9C-%EC%A3%BC%EC%82%AC-%EB%B0%94%EA%BE%B8%EA%B8%B0-%EC%97%90-%EB%93%A4%EC%96%B4%EA%B0%94%EB%84%A4%EC%9A%94,alt-ok,1824,1822,https://sedaily-mbti-cms-media-dev.s3.us-east-1.amazonaws.com/media/mustknow-auto/20098633-webtoon-cut001.webp
https://ailens.sedaily.ai/industry/2026/10/07/2026-10-07-7%EA%B0%9C%EC%9B%94-%EB%A7%8C%EC%97%90-%EC%9E%91%EB%85%84-%EA%B8%B0%EB%A1%9D-%EB%84%98%EC%97%88%EB%8B%A4%EA%B3%A0-%EB%B0%98%EB%8F%84%EC%B2%B4-%ED%8A%B9%ED%97%88-%EC%86%8C%EC%86%A1-18%EA%B1%B4,alt-ok,1824,1822,https://sedaily-mbti-cms-media-dev.s3.us-east-1.amazonaws.com/media/frontpage-auto/20098675-webtoon-cut001.webp
https://ailens.sedaily.ai/industry/2026/10/06/2026-10-06-%EC%82%BC%EC%84%B1SDI-%ED%95%98%EB%A3%A8-7-75-%EB%9B%B0%EC%97%88%EB%8B%A4%EA%B3%A0-%EB%B0%B0%ED%84%B0%EB%A6%AC%EC%A3%BC-%EC%A0%84%EC%B2%B4%EA%B0%80-%EB%93%A4%EC%8D%A9,alt-ok,1824,1822,https://sedaily-mbti-cms-media-dev.s3.us-east-1.amazonaws.com/media/mustknow-auto/20098476-webtoon-cut001.webp
https://ailens.sedaily.ai/industry/2026/10/06/2026-10-06-%EC%9D%80%ED%96%89-7%EA%B3%B3-%ED%84%B8%EB%A6%AC%EC%9E%90-%EC%95%88%EB%9E%A9-%EC%A3%BC%EA%B0%80-21-%EC%9E%A5-%EC%97%B4%EA%B8%B0%EB%8F%84-%EC%A0%84%EC%97%90,alt-ok,1824,1822,https://sedaily-mbti-cms-media-dev.s3.us-east-1.amazonaws.com/media/mustknow-auto/20098297-webtoon-cut001.webp
https://ailens.sedaily.ai/international/2026/10/06/2026-10-06-%EA%B5%AD%EC%A0%9C-%ED%98%B8%EB%A5%B4%EB%AC%B4%EC%A6%88-%ED%95%B4%ED%98%91-%EC%85%94%ED%8B%80-%EC%9A%B4%ED%95%AD-1%ED%9A%8C%EC%97%90-4%EC%B2%9C%EB%A7%8C-%EB%8B%AC%EB%9F%AC%EC%94%A9-%EC%93%B0%EA%B3%A0-%EC%9E%88%EB%8B%A4%EA%B3%A0,alt-ok,1824,1822,https://sedaily-mbti-cms-media-dev.s3.us-east-1.amazonaws.com/media/mustknow-auto/20098239-webtoon-cut001.webp
https://ailens.sedaily.ai/industry/2026/10/06/2026-10-06-%EC%82%B0%EC%97%85-K%EB%B7%B0%ED%8B%B0-%EC%95%BD%EA%B5%AD-%EC%A7%84%EC%B6%9C-%EC%A1%B0%EC%84%A0%EB%AF%B8%EB%85%80%EA%B0%80-%EB%B8%8C%EB%9D%BC%EC%A7%88-%EC%95%BD%EA%B5%AD-600%EA%B3%B3%EC%97%90-%EB%93%A4%EC%96%B4%EA%B0%94%EB%8B%A4%EA%B3%A0,alt-ok,1824,1822,https://sedaily-mbti-cms-media-dev.s3.us-east-1.amazonaws.com/media/mustknow-auto/20098227-webtoon-cut001.webp
https://ailens.sedaily.ai/industry/2026/10/06/2026-10-06-%EC%82%B0%EC%97%85-%EC%98%81%EC%9C%A0%EC%95%84%EC%9A%A9%ED%92%88-%ED%94%84%EB%A6%AC%EB%AF%B8%EC%97%84%ED%99%94-%EC%82%B0%EC%96%91%EB%B6%84%EC%9C%A0-%EB%A7%A4%EC%B6%9C%EC%9D%B4-%ED%95%9C-%ED%95%B4-%EB%A7%8C%EC%97%90-%EB%91%90-%EB%B0%B0-%EB%84%98%EA%B2%8C-%EB%9B%B0%EC%97%88%EB%8B%A4%EA%B3%A0,alt-ok,1824,1822,https://sedaily-mbti-cms-media-dev.s3.us-east-1.amazonaws.com/media/mustknow-auto/20098238-webtoon-cut001.webp
https://ailens.sedaily.ai/finance/2026/10/06/2026-10-06-%EA%B8%88%EC%9C%B5-%EC%A0%80%EC%B6%95%EC%9D%80%ED%96%89-%EB%B3%B4%EC%95%88-%EC%9D%B8%EC%A6%9D-1-000%EB%A7%8C-%EB%AA%85-%EC%A0%95%EB%B3%B4-%EB%8B%A4%EB%A3%A8%EB%8A%94%EB%8D%B0-%EB%B0%9B%EC%9D%80-%EA%B3%B3%EC%9D%B4-0%EA%B3%B3%EC%9D%B4%EB%9D%BC%EA%B3%A0,alt-ok,1824,1822,https://sedaily-mbti-cms-media-dev.s3.us-east-1.amazonaws.com/media/mustknow-auto/20098228-webtoon-cut001.webp
https://ailens.sedaily.ai/property/2026/10/06/2026-10-06-%EB%B6%80%EB%8F%99%EC%82%B0-%EC%A0%84%EC%9A%A9-59-%EC%99%80-84-%EA%B0%80%EA%B2%A9-%EA%B2%A9%EC%B0%A8-%EC%96%B4%EB%8A%90-%EB%8B%A8%EC%A7%80%EB%8A%94-350%EB%A7%8C-%EC%9B%90%EA%B9%8C%EC%A7%80-%EC%A2%81%ED%98%80%EC%A1%8C%EB%8B%A4%EA%B3%A0,alt-ok,1824,1822,https://sedaily-mbti-cms-media-dev.s3.us-east-1.amazonaws.com/media/mustknow-auto/20098233-webtoon-cut001.webp
https://ailens.sedaily.ai/news/2026/10/06/2026-10-06-%EA%B8%88%EC%9C%B5-%EA%B8%88%EA%B0%92-26-%ED%95%98%EB%9D%BD-1%EC%9B%94-%EA%B3%A0%EC%A0%90%EC%97%90-%EC%82%B0-%EC%82%AC%EB%9E%8C%EC%9D%80-%EC%A7%80%EA%B8%88-%EC%96%B4%EB%96%BB%EA%B2%8C-%EB%90%98%EB%82%98%EC%9A%94,alt-ok,1824,1822,https://sedaily-mbti-cms-media-dev.s3.us-east-1.amazonaws.com/media/mustknow-auto/20098279-webtoon-cut001.webp
https://ailens.sedaily.ai/industry/2026/10/06/2026-10-06-%EC%82%B0%EC%97%85-LG%EC%A0%84%EC%9E%90-%EB%8D%B0%EC%9D%B4%ED%84%B0%EC%84%BC%ED%84%B0-%EC%B9%A0%EB%9F%AC-%EC%9E%A5%EA%B8%B0%EA%B3%84%EC%95%BD-5GW%EB%A5%BC-%ED%95%9C-%EB%B2%88%EC%97%90-%EC%9E%A1%EC%95%98%EB%8B%A4%EA%B3%A0,alt-ok,1824,1822,https://sedaily-mbti-cms-media-dev.s3.us-east-1.amazonaws.com/media/mustknow-auto/20098251-webtoon-cut001.webp
https://ailens.sedaily.ai/industry/2026/10/06/2026-10-06-%EC%82%B0%EC%97%85-AI-%EC%A0%84%EB%A0%A5-%EC%88%98%EC%9A%94-%EC%95%8C%EA%B3%A0%EB%A6%AC%EC%A6%98%EB%B3%B4%EB%8B%A4-%EC%A0%84%EA%B8%B0%EA%B0%80-%EB%A8%BC%EC%A0%80-%EB%A7%89%ED%9E%8C%EB%8B%A4%EA%B3%A0,alt-ok,1824,1822,https://sedaily-mbti-cms-media-dev.s3.us-east-1.amazonaws.com/media/mustknow-auto/20098140-webtoon-cut001.webp
https://ailens.sedaily.ai/markets/2026/10/06/2026-10-06-%EA%B8%88%EC%9C%B5-%EA%B3%B5%EB%AA%A8%EC%A3%BC-%EC%B2%AD%EC%95%BD-%EC%9D%BC%EC%A0%95-%EC%9D%B4%EB%B2%88-%EC%A3%BC%EC%97%90-%EC%97%AC%EC%84%AF-%EA%B3%B3%EC%9D%B4-%ED%95%9C%EA%BA%BC%EB%B2%88%EC%97%90-%EB%AA%B0%EB%A0%B8%EB%84%A4%EC%9A%94,alt-ok,1824,1822,https://sedaily-mbti-cms-media-dev.s3.us-east-1.amazonaws.com/media/mustknow-auto/20098149-webtoon-cut001.webp
https://ailens.sedaily.ai/markets/2026/10/06/2026-10-06-%EA%B8%88%EC%9C%B5-%EB%8B%A8%EC%9D%BC%EC%A2%85%EB%AA%A9-%EB%A0%88%EB%B2%84%EB%A6%AC%EC%A7%80-ETF-20%EC%A3%BC-%EB%8B%A8%EC%9C%84-%EC%A7%80%EA%B8%88-10%EC%A3%BC-%EB%93%A4%EA%B3%A0-%EC%9E%88%EC%9C%BC%EB%A9%B4-%EB%AA%BB-%ED%8C%8C%EB%82%98%EC%9A%94,alt-ok,1824,1822,https://sedaily-mbti-cms-media-dev.s3.us-east-1.amazonaws.com/media/mustknow-auto/20098163-webtoon-cut001.webp
https://ailens.sedaily.ai/finance/2026/10/06/2026-10-06-%EA%B8%88%EC%9C%B5-%EC%A0%80%EC%B6%95%EC%9D%80%ED%96%89-ISMS-P-%EC%9D%B8%EC%A6%9D-79%EA%B3%B3-%EC%A0%84%EB%B6%80-%ED%95%98%EB%82%98%EB%8F%84-%EC%97%86%EB%8B%A4%EB%8B%88%EC%9A%94,alt-ok,1824,1822,https://sedaily-mbti-cms-media-dev.s3.us-east-1.amazonaws.com/media/frontpage-auto/20098192-webtoon-cut001.webp
https://ailens.sedaily.ai/industry/2026/10/06/2026-10-06-%EC%82%B0%EC%97%85-%EC%82%BC%EC%84%B1%EC%A0%84%EC%9E%90-%EB%B2%A0%ED%8A%B8%EB%82%A8-%ED%85%8C%EC%8A%A4%ED%8A%B8-%ED%8C%B9-%EB%A9%94%EB%AA%A8%EB%A6%AC-%EB%A7%88%EC%A7%80%EB%A7%89-%EA%B2%80%EC%82%AC%EB%A5%BC-%EB%82%98%EB%9D%BC-%EB%B0%96%EC%9C%BC%EB%A1%9C-%EC%98%AE%EA%B8%B0%EB%8B%A4,alt-ok,1824,1822,https://sedaily-mbti-cms-media-dev.s3.us-east-1.amazonaws.com/media/frontpage-auto/20098164-webtoon-cut001.webp
https://ailens.sedaily.ai/markets/2026/10/05/2026-10-05-%EA%B8%88%EC%9C%B5-M-A-%EB%A6%AC%EA%B7%B8%ED%85%8C%EC%9D%B4%EB%B8%94-9%EA%B0%9C%EC%9B%94-%EB%A7%8C%EC%97%90-%EC%9E%91%EB%85%84-1%EB%85%84%EC%B9%98%EB%A5%BC-%EB%84%98%EA%B2%BC%EB%8B%A4%EA%B3%A0,alt-ok,1824,1822,https://sedaily-mbti-cms-media-dev.s3.us-east-1.amazonaws.com/media/mustknow-auto/20098019-webtoon-cut001.webp
https://ailens.sedaily.ai/markets/2026/10/05/2026-10-05-%EA%B8%88%EC%9C%B5-%EC%BD%94%EC%8A%A4%EB%8B%A5-%EB%A6%AC%ED%8F%AC%ED%8A%B8-%EA%B0%90%EC%86%8C-%EB%82%B4%EA%B0%80-%EB%8B%B4%EC%9D%80-%EC%A2%85%EB%AA%A9%EC%9D%80-%EC%95%84%EB%AC%B4%EB%8F%84-%EC%95%88-%EB%B3%B4%EA%B3%A0-%EC%9E%88%EB%8B%A4%EA%B3%A0,alt-ok,1824,1822,https://sedaily-mbti-cms-media-dev.s3.us-east-1.amazonaws.com/media/mustknow-auto/20098194-webtoon-cut001.webp
https://ailens.sedaily.ai/markets/2026/10/05/2026-10-05-%EA%B8%88%EC%9C%B5-%EA%B8%88%EC%9C%B5%EA%B6%8C-%EC%97%B0%EC%87%84-%ED%95%B4%ED%82%B9-%EC%A6%9D%EA%B6%8C%EC%82%AC-%EB%B3%B4%EC%95%88%ED%8C%80%EC%9D%80-%EC%97%B0%ED%9C%B4-%EC%82%AC%ED%9D%98%EC%9D%84-%EC%82%AC%EB%AC%B4%EC%8B%A4%EC%97%90%EC%84%9C-%EB%B3%B4%EB%83%88%EC%8A%B5%EB%8B%88%EB%8B%A4,alt-ok,1824,1822,https://sedaily-mbti-cms-media-dev.s3.us-east-1.amazonaws.com/media/mustknow-auto/20098115-webtoon-cut001.webp
https://ailens.sedaily.ai/industry/2026/10/05/2026-10-05-%EC%82%B0%EC%97%85-%EB%8B%A5%ED%84%B0%EC%A7%80-%EB%AF%B8%EA%B5%AD-%ED%8B%B1%ED%86%A1%EC%88%8D-%EC%9E%85%EC%A0%90-%EB%A1%9C%EB%A0%88%EC%95%8C%EC%9D%B4-%EC%82%AC%EB%93%A4%EC%9D%B8-K%EB%B7%B0%ED%8B%B0%EA%B0%80-%EB%8B%A4%EC%9D%8C%EC%9C%BC%EB%A1%9C-%EA%B0%84-%EA%B3%B3,alt-ok,1824,1822,https://sedaily-mbti-cms-media-dev.s3.us-east-1.amazonaws.com/media/mustknow-auto/20097878-webtoon-cut001.webp
https://ailens.sedaily.ai/culture/2026/10/05/2026-10-05-%EC%82%AC%ED%9A%8C-%EB%85%B8%EC%9D%B8-%EA%B7%BC%EA%B0%90%EC%86%8C%EC%A6%9D-%EC%9C%A0%EB%B3%91%EB%A5%A0-80%EC%84%B8-%EB%84%98%EC%9C%BC%EB%A9%B4-%EB%84%A4-%EB%AA%85-%EC%A4%91-%ED%95%9C-%EB%AA%85%EC%9D%B4%EB%9D%BC%EA%B3%A0,alt-ok,1824,1822,https://sedaily-mbti-cms-media-dev.s3.us-east-1.amazonaws.com/media/mustknow-auto/20098068-webtoon-cut001.webp
https://ailens.sedaily.ai/news/2026/10/05/2026-10-05-%EC%82%AC%ED%9A%8C-%EB%A7%88%EC%95%BD-%EC%A0%9C%EC%A1%B0-%EB%B0%80%EC%88%98-%EA%B2%80%EA%B1%B0-33-8-%EC%A6%9D%EA%B0%80-%EA%B2%BD%EC%B0%B0%EC%9D%B4-%ED%88%AC%EC%95%BD%EC%9E%90-%EB%8C%80%EC%8B%A0-%EC%AB%93%EB%8A%94-%EC%AA%BD,alt-ok,1824,1822,https://sedaily-mbti-cms-media-dev.s3.us-east-1.amazonaws.com/media/mustknow-auto/20097994-webtoon-cut001.webp
https://ailens.sedaily.ai/news/2026/10/05/2026-10-05-%EA%B8%88%EC%9C%B5-%EC%9D%98%EA%B2%B0%EA%B6%8C-%EC%9C%84%EC%9E%84%EA%B3%BC-5-%EB%B3%B4%EA%B3%A0-%EC%9D%98%EB%AC%B4-%EC%9C%84%EC%9E%84%EC%9E%A5-%EB%AA%A8%EC%95%84%EB%8F%84-%EA%B3%B5%EB%8F%99%EB%B3%B4%EC%9C%A0%EC%9E%90%EB%8A%94-%EC%95%84%EB%8B%88%EB%9D%BC%EA%B3%A0,alt-ok,1824,1822,https://sedaily-mbti-cms-media-dev.s3.us-east-1.amazonaws.com/media/mustknow-auto/20097686-webtoon-cut001.webp
https://ailens.sedaily.ai/news/2026/10/05/2026-10-05-%EC%A0%95%EC%B9%98-%EC%A4%91%EC%88%98%EC%B2%AD%EC%9E%A5-%ED%9B%84%EB%B3%B4%EC%9E%90-%EC%9D%B8%EC%84%A0-%EA%B0%88%EB%93%B1-%EB%8C%80%ED%86%B5%EB%A0%B9%EA%B3%BC-%EA%B2%BD%EA%B8%B0%EC%A7%80%EC%82%AC%EA%B0%80-%EB%B0%A4%EC%83%88-SNS%EB%A1%9C-%EC%A3%BC%EA%B3%A0%EB%B0%9B%EB%8B%A4,alt-ok,1824,1822,https://sedaily-mbti-cms-media-dev.s3.us-east-1.amazonaws.com/media/mustknow-auto/20098076-webtoon-cut001.webp
https://ailens.sedaily.ai/markets/2026/10/05/2026-10-05-%EA%B8%88%EC%9C%B5-IPO-%EC%8B%9C%EA%B0%80%EC%B4%9D%EC%95%A1-1000%EC%96%B5-%EC%9B%90-%EA%B8%B0%EC%A4%80-1%EB%85%84-%EB%A7%8C%EC%97%90-%ED%9D%94%EB%93%A4%EB%A6%AC%EA%B1%B0%EB%93%A0%EC%9A%94,alt-ok,1824,1822,https://sedaily-mbti-cms-media-dev.s3.us-east-1.amazonaws.com/media/mustknow-auto/20098082-webtoon-cut001.webp
https://ailens.sedaily.ai/news/2026/10/05/2026-10-05-%EC%82%AC%ED%9A%8C-%EC%96%B4%EB%A6%B0%EC%9D%B4%EC%A7%91-%EB%B3%B4%EC%A1%B0%EA%B8%88-%EB%B6%80%EC%A0%95%EC%88%98%EA%B8%89-7%EC%9D%BC-%EC%A0%84-%ED%86%B5%EC%A7%80-%EC%97%86%EC%9D%B4-%EB%93%A4%EC%9D%B4%EB%8B%A5%EC%B3%90%EB%8F%84-%EA%B4%9C%EC%B0%AE%EB%8B%A4%EA%B3%A0,alt-ok,1824,1822,https://sedaily-mbti-cms-media-dev.s3.us-east-1.amazonaws.com/media/mustknow-auto/20097774-webtoon-cut001.webp
https://ailens.sedaily.ai/news/2026/10/05/2026-10-05-%EC%82%AC%ED%9A%8C-2040%EB%85%84-%ED%98%84%EC%97%AD%EB%B3%91-13%EB%A7%8C-%EB%AA%85-%EA%B0%90%EC%B6%95-%EC%9D%B4%EB%B3%91-%EA%B3%84%EA%B8%89%EC%9D%B4-%EC%97%86%EC%96%B4%EC%A7%84%EB%8B%A4%EA%B3%A0,alt-ok,1824,1822,https://sedaily-mbti-cms-media-dev.s3.us-east-1.amazonaws.com/media/mustknow-auto/20097648-webtoon-cut001.webp
https://ailens.sedaily.ai/news/2026/10/04/2026-10-04-%EC%82%AC%ED%9A%8C-%EB%B9%84%EC%83%81%EC%9E%A5%EC%A3%BC%EC%8B%9D-%EB%AC%BC%EB%82%A9-%EA%B1%B0%EB%B6%80-%EC%9E%90%EC%82%B0-%EB%A7%8E%EC%9D%80-%ED%9A%8C%EC%82%AC-%EC%A3%BC%EC%8B%9D%EB%8F%84-%EC%95%88-%EB%B0%9B%EC%95%84%EC%A4%80%EB%8B%A4%EA%B3%A0,alt-ok,1824,1956,https://sedaily-mbti-cms-media-dev.s3.us-east-1.amazonaws.com/media/mustknow-auto/20097777-webtoon-cut001.webp
https://ailens.sedaily.ai/markets/2026/10/04/2026-10-04-%EA%B8%88%EC%9C%B5-%EC%BD%94%EC%8A%A4%EB%8B%A5-ETF-%EC%88%98%EC%9D%B5%EB%A5%A0-1%EC%9C%84-%EB%8F%88%EC%9D%80-%EC%A0%95%EB%B0%98%EB%8C%80%EB%A1%9C-%ED%9D%98%EB%A0%80%EB%8B%A4%EA%B3%A0,alt-ok,1824,1956,https://sedaily-mbti-cms-media-dev.s3.us-east-1.amazonaws.com/media/mustknow-auto/20097890-webtoon-cut001.webp
https://ailens.sedaily.ai/news/2026/10/04/2026-10-04-%EA%B2%BD%EC%A0%9C-%EC%82%BC%EC%84%B1%EC%A0%84%EC%9E%90-3%EB%B6%84%EA%B8%B0-%EC%8B%A4%EC%A0%81-%EB%B0%9C%ED%91%9C-%EC%98%81%EC%97%85%EC%9D%B4%EC%9D%B5-110%EC%A1%B0-%EC%9B%90%EC%9D%B4-%EA%B1%B8%EB%A6%B0-%EC%A3%BC%EB%9D%BC%EA%B3%A0,alt-ok,1824,1956,https://sedaily-mbti-cms-media-dev.s3.us-east-1.amazonaws.com/media/mustknow-auto/20097962-webtoon-cut001.webp
https://ailens.sedaily.ai/markets/2026/10/03/2026-10-03-%EB%8B%A8%EA%B8%B0-4359%EB%85%84-%EA%B0%9C%EC%B2%9C%EC%A0%88-%EC%95%A0%EA%B5%AD%ED%88%AC%EC%9E%90%ED%8E%80%EB%93%9C-%EC%84%B1%EA%B3%BC%EB%8A%94-%EB%A7%88%EC%BC%93%EC%8B%9C%EA%B7%B8%EB%84%90,alt-ok,1824,1956,https://sedaily-mbti-cms-media-dev.s3.us-east-1.amazonaws.com/media/mustknow-auto/20097889-webtoon-cut001.webp
https://ailens.sedaily.ai/markets/2026/10/03/2026-10-03-%EC%82%B0%EC%97%85-%EC%82%BC%EC%84%B1%EC%A0%84%EC%9E%90-3%EB%B6%84%EA%B8%B0-%EC%8B%A4%EC%A0%81-%EC%A0%84%EB%A7%9D-%EC%98%81%EC%97%85%EC%9D%B4%EC%9D%B5%EC%9D%B4-100%EC%A1%B0%EB%A5%BC-%EB%84%98%EA%B8%B4%EB%8B%A4%EB%84%A4%EC%9A%94,alt-ok,1824,1956,https://sedaily-mbti-cms-media-dev.s3.us-east-1.amazonaws.com/media/mustknow-auto/20097941-webtoon-cut001.webp
https://ailens.sedaily.ai/news/2026/10/03/2026-10-03-%EC%82%AC%ED%9A%8C-%EC%9A%B8%EC%82%B0-%EC%B6%95%EC%A0%9C-%ED%8F%90%EC%A7%80-%EC%9D%98%EA%B2%AC-20%EA%B0%9C-%ED%96%89%EC%82%AC%EA%B0%80-%EB%AA%A9%EB%A1%9D%EC%97%90-%EC%98%AC%EB%9E%90%EC%8A%B5%EB%8B%88%EB%8B%A4,alt-ok,1824,1956,https://sedaily-mbti-cms-media-dev.s3.us-east-1.amazonaws.com/media/mustknow-auto/20097470-webtoon-cut001.webp
https://ailens.sedaily.ai/news/2026/10/03/2026-10-03-%EA%B2%BD%EC%A0%9C-%EA%B3%B5%EC%A0%95%EC%9C%84-%EC%A7%91%ED%96%89%EC%A0%95%EC%A7%80-%EC%9D%B8%EC%9A%A9%EB%A5%A0-79-5-%EA%B3%BC%EC%A7%95%EA%B8%88-%EC%97%B4-%EA%B1%B4-%EC%A4%91-%EC%97%AC%EB%8D%9F-%EA%B1%B4%EC%9D%B4-%EB%A9%88%EC%B6%B0-%EC%84%B0%EB%8B%A4%EA%B3%A0,alt-ok,1824,1956,https://sedaily-mbti-cms-media-dev.s3.us-east-1.amazonaws.com/media/mustknow-auto/20097858-webtoon-cut001.webp
https://ailens.sedaily.ai/finance/2026/10/03/2026-10-03-%EA%B8%88%EC%9C%B5-%EA%B8%88%EC%9C%B5%EC%86%8C%EB%93%9D-2-000%EB%A7%8C-%EC%9B%90-%EA%B8%B0%EC%A4%80-%EB%84%98%EA%B2%A8%EB%8F%84-%EC%84%B8%EA%B8%88%EC%9D%B4-%EC%95%88-%EB%8A%98-%EC%88%98-%EC%9E%88%EB%8B%A4%EB%8B%88%EC%9A%94,alt-ok,1824,1956,https://sedaily-mbti-cms-media-dev.s3.us-east-1.amazonaws.com/media/mustknow-auto/20097887-webtoon-cut001.webp
https://ailens.sedaily.ai/news/2026/10/03/2026-10-03-%EC%A0%95%EC%B9%98-%EB%B6%81%ED%95%9C-%ED%83%84%EB%8F%84%EB%AF%B8%EC%82%AC%EC%9D%BC-%EB%B0%9C%EC%82%AC-%EA%B8%B4%EC%9E%A5-%EC%99%84%ED%99%94-%EB%A9%94%EC%8B%9C%EC%A7%80-%ED%95%98%EB%A3%A8-%EB%92%A4%EC%97%90-%EB%82%A0%EC%95%84%EC%99%94%EB%8B%A4%EA%B3%A0,alt-ok,1824,1956,https://sedaily-mbti-cms-media-dev.s3.us-east-1.amazonaws.com/media/mustknow-auto/20097865-webtoon-cut001.webp
https://ailens.sedaily.ai/industry/2026/10/03/2026-10-03-%EC%9E%A5%EB%A1%B1-%EC%86%8D-%ED%8F%AC%EC%BC%93%EB%AA%AC-%EC%B9%B4%EB%93%9C-%EA%BA%BC%EB%83%88%EB%8B%A4-%EC%A4%91%EA%B3%A0%EA%B1%B0%EB%9E%98-%EC%88%98%EC%A7%91-%EC%97%B4%ED%92%8D-%EB%9C%AC%EB%8B%A4,alt-ok,1824,1956,https://sedaily-mbti-cms-media-dev.s3.us-east-1.amazonaws.com/media/mustknow-auto/20097885-webtoon-cut001.webp
https://ailens.sedaily.ai/markets/2026/10/03/2026-10-03-%EA%B8%88%EC%9C%B5-%EC%A6%9D%EA%B6%8C%EC%82%AC-%EC%A0%84%EC%82%B0%EC%82%AC%EA%B3%A0-113%EA%B1%B4-%EB%82%B4%EA%B0%80-%EC%A1%B0%ED%9A%8C-%EB%AA%BB-%ED%95%9C-%EA%B7%B8-1%EB%B6%84%EB%8F%84-%EB%B0%B0%EC%83%81-%EB%8C%80%EC%83%81%EC%9D%B4%EB%9D%BC%EA%B3%A0,alt-ok,1824,1956,https://sedaily-mbti-cms-media-dev.s3.us-east-1.amazonaws.com/media/mustknow-auto/20097869-webtoon-cut001.webp
https://ailens.sedaily.ai/markets/2026/10/03/2026-10-03-%EA%B8%88%EC%9C%B5-%EC%8B%9C%EC%B4%9D-%EB%AF%B8%EB%8B%AC-%EC%83%81%EC%9E%A5%ED%8F%90%EC%A7%80-%EB%B2%95%EC%9B%90%EC%9D%B4-%EB%91%90-%EA%B3%B3%EC%9D%84-%EB%A8%BC%EC%A0%80-%EB%A9%88%EC%B6%B0-%EC%84%B8%EC%9B%A0%EB%8B%A4,alt-ok,1824,1956,https://sedaily-mbti-cms-media-dev.s3.us-east-1.amazonaws.com/media/mustknow-auto/20097872-webtoon-cut001.webp
https://ailens.sedaily.ai/news/2026/10/03/2026-10-03-%EC%82%AC%ED%9A%8C-%EC%9C%A0%EC%95%84-%EB%A0%88%EB%B2%A8%ED%85%8C%EC%8A%A4%ED%8A%B8-%EA%B8%88%EC%A7%80-%EC%8B%9C%ED%97%98%EC%9D%B4-%EC%97%86%EC%96%B4%EC%A1%8C%EB%8A%94%EB%8D%B0-%EC%99%9C-%EB%8D%94-%EC%96%B4%EB%A0%A4%EC%9B%8C%EC%A1%8C%EB%8B%A4%EA%B3%A0,alt-ok,1824,1956,https://sedaily-mbti-cms-media-dev.s3.us-east-1.amazonaws.com/media/mustknow-auto/20097613-webtoon-cut001.webp
https://ailens.sedaily.ai/international/2026/10/03/2026-10-03-%EA%B5%AD%EC%A0%9C-%EC%A4%91%EA%B5%AD-%EC%84%9D%EC%9C%A0%EC%A0%9C%ED%92%88-%EC%88%98%EC%B6%9C-%EC%A4%91%EB%8B%A8-%EA%B8%B0%EB%A6%84%EA%B0%92%EA%B3%BC-%EA%B8%88%EB%A6%AC%EA%B0%80-%EA%B0%99%EC%9D%80-%EB%82%A0-%EC%9B%80%EC%A7%81%EC%98%80%EB%8B%A4%EA%B3%A0,alt-ok,1824,1956,https://sedaily-mbti-cms-media-dev.s3.us-east-1.amazonaws.com/media/mustknow-auto/20097820-webtoon-cut001.webp
https://ailens.sedaily.ai/markets/2026/10/03/2026-10-03-%EC%A6%9D%EA%B6%8C-%EA%B3%A0%EB%A0%A4%EC%95%84%EC%97%B0-%EC%9C%A0%EC%83%81%EC%A6%9D%EC%9E%90-%EC%88%98%EC%82%AC-%EC%82%AC%EA%B1%B4%EC%9D%B4-%EB%8B%A4%EB%A5%B8-%EA%B8%B0%EA%B4%80%EC%9C%BC%EB%A1%9C-%EB%84%98%EC%96%B4%EA%B0%88-%EC%88%98-%EC%9E%88%EB%8B%A4%EA%B3%A0,alt-ok,1824,1956,https://sedaily-mbti-cms-media-dev.s3.us-east-1.amazonaws.com/media/mustknow-auto/20097692-webtoon-cut001.webp
https://ailens.sedaily.ai/markets/2026/10/03/2026-10-03-%EA%B8%88%EC%9C%B5-3%EB%B6%84%EA%B8%B0-M-A-%EA%B1%B0%EB%9E%98%EC%95%A1-15%EC%A1%B0-9%EA%B0%9C%EC%9B%94-%EB%A7%8C%EC%97%90-%EC%9E%91%EB%85%84-%ED%95%9C-%ED%95%B4%EB%A5%BC-%EB%84%98%EC%96%B4%EC%84%B0%EB%8B%A4%EA%B3%A0,alt-ok,1824,1963,https://sedaily-mbti-cms-media-dev.s3.us-east-1.amazonaws.com/media/frontpage-auto/20097685-webtoon-cut001.webp
https://ailens.sedaily.ai/finance/2026/10/03/2026-10-03-%EA%B8%88%EC%9C%B5-5-%EB%84%98%EB%8A%94-%EC%A3%BC%EB%8B%B4%EB%8C%80-1%EB%85%84%EB%8F%84-%EC%95%88-%EB%8F%BC-%EB%B9%84%EC%A4%91%EC%9D%B4-22%EB%B0%B0%EB%A1%9C-%EB%8A%98%EC%97%88%EB%8B%A4%EA%B3%A0,alt-ok,1824,1956,https://sedaily-mbti-cms-media-dev.s3.us-east-1.amazonaws.com/media/frontpage-auto/20097720-webtoon-cut001.webp
https://ailens.sedaily.ai/markets/2026/10/03/2026-10-03-%EA%B8%88%EC%9C%B5-%EC%8B%9C%EA%B0%80%EC%B4%9D%EC%95%A1-%EB%AF%B8%EB%8B%AC-%EC%83%81%EC%9E%A5%ED%8F%90%EC%A7%80-%EB%B2%95%EC%9B%90%EC%9D%B4-%EA%B7%9C%EC%A0%95-%EC%9E%90%EC%B2%B4%EB%A5%BC-%EB%A9%88%EC%B6%B0-%EC%84%B8%EC%9B%A0%EC%8A%B5%EB%8B%88%EB%8B%A4,alt-ok,1824,1956,https://sedaily-mbti-cms-media-dev.s3.us-east-1.amazonaws.com/media/frontpage-auto/20097804-webtoon-cut001.webp
https://ailens.sedaily.ai/finance/2026/10/03/2026-10-03-%EA%B8%88%EC%9C%B5-%EC%9D%80%ED%96%89-%ED%95%B4%ED%82%B9-%EC%A0%95%EB%B3%B4-%EC%9C%A0%EC%B6%9C-%EC%9D%BC%EC%A3%BC%EC%9D%BC-%EC%82%AC%EC%9D%B4-%EC%97%AC%EC%84%AF-%EA%B3%B3%EC%9D%B4-%EA%B3%B5%EA%B2%A9%EB%B0%9B%EC%95%98%EB%8B%A4%EA%B3%A0,alt-ok,1824,1956,https://sedaily-mbti-cms-media-dev.s3.us-east-1.amazonaws.com/media/frontpage-auto/20097640-webtoon-cut001.webp
https://ailens.sedaily.ai/markets/2026/10/02/2026-10-02-%EC%82%B0%EC%97%85-%EB%8D%94%ED%9C%B4%EC%8B%9D-%ED%94%84%EB%A6%ACIPO-650%EC%96%B5-%EB%8F%99%EB%84%A4-%EB%AA%A8%ED%85%94-%EA%B3%A0%EC%B3%90-2028%EB%85%84-%EC%83%81%EC%9E%A5%EA%B9%8C%EC%A7%80-%EA%B0%84%EB%8B%A4,alt-ok,1824,1956,https://sedaily-mbti-cms-media-dev.s3.us-east-1.amazonaws.com/media/mustknow-auto/20097591-webtoon-cut001-v2.webp
https://ailens.sedaily.ai/markets/2026/10/02/2026-10-02-%EC%82%B0%EC%97%85-%EC%82%BC%EC%84%B1%EC%A0%84%EC%9E%90-%EC%9E%90%EC%82%AC%EC%A3%BC-%EB%A7%A4%EC%9E%85-%EC%A1%B0%EA%B8%B0-%EC%99%84%EB%A3%8C-%EC%A7%80%EC%88%98%EB%A5%BC-%EB%B0%9B%EC%B9%98%EB%8D%98-%EC%86%90%EC%9D%B4-%EB%A8%BC%EC%A0%80-%EB%A9%88%EC%B6%98%EB%8B%A4,alt-ok,1824,1956,https://sedaily-mbti-cms-media-dev.s3.us-east-1.amazonaws.com/media/mustknow-auto/20097610-webtoon-cut001-v2.webp
https://ailens.sedaily.ai/markets/2026/10/02/2026-10-02-%EA%B8%88%EC%9C%B5-%EC%82%AC%EB%AA%A8%EC%9A%B4%EC%9A%A9%EC%82%AC-430%EA%B3%B3-%ED%95%9C-%EA%B3%B3%EC%97%90-%EC%A7%81%EC%9B%90%EC%9D%B4-%ED%8F%89%EA%B7%A0-14%EB%AA%85%EB%BF%90%EC%9D%B4%EB%9D%BC%EA%B3%A0,alt-ok,1824,1248,https://sedaily-mbti-cms-media-dev.s3.us-east-1.amazonaws.com/media/mustknow-auto/20097455-webtoon-cut001.webp
https://ailens.sedaily.ai/property/2026/10/02/2026-10-02-%EB%B6%80%EB%8F%99%EC%82%B0-LH-%EB%A7%A4%EC%9E%85%EC%9E%84%EB%8C%80-%EA%B3%B5%EC%8B%A4-8%EB%85%84-1%EA%B0%9C%EC%9B%94-%EB%8F%99%EC%95%88-%EB%B9%84%EC%96%B4-%EC%9E%88%EB%8D%98-%EC%A7%91%EB%8F%84-%EC%9E%88%EB%8B%A4%EA%B3%A0,alt-ok,1824,1248,https://sedaily-mbti-cms-media-dev.s3.us-east-1.amazonaws.com/media/mustknow-auto/20097383-webtoon-cut001.webp
https://ailens.sedaily.ai/international/2026/10/02/2026-10-02-%EA%B5%AD%EC%A0%9C-%EB%AF%B8%EA%B5%AD-%EA%B5%AD%EC%B1%84-10%EB%85%84%EB%AC%BC-5-306-%ED%95%98%EB%A3%A8-%EC%82%AC%EC%9D%B4-%EC%8B%9C%EC%9E%A5-%EC%A0%84%EB%A7%9D%EC%9D%B4-%EB%91%90-%EB%B2%88-%EB%92%A4%EC%A7%91%ED%98%94%EB%8B%A4%EA%B3%A0,alt-ok,1824,1248,https://sedaily-mbti-cms-media-dev.s3.us-east-1.amazonaws.com/media/mustknow-auto/20097063-webtoon-cut001.webp
https://ailens.sedaily.ai/international/2026/10/02/2026-10-02-%EA%B5%AD%EC%A0%9C-%EB%AF%B8%EA%B5%AD-%EC%A3%BC%EB%8B%B4%EB%8C%80-%EA%B8%88%EB%A6%AC-7-28-%ED%95%9C-%EC%A3%BC%EC%97%90-0-25-%ED%8F%AC%EC%9D%B8%ED%8A%B8-%EB%9B%B0%EC%97%88%EB%8B%A4%EA%B3%A0,alt-ok,1824,1248,https://sedaily-mbti-cms-media-dev.s3.us-east-1.amazonaws.com/media/mustknow-auto/20097404-webtoon-cut001.webp
https://ailens.sedaily.ai/finance/2026/10/02/2026-10-02-%EA%B8%88%EC%9C%B5-%EC%8B%A0%ED%95%9C%EC%9D%80%ED%96%89-%EA%B0%9C%EC%9D%B8%EC%A0%95%EB%B3%B4-%EC%9C%A0%EC%B6%9C-%EB%8C%80%EC%B6%9C-%EC%8B%A0%EC%B2%AD%EB%A7%8C-%ED%95%98%EA%B3%A0-%EC%95%88-%EB%B0%9B%EC%95%98%EC%96%B4%EB%8F%84-%ED%8F%AC%ED%95%A8%EB%90%90%EB%8B%A4%EA%B3%A0,alt-ok,1824,1248,https://sedaily-mbti-cms-media-dev.s3.us-east-1.amazonaws.com/media/mustknow-auto/20097367-webtoon-cut001.webp
https://ailens.sedaily.ai/markets/2026/10/02/2026-10-02-%EA%B8%88%EC%9C%B5-%EA%B2%BD%EC%B0%B0%EA%B3%B5%EC%A0%9C%ED%9A%8C-PEF-%EC%B6%94%EA%B0%80-%EC%B6%9C%EC%9E%90-%EC%97%B0%EB%A7%90%EC%97%90-1%EC%A1%B0-%EB%84%98%EB%8A%94-%EB%8F%88%EC%9D%B4-%ED%95%9C%EA%BA%BC%EB%B2%88%EC%97%90-%ED%92%80%EB%A6%B0%EB%8B%A4%EA%B3%A0,alt-ok,1824,1248,https://sedaily-mbti-cms-media-dev.s3.us-east-1.amazonaws.com/media/mustknow-auto/20097160-webtoon-cut001.webp
https://ailens.sedaily.ai/industry/2026/10/02/2026-10-02-%EC%82%B0%EC%97%85-%EC%99%84%EC%84%B1%EC%B0%A8-5%EA%B0%9C%EC%82%AC-9%EC%9B%94-%EB%82%B4%EC%88%98-%ED%8C%90%EB%A7%A4-1%EB%85%84-%EB%A7%8C%EC%97%90-2%EB%A7%8C-5%EC%B2%9C-%EB%8C%80%EA%B0%80-%EC%82%AC%EB%9D%BC%EC%A1%8C%EB%8B%A4%EA%B3%A0,alt-ok,1824,1248,https://sedaily-mbti-cms-media-dev.s3.us-east-1.amazonaws.com/media/mustknow-auto/20097377-webtoon-cut001.webp
https://ailens.sedaily.ai/industry/2026/10/02/2026-10-02-%EC%82%AC%ED%9A%8C-%EB%85%B8%EB%9E%80%EB%B4%89%ED%88%AC%EB%B2%95-%ED%86%B5%ED%95%A9%EA%B5%90%EC%84%AD-100-%EC%9E%90%ED%9A%8C%EC%82%AC%EB%8F%84-%EC%82%AC%EC%9A%A9%EC%9E%90%EA%B0%80-%EC%95%84%EB%8B%88%EB%9D%BC%EA%B3%A0,alt-ok,1824,1248,https://sedaily-mbti-cms-media-dev.s3.us-east-1.amazonaws.com/media/mustknow-auto/20097343-webtoon-cut001.webp
https://ailens.sedaily.ai/markets/2026/10/01/2026-10-01-%EC%82%B0%EC%97%85-%EC%82%BC%EB%9D%BD%EC%97%B4%EC%B2%98%EB%A6%AC-%EB%A7%A4%EA%B0%81-%EB%A7%A4%EB%AC%BC%EB%A1%9C-%EB%82%98%EC%99%94%EB%8B%A4%EB%8A%94%EB%8D%B0-%ED%9A%8C%EC%82%AC%EB%8A%94-%EC%95%84%EB%8B%88%EB%9D%BC%EA%B3%A0,alt-ok,1216,832,https://sedaily-mbti-cms-media-dev.s3.us-east-1.amazonaws.com/media/mustknow-auto/20096578-webtoon-cut001.png
https://ailens.sedaily.ai/markets/2026/10/01/2026-10-01-%EA%B8%88%EC%9C%B5-%ED%8F%AC%EC%8A%A4%EC%BD%94-%EC%9A%B0%EB%A6%AC%EA%B8%88%EC%9C%B5-%EB%B8%94%EB%A1%9D%EB%94%9C-10%EB%85%84-%EB%93%A4%EA%B3%A0-%EC%9E%88%EB%8D%98-%EC%A7%80%EB%B6%84%EC%9D%84-%ED%95%98%EB%A3%A8-%EC%95%84%EC%B9%A8%EC%97%90-%EB%8B%A4-%ED%8C%94%EC%95%98%EB%8B%A4%EA%B3%A0,alt-ok,1216,832,https://sedaily-mbti-cms-media-dev.s3.us-east-1.amazonaws.com/media/mustknow-auto/20097014-webtoon-cut001.png
https://ailens.sedaily.ai/news/2026/10/01/2026-10-01-%EC%82%AC%ED%9A%8C-1%EC%8B%AC-%ED%98%95%EC%82%AC%EC%9E%AC%ED%8C%90-%EC%A7%80%EC%97%B0-2%EB%85%84-%EB%84%98%EA%B2%8C-%EC%9E%AC%ED%8C%90%EB%B0%9B%EB%8A%94-%ED%94%BC%EA%B3%A0%EC%9D%B8%EC%9D%B4-4-843%EB%AA%85%EC%9D%B4%EB%9D%BC%EA%B3%A0,alt-ok,1216,832,https://sedaily-mbti-cms-media-dev.s3.us-east-1.amazonaws.com/media/mustknow-auto/20096640-webtoon-cut001.png
https://ailens.sedaily.ai/international/2026/10/01/2026-10-01-%EC%82%B0%EC%97%85-%EB%A7%88%EC%9D%B4%ED%81%AC%EB%A1%A0-%EC%82%AC%EC%83%81-%EC%B5%9C%EB%8C%80-%EC%8B%A4%EC%A0%81-%EB%A7%A4%EC%B6%9C%EC%9D%B4-1%EB%85%84-%EB%A7%8C%EC%97%90-5%EB%B0%B0%EB%A1%9C-%EB%9B%B0%EC%97%88%EB%8B%A4%EA%B3%A0,alt-ok,1216,832,https://sedaily-mbti-cms-media-dev.s3.us-east-1.amazonaws.com/media/mustknow-auto/20096871-webtoon-cut001.png
https://ailens.sedaily.ai/property/2026/10/01/2026-10-01-%EB%B6%80%EB%8F%99%EC%82%B0-%EC%84%9C%EC%9A%B8-%EC%9D%B8%ED%97%88%EA%B0%80-604-%EA%B8%89%EC%A6%9D-%EC%9E%85%EC%A3%BC%EB%8A%94-2028%EB%85%84%EB%B6%80%ED%84%B0%EB%9D%BC%EA%B3%A0,alt-ok,1216,832,https://sedaily-mbti-cms-media-dev.s3.us-east-1.amazonaws.com/media/mustknow-auto/20096819-webtoon-cut001.png
https://ailens.sedaily.ai/markets/2026/10/01/2026-10-01-%EC%82%B0%EC%97%85-%EB%91%90%EC%82%B0-%ED%95%98%EC%9D%B4%EC%97%91%EC%8B%9C%EC%97%84-%EB%82%98%EC%8A%A4%EB%8B%A5-%EC%83%81%EC%9E%A5-%EB%91%90%EC%82%B0-%EC%A3%BC%EC%A3%BC%EB%8A%94-%EC%9D%B4-%EA%B2%B0%EC%A0%95%EC%9D%84-%EB%B3%BC-%EC%88%98-%EC%9E%88%EB%8B%A4%EA%B3%A0,alt-ok,1216,832,https://sedaily-mbti-cms-media-dev.s3.us-east-1.amazonaws.com/media/mustknow-auto/20096705-webtoon-cut001.png
https://ailens.sedaily.ai/industry/2026/10/01/2026-10-01-%EC%82%B0%EC%97%85-%EB%85%B8%EB%A1%9C%EB%B0%94%EC%9D%B4%EB%9F%AC%EC%8A%A4-%EB%B0%B1%EC%8B%A0-%EA%B0%9C%EB%B0%9C-%EC%95%84%EC%A7%81-%EC%84%B8%EC%83%81%EC%97%90-%ED%95%98%EB%82%98%EB%8F%84-%EC%97%86%EB%8B%A4%EB%8B%88%EC%9A%94,alt-ok,1216,832,https://sedaily-mbti-cms-media-dev.s3.us-east-1.amazonaws.com/media/mustknow-auto/20096630-webtoon-cut001.png
https://ailens.sedaily.ai/markets/2026/09/30/2026-09-30-%EC%83%81%EB%B0%98%EA%B8%B0-%EC%98%81%EC%97%85%EC%9D%B4%EC%9D%B5-103%EC%96%B5-%EC%9E%91%EB%85%84-%ED%95%9C-%ED%95%B4%EC%B9%98%EB%A5%BC-%EC%9D%B4%EB%AF%B8-%EB%84%98%EC%97%88%EC%8A%B5%EB%8B%88%EB%8B%A4,alt-ok,1216,832,https://sedaily-mbti-cms-media-dev.s3.us-east-1.amazonaws.com/media/mustknow-auto/20096580-webtoon-cut001.png
https://ailens.sedaily.ai/property/2026/09/30/2026-09-30-%EC%84%9C%EC%B4%88-%EC%86%A1%ED%8C%8C%EC%97%90-%EC%B2%98%EC%9D%8C-%EB%93%A4%EC%96%B4%EC%98%A8-%EA%B3%B5%EA%B3%B5%EC%A3%BC%ED%83%9D-%ED%9B%84%EB%B3%B4%EC%A7%80-%EC%B0%A9%EA%B3%B5%EC%9D%80-2030%EB%85%84-%ED%95%98%EB%B0%98%EA%B8%B0%EC%9E%85%EB%8B%88%EB%8B%A4,alt-ok,1216,832,https://sedaily-mbti-cms-media-dev.s3.us-east-1.amazonaws.com/media/mustknow-auto/20096479-webtoon-cut001.png
https://ailens.sedaily.ai/finance/2026/09/30/2026-09-30-%EB%B0%98%EB%85%84-%EB%A7%8C%EC%97%90-63%EC%A1%B0%EA%B0%80-%EB%8D%94-%EA%B1%B7%ED%9E%8C%EB%8B%A4%EA%B3%A0,alt-ok,1216,832,https://sedaily-mbti-cms-media-dev.s3.us-east-1.amazonaws.com/media/mustknow-auto/20096346-webtoon-cut001.png
https://ailens.sedaily.ai/markets/2026/09/30/2026-09-30-KKR%EC%9D%B4-3%EB%85%84-%EB%A7%8C%EC%97%90-%EC%9A%B8%EC%82%B0-%ED%84%B0%EB%AF%B8%EB%84%90%EC%9D%84-%EB%82%B4%EB%86%93%EC%95%98%EC%8A%B5%EB%8B%88%EB%8B%A4-%EC%82%AC%EB%8A%94-%EC%AA%BD%EB%8F%84-%EB%98%90-%EB%8B%A4%EB%A5%B8-%EC%82%AC%EB%AA%A8%ED%8E%80%EB%93%9C%EC%9E%85%EB%8B%88%EB%8B%A4,alt-ok,1216,832,https://sedaily-mbti-cms-media-dev.s3.us-east-1.amazonaws.com/media/mustknow-auto/20096407-webtoon-cut001.png
https://ailens.sedaily.ai/markets/2026/09/30/2026-09-30-30%EB%85%84%EB%AC%BC-%EA%B8%88%EB%A6%AC-5-612-%EC%9D%B8%EB%8D%B0-%EC%82%BC%EC%84%B1%EC%A0%84%EC%9E%90%EB%8A%94-%EC%98%AC%EB%9E%90%EC%8A%B5%EB%8B%88%EB%8B%A4,alt-ok,1216,832,https://sedaily-mbti-cms-media-dev.s3.us-east-1.amazonaws.com/media/mustknow-auto/20096370-webtoon-cut001.png
https://ailens.sedaily.ai/markets/2026/09/30/2026-09-30-%EB%AA%A8%ED%9A%8C%EC%82%AC%EA%B0%80-%EB%93%A4%EA%B3%A0-%EC%9E%88%EB%8D%98-%EC%9E%90%ED%9A%8C%EC%82%AC-%EC%A7%80%EB%B6%84%EC%9D%84-%EC%9D%BC%EB%B0%98%EC%A3%BC%EC%A3%BC%EC%97%90%EA%B2%8C-%EA%B7%B8%EB%8C%80%EB%A1%9C-%EB%82%98%EB%88%A0%EC%A3%BC%EA%B8%B0%EB%A1%9C-%ED%96%88%EC%8A%B5%EB%8B%88%EB%8B%A4-%EC%9E%84%EC%8B%9C%EC%A3%BC%EC%A3%BC%EC%B4%9D%ED%9A%8C-%ED%8A%B9%EB%B3%84%EA%B2%B0%EC%9D%98%EA%B9%8C%EC%A7%80-%EA%B1%B0%EC%B3%A4%EC%8A%B5,alt-ok,1216,832,https://sedaily-mbti-cms-media-dev.s3.us-east-1.amazonaws.com/media/mustknow-auto/20096419-webtoon-cut001.png
https://ailens.sedaily.ai/news/2026/09/30/2026-09-30-%EC%9E%90%EC%84%9D-%ED%95%98%EB%82%98%EA%B0%80-%EB%B6%99%EC%96%B4-%EC%9E%88%EC%97%88%EC%8A%B5%EB%8B%88%EB%8B%A4-%EB%AC%B8%EC%9D%80-%EC%97%B4%EB%A0%A4-%EC%9E%88%EB%8A%94%EB%8D%B0-%EA%B8%B0%EA%B3%84%EB%8A%94-%EB%A9%88%EC%B6%94%EC%A7%80-%EC%95%8A%EC%95%98%EC%8A%B5%EB%8B%88%EB%8B%A4,alt-ok,1216,832,https://sedaily-mbti-cms-media-dev.s3.us-east-1.amazonaws.com/media/mustknow-auto/20096206-webtoon-cut002.png
https://ailens.sedaily.ai/international/2026/09/30/2026-09-30-%EC%A4%91%EA%B5%AD-%EC%A0%95%EB%B6%80%EA%B0%80-%EB%82%B4-%EB%8C%80%EC%B6%9C-%EC%9D%B4%EC%9E%90-1-%ED%8F%AC%EC%9D%B8%ED%8A%B8%EB%A5%BC-5%EB%85%84%EA%B0%84-%EB%82%B4%EC%A3%BC%EA%B8%B0%EB%A1%9C-%ED%96%88%EC%8A%B5%EB%8B%88%EB%8B%A4,alt-ok,1216,832,https://sedaily-mbti-cms-media-dev.s3.us-east-1.amazonaws.com/media/mustknow-auto/20096320-webtoon-cut001.png
https://ailens.sedaily.ai/international/2026/09/30/2026-09-30-%ED%8A%B8%EB%9F%BC%ED%94%84-%EB%8C%80%ED%86%B5%EB%A0%B9%EC%9D%B4-CEO-12%EB%AA%85%EC%9D%84-%EB%B6%88%EB%9F%AC-%EB%AA%A8%EC%9D%80-%EB%92%A4-%EC%83%88-%EA%B7%9C%EC%A0%9C%EB%8A%94-%EC%97%86%EB%8B%A4%EA%B3%A0-%ED%96%88%EC%8A%B5%EB%8B%88%EB%8B%A4,alt-ok,1216,832,https://sedaily-mbti-cms-media-dev.s3.us-east-1.amazonaws.com/media/mustknow-auto/20096336-webtoon-cut001.png
https://ailens.sedaily.ai/international/2026/09/30/2026-09-30-%EB%A7%A4%EC%B6%9C-46%EC%96%B5-%EB%8B%AC%EB%9F%AC%EC%9D%B8%EB%8D%B0-%EC%95%9E%EC%9C%BC%EB%A1%9C-%EA%B0%9A%EC%95%84%EC%95%BC-%ED%95%A0-%EB%8F%88%EC%9D%B4-5-180%EC%96%B5-%EB%8B%AC%EB%9F%AC%EC%9E%85%EB%8B%88%EB%8B%A4,alt-ok,1216,832,https://sedaily-mbti-cms-media-dev.s3.us-east-1.amazonaws.com/media/mustknow-auto/20096241-webtoon-cut001.png
https://ailens.sedaily.ai/markets/2026/09/30/2026-09-30-1-500%EC%96%B5%EC%97%90-%EC%82%AC%EC%84%9C-2-000%EC%96%B5%EC%97%90-%ED%8C%9D%EB%8B%88%EB%8B%A4-4%EB%85%84-%EC%82%AC%EC%9D%B4-SK%EC%97%90%EC%BD%94%ED%94%8C%EB%9E%9C%ED%8A%B8%EA%B0%80-%EB%B0%94%EA%BE%BC-%EA%B2%83,alt-ok,1216,832,https://sedaily-mbti-cms-media-dev.s3.us-east-1.amazonaws.com/media/mustknow-auto/20096165-webtoon-cut001.png
https://ailens.sedaily.ai/industry/2026/09/30/2026-09-30-%EA%B0%80%EA%B2%A9%EC%9D%84-%EB%82%AE%EC%B6%94%EB%A0%A4%EA%B3%A0-%EC%9A%A9%EB%9F%89%EC%9D%84-%EC%A4%84%EC%98%80%EB%8A%94%EB%8D%B0-%EB%8B%A8%EA%B0%80%EB%8A%94-%EB%8D%94-%EC%98%AC%EB%9D%BC%EA%B0%94%EC%8A%B5%EB%8B%88%EB%8B%A4,alt-ok,1216,832,https://sedaily-mbti-cms-media-dev.s3.us-east-1.amazonaws.com/media/mustknow-auto/20096300-webtoon-cut001.png
https://ailens.sedaily.ai/markets/2026/09/30/2026-09-30-%EC%83%81%ED%95%9C%EA%B0%80-%EB%8B%A4%EC%9D%8C%EB%82%A0-%EC%95%84%EC%B9%A8%EC%97%90-%EC%82%B0-%EC%82%AC%EB%9E%8C%EC%9D%80-%EA%B7%B8%EB%82%A0-%EC%98%A4%ED%9B%84%EC%97%90-15-%EC%9E%83%EC%97%88%EC%8A%B5%EB%8B%88%EB%8B%A4,alt-ok,1216,832,https://sedaily-mbti-cms-media-dev.s3.us-east-1.amazonaws.com/media/mustknow-auto/20096177-webtoon-cut001.png
https://ailens.sedaily.ai/markets/2026/09/30/2026-09-30-3%EC%96%B5-%EB%8B%AC%EB%9F%AC-%EC%A1%B0%EB%8B%AC%ED%95%98%EB%A0%A4%EB%8D%98-%EB%A1%AF%EB%8D%B0%EB%A0%8C%ED%83%88-%ED%95%9C-%EB%8B%AC-%EB%84%98%EA%B2%8C-%EB%A9%88%EC%B6%B0-%EC%9E%88%EC%8A%B5%EB%8B%88%EB%8B%A4,alt-ok,1216,832,https://sedaily-mbti-cms-media-dev.s3.us-east-1.amazonaws.com/media/frontpage-auto/20096181-webtoon-cut001.png
https://ailens.sedaily.ai/markets/2026/09/29/2026-09-29-%EC%A3%BC%EA%B4%80%EC%82%AC-%ED%95%98%EB%82%98%EB%A5%BC-%EB%B9%BC%EB%9D%BC%EB%8A%94-%EA%B5%AC%EB%91%90-%EC%A7%80%EC%B9%A8%EC%97%90-3%EC%96%B5-%EB%8B%AC%EB%9F%AC%EA%B0%80-%ED%95%9C-%EB%8B%AC%EC%A7%B8-%EB%A9%88%EC%B7%84%EC%8A%B5%EB%8B%88%EB%8B%A4,alt-ok,1216,832,https://sedaily-mbti-cms-media-dev.s3.us-east-1.amazonaws.com/media/mustknow-auto/20096181-webtoon-cut001.png
https://ailens.sedaily.ai/markets/2026/09/29/2026-09-29-900%EB%AA%85%EC%9D%B4-%ED%95%9C-%ED%98%B8%ED%85%94%EC%97%90-%EB%AA%A8%EC%97%AC-%EA%B0%99%EC%9D%80-%EB%AC%B8%EC%9E%A5%EC%9D%84-%EC%86%8C%EB%A6%AC-%EB%82%B4-%EC%9D%BD%EC%97%88%EC%8A%B5%EB%8B%88%EB%8B%A4,alt-ok,1216,832,https://sedaily-mbti-cms-media-dev.s3.us-east-1.amazonaws.com/media/mustknow-auto/20095968-webtoon-cut002.png
https://ailens.sedaily.ai/markets/2026/09/29/2026-09-29-%EC%82%BC%EC%84%B1-6%EA%B0%9C%EC%82%AC%EA%B0%80-%EA%B0%99%EC%9D%80-%EB%82%A0-%EB%AF%B8%EA%B5%AD-AI-%EC%9D%B8%ED%94%84%EB%9D%BC-%ED%9A%8C%EC%82%AC%EC%97%90-1%EC%A1%B0-3-600%EC%96%B5-%EC%9B%90%EC%9D%84-%EA%B1%B8%EC%97%88%EC%8A%B5%EB%8B%88%EB%8B%A4,alt-ok,1216,832,https://sedaily-mbti-cms-media-dev.s3.us-east-1.amazonaws.com/media/mustknow-auto/20095862-webtoon-cut001.png
https://ailens.sedaily.ai/markets/2026/09/29/2026-09-29-%EC%84%B1%EC%9D%B8-5%EB%AA%85-%EC%A4%91-1%EB%AA%85%EC%9D%B4-%EC%9D%B4-%EA%B3%84%EC%A2%8C%EB%A5%BC-%EA%B0%96%EA%B3%A0-%EC%9E%88%EC%8A%B5%EB%8B%88%EB%8B%A4,alt-ok,1216,832,https://sedaily-mbti-cms-media-dev.s3.us-east-1.amazonaws.com/media/mustknow-auto/20095911-webtoon-cut001.png
https://ailens.sedaily.ai/markets/2026/09/29/2026-09-29-%EB%8F%99%EC%95%84%EB%A6%AC%EC%97%90%EC%84%9C-%EB%A7%8C%EB%82%9C-%EC%82%AC%EC%9D%B4-5%EB%85%84%EA%B0%84-%ED%95%9C-%EB%B0%A9%ED%96%A5%EC%9C%BC%EB%A1%9C-%EC%9B%80%EC%A7%81%EC%98%80%EC%8A%B5%EB%8B%88%EB%8B%A4,alt-ok,1216,832,https://sedaily-mbti-cms-media-dev.s3.us-east-1.amazonaws.com/media/mustknow-auto/20095962-webtoon-cut001.png
https://ailens.sedaily.ai/finance/2026/09/29/2026-09-29-%EA%B5%AD%EA%B3%A0%EC%B1%84-%EA%B8%88%EB%A6%AC%EB%8A%94-1-4-%ED%8F%AC%EC%9D%B8%ED%8A%B8-%EC%98%AC%EB%9E%90%EB%8A%94%EB%8D%B0-%EC%A0%80%EC%B6%95%EB%B3%B4%ED%97%98-%EC%9D%B4%EC%9C%A8%EC%9D%80-%EB%82%B4%EB%A0%A4%EA%B0%94%EC%8A%B5%EB%8B%88%EB%8B%A4,alt-ok,1216,832,https://sedaily-mbti-cms-media-dev.s3.us-east-1.amazonaws.com/media/mustknow-auto/20095730-webtoon-cut001.png
https://ailens.sedaily.ai/finance/2026/09/29/2026-09-29-%EC%98%A8%EC%B2%B4%EC%9D%B8-%EB%B3%B4%EC%9C%A0%EB%8A%94-%EC%84%B8%EA%B3%84-2%EC%9C%84%EC%9D%B8%EB%8D%B0-%EA%B3%BC%EC%84%B8-%EC%A4%80%EB%B9%84%EB%8A%94-%EC%95%84%EC%A7%81-%EA%B3%A0%EC%8B%9C-%EB%8B%A8%EA%B3%84%EC%9E%85%EB%8B%88%EB%8B%A4,alt-ok,1216,832,https://sedaily-mbti-cms-media-dev.s3.us-east-1.amazonaws.com/media/mustknow-auto/20095736-webtoon-cut001.png
https://ailens.sedaily.ai/international/2026/09/29/2026-09-29-%EC%A0%84%EC%9E%90%EB%A0%88%EC%9D%B8%EC%A7%80%EC%99%80-%EC%88%98%EC%88%A0%EB%A1%9C%EB%B4%87%EC%9D%B4-%EA%B0%99%EC%9D%80-%EB%82%A0-%EA%B4%80%EC%84%B8%ED%91%9C%EC%97%90%EC%84%9C-%EB%82%B4%EB%A0%A4%EC%99%94%EC%8A%B5%EB%8B%88%EB%8B%A4,alt-ok,1216,832,https://sedaily-mbti-cms-media-dev.s3.us-east-1.amazonaws.com/media/mustknow-auto/20095813-webtoon-cut001.png
https://ailens.sedaily.ai/news/2026/09/29/2026-09-29-%EC%A0%84%EA%B5%AD-%EC%83%81%EA%B0%80-8%EA%B3%B3-%EC%A4%91-1%EA%B3%B3%EC%9D%B4-%EB%B9%84%EC%97%88%EC%8A%B5%EB%8B%88%EB%8B%A4-7%EB%B6%84%EA%B8%B0-%EC%97%B0%EC%86%8D%EC%9E%85%EB%8B%88%EB%8B%A4,alt-ok,1216,832,https://sedaily-mbti-cms-media-dev.s3.us-east-1.amazonaws.com/media/mustknow-auto/20095833-webtoon-cut001.png
https://ailens.sedaily.ai/markets/2026/09/29/2026-09-29-%EC%BD%94%EC%8A%A4%ED%94%BC%EB%8A%94-191%ED%8F%AC%EC%9D%B8%ED%8A%B8-%EB%B9%A0%EC%A7%84-%EB%82%A0-%EB%A9%94%EB%A6%AC%EC%B8%A0%EA%B8%88%EC%9C%B5%EC%A7%80%EC%A3%BC%EB%A7%8C-5-57-%EC%98%AC%EB%9E%90%EC%8A%B5%EB%8B%88%EB%8B%A4,alt-ok,1216,832,https://sedaily-mbti-cms-media-dev.s3.us-east-1.amazonaws.com/media/mustknow-auto/20095781-webtoon-cut001.png
https://ailens.sedaily.ai/markets/2026/09/29/2026-09-29-%EC%A0%84%EB%AC%B8%EC%9D%98-2%EB%AA%85%EC%9D%B4-%EB%B3%B4%EB%8D%98-%EA%B2%83%EC%9D%84-%EC%9D%B4%EC%A0%9C-AI%EC%99%80-1%EB%AA%85%EC%9D%B4-%EB%B4%85%EB%8B%88%EB%8B%A4,alt-ok,1216,832,https://sedaily-mbti-cms-media-dev.s3.us-east-1.amazonaws.com/media/mustknow-auto/20095611-webtoon-cut001.png
https://ailens.sedaily.ai/finance/2026/09/29/2026-09-29-0-25-%ED%8F%AC%EC%9D%B8%ED%8A%B8-%EB%82%B4%EB%A0%A4%EA%B0%94%EB%8A%94%EB%8D%B0-%EB%B3%B4%ED%97%98%EB%A3%8C%EB%8A%94-10-%EC%98%A4%EB%A6%85%EB%8B%88%EB%8B%A4,alt-ok,1216,832,https://sedaily-mbti-cms-media-dev.s3.us-east-1.amazonaws.com/media/frontpage-auto/20095696-webtoon-cut001.png
https://ailens.sedaily.ai/news/2026/09/28/2026-09-28-DMZ-%ED%8F%AD%EB%B0%9C-%ED%98%84%EC%9E%A5%EC%97%90-%EC%9E%88%EB%8D%98-%EB%B3%91%EB%A0%A5-%EC%84%9C%EB%A1%9C-%EB%8B%A4%EB%A5%B8-%EB%A7%90%EC%9D%84-%ED%95%98%EA%B3%A0-%EC%9E%88%EC%8A%B5%EB%8B%88%EB%8B%A4,alt-ok,1216,832,https://sedaily-mbti-cms-media-dev.s3.us-east-1.amazonaws.com/media/mustknow-auto/20095706-webtoon-cut001.png
https://ailens.sedaily.ai/finance/2026/09/28/2026-09-28-%EB%82%B4%EB%85%84-4%EC%9B%94-%EC%9D%80%ED%96%89-%EB%AC%B8-%EC%95%9E%EC%97%90%EC%84%9C-30%EB%B6%84-%EB%8D%94-%EA%B8%B0%EB%8B%A4%EB%A6%BD%EB%8B%88%EB%8B%A4,alt-ok,1216,832,https://sedaily-mbti-cms-media-dev.s3.us-east-1.amazonaws.com/media/mustknow-auto/20095748-webtoon-cut001.png
https://ailens.sedaily.ai/markets/2026/09/28/2026-09-28-CMA-%EA%B3%84%EC%A2%8C%EA%B0%80-4-009%EB%A7%8C-%EA%B0%9C-%EC%9A%B0%EB%A6%AC%EB%82%98%EB%9D%BC-%EC%9D%B8%EA%B5%AC%EB%B3%B4%EB%8B%A4-%EB%A7%8E%EC%95%84%EC%A1%8C%EC%8A%B5%EB%8B%88%EB%8B%A4,alt-ok,1216,832,https://sedaily-mbti-cms-media-dev.s3.us-east-1.amazonaws.com/media/mustknow-auto/20095704-webtoon-cut001.png
https://ailens.sedaily.ai/markets/2026/09/28/2026-09-28-%EA%B3%84%EC%95%BD%EC%84%9C%EC%97%90-%EB%8F%84%EC%9E%A5-%EC%B0%8D%EA%B8%B0-%ED%95%98%EB%A3%A8-%EC%A0%84-%EC%94%A8%EC%8B%B8%EC%9D%B4%ED%8A%B8%EB%8A%94-%EC%9D%B4%EB%AF%B8-%EC%83%81%ED%95%9C%EA%B0%80%EC%98%80%EC%8A%B5%EB%8B%88%EB%8B%A4,alt-ok,1216,832,https://sedaily-mbti-cms-media-dev.s3.us-east-1.amazonaws.com/media/mustknow-auto/20095659-webtoon-cut001.png
https://ailens.sedaily.ai/markets/2026/09/28/2026-09-28-%EC%97%B0%EB%82%B4-%EB%A7%A4%EA%B0%81%EC%9D%80-%EC%82%AC%EC%8B%A4%EC%83%81-%EC%A0%91%EC%97%88%EC%8A%B5%EB%8B%88%EB%8B%A4-%EB%8C%80%EC%8B%A0-%EC%9E%90%EC%82%AC%EC%A3%BC-%EC%96%98%EA%B8%B0%EA%B0%80-%EB%82%98%EC%98%B5%EB%8B%88%EB%8B%A4,alt-ok,1216,832,https://sedaily-mbti-cms-media-dev.s3.us-east-1.amazonaws.com/media/mustknow-auto/20095636-webtoon-cut001.png
https://ailens.sedaily.ai/markets/2026/09/28/2026-09-28-HMM-%EB%A7%A4%EA%B0%81%EC%9D%80-%EB%A9%88%EC%B7%84%EB%8A%94%EB%8D%B0-%EC%A6%9D%EA%B6%8C%EC%82%AC%EB%93%A4%EC%9D%80-%EB%B2%8C%EC%8D%A8-%EC%9B%80%EC%A7%81%EC%9D%B4%EA%B8%B0-%EC%8B%9C%EC%9E%91%ED%96%88%EC%8A%B5%EB%8B%88%EB%8B%A4,alt-ok,1216,832,https://sedaily-mbti-cms-media-dev.s3.us-east-1.amazonaws.com/media/mustknow-auto/20095636-webtoon-cut001.png
https://ailens.sedaily.ai/industry/2026/09/28/2026-09-28-%EB%AC%B4%EC%8B%A0%EC%82%AC-%EC%9C%A0%EC%B6%9C-16%EB%A7%8C-%EA%B1%B4%EC%9D%B4-%EB%81%9D%EC%9D%B4-%EC%95%84%EB%8B%88%EC%97%88%EC%8A%B5%EB%8B%88%EB%8B%A4,alt-ok,1216,832,https://sedaily-mbti-cms-media-dev.s3.us-east-1.amazonaws.com/media/mustknow-auto/20095693-webtoon-cut001.png
https://ailens.sedaily.ai/markets/2026/09/28/2026-09-28-%EB%82%B4-SK%ED%95%98%EC%9D%B4%EB%8B%89%EC%8A%A4%EA%B0%80-4-62-%EB%B9%A0%EC%A7%84-%EB%82%A0-%EC%9C%84%EB%A1%9C-%EC%98%AC%EB%9D%BC%EA%B0%88%EC%88%98%EB%A1%9D-%EB%8D%94-%ED%81%AC%EA%B2%8C-%EB%B9%A0%EC%A1%8C%EC%8A%B5%EB%8B%88%EB%8B%A4,alt-ok,1216,832,https://sedaily-mbti-cms-media-dev.s3.us-east-1.amazonaws.com/media/mustknow-auto/20095613-webtoon-cut001.png
https://ailens.sedaily.ai/news/2026/09/28/2026-09-28-2023%EB%85%84-3%EC%9B%94-17%EC%9D%BC-%EB%8B%B9%EB%8C%80%ED%91%9C%EA%B0%80-%EB%90%9C-%EB%8B%A4%EC%9D%8C-%EB%82%A0-%EA%B0%80%EB%B0%A9-%ED%95%98%EB%82%98%EA%B0%80-%EA%B1%B4%EB%84%A4%EC%A1%8C%EC%8A%B5%EB%8B%88%EB%8B%A4,alt-ok,1216,832,https://sedaily-mbti-cms-media-dev.s3.us-east-1.amazonaws.com/media/mustknow-auto/20095565-webtoon-cut001.png
https://ailens.sedaily.ai/industry/2026/09/28/2026-09-28-2-3-%EB%A1%9C-%EB%B9%8C%EB%A0%A4%EC%84%9C-18-%EB%A1%9C-%EB%B9%8C%EB%A0%A4%EC%A4%AC%EC%8A%B5%EB%8B%88%EB%8B%A4,alt-ok,1216,832,https://sedaily-mbti-cms-media-dev.s3.us-east-1.amazonaws.com/media/mustknow-auto/20095524-webtoon-cut001.png
https://ailens.sedaily.ai/industry/2026/09/28/2026-09-28-%EC%82%BC%EC%84%B1%EB%94%94%EC%8A%A4%ED%94%8C%EB%A0%88%EC%9D%B4%EA%B0%80-%EC%B2%98%EC%9D%8C%EC%9C%BC%EB%A1%9C-LG-%EA%B3%84%EC%97%B4%EC%82%AC-%EC%B9%A9%EC%9D%84-%EB%B0%9B%EC%8A%B5%EB%8B%88%EB%8B%A4,alt-ok,1216,832,https://sedaily-mbti-cms-media-dev.s3.us-east-1.amazonaws.com/media/mustknow-auto/20012188-webtoon-cut001.png
https://ailens.sedaily.ai/industry/2026/09/28/2026-09-28-9%EC%9B%94%EC%97%90-%EA%B2%A8%EC%9A%B0-102-%EC%B0%8D%EC%97%88%EB%8A%94%EB%8D%B0-%ED%95%9C-%EB%8B%AC-%EB%A7%8C%EC%97%90-%EB%8B%A4%EC%8B%9C-98-6%EC%9E%85%EB%8B%88%EB%8B%A4,alt-ok,1216,832,https://sedaily-mbti-cms-media-dev.s3.us-east-1.amazonaws.com/media/mustknow-auto/20095580-webtoon-cut001.png
https://ailens.sedaily.ai/markets/2026/09/28/2026-09-28-15%EB%85%84-%EC%A0%84%EC%97%90-%EC%8B%9C%EC%9E%91%ED%95%9C-%EC%B9%A0%EB%9F%AC-%EC%82%AC%EC%97%85-%EC%97%94%EB%B9%84%EB%94%94%EC%95%84-%EB%AA%A9%EB%A1%9D%EC%97%90-%EC%9D%B4%EB%A6%84%EC%9D%B4-%EC%98%A4%EB%A5%B4%EB%8B%A4,alt-ok,1216,832,https://sedaily-mbti-cms-media-dev.s3.us-east-1.amazonaws.com/media/mustknow-auto/20095345-webtoon-cut001.png
https://ailens.sedaily.ai/markets/2026/09/28/2026-09-28-1866%EC%A1%B0-%EC%9B%90%EC%9D%B4-%EB%90%9C-%EA%B5%AD%EB%AF%BC%EC%97%B0%EA%B8%88-%EB%82%B4%EB%85%84%EB%B6%80%ED%84%B0%EB%8A%94-AI%EA%B0%80-%EB%8C%80%EC%8B%A0-%EB%B4%85%EB%8B%88%EB%8B%A4,alt-ok,1216,832,https://sedaily-mbti-cms-media-dev.s3.us-east-1.amazonaws.com/media/mustknow-auto/20095575-webtoon-cut001.png
https://ailens.sedaily.ai/markets/2026/09/28/2026-09-28-%EC%98%81%ED%92%8D-MBK%EA%B0%80-%EB%8B%A4%EC%8B%9C-%EC%B5%9C%EC%9C%A4%EB%B2%94-%ED%9A%8C%EC%9E%A5-%ED%87%B4%EC%A7%84%EC%9D%84-%EC%9A%94%EA%B5%AC%ED%95%9C-%EA%B7%BC%EA%B1%B0-%EC%B0%A8%EC%9E%85%EA%B8%88-3-876%EC%96%B5%EC%97%90%EC%84%9C-3%EC%A1%B0-9-966%EC%96%B5,alt-ok,1216,832,https://sedaily-mbti-cms-media-dev.s3.us-east-1.amazonaws.com/media/mustknow-auto/20095473-webtoon-cut001.png
https://ailens.sedaily.ai/industry/2026/09/28/2026-09-28-%EB%8C%80%EC%9B%85%EC%A0%9C%EC%95%BD-%EC%95%8C%EC%95%BD-%EC%84%A4%EA%B3%84%EB%A5%BC-AI%EC%97%90-%EB%A7%A1%EA%B8%B0%EA%B2%A0%EB%8B%A4%EA%B3%A0-%EC%84%A0%EC%96%B8%ED%95%9C-%EB%82%A0,alt-ok,1216,832,https://sedaily-mbti-cms-media-dev.s3.us-east-1.amazonaws.com/media/mustknow-auto/20095383-webtoon-cut001.png
https://ailens.sedaily.ai/international/2026/09/28/2026-09-28-%EA%B0%A4%EB%9F%B0%EB%8B%B9-50%EB%A7%88%EC%9D%BC%EC%9D%B4-34-5%EB%A7%88%EC%9D%BC%EB%A1%9C-%EB%AF%B8%EA%B5%AD%EC%9D%B4-%EC%97%B0%EB%B9%84-%EA%B8%B0%EC%A4%80%EC%9D%84-%EB%90%98%EB%8F%8C%EB%A6%BD%EB%8B%88%EB%8B%A4,no-alt,,,
https://ailens.sedaily.ai/news/2026/09/28/2026-09-28-4%EB%85%84-3%EA%B0%9C%EC%9B%94%EA%B0%84-463%EB%AA%85-%EA%B7%B8%EC%A4%91-362%EB%AA%85%EC%9D%B4-%EA%B0%99%EC%9D%80-%ED%81%AC%EA%B8%B0%EC%9D%98-%EC%9D%BC%ED%84%B0%EC%97%90%EC%84%9C-%EC%9D%BC%ED%96%88%EC%8A%B5%EB%8B%88%EB%8B%A4,alt-ok,1216,832,https://sedaily-mbti-cms-media-dev.s3.us-east-1.amazonaws.com/media/mustknow-auto/20095171-webtoon-cut001.png
https://ailens.sedaily.ai/industry/2026/09/28/2026-09-28-GPU-%EB%A8%BC%EC%A0%80-%EB%A7%8C%EB%93%A4%EA%B3%A0-%EB%A9%94%EB%AA%A8%EB%A6%AC-%EB%81%BC%EC%9A%B0%EB%8D%98-%EC%8B%9C%EC%A0%88%EC%9D%B4-%EB%81%9D%EB%82%AC%EC%8A%B5%EB%8B%88%EB%8B%A4,alt-ok,1216,832,https://sedaily-mbti-cms-media-dev.s3.us-east-1.amazonaws.com/media/mustknow-auto/20095274-webtoon-cut001.png
https://ailens.sedaily.ai/markets/2026/09/28/2026-09-28-%ED%94%BC-%ED%95%9C-%EB%B2%88-%EB%BD%91%EC%95%84%EC%84%9C-%EC%97%AC%EB%9F%AC-%EC%95%94%EC%9D%84-%ED%95%9C%EA%BA%BC%EB%B2%88%EC%97%90-%EC%B0%BE%EB%8A%94-%EA%B2%80%EC%82%AC-%EB%AF%B8%EA%B5%AD%EC%97%90%EC%84%9C-%EC%B2%AB-%EA%B4%80%EB%AC%B8%EC%9D%84-%EB%84%98%EB%8B%A4,alt-ok,1216,832,https://sedaily-mbti-cms-media-dev.s3.us-east-1.amazonaws.com/media/mustknow-auto/20095177-webtoon-cut001.png
https://ailens.sedaily.ai/markets/2026/09/28/2026-09-28-%EC%B6%94%EC%84%9D-%EC%97%B0%ED%9C%B4-3%EA%B1%B0%EB%9E%98%EC%9D%BC%EB%A7%8C-%EC%97%B4%EB%A0%B8%EB%8A%94%EB%8D%B0-%EC%BD%94%EC%8A%A4%ED%94%BC%EB%8A%94-7000%EC%84%A0%EC%9D%84-%EB%90%98%EC%B0%BE%EC%95%98%EC%8A%B5%EB%8B%88%EB%8B%A4,alt-ok,1216,832,https://sedaily-mbti-cms-media-dev.s3.us-east-1.amazonaws.com/media/mustknow-auto/20095158-webtoon-cut001.png
https://ailens.sedaily.ai/markets/2026/09/28/2026-09-28-%EA%B0%99%EC%9D%80-%ED%99%94%EB%A9%B4%EC%9D%84-%EB%B3%B4%EB%A9%B4%EC%84%9C-%EC%99%B8%EA%B5%AD%EC%9D%B8%EC%9D%80-2%EB%B0%B0%EB%A1%9C-%EC%98%A4%EB%A5%B4%EB%8A%94-%EC%AA%BD-%EA%B0%9C%EC%9D%B8%EC%9D%80-2%EB%B0%B0%EB%A1%9C-%EB%82%B4%EB%A6%AC%EB%8A%94-%EC%AA%BD%EC%9D%84-%EB%8B%B4%EC%95%98%EC%8A%B5%EB%8B%88%EB%8B%A4,alt-ok,1216,832,https://sedaily-mbti-cms-media-dev.s3.us-east-1.amazonaws.com/media/mustknow-auto/20095331-webtoon-cut001.png
https://ailens.sedaily.ai/markets/2026/09/28/2026-09-28-%EB%8B%A4%EC%9D%8C-%EB%8B%AC-%EC%A4%91%EC%88%9C-%EC%BD%94%EC%8A%A4%EB%8B%A5%EC%97%90%EC%84%9C-50%EA%B0%9C%EC%82%AC%EA%B0%80-%EC%82%AC%EB%9D%BC%EC%A7%88-%EC%88%98-%EC%9E%88%EC%8A%B5%EB%8B%88%EB%8B%A4,alt-ok,1216,832,https://sedaily-mbti-cms-media-dev.s3.us-east-1.amazonaws.com/media/mustknow-auto/20095159-webtoon-cut001.png
https://ailens.sedaily.ai/markets/2026/09/28/2026-09-27-%EA%B5%AD%EB%AF%BC%EC%97%B0%EA%B8%88-%EB%8F%88-15%EC%A1%B0%EB%A5%BC-%EA%B5%B4%EB%A6%AC%EB%8A%94-%ED%9A%8C%EC%82%AC%EC%97%90%EC%84%9C-%EC%84%A0%ED%96%89%EB%A7%A4%EB%A7%A4-%EC%9D%98%ED%98%B9%EC%9D%B4-%EB%82%98%EC%99%94%EC%8A%B5%EB%8B%88%EB%8B%A4,alt-ok,1216,832,https://sedaily-mbti-cms-media-dev.s3.us-east-1.amazonaws.com/media/mustknow-auto/20095247-webtoon-cut001.png
https://ailens.sedaily.ai/news/2026/09/27/2026-09-27-%ED%8C%8C%ED%8E%B8-%ED%95%98%EB%82%98%EB%8F%84-%EB%AA%BB-%EA%B0%80%EC%A0%B8%EC%99%94%EC%8A%B5%EB%8B%88%EB%8B%A4,alt-ok,1216,832,https://sedaily-mbti-cms-media-dev.s3.us-east-1.amazonaws.com/media/mustknow-auto/20095320-webtoon-cut001.png
https://ailens.sedaily.ai/property/2026/09/27/2026-09-27-%EB%B8%8C%EB%A6%AC%EC%A7%80%EB%A1%A0%EB%B6%80%ED%84%B0-%EB%A7%89%ED%98%94%EB%8B%A4%EB%8A%94%EB%8D%B0-%EC%A7%80%EB%B0%A9-%EC%95%84%ED%8C%8C%ED%8A%B8%EB%8A%94-%EB%88%84%EA%B0%80-%EC%A7%93%EB%82%98%EC%9A%94,no-alt,,,
https://ailens.sedaily.ai/finance/2026/09/27/2026-09-27-1%EB%85%84-%EC%82%AC%EC%9D%B4-%EC%84%B8%EC%9E%85-%EC%A0%84%EB%A7%9D%EC%9D%B4-90%EC%A1%B0-%EC%9B%90-%EB%B6%88%EC%96%B4%EB%82%AC%EC%8A%B5%EB%8B%88%EB%8B%A4,no-alt,,,
https://ailens.sedaily.ai/markets/2026/09/27/2026-09-27-%EC%83%88%EB%B2%BD-5%EC%8B%9C%EC%97%90-%EC%9B%90%ED%99%94%EB%A5%BC-%EB%B9%8C%EB%A0%A4%EC%95%BC-%ED%95%9C%EA%B5%AD-%EC%A3%BC%EC%8B%9D%EC%9D%84-%EC%82%B4-%EC%88%98-%EC%9E%88%EC%97%88%EC%8A%B5%EB%8B%88%EB%8B%A4,no-alt,,,
https://ailens.sedaily.ai/news/2026/09/27/2026-09-27-2-168%EA%B1%B4%EC%9D%B4-%EB%8B%A4%EC%9D%8C-%EC%A3%BC%EC%97%90-%EC%A3%BC%EC%9D%B8%EC%9D%84-%EB%B0%94%EA%BF%89%EB%8B%88%EB%8B%A4,no-alt,,,
https://ailens.sedaily.ai/news/2026/09/27/2026-09-27-%EC%A7%80%EB%A2%B0-%ED%84%B0%EC%A7%84-%EC%9E%90%EB%A6%AC%EC%97%90-6%EC%9D%BC%EC%A7%B8-%EC%95%84%EB%AC%B4%EB%8F%84-%EB%93%A4%EC%96%B4%EA%B0%80%EC%A7%80-%EB%AA%BB%ED%96%88%EC%8A%B5%EB%8B%88%EB%8B%A4,no-alt,,,
https://ailens.sedaily.ai/industry/2026/09/26/2026-09-26-%EC%84%B8-%EC%B0%A8%EB%A1%80-%EC%99%84%ED%8C%90%EC%97%90-%EB%AC%BC%EB%9F%89-180-%EC%A6%9D%EA%B0%80-%ED%95%9C%EA%B5%AD-%EC%B7%A8%ED%96%A5%EC%9D%B4-%EB%B3%B8%EC%82%AC-%EA%B8%B0%ED%9A%8D%EC%9D%84-%EB%B0%94%EA%BF%89%EB%8B%88%EB%8B%A4,no-alt,,,
https://ailens.sedaily.ai/industry/2026/09/26/2026-09-26-%EC%8A%A4%ED%86%A4%EB%B8%8C%EB%A6%BF%EC%A7%80%EB%B2%A4%EC%B2%98%EC%8A%A4-%EC%83%88-%EA%B3%A0%EB%AC%B8-30%EB%85%84%EA%B0%84-%EA%B3%B5%EB%AC%B4%EC%9B%90-%EC%9D%B8%EC%82%AC%EB%A7%8C-%EB%8B%A4%EB%A4%98%EC%8A%B5%EB%8B%88%EB%8B%A4,no-alt,,,
https://ailens.sedaily.ai/news/2026/09/26/2026-09-26-%EC%9B%94-100%EB%A7%8C-%EC%9B%90%EB%8F%84-%EB%AA%BB-%EB%B2%84%EB%8A%94-%EC%82%AC%EC%97%85%EC%9E%A5%EC%9D%B4-837%EB%A7%8C-%EA%B0%9C%EB%9D%BC%EA%B3%A0,no-alt,,,
https://ailens.sedaily.ai/industry/2026/09/26/2026-09-26-%EC%B0%A9%EA%B3%B5%EC%9D%80-%EB%B0%98%ED%86%A0%EB%A7%89%EC%9D%B8%EB%8D%B0-%ED%99%98%ED%92%8D%EA%B8%B0-%ED%9A%8C%EC%82%AC-%EB%A7%A4%EC%B6%9C-%EC%A0%88%EB%B0%98%EC%9D%80-%EC%86%8C%EB%B9%84%EC%9E%90%EC%97%90%EA%B2%8C%EC%84%9C-%EB%82%98%EC%98%A4%EA%B1%B0%EB%93%A0%EC%9A%94,no-alt,,,
https://ailens.sedaily.ai/industry/2026/09/26/2026-09-26-%EC%84%B1%EC%88%98-%EA%B3%B5%EC%8B%A4%EB%A5%A0-4-5-%EA%B0%80-%EC%98%AC%EB%9E%90%EB%8A%94%EB%8D%B0-%EC%9D%B4%EA%B1%B8-%EC%B9%A8%EC%B2%B4%EB%A1%9C-%EC%95%88-%EB%B3%B4%EB%8A%94-%EC%9D%B4%EC%9C%A0,alt-ok,1216,832,https://sedaily-mbti-cms-media-dev.s3.us-east-1.amazonaws.com/media/mustknow-auto/20094756-webtoon-cut001.png
https://ailens.sedaily.ai/industry/2026/09/26/2026-09-26-%EC%82%BC%EC%84%B1-DS%EB%B6%80%EB%AC%B8-%EC%A0%84-%EC%82%AC%EC%97%85%EC%9E%A5%EC%97%90-200%EB%A7%8C-%EC%9B%90%EC%A7%9C%EB%A6%AC-%EC%9D%98%EC%9E%90%EA%B0%80-%EB%93%A4%EC%96%B4%EC%98%B5%EB%8B%88%EB%8B%A4,alt-ok,1216,832,https://sedaily-mbti-cms-media-dev.s3.us-east-1.amazonaws.com/media/mustknow-auto/20094603-webtoon-cut001.png
https://ailens.sedaily.ai/markets/2026/09/26/2026-09-26-%EA%B0%9C%EC%9D%B8%EC%9D%B4-10%EC%A1%B0-%EC%9B%90%EC%9D%84-%ED%8C%8C%EB%8A%94-%EB%8F%99%EC%95%88-%EA%B8%B0%EA%B4%80%EC%9D%80-%EC%82%BC%EC%84%B1%EC%A0%84%EC%9E%90%EB%A7%8C-2%EC%A1%B0-7000%EC%96%B5-%EC%9B%90%EC%96%B4%EC%B9%98-%EB%8B%B4%EC%95%98%EC%8A%B5%EB%8B%88%EB%8B%A4,alt-ok,1216,832,https://sedaily-mbti-cms-media-dev.s3.us-east-1.amazonaws.com/media/mustknow-auto/20094876-webtoon-cut001.png
https://ailens.sedaily.ai/international/2026/09/26/2026-09-26-%EC%98%A4%ED%94%88AI%EA%B0%80-%EC%A0%95%EB%B6%80-%EB%8C%80%ED%95%99-%EC%88%98%EC%8B%AD-%EA%B3%B3%EC%97%90-%EC%9A%B0%EB%A6%AC-AI%EA%B0%80-%EA%B1%B4%EB%93%9C%EB%A0%B8%EC%9D%84-%EC%88%98-%EC%9E%88%EB%8B%A4-%EA%B3%A0-%EC%95%8C%EB%A0%B8%EC%8A%B5%EB%8B%88%EB%8B%A4,alt-ok,1216,832,https://sedaily-mbti-cms-media-dev.s3.us-east-1.amazonaws.com/media/mustknow-auto/20095039-webtoon-cut001.png
https://ailens.sedaily.ai/industry/2026/09/26/2026-09-26-%EA%B0%A4%EB%9F%AD%EC%8B%9C-S27-4%EC%A2%85%EC%9C%BC%EB%A1%9C-%EB%8A%98%EC%96%B4%EB%82%A9%EB%8B%88%EB%8B%A4-%EC%9A%B8%ED%8A%B8%EB%9D%BC-%EC%9C%84%EA%B0%80-%EC%95%84%EB%8B%88%EB%9D%BC-%EC%98%86%EC%97%90-%ED%95%98%EB%82%98,alt-ok,1216,832,https://sedaily-mbti-cms-media-dev.s3.us-east-1.amazonaws.com/media/mustknow-auto/20094915-webtoon-cut001.png
https://ailens.sedaily.ai/markets/2026/09/26/2026-09-26-%EA%B0%99%EC%9D%80-%EC%82%BC%EC%84%B1%EC%A0%84%EC%9E%90%EB%A5%BC-%EB%91%90%EA%B3%A0-27%EB%A7%8C-%EC%9B%90%EA%B3%BC-65%EB%A7%8C-%EC%9B%90-%EB%91%90-%EB%B0%B0-%EB%84%98%EA%B2%8C-%EB%B2%8C%EC%96%B4%EC%A1%8C%EB%8B%A4%EA%B3%A0,alt-ok,1216,832,https://sedaily-mbti-cms-media-dev.s3.us-east-1.amazonaws.com/media/mustknow-auto/20094873-webtoon-cut001.png
https://ailens.sedaily.ai/markets/2026/09/25/2026-09-25-20%EB%B6%84%EA%B8%B0-%EC%97%B0%EC%86%8D-%EC%A0%81%EC%9E%90%EC%98%80%EB%8D%98-%EB%82%A8%EC%96%91%EC%9C%A0%EC%97%85-%EC%A7%81%EC%9B%90-%EC%A0%84%EC%9B%90%EC%9D%B4-%EC%9E%90%EC%82%AC%EC%A3%BC-6%EC%A3%BC%EB%A5%BC-%EB%B0%9B%EC%95%98%EC%8A%B5%EB%8B%88%EB%8B%A4,alt-ok,1216,832,https://sedaily-mbti-cms-media-dev.s3.us-east-1.amazonaws.com/media/mustknow-auto/20094813-webtoon-cut001.png
https://ailens.sedaily.ai/industry/2026/09/25/2026-09-25-AWS-%EC%83%88-%EB%8F%84%EA%B5%AC-%EC%BD%94%EB%93%9C-%ED%95%9C-%EC%A4%84%EC%97%90-%EC%B2%98%EB%A6%AC-%EB%B9%84%EC%9A%A9%EC%9D%B4-28-%EC%A4%84%EC%97%88%EB%8B%A4%EA%B3%A0,alt-ok,1216,832,https://sedaily-mbti-cms-media-dev.s3.us-east-1.amazonaws.com/media/mustknow-auto/20094758-webtoon-cut001.png
https://ailens.sedaily.ai/industry/2026/09/25/2026-09-25-%EC%BD%94%EB%93%9C-%ED%95%9C-%EC%A4%84%EB%A1%9C-AI-%EC%97%90%EC%9D%B4%EC%A0%84%ED%8A%B8%EB%A5%BC-%EC%BC%B0%EB%8D%94%EB%8B%88-%EC%B2%98%EB%A6%AC-%EB%B9%84%EC%9A%A9%EC%9D%B4-%ED%8F%89%EA%B7%A0-28-%EC%A4%84%EC%97%88%EB%84%A4%EC%9A%94,no-alt,,,
https://ailens.sedaily.ai/markets/2026/09/25/2026-09-25-%EA%B3%A8%EB%93%9C%EB%A7%8C%EC%82%AD%EC%8A%A4-%EB%91%90-%EB%8B%AC-%EB%A7%8C%EC%97%90-165%EC%97%94%EC%9D%84-150%EC%97%94%EC%9C%BC%EB%A1%9C-%EB%92%A4%EC%A7%91%EC%97%88%EB%84%A4%EC%9A%94,alt-ok,1216,832,https://sedaily-mbti-cms-media-dev.s3.us-east-1.amazonaws.com/media/mustknow-auto/20094956-webtoon-cut001.png
https://ailens.sedaily.ai/markets/2026/09/25/2026-09-25-%EA%B3%B5%EB%8F%99%EC%97%B0%EA%B5%AC%EB%8A%94-5%EA%B0%9C-%ED%8A%B9%ED%97%88-%EC%82%AC%EC%9A%A9%EA%B6%8C%EC%9D%80-3%EA%B0%9C-%EC%9D%B8%ED%88%AC%EC%85%80%EC%97%90-%EB%82%A8%EC%9D%80-%EB%91%90-%EC%9E%90%EB%A6%AC,alt-ok,1216,832,https://sedaily-mbti-cms-media-dev.s3.us-east-1.amazonaws.com/media/mustknow-auto/20094946-webtoon-cut001.png
https://ailens.sedaily.ai/industry/2026/09/25/2026-09-25-%EB%8B%A4%EC%8B%9C%EB%8A%94-%ED%83%80%EB%8B%A4-%EA%B0%99%EC%9D%80-%EC%9D%BC-%EC%97%86%EB%8F%84%EB%A1%9D-41%EC%84%B8-%EC%9E%A5%EA%B4%80%EC%9D%B4-%EC%9E%84%EA%B8%B0%EB%A5%BC-%EC%8B%9C%EC%9E%91%ED%96%88%EC%8A%B5%EB%8B%88%EB%8B%A4,alt-ok,1216,832,https://sedaily-mbti-cms-media-dev.s3.us-east-1.amazonaws.com/media/mustknow-auto/20094784-webtoon-cut001.png
https://ailens.sedaily.ai/markets/2026/09/25/2026-09-25-30%EB%85%84%EB%AC%BC-%EA%B8%88%EB%A6%AC%EA%B0%80-5-50-2004%EB%85%84-6%EC%9B%94-%EC%9D%B4%ED%9B%84-%EC%B5%9C%EA%B3%A0%EC%9D%B8%EB%8D%B0-%EC%A7%80%EC%88%98%EB%8A%94-%EC%A0%9C%EC%9E%90%EB%A6%AC%EC%98%80%EC%8A%B5%EB%8B%88%EB%8B%A4,alt-ok,1216,832,https://sedaily-mbti-cms-media-dev.s3.us-east-1.amazonaws.com/media/mustknow-auto/20094917-webtoon-cut001.png
https://ailens.sedaily.ai/industry/2026/09/25/2026-09-25-%EC%84%B8%EA%B3%84-D%EB%9E%A8-3%EA%B0%9C-%EC%A4%91-2%EA%B0%9C%EA%B0%80-%ED%95%9C%EA%B5%AD%EC%82%B0%EC%9D%B8%EB%8D%B0-2028%EB%85%84%EC%9D%B4-%EA%B3%A0%EB%B9%84%EB%9D%BC%EA%B3%A0,alt-ok,1216,832,https://sedaily-mbti-cms-media-dev.s3.us-east-1.amazonaws.com/media/mustknow-auto/20094609-webtoon-cut001.png
https://ailens.sedaily.ai/international/2026/09/24/2026-09-24-%EA%B5%AD%EC%B1%84%EA%B8%88%EB%A6%AC-5-15-2007%EB%85%84-%EC%9D%B4%ED%9B%84-%EC%B2%98%EC%9D%8C-%EB%B3%B4%EB%8A%94-%EC%88%AB%EC%9E%90%EC%9E%85%EB%8B%88%EB%8B%A4,alt-ok,1216,832,https://sedaily-mbti-cms-media-dev.s3.us-east-1.amazonaws.com/media/mustknow-auto/20094884-webtoon-cut001.png
https://ailens.sedaily.ai/industry/2026/09/24/2026-09-24-%EC%9E%AC%EB%B0%8D%EC%97%90%EB%8F%84-%EC%82%B4%EC%95%84%EB%82%A8%EB%8A%94-%EB%AC%B4%EC%9D%B8%EA%B8%B0%EC%97%90-130%EC%96%B5-%EA%B0%99%EC%9D%80-%EB%82%A0-%EB%94%A5%ED%85%8C%ED%81%AC-%EC%84%B8-%EA%B3%B3%EC%9D%B4-%EB%8F%88%EC%9D%84-%EB%B0%9B%EC%95%98%EA%B1%B0%EB%93%A0%EC%9A%94,alt-ok,1216,832,https://sedaily-mbti-cms-media-dev.s3.us-east-1.amazonaws.com/media/mustknow-auto/20094726-webtoon-cut001.png
https://ailens.sedaily.ai/industry/2026/09/24/2026-09-24-%ED%95%98%EB%A3%A8-300%EB%A7%8C-%EA%B0%9C-%EA%B2%A9%EB%A6%AC-%EA%B3%B5%EA%B0%84%EC%9D%84-%EB%A7%8C%EB%93%A0-%EB%94%A5%EC%8B%9C%ED%81%AC%EA%B0%80-%EC%9E%90%EA%B8%B0-AI%EB%A5%BC-%EB%AA%BB-%EB%AF%BF%EA%B2%A0%EB%8B%A4%EA%B3%A0-%ED%95%A9%EB%8B%88%EB%8B%A4,alt-ok,1216,832,https://sedaily-mbti-cms-media-dev.s3.us-east-1.amazonaws.com/media/mustknow-auto/20094860-webtoon-cut001.png
https://ailens.sedaily.ai/markets/2026/09/24/2026-09-24-SOXL-%ED%95%9C-%EC%A2%85%EB%AA%A9%EC%97%90-76%EC%A1%B0-%EC%9B%90-%EB%AF%B8%EA%B5%AD-%EC%9A%B4%EC%9A%A9%EC%82%AC-%EA%B2%BD%EC%98%81%EC%A7%84%EC%9D%B4-%EC%A4%84%EC%A4%84%EC%9D%B4-%EC%84%9C%EC%9A%B8%EB%A1%9C-%EC%98%A4%EB%8A%94-%EC%9D%B4%EC%9C%A0,alt-ok,1216,832,https://sedaily-mbti-cms-media-dev.s3.us-east-1.amazonaws.com/media/mustknow-auto/20094845-webtoon-cut001.png
https://ailens.sedaily.ai/industry/2026/09/24/2026-09-24-%EC%84%A4%EB%B9%84-%ED%95%9C-%EB%B2%88-%EB%A9%88%EC%B6%94%EB%A9%B4-%EC%8B%9C%EA%B0%84%EB%8B%B9-2%EC%96%B5-3-150%EB%A7%8C-%EC%9B%90%EC%9D%B4-%EC%83%88%EC%96%B4-%EB%82%98%EA%B0%80%EA%B1%B0%EB%93%A0%EC%9A%94,alt-ok,1216,832,https://sedaily-mbti-cms-media-dev.s3.us-east-1.amazonaws.com/media/mustknow-auto/20094130-webtoon-cut001.png
https://ailens.sedaily.ai/industry/2026/09/24/2026-09-24-%EC%A3%A0%EC%8A%A4%EB%B0%94%EA%B0%80-%EC%A0%84%EA%B5%AD%EC%97%90%EC%84%9C-15-%EB%8D%94-%ED%8C%94%EB%A6%B0-%EC%9D%B4%EC%9C%A0-%EB%B6%80%EC%82%B0-%EB%B6%81%ED%95%AD%EC%97%90-%EC%9E%88%EC%8A%B5%EB%8B%88%EB%8B%A4,alt-ok,1216,832,https://sedaily-mbti-cms-media-dev.s3.us-east-1.amazonaws.com/media/mustknow-auto/20094734-webtoon-cut001.png
https://ailens.sedaily.ai/markets/2026/09/24/2026-09-24-%EB%AA%85%EC%A0%88-%EC%A0%84%EC%97%94-%ED%8C%94%EB%9D%BC%EB%8D%94%EB%8B%88-%EC%97%B0%ED%9C%B4-%EB%92%A4-21%EB%B2%88-%EC%A4%91-12%EB%B2%88%EC%9D%80-%EC%98%AC%EB%9E%90%EB%8B%A4%EA%B3%A0,alt-ok,1216,832,https://sedaily-mbti-cms-media-dev.s3.us-east-1.amazonaws.com/media/mustknow-auto/20094718-webtoon-cut001.png
https://ailens.sedaily.ai/news/2026/09/24/2026-09-24-%EB%B6%81%ED%95%9C%EA%B5%B0-%ED%8F%AC%EB%A1%9C-2%EB%AA%85%EC%9D%B4-%ED%95%9C%EA%B5%AD%EC%97%90-%EC%99%94%EB%8B%A4%EB%8A%94-%EB%A7%90-%EC%84%9C%EC%9A%B8%EC%9D%B4-%EC%95%84%EB%8B%88%EB%9D%BC-%EB%89%B4%EC%9A%95%EC%97%90%EC%84%9C-%EB%82%98%EC%99%94%EC%8A%B5%EB%8B%88%EB%8B%A4,alt-ok,1216,832,https://sedaily-mbti-cms-media-dev.s3.us-east-1.amazonaws.com/media/mustknow-auto/20094821-webtoon-cut001.png
https://ailens.sedaily.ai/international/2026/09/24/2026-09-24-6%EC%9B%94%EC%97%90-%EB%9A%AB%EB%A0%B8%EB%8A%94%EB%8D%B0-%ED%98%B8%EC%A3%BC-%EC%A0%95%EB%B6%80%EB%8A%94-9%EC%9B%94-10%EC%9D%BC%EC%97%90-%ED%86%B5%EB%B3%B4%EB%B0%9B%EC%95%98%EC%8A%B5%EB%8B%88%EB%8B%A4,alt-ok,1216,832,https://sedaily-mbti-cms-media-dev.s3.us-east-1.amazonaws.com/media/mustknow-auto/20094815-webtoon-cut001.png
https://ailens.sedaily.ai/international/2026/09/24/2026-09-24-%EC%9B%90%EC%9C%A0-10%EB%B0%B0%EB%9F%B4-%EC%A4%91-7%EB%B0%B0%EB%9F%B4%EC%9D%B4-%EC%A4%91%EB%8F%99%EC%82%B0-2035%EB%85%84%EC%97%94-%EC%A0%88%EB%B0%98%EC%9C%BC%EB%A1%9C-%EC%A4%84%EC%9D%B8%EB%8B%A4%EA%B3%A0,alt-ok,1216,832,https://sedaily-mbti-cms-media-dev.s3.us-east-1.amazonaws.com/media/mustknow-auto/20094769-webtoon-cut001.png
https://ailens.sedaily.ai/industry/2026/09/24/2026-09-24-%EC%82%AC%EC%9A%B0%EB%94%94-%EC%B2%AB-%EC%9E%90%EB%8F%99%EC%B0%A8-%EC%8B%9C%EC%86%8D-100km%EA%B9%8C%EC%A7%80-2-1%EC%B4%88-%EA%B1%B8%EB%A6%BD%EB%8B%88%EB%8B%A4,alt-ok,1216,832,https://sedaily-mbti-cms-media-dev.s3.us-east-1.amazonaws.com/media/mustknow-auto/20094651-webtoon-cut001.png
https://ailens.sedaily.ai/markets/2026/09/24/2026-09-24-%EC%BD%94%EC%8A%A4%ED%94%BC-%EC%97%B0%ED%9C%B4-%EC%A0%84%EC%97%94-0-05-%EC%9D%B8%EB%8D%B0-%EC%97%B0%ED%9C%B4-%EB%92%A4%EC%97%94-1-34-%EC%98%80%EB%8B%A4%EB%8B%88%EC%9A%94,alt-ok,1216,832,https://sedaily-mbti-cms-media-dev.s3.us-east-1.amazonaws.com/media/mustknow-auto/20094794-webtoon-cut001.png
https://ailens.sedaily.ai/markets/2026/09/24/2026-09-24-%EA%B5%AD%EB%82%B4%EC%97%94-%EB%A7%A4%EC%9E%A5-%ED%95%98%EB%82%98-%EC%97%86%EB%8A%94-%EC%B9%98%ED%82%A8-%EB%B8%8C%EB%9E%9C%EB%93%9C%EA%B0%80-3-000%EC%96%B5%EC%97%90-%ED%8C%94%EB%A0%B8%EB%8B%A4%EA%B3%A0,alt-ok,1216,832,https://sedaily-mbti-cms-media-dev.s3.us-east-1.amazonaws.com/media/mustknow-auto/20094721-webtoon-cut001.png
https://ailens.sedaily.ai/news/2026/09/24/2026-09-24-%EC%98%AC%ED%95%B4-14%EB%B2%88%EC%A7%B8-%EB%AF%B8%EC%82%AC%EC%9D%BC-%EC%95%9E%EC%97%90%EC%84%9C-30%EB%B6%84-%ED%9A%8C%EB%8B%B4%EC%9D%B4-%ED%95%B5%EC%9E%A0-%EC%97%B0%EB%A3%8C%EB%A5%BC-%EA%BA%BC%EB%83%88%EC%8A%B5%EB%8B%88%EB%8B%A4,alt-ok,1216,832,https://sedaily-mbti-cms-media-dev.s3.us-east-1.amazonaws.com/media/mustknow-auto/20094668-webtoon-cut001.png
https://ailens.sedaily.ai/industry/2026/09/24/2026-09-24-%EC%82%BC%EC%A7%84%EC%A0%9C%EC%95%BD%EC%9D%B4-7%EC%9B%94-%EA%B3%B5%EA%B3%A0%EB%A5%BC-%EB%91%90-%EB%8B%AC-%EB%92%A4-%EB%8B%A4%EC%8B%9C-%EB%82%B8-%EC%9D%B4%EC%9C%A0,alt-ok,1216,832,https://sedaily-mbti-cms-media-dev.s3.us-east-1.amazonaws.com/media/mustknow-auto/20094587-webtoon-cut001.png
https://ailens.sedaily.ai/industry/2026/09/24/2026-09-24-%EC%B6%94%EC%84%9D%EC%97%90-%EC%9D%B4%EC%9E%AC%EC%9A%A9-%EC%B5%9C%ED%83%9C%EC%9B%90%EC%9D%80-%EB%89%B4%EC%9A%95-%EA%B5%AC%EA%B4%91%EB%AA%A8-%EA%B5%AC%EC%9E%90%EC%9D%80%EC%9D%80-%EB%A9%95%EC%8B%9C%EC%BD%94%EC%97%90-%EC%9E%88%EC%8A%B5%EB%8B%88%EB%8B%A4,alt-ok,1216,832,https://sedaily-mbti-cms-media-dev.s3.us-east-1.amazonaws.com/media/mustknow-auto/20094773-webtoon-cut001.png
https://ailens.sedaily.ai/industry/2026/09/24/2026-09-24-%EB%B0%A4%EC%83%98-%ED%98%91%EC%83%81-%EB%81%9D%EC%97%90-%EB%82%98%EC%98%A8-5-2-%EC%A1%B0%EC%84%A0-%EB%B9%853-%EC%A4%91-%EC%B2%98%EC%9D%8C%EC%9E%85%EB%8B%88%EB%8B%A4,alt-ok,1216,832,https://sedaily-mbti-cms-media-dev.s3.us-east-1.amazonaws.com/media/mustknow-auto/20094751-webtoon-cut001.png
https://ailens.sedaily.ai/industry/2026/09/24/2026-09-23-9%EC%9B%94-28%EC%9D%BC-%EB%89%B4%EC%9A%95-%EC%9D%B4%EC%9E%AC%EC%9A%A9-%EC%B5%9C%ED%83%9C%EC%9B%90%EC%9D%B4-%EC%A0%A0%EC%8A%A8-%ED%99%A9-%EC%98%86%EC%97%90-%EC%95%89%EC%8A%B5%EB%8B%88%EB%8B%A4,alt-ok,1216,832,https://sedaily-mbti-cms-media-dev.s3.us-east-1.amazonaws.com/media/mustknow-auto/20094595-webtoon-cut001.png
https://ailens.sedaily.ai/markets/2026/09/23/2026-09-23-%EA%B5%AD%EC%B1%84%EA%B8%88%EB%A6%AC%EA%B0%80-3-97-%EC%97%90%EC%84%9C-4-99-%EB%A1%9C-%EC%98%AC%EB%9E%90%EB%8A%94%EB%8D%B0-%EB%82%98%EC%8A%A4%EB%8B%A5%EC%9D%80-14-%EC%98%AC%EB%9E%90%EB%8B%A4%EA%B3%A0,alt-ok,1216,832,https://sedaily-mbti-cms-media-dev.s3.us-east-1.amazonaws.com/media/mustknow-auto/20094636-webtoon-cut001.png
https://ailens.sedaily.ai/markets/2026/09/23/2026-09-23-%EC%82%BC%EC%84%B1%EC%A0%84%EC%9E%90-%EB%B3%B4%ED%86%B5%EC%A3%BC%EB%8A%94-%EC%84%9D-%EB%8B%AC%EA%B0%84-19-52-%EB%B9%A0%EC%A1%8C%EB%8A%94%EB%8D%B0-%EC%9A%B0%EC%84%A0%EC%A3%BC%EB%8A%94-2-01-%EB%A7%8C-%EB%82%B4%EB%A0%B8%EB%8B%A4%EA%B3%A0,alt-ok,1216,832,https://sedaily-mbti-cms-media-dev.s3.us-east-1.amazonaws.com/media/mustknow-auto/20094645-webtoon-cut001.png
https://ailens.sedaily.ai/industry/2026/09/23/2026-09-23-1%ED%99%80%EC%97%90-160%EC%96%B5-%EC%A3%BC%EA%B3%A0-%EC%82%B0-%EA%B3%A8%ED%94%84%EC%9E%A5-%ED%8F%AC%EC%8A%A4%EC%BD%94%EA%B0%80-%EB%8B%A4%EC%8B%9C-%ED%8C%9D%EB%8B%88%EB%8B%A4,alt-ok,1216,832,https://sedaily-mbti-cms-media-dev.s3.us-east-1.amazonaws.com/media/mustknow-auto/20094704-webtoon-cut001.png
https://ailens.sedaily.ai/markets/2026/09/23/2026-09-23-%ED%9C%B4%EC%A0%A4-3%EB%B6%84%EA%B8%B0-%EC%98%81%EC%97%85%EC%9D%B4%EC%9D%B5-41-%EA%B0%90%EC%86%8C-%EB%AF%B8%EA%B5%AD-%EB%A7%A4%EC%B6%9C%EC%9D%80-%EC%99%9C-%EB%A7%88%EC%9D%B4%EB%84%88%EC%8A%A4%EB%A1%9C-%EC%B0%8D%ED%9E%88%EB%82%98,alt-ok,1216,832,https://sedaily-mbti-cms-media-dev.s3.us-east-1.amazonaws.com/media/mustknow-auto/20094294-webtoon-cut001.png
https://ailens.sedaily.ai/markets/2026/09/23/2026-09-23-%EB%8C%80%EC%9B%90%EC%A0%9C%EC%95%BD-%EA%BF%80%EC%9E%A0%EC%83%B7%EC%9D%80-1-400%EA%B3%B3%EC%97%90-%EA%B9%94%EB%A0%B8%EB%8A%94%EB%8D%B0-3%EB%B6%84%EA%B8%B0%EB%8A%94-%EC%98%81%EC%97%85%EC%86%90%EC%8B%A4-12%EC%96%B5-%EC%9B%90,alt-ok,1216,832,https://sedaily-mbti-cms-media-dev.s3.us-east-1.amazonaws.com/media/mustknow-auto/20094295-webtoon-cut001.png
https://ailens.sedaily.ai/markets/2026/09/23/2026-09-23-8%EC%9B%94%EC%97%94-4%EA%B3%B3%EC%9D%B4-%EC%B2%AB%EB%82%A0-%EA%B9%A8%EC%A1%8C%EB%8A%94%EB%8D%B0-9%EC%9B%94-%EC%99%80%EC%9D%B4%EC%A6%88%ED%94%8C%EB%9E%98%EB%8B%9B%EC%9D%80-285-%EC%98%AC%EB%9E%90%EB%8B%A4%EA%B3%A0%EC%9A%94,alt-ok,1216,832,https://sedaily-mbti-cms-media-dev.s3.us-east-1.amazonaws.com/media/mustknow-auto/20094640-webtoon-cut001.png
https://ailens.sedaily.ai/markets/2026/09/23/2026-09-23-%ED%99%80%EB%8B%B9-160%EC%96%B5%EC%97%90-%EC%82%B0-%EC%86%A1%EB%8F%84-%EA%B3%A8%ED%94%84%EC%9E%A5-%EC%9D%B4%EB%B2%88%EC%97%94-200%EC%96%B5%EC%9D%B4-%EA%B1%B0%EB%A1%A0%EB%90%A9%EB%8B%88%EB%8B%A4,no-alt,,,
https://ailens.sedaily.ai/markets/2026/09/23/2026-09-23-%EB%B0%98%EB%8C%80%ED%96%88%EB%8D%98-%EA%B0%80%EA%B2%A9-1%EB%A7%8C-7-600%EC%9B%90%EC%97%90-%EC%B0%A8%ED%8C%8C%ED%8A%B8%EB%84%88%EC%8A%A4%EA%B0%80-%EC%A7%80%EB%B6%84%EC%9D%84-%EB%84%98%EA%B8%B4-%EC%9D%B4%EC%9C%A0,no-alt,,,
https://ailens.sedaily.ai/markets/2026/09/23/2026-09-23-3%EC%A1%B0-%EC%9B%90-%EB%8C%80%EC%B6%9C%EC%9D%84-%ED%8C%94%EC%A7%80-%EC%95%8A%EA%B3%A0-%EA%B7%B8%EB%8C%80%EB%A1%9C-%EB%93%A4%EA%B3%A0-%EA%B0%88-%EC%88%98%EB%8F%84-%EC%9E%88%EB%8B%A4%EB%8B%88%EC%9A%94,alt-ok,1216,832,https://sedaily-mbti-cms-media-dev.s3.us-east-1.amazonaws.com/media/mustknow-auto/20094535-webtoon-cut001.png
https://ailens.sedaily.ai/industry/2026/09/23/2026-09-23-1-041%EC%96%B5-%EB%82%9C%EC%A7%95-LCD-%EC%82%AC%EC%97%85-%EB%A7%A4%EA%B0%81-%EB%A7%88%EA%B0%90-%EC%9D%BC%EC%A3%BC%EC%9D%BC-%EC%A0%84%EC%97%90-%EA%B9%A8%EC%A7%84-%EC%9D%B4%EC%9C%A0,alt-ok,1216,832,https://sedaily-mbti-cms-media-dev.s3.us-east-1.amazonaws.com/media/mustknow-auto/20094601-webtoon-cut001.png
https://ailens.sedaily.ai/industry/2026/09/23/2026-09-23-AI-%ED%95%99%EC%8A%B5-%EB%8D%B0%EC%9D%B4%ED%84%B0-61-%EA%B0%80-%EC%98%81%EC%96%B4%EC%9D%B8-%EC%84%B8%EA%B3%84-%EC%B9%B4%EC%9E%90%ED%9D%90-%EB%B6%80%EC%B4%9D%EB%A6%AC%EA%B0%80-%EC%84%9C%EC%9A%B8%EC%97%90-%EC%98%A8-%EC%9D%B4%EC%9C%A0,alt-ok,1216,832,https://sedaily-mbti-cms-media-dev.s3.us-east-1.amazonaws.com/media/mustknow-auto/20094540-webtoon-cut001.png
https://ailens.sedaily.ai/industry/2026/09/23/2026-09-23-%EA%B8%B0%EB%B3%B8%EA%B8%89-5-2-%EC%97%90-%EA%B2%A9%EB%A0%A4%EA%B8%88-700%EB%A7%8C-%EC%9B%90-%EC%A1%B0%EC%84%A0-%EB%B9%853-%EC%A4%91-%EC%82%BC%EC%84%B1%EC%A4%91%EA%B3%B5%EC%97%85%EC%9D%B4-%EB%A8%BC%EC%A0%80-%EB%81%9D%EB%83%88%EC%8A%B5%EB%8B%88%EB%8B%A4,alt-ok,1216,832,https://sedaily-mbti-cms-media-dev.s3.us-east-1.amazonaws.com/media/mustknow-auto/20094545-webtoon-cut001.png
https://ailens.sedaily.ai/markets/2026/09/23/2026-09-23-%EC%8B%9C%EC%B4%9D-%EB%AF%B8%EB%8B%AC%EB%A1%9C-%EC%83%81%EC%9E%A5%ED%8F%90%EC%A7%80%EB%8F%BC%EB%8F%84-40%EB%A7%A4%EB%A7%A4%EC%9D%BC-%EC%95%88%EC%97%90-%EC%8B%A0%EC%B2%AD%ED%95%98%EB%A9%B4-%EA%B1%B0%EB%9E%98%EA%B0%80-%EC%9D%B4%EC%96%B4%EC%A7%91%EB%8B%88%EB%8B%A4,alt-ok,1216,832,https://sedaily-mbti-cms-media-dev.s3.us-east-1.amazonaws.com/media/mustknow-auto/20094581-webtoon-cut001.png
https://ailens.sedaily.ai/markets/2026/09/23/2026-09-23-5%EB%85%84-%EC%83%88-%EC%82%AC%EB%9D%BC%EC%A7%84-%EC%A6%9D%EA%B6%8C%EC%82%AC-%EC%A0%90%ED%8F%AC-247%EA%B0%9C-%EC%95%B1-%EC%84%A4%EC%B9%98%EB%B2%95%EC%9D%80-%EC%96%B4%EB%94%94%EC%84%9C-%EB%AC%BB%EB%82%98,alt-ok,1216,832,https://sedaily-mbti-cms-media-dev.s3.us-east-1.amazonaws.com/media/mustknow-auto/20094650-webtoon-cut001.png
https://ailens.sedaily.ai/news/2026/09/23/2026-09-23-25%EC%B4%88-%EB%A7%8C%EC%97%90-%ED%84%B0%EC%A1%8C%EC%8A%B5%EB%8B%88%EB%8B%A4-%EC%A0%84%EC%9E%90%EB%A0%88%EC%9D%B8%EC%A7%80%EC%97%90-%EB%8D%B0%EC%9A%B4-%EB%A7%90%EB%9E%91%EC%9D%B4-%ED%91%9C%EB%A9%B4-171%EB%8F%84,alt-ok,1216,832,https://sedaily-mbti-cms-media-dev.s3.us-east-1.amazonaws.com/media/mustknow-auto/20094450-webtoon-cut001.png
https://ailens.sedaily.ai/markets/2026/09/23/2026-09-23-%EB%8C%80%EC%8B%A0%EC%A6%9D%EA%B6%8C-%EC%B2%AD%EC%95%BD%EC%A6%9D%EA%B1%B0%EA%B8%88-100%EB%A7%8C-%EC%9B%90%EA%B9%8C%EC%A7%80-%EC%97%B0-1-%EC%9D%B4%EC%9E%90%EA%B0%80-%EB%B6%99%EB%8A%94%EB%8B%A4%EA%B3%A0%EC%9A%94,alt-ok,1216,832,https://sedaily-mbti-cms-media-dev.s3.us-east-1.amazonaws.com/media/mustknow-auto/20094665-webtoon-cut001.png
https://ailens.sedaily.ai/markets/2026/09/23/2026-09-23-1-100%EC%96%B5-%ED%8A%B9%ED%8C%90%EC%9D%B4-%EC%9D%B4%ED%8B%80-%EB%A7%8C%EC%97%90-%ED%8C%94%EB%A0%B8%EB%8A%94%EB%8D%B0-%EC%9D%B4%EB%B2%88%EC%97%94-16%EC%A1%B0-7-000%EC%96%B5%EC%9D%B4-%EC%97%B4%EB%A6%BD%EB%8B%88%EB%8B%A4,alt-ok,1216,832,https://sedaily-mbti-cms-media-dev.s3.us-east-1.amazonaws.com/media/mustknow-auto/20094556-webtoon-cut001.png
https://ailens.sedaily.ai/industry/2026/09/23/2026-09-23-6%EA%B0%9C%EC%9B%94-%EB%A7%8C%EC%97%90-%EB%8F%8C%EC%95%84%EC%84%A0-%EB%8C%80%ED%98%95%EB%A7%88%ED%8A%B8-%EA%B0%80%EC%A0%84-%EC%99%84%EA%B5%AC%EA%B0%80-17-8-%EB%9B%B0%EC%97%88%EB%8B%A4%EB%8B%88%EC%9A%94,alt-ok,1216,832,https://sedaily-mbti-cms-media-dev.s3.us-east-1.amazonaws.com/media/mustknow-auto/20094477-webtoon-cut001.png
https://ailens.sedaily.ai/industry/2026/09/23/2026-09-23-%ED%9C%B4%EA%B2%8C%EC%86%8C-8%EA%B3%B3-%EC%9D%B4%EB%8F%99%EC%8B%9D-%EC%B6%A9%EC%A0%84%EA%B8%B0-19%EA%B8%B0-%EB%82%B4-%EC%B0%A8%EA%B0%80-%EB%A8%BC%EC%A0%80-%EA%BD%82%EC%9D%84-%EC%88%98-%EC%9E%88%EB%8A%94-%EC%A1%B0%EA%B1%B4,alt-ok,1216,832,https://sedaily-mbti-cms-media-dev.s3.us-east-1.amazonaws.com/media/mustknow-auto/20094306-webtoon-cut001.png
https://ailens.sedaily.ai/markets/2026/09/23/2026-09-23-%EC%A0%95%EA%B7%9C%EC%9E%A5-%EC%97%B4%EB%A6%AC%EA%B8%B0-%EC%A0%84-%EC%98%A4%EC%A0%84-8%EC%8B%9C-15%EB%B6%84-%EC%82%BC%EC%84%B1%EC%A0%84%EC%9E%90%EB%8A%94-%EC%9D%B4%EB%AF%B8-2-35-%EC%98%AC%EB%9D%BC-%EC%9E%88%EC%97%88%EC%8A%B5%EB%8B%88%EB%8B%A4,alt-ok,1216,832,https://sedaily-mbti-cms-media-dev.s3.us-east-1.amazonaws.com/media/mustknow-auto/20094296-webtoon-cut001.png
https://ailens.sedaily.ai/markets/2026/09/23/2026-09-23-%EA%B3%B5%EB%AA%A8%EA%B0%80-1%EB%A7%8C-2-000%EC%9B%90%EC%9D%B4-%EC%B2%AB%EB%82%A0-4%EB%A7%8C-2-500%EC%9B%90%EC%9D%B4-%EB%90%90%EB%8B%A4%EB%8B%88%EC%9A%94,alt-ok,1216,832,https://sedaily-mbti-cms-media-dev.s3.us-east-1.amazonaws.com/media/mustknow-auto/20094349-webtoon-cut001.png
https://ailens.sedaily.ai/markets/2026/09/23/2026-09-23-%EB%B2%95%EC%9C%BC%EB%A1%9C%EB%8A%94-100-%EA%B9%8C%EC%A7%80-%EB%90%98%EB%8A%94%EB%8D%B0-%EC%A6%9D%EA%B6%8C%EC%82%AC%EB%93%A4%EC%9D%B4-%EC%8A%A4%EC%8A%A4%EB%A1%9C-90-%EB%A1%9C-%EB%82%B4%EB%A0%B8%EC%8A%B5%EB%8B%88%EB%8B%A4,alt-ok,1216,832,https://sedaily-mbti-cms-media-dev.s3.us-east-1.amazonaws.com/media/mustknow-auto/20094516-webtoon-cut001.png
https://ailens.sedaily.ai/international/2026/09/23/2026-09-23-%EC%9D%B4%EB%9E%80-%EB%8C%80%ED%91%9C%EB%8B%A8%EC%9D%B4-1%EB%AA%85%EB%A7%8C-%EB%82%A8%EA%B8%B0%EA%B3%A0-%EB%82%98%EA%B0%84-%EB%82%A0-%EA%B0%99%EC%9D%80-%EA%B3%B3%EC%97%90%EC%84%9C-3%EC%8B%9C%EA%B0%84-%ED%98%91%EC%83%81%EC%9D%B4-%EC%9E%88%EC%97%88%EC%8A%B5%EB%8B%88%EB%8B%A4,alt-ok,1216,832,https://sedaily-mbti-cms-media-dev.s3.us-east-1.amazonaws.com/media/mustknow-auto/20094413-webtoon-cut001.png
https://ailens.sedaily.ai/markets/2026/09/23/2026-09-23-KB%EC%A6%9D%EA%B6%8C-%EC%8B%9C%ED%81%90%EB%A6%AC%ED%83%80%EC%9D%B4%EC%A6%88-%EC%98%B5%ED%8B%B0%EB%AF%B8%EC%A6%98-%EC%85%8B%EC%9D%B4-%EB%A8%BC%EC%A0%80-%ED%86%A0%ED%81%B0%ED%99%94%ED%95%98%EB%8A%94-%EA%B1%B4-MMF%EC%9E%85%EB%8B%88%EB%8B%A4,alt-ok,1216,832,https://sedaily-mbti-cms-media-dev.s3.us-east-1.amazonaws.com/media/mustknow-auto/20094415-webtoon-cut001.png
https://ailens.sedaily.ai/markets/2026/09/23/2026-09-23-%EC%B2%AD%EC%95%BD%EC%97%90-%EB%AC%B6%EC%9D%B8-%EB%8F%88%EC%97%90%EB%8F%84-%EC%9D%B4%EC%9E%90%EA%B0%80-%EB%B6%99%EB%8A%94%EB%8B%A4%EB%8B%88%EC%9A%94-100%EB%A7%8C-%EC%9B%90%EA%B9%8C%EC%A7%80-%EC%97%B0-1,alt-ok,1216,832,https://sedaily-mbti-cms-media-dev.s3.us-east-1.amazonaws.com/media/mustknow-auto/20094372-webtoon-cut001.png
https://ailens.sedaily.ai/markets/2026/09/23/2026-09-23-%EB%A9%94%EB%AA%A8%EB%A6%AC-%ED%92%88%EA%B7%80-2028%EB%85%84%EA%B9%8C%EC%A7%80-%EA%B0%84%EB%8B%A4%EA%B3%A0-%EB%B3%B8-%EA%B3%84%EC%82%B0%EB%B2%95,alt-ok,1216,832,https://sedaily-mbti-cms-media-dev.s3.us-east-1.amazonaws.com/media/mustknow-auto/20094305-webtoon-cut001.png
https://ailens.sedaily.ai/international/2026/09/23/2026-09-23-223%EC%96%B5-%EB%8B%AC%EB%9F%AC-%EB%8C%80%EB%AF%B8-%ED%88%AC%EC%9E%90-1%ED%98%B8-%ED%85%8D%EC%82%AC%EC%8A%A4-%EA%B0%80%EC%8A%A4%EB%B0%9C%EC%A0%84%EC%86%8C%EB%A1%9C-%EC%A0%95%ED%95%B4%EC%A1%8C%EC%8A%B5%EB%8B%88%EB%8B%A4,alt-ok,1216,832,https://sedaily-mbti-cms-media-dev.s3.us-east-1.amazonaws.com/media/mustknow-auto/20094210-webtoon-cut001.png
https://ailens.sedaily.ai/industry/2026/09/23/2026-09-23-%EC%9C%A0%EB%9F%BD-%EC%A0%90%EC%9C%A0%EC%9C%A8-55-%EC%97%90%EC%84%9C-35-%EB%A1%9C-%EC%A0%95%EB%B6%80%EA%B0%80-%EB%82%98%ED%8A%B8%EB%A5%A8-%EB%B0%B0%ED%84%B0%EB%A6%AC%EB%A5%BC-%EA%BA%BC%EB%82%B4-%EB%93%A4%EB%8B%A4,alt-ok,1216,832,https://sedaily-mbti-cms-media-dev.s3.us-east-1.amazonaws.com/media/mustknow-auto/20094280-webtoon-cut001.png
https://ailens.sedaily.ai/industry/2026/09/23/2026-09-23-%EC%A2%85%EB%9F%89%EC%A0%9C-%EB%B4%89%ED%88%AC%EC%97%90-%EB%B2%84%EB%A0%A4%EC%A7%80%EB%8D%98-%EC%9A%B0%EC%9C%A0%ED%8C%A9-%EC%A0%95%EB%B6%80-%EA%B8%B0%EC%97%85-8%EA%B3%B3%EC%9D%B4-%EB%8C%80%EC%A0%84%EA%B3%B5%EC%9E%A5%EC%97%90-%EB%AA%A8%EC%9D%B8-%EC%9D%B4%EC%9C%A0,alt-ok,1216,832,https://sedaily-mbti-cms-media-dev.s3.us-east-1.amazonaws.com/media/mustknow-auto/20094191-webtoon-cut001.png
https://ailens.sedaily.ai/news/2026/09/23/2026-09-22-%EB%B3%B4%EA%B3%A0%EB%A5%BC-%EB%AC%B5%EC%82%B4%ED%95%9C-%EA%B8%B0%EB%A1%9D%EC%9D%B4-%EB%82%A8%EC%9C%BC%EB%A9%B4-%EA%B6%8C%EA%B3%A0-%ED%98%95%EB%9F%89%EC%9D%B4-%EC%A7%95%EC%97%AD-15%EB%85%84%EA%B9%8C%EC%A7%80-%EA%B0%91%EB%8B%88%EB%8B%A4,alt-ok,1216,832,https://sedaily-mbti-cms-media-dev.s3.us-east-1.amazonaws.com/media/mustknow-auto/20094213-webtoon-cut001.png
https://ailens.sedaily.ai/industry/2026/09/23/2026-09-22-%EC%86%8D%EC%B4%88%EC%97%90%EC%84%9C-%EC%9B%90%EC%82%B0%EA%B9%8C%EC%A7%80-%ED%98%84%EB%8C%80%EC%95%84%EC%82%B0%EC%9D%B4-22%EB%85%84-%EB%A7%8C%EC%97%90-%EB%B1%83%EA%B8%B8%EC%9D%84-%EB%8B%A4%EC%8B%9C-%EA%BA%BC%EB%82%B4%EB%8B%A4,alt-ok,1216,832,https://sedaily-mbti-cms-media-dev.s3.us-east-1.amazonaws.com/media/mustknow-auto/20094064-webtoon-cut001.png
https://ailens.sedaily.ai/news/2026/09/23/2026-09-22-%EC%95%88%EC%A0%84-%EC%98%88%EC%82%B0%EC%9D%84-%EB%94%B4-%EB%8D%B0-%EC%8D%BC%EB%8B%A4%EB%A9%B4-%ED%98%95%EB%9F%89-%EC%83%81%ED%95%9C%EC%9D%B4-15%EB%85%84%EA%B9%8C%EC%A7%80-%EC%98%AC%EB%9D%BC%EA%B0%91%EB%8B%88%EB%8B%A4,alt-ok,1216,832,https://sedaily-mbti-cms-media-dev.s3.us-east-1.amazonaws.com/media/mustknow-auto/20094198-webtoon-cut001.png
https://ailens.sedaily.ai/markets/2026/09/22/2026-09-22-%EC%A0%95%EA%B7%9C%EC%9E%A5-%EC%97%B4%EB%A6%AC%EA%B8%B0-50%EB%B6%84-%EC%A0%84-%EC%82%BC%EC%84%B1%EC%A0%84%EC%9E%90%EA%B0%80-28%EB%A7%8C-1-500%EC%9B%90%EA%B9%8C%EC%A7%80-%EC%98%AC%EB%9E%90%EC%8A%B5%EB%8B%88%EB%8B%A4,alt-ok,1216,832,https://sedaily-mbti-cms-media-dev.s3.us-east-1.amazonaws.com/media/mustknow-auto/20093730-webtoon-cut001.png
https://ailens.sedaily.ai/markets/2026/09/22/2026-09-22-%EA%B3%84%EC%A2%8C%EC%97%90%EC%84%9C-42%EC%A1%B0-%EC%9B%90%EC%9D%B4-%EB%B9%A0%EC%A7%84-%EC%82%AC%EC%9D%B4-%EC%A6%9D%EA%B6%8C%EC%A3%BC%EA%B0%80-%EB%A8%BC%EC%A0%80-%EC%98%AC%EB%9E%90%EB%8B%A4%EB%8B%88%EC%9A%94,alt-ok,1216,832,https://sedaily-mbti-cms-media-dev.s3.us-east-1.amazonaws.com/media/mustknow-auto/20093810-webtoon-cut001.png
https://ailens.sedaily.ai/markets/2026/09/22/2026-09-22-%ED%95%91%EA%B1%B0-%EC%9E%90%EC%82%B0-676%EC%96%B5%EC%9C%BC%EB%A1%9C-1-550%EC%96%B5%EC%A7%9C%EB%A6%AC-%ED%9A%8C%EC%82%AC%EB%A5%BC-%EC%82%AC%EA%B2%A0%EB%8B%A4%EA%B3%A0,alt-ok,1216,832,https://sedaily-mbti-cms-media-dev.s3.us-east-1.amazonaws.com/media/mustknow-auto/20094205-webtoon-cut001.png
https://ailens.sedaily.ai/markets/2026/09/22/2026-09-22-9%EC%9B%94-%EC%8B%A0%EA%B7%9C-%ED%9A%8C%EC%82%AC%EC%B1%84-41-8-%EB%A7%8C%EA%B8%B0%EA%B0%80-3%EB%85%84%EB%8F%84-%EC%95%88-%EB%90%A9%EB%8B%88%EB%8B%A4,alt-ok,1216,832,https://sedaily-mbti-cms-media-dev.s3.us-east-1.amazonaws.com/media/mustknow-auto/20094074-webtoon-cut001.png
https://ailens.sedaily.ai/markets/2026/09/22/2026-09-22-%ED%95%9C%EC%BB%B4%EC%9D%B4-%EC%B0%BD%EC%82%AC-%EC%B2%AB-%EC%99%B8%EB%B6%80-%EC%9E%90%EB%AC%B8%EC%82%AC%EB%A5%BC-%EB%B6%80%EB%A5%B4%EA%B3%A0-%ED%99%98%EC%9B%90%EC%9C%A8-27-%EB%A5%BC-%EC%86%90%EB%B3%B4%EA%B8%B0-%EC%8B%9C%EC%9E%91%ED%96%88%EC%8A%B5%EB%8B%88%EB%8B%A4,alt-ok,1216,832,https://sedaily-mbti-cms-media-dev.s3.us-east-1.amazonaws.com/media/mustknow-auto/20094047-webtoon-cut001.png
https://ailens.sedaily.ai/industry/2026/09/22/2026-09-22-%EC%B0%A8%EA%B0%80-%EC%8A%A4%EC%8A%A4%EB%A1%9C-%EC%98%AC%EB%9D%BC%ED%83%80%EB%8A%94-%EB%B0%B0-%EB%91%90-%EC%B2%99-3-362%EC%96%B5-%EC%9B%90%EC%97%90-%ED%8C%94%EB%A0%B8%EC%8A%B5%EB%8B%88%EB%8B%A4,alt-ok,1216,832,https://sedaily-mbti-cms-media-dev.s3.us-east-1.amazonaws.com/media/mustknow-auto/20094072-webtoon-cut001.png
https://ailens.sedaily.ai/industry/2026/09/22/2026-09-22-9%EC%9B%94-21%EC%9D%BC-%EB%A0%88%EB%93%9C%EB%A8%BC%EB%93%9C-LG-%EB%84%A4-%EA%B0%9C-%EA%B3%84%EC%97%B4%EC%82%AC%EA%B0%80-%ED%95%9C-%EC%83%81%EC%9E%90%EC%97%90-%EB%8B%B4%EA%B2%BC%EC%8A%B5%EB%8B%88%EB%8B%A4,alt-ok,1216,832,https://sedaily-mbti-cms-media-dev.s3.us-east-1.amazonaws.com/media/mustknow-auto/20094133-webtoon-cut001.png
https://ailens.sedaily.ai/markets/2026/09/22/2026-09-22-%EC%98%A4%ED%9B%84-4%EC%8B%9C-%EA%B0%9C%EC%9E%A5-1%EB%B6%84-%EB%A7%8C%EC%97%90-4%EB%A7%8C-%EC%9B%90%EC%9D%B4-3%EB%A7%8C-3050%EC%9B%90%EC%9D%B4-%EB%90%90%EB%8B%A4%EA%B3%A0,alt-ok,1216,832,https://sedaily-mbti-cms-media-dev.s3.us-east-1.amazonaws.com/media/mustknow-auto/20094169-webtoon-cut001.png
https://ailens.sedaily.ai/markets/2026/09/22/2026-09-22-%EB%B8%8C%EB%A4%BC%EC%85%80-%EB%A7%A8%ED%95%B4%ED%8A%BC-%EB%B9%8C%EB%94%A9%EC%97%90-%ED%88%AC%EC%9E%90%ED%95%9C-%EB%A6%AC%EC%B8%A0-249%EC%96%B5-%ED%9D%91%EC%9E%90%EA%B0%80-1-007%EC%96%B5-%EC%A0%81%EC%9E%90%EB%A1%9C-%EB%92%A4%EC%A7%91%ED%98%94%EC%8A%B5%EB%8B%88%EB%8B%A4,alt-ok,1216,832,https://sedaily-mbti-cms-media-dev.s3.us-east-1.amazonaws.com/media/mustknow-auto/20094225-webtoon-cut001.png
https://ailens.sedaily.ai/news/2026/09/22/2026-09-22-%EC%97%B4%ED%9D%98-%EB%92%A4-%EB%AC%B8-%EC%97%AC%EB%8A%94%EB%8D%B0-%EA%B2%80%EC%82%AC-%EC%9E%90%EB%A6%AC-458%EA%B0%9C%EA%B0%80-%EB%B9%88-%EC%B1%84%EB%A1%9C-%EC%8B%9C%EC%9E%91%ED%95%A9%EB%8B%88%EB%8B%A4,no-alt,,,
https://ailens.sedaily.ai/news/2026/09/22/2026-09-22-%EA%B8%88%EA%B1%B0%EB%B6%81%EC%9D%B4%EB%8A%94-%EC%9C%A0%EC%A3%84-%EC%84%B8%ED%95%9C%EB%8F%84%EB%8A%94-%EB%AC%B4%EC%A3%84-2%EB%85%84%EC%9D%B4-%EA%B9%8E%EC%9D%B8-%EC%9D%B4%EC%9C%A0,alt-ok,1216,832,https://sedaily-mbti-cms-media-dev.s3.us-east-1.amazonaws.com/media/mustknow-auto/20094000-webtoon-cut001.png
https://ailens.sedaily.ai/markets/2026/09/22/2026-09-22-DB%EC%86%90%EB%B3%B4-PBR-%ED%9A%8C%EA%B3%84%EC%83%81-0-82%EB%B0%B0%EC%9D%B8%EB%8D%B0-%EB%82%B4%EC%9E%AC%EA%B0%80%EC%B9%98%EB%A1%9C%EB%8A%94-0-58%EB%B0%B0%EB%9D%BC%EA%B3%A0,alt-ok,1216,832,https://sedaily-mbti-cms-media-dev.s3.us-east-1.amazonaws.com/media/mustknow-auto/20094035-webtoon-cut001.png
https://ailens.sedaily.ai/markets/2026/09/22/2026-09-22-%EC%84%9C%EC%9A%B8-%EC%9B%94%EC%84%B8-%EA%B1%B0%EB%9E%98%EA%B0%80-69-7-%EA%B0%80-%EB%90%98%EC%9E%90-GIC-KKR%EC%9D%B4-%EB%8F%8C%EC%95%84%EC%99%94%EC%8A%B5%EB%8B%88%EB%8B%A4,alt-ok,1216,832,https://sedaily-mbti-cms-media-dev.s3.us-east-1.amazonaws.com/media/mustknow-auto/20094058-webtoon-cut001.png
https://ailens.sedaily.ai/markets/2026/09/22/2026-09-22-%ED%9A%8C%EC%82%AC%EC%B1%84-183%EA%B1%B4-%EC%A4%91-36%EA%B1%B4-%EA%B8%B0%EC%A4%80%EC%84%A0%EB%B3%B4%EB%8B%A4-%EB%86%92%EC%9D%80-%EC%9D%B4%EC%9E%90%EB%A5%BC-%EC%96%B9%EC%97%88%EB%8B%A4%EA%B3%A0,alt-ok,1216,832,https://sedaily-mbti-cms-media-dev.s3.us-east-1.amazonaws.com/media/mustknow-auto/20094022-webtoon-cut001.png
https://ailens.sedaily.ai/news/2026/09/22/2026-09-22-%EC%A1%B0%ED%9D%AC%EB%8C%80-%EB%8C%80%EB%B2%95%EC%9B%90%EC%9E%A5%EC%9D%B4-25%EC%9D%BC-%EB%A7%8C%EC%97%90-%EB%82%B4%EB%86%93%EC%9D%80-%EB%8B%B5-%EB%AC%B8%EC%84%9C%EC%97%90-%EC%9D%B4%EC%9C%A0%EA%B0%80-%EC%97%86%EB%8B%A4,alt-ok,1216,832,https://sedaily-mbti-cms-media-dev.s3.us-east-1.amazonaws.com/media/mustknow-auto/20093913-webtoon-cut001.png
https://ailens.sedaily.ai/markets/2026/09/22/2026-09-22-KT-G-20-%EC%86%8C%EA%B0%81-%EB%AA%A9%ED%91%9C%EB%A5%BC-%EC%9D%B4%EB%AF%B8-%EB%84%98%EA%B2%BC%EB%8A%94%EB%8D%B0-3600%EC%96%B5%EC%9D%84-%EB%98%90-%EA%BA%BC%EB%83%88%EB%84%A4%EC%9A%94,alt-ok,1216,832,https://sedaily-mbti-cms-media-dev.s3.us-east-1.amazonaws.com/media/mustknow-auto/20093996-webtoon-cut001.png
https://ailens.sedaily.ai/news/2026/09/22/2026-09-22-%EB%AF%B8%EA%B5%AD%EC%97%90-%EB%93%A4%EC%96%B4%EC%84%A4-%EC%9B%90%EC%A0%84-8%EA%B8%B0-%EC%A4%91-2%EA%B8%B0%EA%B0%80-%ED%95%9C%EA%B5%AD%ED%98%95%EC%9E%85%EB%8B%88%EB%8B%A4,alt-ok,1216,832,https://sedaily-mbti-cms-media-dev.s3.us-east-1.amazonaws.com/media/mustknow-auto/20093920-webtoon-cut001.png
https://ailens.sedaily.ai/markets/2026/09/22/2026-09-22-2023%EB%85%84-7%EC%9B%94-%EC%9D%B4%ED%9B%84-%EC%B2%AB-%EC%9D%B8%EC%83%81-1997%EB%85%84%EC%B2%98%EB%9F%BC-%ED%95%9C-%EB%B2%88%EC%9C%BC%EB%A1%9C-%EB%81%9D%EB%82%98%EA%B8%B4-%EC%96%B4%EB%A0%B5%EC%8A%B5%EB%8B%88%EB%8B%A4,alt-ok,1216,832,https://sedaily-mbti-cms-media-dev.s3.us-east-1.amazonaws.com/media/mustknow-auto/20094155-webtoon-cut001.png
https://ailens.sedaily.ai/markets/2026/09/22/2026-09-22-%EB%AF%B8%EA%B5%AD%EC%9D%80-%ED%95%9C-%EB%8B%AC-%EC%83%88-4%EC%A2%85-%ED%95%9C%EA%B5%AD%EC%9D%80-%EC%95%84%EC%A7%81-0%EA%B0%9C%EC%98%80%EB%8D%98-MLCC-ETF,alt-ok,1216,832,https://sedaily-mbti-cms-media-dev.s3.us-east-1.amazonaws.com/media/mustknow-auto/20094154-webtoon-cut001.png
https://ailens.sedaily.ai/news/2026/09/22/2026-09-22-%EB%8C%80%EB%AF%B8-%ED%88%AC%EC%9E%90-1-2-3%ED%98%B8%EB%A5%BC-%EB%B3%B4%EA%B3%A0%ED%96%88%EB%8A%94%EB%8D%B0-%EC%A0%95%ED%95%B4%EC%A7%84-%EA%B1%B4-1%ED%98%B8%EB%BF%90%EC%9E%85%EB%8B%88%EB%8B%A4,alt-ok,1216,832,https://sedaily-mbti-cms-media-dev.s3.us-east-1.amazonaws.com/media/mustknow-auto/20093884-webtoon-cut001.png
https://ailens.sedaily.ai/news/2026/09/22/2026-09-22-10%EC%9B%94-1%EC%9D%BC%EB%B6%80%ED%84%B0-%EB%84%A4-%EC%82%B4-%EC%95%84%EC%9D%B4-%EC%95%9E%EC%97%90-%EC%8B%9C%ED%97%98%EC%A7%80%EA%B0%80-%EB%86%93%EC%9D%B4%EC%A7%80-%EC%95%8A%EC%8A%B5%EB%8B%88%EB%8B%A4,alt-ok,1216,832,https://sedaily-mbti-cms-media-dev.s3.us-east-1.amazonaws.com/media/mustknow-auto/20093788-webtoon-cut001.png
https://ailens.sedaily.ai/news/2026/09/22/2026-09-22-MAU-2-340%EB%A7%8C-%EB%AA%85-%EB%B0%B0%EB%8B%AC%EC%9D%98%EB%AF%BC%EC%A1%B1-%EC%A3%BC%EC%9D%B8%EC%9D%B4-%EC%9A%B0%EB%B2%84%EB%A1%9C-%EB%B0%94%EB%80%94-%EC%88%98-%EC%9E%88%EB%8B%A4%EA%B3%A0,alt-ok,1216,832,https://sedaily-mbti-cms-media-dev.s3.us-east-1.amazonaws.com/media/mustknow-auto/20093967-webtoon-cut001.png
https://ailens.sedaily.ai/industry/2026/09/22/2026-09-22-%EB%AC%B4%EC%8B%A0%EC%82%AC-%EB%B6%80%EC%B1%84%EB%B9%84%EC%9C%A8-812-%ED%9A%8C%EA%B3%84-%EC%B2%98%EB%A6%AC-%ED%95%98%EB%82%98%EB%A1%9C-140-%EA%B0%80-%EB%90%90%EB%8B%A4%EA%B3%A0%EC%9A%94,no-alt,,,
https://ailens.sedaily.ai/industry/2026/09/22/2026-09-22-LG-%EA%B3%84%EC%97%B4%EC%82%AC-CEO-%EB%8B%A4%EC%84%AF-%EB%AA%85%EC%9D%B4-MS-%EB%B3%B8%EC%82%AC%EB%A1%9C-%EA%B0%84-%EA%B1%B4-%EB%83%89%EA%B0%81-%EB%95%8C%EB%AC%B8%EC%9D%B4%EA%B1%B0%EB%93%A0%EC%9A%94,alt-ok,1216,832,https://sedaily-mbti-cms-media-dev.s3.us-east-1.amazonaws.com/media/mustknow-auto/20093752-webtoon-cut001.png
https://ailens.sedaily.ai/markets/2026/09/22/2026-09-22-%EC%B2%9C%EC%97%B0%EA%B0%80%EC%8A%A4-ETP-%EC%8B%9C%EA%B0%80%EC%B4%9D%EC%95%A1%EC%9D%98-93-6-%EA%B0%80-%EB%A0%88%EB%B2%84%EB%A6%AC%EC%A7%80-%EC%9D%B8%EB%B2%84%EC%8A%A4%EB%9D%BC%EA%B3%A0,no-alt,,,
https://ailens.sedaily.ai/markets/2026/09/22/2026-09-22-%EC%82%BC%EC%84%B1%EC%A0%84%EC%9E%90-30%EC%A1%B0-%EB%B0%B0%EB%8B%B9-%EA%B6%8C%EB%A6%AC%EA%B0%80-%EC%82%AC%EB%9D%BC%EC%A7%80%EB%8A%94-%EC%8B%9C%EA%B0%81%EC%9D%80-9%EC%9B%94-28%EC%9D%BC-%EC%A0%80%EB%85%81-8%EC%8B%9C,alt-ok,1216,832,https://sedaily-mbti-cms-media-dev.s3.us-east-1.amazonaws.com/media/mustknow-auto/20093957-webtoon-cut001.png
https://ailens.sedaily.ai/news/2026/09/22/2026-09-22-%EB%8B%A4%EC%9D%8C-%EB%8B%AC-%EB%AC%B8-%EC%97%AC%EB%8A%94-%EA%B3%B5%EC%86%8C%EC%B2%AD-%EC%88%98%EC%82%AC%EA%B4%80-2-986%EB%AA%85-%EC%A4%91-938%EB%AA%85%EB%A7%8C-%EB%82%A8%EC%8A%B5%EB%8B%88%EB%8B%A4,no-alt,,,
https://ailens.sedaily.ai/industry/2026/09/22/2026-09-22-%EB%8B%A4%EC%9D%B4%EC%86%8C-%EC%84%A0%ED%81%AC%EB%A6%BC-8%EC%A2%85-%EC%9E%84%EC%83%81%EA%B8%B0%EA%B4%80-4%EA%B3%B3-%EC%8B%9C%ED%97%98%EC%9D%84-%ED%86%B5%EA%B3%BC%ED%95%98%EB%8B%A4,alt-ok,1216,832,https://sedaily-mbti-cms-media-dev.s3.us-east-1.amazonaws.com/media/mustknow-auto/20093876-webtoon-cut001.png
https://ailens.sedaily.ai/industry/2026/09/22/2026-09-22-%EB%AC%B4%EC%9D%B8%EC%A0%90%ED%8F%AC%EB%A7%88%EB%8B%A4-%EB%B0%9B%EB%8D%98-%EC%A7%80%EC%9B%90%EA%B8%88-%EA%B5%AD%EC%84%B8%EC%B2%AD-%EC%86%8C%EB%93%9D%EC%9E%90%EB%A3%8C%EB%A1%9C-%EA%B1%B8%EB%9F%AC%EB%82%B4%EB%8B%A4,no-alt,,,
https://ailens.sedaily.ai/industry/2026/09/22/2026-09-22-IPO-%EB%AA%BB-%ED%96%88%EB%8B%A4%EA%B3%A0-%EC%A0%84%ED%99%98%EA%B0%80-%EA%B9%8E%EB%8A%94-%EC%A1%B0%ED%95%AD-2027%EB%85%84-3%EC%9B%94%EB%B6%80%ED%84%B0-%ED%9A%A8%EB%A0%A5%EC%9D%84-%EC%9E%83%EC%8A%B5%EB%8B%88%EB%8B%A4,alt-ok,1216,832,https://sedaily-mbti-cms-media-dev.s3.us-east-1.amazonaws.com/media/mustknow-auto/20093847-webtoon-cut001.png
https://ailens.sedaily.ai/markets/2026/09/22/2026-09-22-%EC%8B%A0%ED%95%9C%EC%9A%B4%EC%9A%A9-SOL-%EC%B4%88%EB%8B%A8%EA%B8%B0%EC%B1%84%EA%B6%8C%EC%95%A1%ED%8B%B0%EB%B8%8C-ETF-%EC%88%9C%EC%9E%90%EC%82%B0-1%EC%A1%B0-%EB%8F%8C%ED%8C%8C,alt-ok,1216,832,https://sedaily-mbti-cms-media-dev.s3.us-east-1.amazonaws.com/media/mustknow-auto/20093769-webtoon-cut001.png
https://ailens.sedaily.ai/finance/2026/09/22/2026-09-22-%EC%A0%84-%EC%84%B8%EA%B3%84-%EC%97%94%ED%99%94-%EC%BD%94%EC%9D%B8-%EB%91%90-%EA%B0%9C-%EC%A4%91-%ED%95%98%EB%82%98%EA%B0%80-%ED%95%9C%EA%B5%AD%EC%97%90%EC%84%9C-%EA%B1%B0%EB%9E%98%EB%90%90%EB%8B%A4%EA%B3%A0,alt-ok,1216,832,https://sedaily-mbti-cms-media-dev.s3.us-east-1.amazonaws.com/media/frontpage-auto/20093577-webtoon-cut001.png
https://ailens.sedaily.ai/markets/2026/09/21/2026-09-21-%EB%B3%80%EB%8F%99%EC%84%B1-100-%ED%95%9C%EA%B5%AD-%EC%A6%9D%EC%8B%9C%EA%B0%80-%EA%B8%88%EC%9C%B5%EC%9C%84%EA%B8%B0%EA%B5%AD-%EB%84%A4-%EA%B3%B3-%EC%98%86%EC%97%90-%EB%86%93%EC%98%80%EB%8B%A4%EB%8B%88%EC%9A%94,alt-ok,1216,832,https://sedaily-mbti-cms-media-dev.s3.us-east-1.amazonaws.com/media/mustknow-auto/20093688-webtoon-cut001.png
https://ailens.sedaily.ai/news/2026/09/21/2026-09-21-%EC%88%98%EA%B8%B0-%EB%A9%94%EB%AA%A8%EC%97%90-%EC%A0%81%ED%9E%8C-%EC%A0%95%EC%B9%98%EC%9D%B8-14%EB%AA%85-%EC%B2%B4%ED%8F%AC-%EA%B3%84%EC%97%84-%EB%B0%A4%EC%97%90-%EA%B7%B8%EB%8C%80%EB%A1%9C-%EC%8B%A4%ED%96%89%EB%90%90%EC%8A%B5%EB%8B%88%EB%8B%A4,alt-ok,1216,832,https://sedaily-mbti-cms-media-dev.s3.us-east-1.amazonaws.com/media/mustknow-auto/20093617-webtoon-cut001.png
https://ailens.sedaily.ai/news/2026/09/21/2026-09-21-%EB%B9%84%EC%83%81%EA%B3%84%EC%97%84-%EA%B5%B0-%EB%8F%99%EC%9B%90-%EC%97%AC%EC%9D%B8%ED%98%95-18%EB%85%84-%EC%9D%B4%EC%A7%84%EC%9A%B0-15%EB%85%84-%EC%82%AC%EC%A0%84-%EA%B0%80%EB%8B%B4-%EB%B9%84%EB%82%9C-%EA%B0%80%EB%8A%A5%EC%84%B1-%EB%86%92%EC%95%84,alt-ok,1216,832,https://sedaily-mbti-cms-media-dev.s3.us-east-1.amazonaws.com/media/mustknow-auto/20093617-webtoon-cut001.png
https://ailens.sedaily.ai/markets/2026/09/21/2026-09-21-42%EC%B8%B5%EC%97%90%EC%84%9C-85%EC%B8%B5-%EB%A9%94%EB%A6%AC%EC%B8%A0-1%EC%A1%B0%EC%9D%98-%ED%86%A0%EB%A1%A0%ED%86%A0-%ED%83%80%EC%9B%8C-%EC%A4%80%EA%B3%B5-%EB%82%A0%EC%A7%9C%EA%B0%80-%EC%9E%A1%ED%98%94%EC%8A%B5%EB%8B%88%EB%8B%A4,alt-ok,1216,832,https://sedaily-mbti-cms-media-dev.s3.us-east-1.amazonaws.com/media/mustknow-auto/20093492-webtoon-cut001.png
https://ailens.sedaily.ai/industry/2026/09/21/2026-09-21-20%EB%A7%8C-%EB%AA%85-%EC%A0%95%EB%B3%B4%EA%B0%80-%EC%83%88%EA%B3%A0-%EA%B3%BC%EC%A7%95%EA%B8%88%EC%9D%80-6-500%EB%A7%8C-%EC%9B%90-%EA%B7%B8%EC%A4%91-%EC%A0%88%EB%B0%98%EC%9D%80-%EB%8C%80%ED%91%9C-%EA%B0%9C%EC%9D%B8-%EB%AA%AB,alt-ok,1216,832,https://sedaily-mbti-cms-media-dev.s3.us-east-1.amazonaws.com/media/mustknow-auto/20093578-webtoon-cut001.png
https://ailens.sedaily.ai/industry/2026/09/21/2026-09-21-%EC%BF%A0%ED%8C%A1-%EB%8C%80%EB%A7%8C%EC%84%9C-20%EB%A7%8C-%EB%AA%85-%EC%A0%95%EB%B3%B4-%EC%9C%A0%EC%B6%9C-%EA%B3%BC%EC%A7%95%EA%B8%88-6500%EB%A7%8C%EC%9B%90-%EB%B6%80%EA%B3%BC,alt-ok,1216,832,https://sedaily-mbti-cms-media-dev.s3.us-east-1.amazonaws.com/media/mustknow-auto/20093578-webtoon-cut001.png
https://ailens.sedaily.ai/markets/2026/09/21/2026-09-21-%ED%99%98%EC%9E%90-85%EB%AA%85-%EC%96%B4%EA%B9%A8-MRI-%EA%B2%B0%EA%B3%BC%EA%B0%80-%EB%82%98%EC%98%A8-%EB%82%A0-%EC%9D%B8%EB%B2%A4%ED%85%8C%EB%9D%BC-%EC%A3%BC%EA%B0%80%EB%8A%94-%EC%83%81%ED%95%9C%EA%B0%80%EB%A5%BC-%EC%B0%8D%EC%97%88%EC%8A%B5%EB%8B%88%EB%8B%A4,alt-ok,1216,832,https://sedaily-mbti-cms-media-dev.s3.us-east-1.amazonaws.com/media/mustknow-auto/20093486-webtoon-cut001.png
https://ailens.sedaily.ai/markets/2026/09/21/2026-09-21-%EC%98%AC%ED%95%B4-%ED%8F%89%EA%B7%A0-%EC%88%98%EC%9D%B5%EB%A5%A0-5-9-%EC%9E%A5%EA%B8%B0%EC%B1%84-ETF-%ED%88%AC%EC%9E%90%EC%9E%90-%EC%86%8D%ED%83%80%EB%84%A4,alt-ok,1216,832,https://sedaily-mbti-cms-media-dev.s3.us-east-1.amazonaws.com/media/mustknow-auto/20093615-webtoon-cut001.png
https://ailens.sedaily.ai/markets/2026/09/21/2026-09-21-%EB%8B%A8%EB%8F%85-NH-%EB%8B%A8%EA%B8%B0-IMA-%EC%8A%B9%EB%B6%80%EC%88%98-1%EB%85%84-6%EA%B0%9C%EC%9B%94%EB%AC%BC-%EC%B2%AB%EC%84%A0,alt-ok,1216,832,https://sedaily-mbti-cms-media-dev.s3.us-east-1.amazonaws.com/media/mustknow-auto/20093619-webtoon-cut001.png
https://ailens.sedaily.ai/markets/2026/09/21/2026-09-21-%EB%8B%A8%EB%8F%85-%EB%B9%853-%EB%84%98%EB%B3%B8%EB%8B%A4-%EB%85%B8%EB%9E%91%ED%86%B5%EB%8B%AD-DBJ-%EC%B6%94%EA%B0%80-%EC%84%A0%EC%9E%84%ED%95%B4-%EB%A7%A4%EA%B0%81-%EB%B3%B8%EA%B2%A9-%EC%B0%A9%EC%88%98-%EC%8B%9C%EA%B7%B8%EB%84%90,alt-ok,1216,832,https://sedaily-mbti-cms-media-dev.s3.us-east-1.amazonaws.com/media/mustknow-auto/20093505-webtoon-cut001.png
https://ailens.sedaily.ai/industry/2026/09/21/2026-09-21-%EA%B3%A0%EB%A0%A4%EC%95%84%EC%97%B0-10%EC%A1%B0-%EC%A0%9C%EB%A0%A8%EC%86%8C-%EA%B1%B4%EC%84%A4-%ED%83%84%EB%A0%A5-%ED%98%84%EC%A7%80-%ED%99%98%EA%B2%BD%EC%98%81%ED%96%A5%ED%8F%89%EA%B0%80-%ED%86%B5%EA%B3%BC,alt-ok,1216,832,https://sedaily-mbti-cms-media-dev.s3.us-east-1.amazonaws.com/media/mustknow-auto/20093524-webtoon-cut001.png
https://ailens.sedaily.ai/markets/2026/09/21/2026-09-21-%EC%9D%B8%EB%B2%A4%ED%85%8C%EB%9D%BC-INV-002-%EA%B5%AD%EB%82%B4-%EC%9E%84%EC%83%81-3%EC%83%81-%EC%B5%9C%EC%A2%85-%EC%84%B1%EA%B3%B5,alt-ok,1216,832,https://sedaily-mbti-cms-media-dev.s3.us-east-1.amazonaws.com/media/mustknow-auto/20093516-webtoon-cut001.png
https://ailens.sedaily.ai/news/2026/09/21/2026-09-21-%ED%95%9C%EC%9D%80-%EC%9B%90%ED%99%94%EA%B5%AD%EC%A0%9C%EA%B2%B0%EC%A0%9C%EB%A7%9D-21%EC%9D%BC%EB%B6%80%ED%84%B0-%EC%8B%9C%EB%B2%94%EC%9A%B4%EC%98%81-%EC%B2%AB-%EA%B1%B0%EB%9E%98-14%EC%96%B5%EC%9B%90,alt-ok,1216,832,https://sedaily-mbti-cms-media-dev.s3.us-east-1.amazonaws.com/media/mustknow-auto/20093382-webtoon-cut001.png
https://ailens.sedaily.ai/industry/2026/09/21/2026-09-21-%EB%A1%AF%EB%8D%B0%EB%B0%B1%ED%99%94%EC%A0%90-5%EB%85%84-%EB%A7%8C%EC%97%90-%ED%9D%AC%EB%A7%9D%ED%87%B4%EC%A7%81-%EA%B8%B0%EC%A4%80%EC%9E%84%EA%B8%88-40%EA%B0%9C%EC%9B%94%EB%B6%84-%EC%A7%80%EA%B8%89,alt-ok,1216,832,https://sedaily-mbti-cms-media-dev.s3.us-east-1.amazonaws.com/media/mustknow-auto/20093466-webtoon-cut001.png
https://ailens.sedaily.ai/markets/2026/09/21/2026-09-21-%EC%8B%A0%ED%95%9C-MTS-%EC%9E%A5%EC%95%A0-%EB%B0%9C%EC%83%9D-%EC%A0%95%EA%B7%9C%EC%9E%A5%EC%84%9C-%EB%A7%A4%EB%A7%A4-%EB%A8%B9%ED%86%B5,alt-ok,1216,832,https://sedaily-mbti-cms-media-dev.s3.us-east-1.amazonaws.com/media/mustknow-auto/20093295-webtoon-cut001.png
https://ailens.sedaily.ai/markets/2026/09/21/2026-09-21-%EA%B1%B0%EB%9E%98%EB%8C%80%EA%B8%88-138%EC%A1%B0-56%EC%A1%B0-%EC%8B%A0%ED%95%9C-5%EB%8C%80-%EC%A6%9D%EA%B6%8C%EC%82%AC-%EB%AA%A9%ED%91%9C%EA%B0%80-%EC%A4%84%EC%A4%84%EC%9D%B4-%EC%A4%8D%EC%A4%8D%EB%A6%AC%ED%8F%AC%ED%8A%B8,alt-ok,1216,832,https://sedaily-mbti-cms-media-dev.s3.us-east-1.amazonaws.com/media/mustknow-auto/20093241-webtoon-cut001.png
https://ailens.sedaily.ai/markets/2026/09/21/2026-09-21-%EA%B8%88%EA%B0%90%EC%9B%90%EC%9D%B4-%EB%B3%B8-%EC%A6%9D%EA%B6%8C%EC%82%AC-4%EA%B3%B3-%EC%A0%90%ED%8F%AC%EC%97%90%EC%84%9C-%EA%B3%A0%EA%B0%9D-%EC%8B%A0%EC%9A%A9%EC%A0%95%EB%B3%B4-%EB%AC%B4%EB%8B%A8-%EC%A1%B0%ED%9A%8C%EA%B0%80-%EB%82%98%EC%99%94%EC%8A%B5%EB%8B%88%EB%8B%A4,alt-ok,1216,832,https://sedaily-mbti-cms-media-dev.s3.us-east-1.amazonaws.com/media/mustknow-auto/20093296-webtoon-cut001.png
https://ailens.sedaily.ai/culture/2026/09/21/2026-09-21-%EB%8F%85%EA%B0%90-%EC%9C%A0%ED%96%89-%EB%B9%A8%EB%9D%BC%EC%A1%8C%EB%8B%A4-%EC%96%B4%EB%A6%B0%EC%9D%B4-%EC%9E%84%EC%8B%A0%EB%B6%80-%EA%B5%AD%EA%B0%80%EC%98%88%EB%B0%A9%EC%A0%91%EC%A2%85-%EC%8B%9C%EC%9E%91-%ED%97%AC%EC%8B%9C%ED%83%80%EC%9E%84,alt-ok,1216,832,https://sedaily-mbti-cms-media-dev.s3.us-east-1.amazonaws.com/media/mustknow-auto/20093262-webtoon-cut001.png
https://ailens.sedaily.ai/markets/2026/09/21/2026-09-21-%EB%8F%99%EC%9B%90%ED%8C%8C%EC%B8%A0-%EC%83%81%EC%9E%A5-%EC%98%88%EC%8B%AC-26%EC%98%81%EC%97%85%EC%9D%BC%EB%A7%8C%EC%97%90-%ED%86%B5%EA%B3%BC-%EC%8B%9C%EA%B7%B8%EB%84%90,alt-ok,1216,832,https://sedaily-mbti-cms-media-dev.s3.us-east-1.amazonaws.com/media/mustknow-auto/20092992-webtoon-cut001.png
https://ailens.sedaily.ai/industry/2026/09/21/2026-09-21-%ED%95%9C%ED%99%94%EA%B7%B8%EB%A3%B9-%EC%B6%94%EC%84%9D-%EB%A7%9E%EC%9D%B4-%ED%98%91%EB%A0%A5%EC%82%AC-%EB%8C%80%EA%B8%88-1850%EC%96%B5%EC%9B%90-%EC%A1%B0%EA%B8%B0-%EC%A7%80%EA%B8%89,alt-ok,1216,832,https://sedaily-mbti-cms-media-dev.s3.us-east-1.amazonaws.com/media/mustknow-auto/20093064-webtoon-cut001.png
https://ailens.sedaily.ai/markets/2026/09/21/2026-09-21-%EC%86%8D%EB%B3%B4-%EC%BD%94%EC%8A%A4%ED%94%BC-8%EA%B1%B0%EB%9E%98%EC%9D%BC-%EB%A7%8C%EC%97%90-%EC%9E%A5%EC%A4%91-7000%EC%84%A0-%ED%83%88%ED%99%98,alt-ok,1216,832,https://sedaily-mbti-cms-media-dev.s3.us-east-1.amazonaws.com/media/mustknow-auto/20093251-webtoon-cut001.png
https://ailens.sedaily.ai/markets/2026/09/21/2026-09-21-%EB%AF%B8%EC%84%B1%EB%85%84%EC%9E%90-%EB%B9%9A%ED%88%AC-%EB%A7%89%EB%8A%94%EB%8B%A4-%EA%B8%88%EC%9C%B5%EB%8B%B9%EA%B5%AD-%EB%AF%B8%EC%88%98%EA%B1%B0%EB%9E%98-%EC%9B%90%EC%B2%9C%EC%B0%A8%EB%8B%A8-%EB%AA%85%EB%AC%B8%ED%99%94,alt-ok,1216,832,https://sedaily-mbti-cms-media-dev.s3.us-east-1.amazonaws.com/media/mustknow-auto/20093228-webtoon-cut001.png
https://ailens.sedaily.ai/news/2026/09/21/2026-09-21-%ED%98%95%EC%82%AC%EC%82%AC%EB%B2%95-%EB%8C%80%EC%A0%84%ED%99%98-%EC%97%B4%ED%9D%98-%EC%95%9E%EB%91%90%EA%B3%A0-%EA%B3%B5%EC%86%8C%EC%B2%AD-%EC%A4%91%EC%88%98%EC%B2%AD-%EC%88%98%EC%9E%A5-%EB%8F%99%EC%8B%9C-%EA%B3%B5%EB%B0%B1-%EC%9A%B0%EB%A0%A4,alt-ok,1216,832,https://sedaily-mbti-cms-media-dev.s3.us-east-1.amazonaws.com/media/mustknow-auto/20093168-webtoon-cut001.png
https://ailens.sedaily.ai/international/2026/09/21/2026-09-21-%EC%A0%95%EC%83%81-24%EC%9D%BC-%EB%B0%B1%EC%95%85%EA%B4%80-%ED%9A%8C%EB%8B%B4-%EB%B9%85%ED%85%8C%ED%81%AC-CEO-%EB%8C%80%EA%B1%B0-%EB%B0%B0%EC%84%9D-%EA%B8%80%EB%A1%9C%EB%B2%8C-%EB%AA%A8%EB%8B%9D-%EB%B8%8C%EB%A6%AC%ED%95%91,alt-ok,1216,832,https://sedaily-mbti-cms-media-dev.s3.us-east-1.amazonaws.com/media/mustknow-auto/20093184-webtoon-cut001.png
https://ailens.sedaily.ai/industry/2026/09/21/2026-09-21-%EC%A4%91%EA%B8%B0%EC%A4%91%EC%95%99%ED%9A%8C-%ED%98%91%EC%83%81%EB%A0%A5-%EC%A0%9C%EA%B3%A0-%EC%98%A8%ED%94%8C%EB%B2%95-%EC%A0%9C%EC%A0%95-%ED%95%84%EC%9A%94,no-alt,,,
https://ailens.sedaily.ai/industry/2026/09/21/2026-09-21-AI-%EC%86%8D%EB%8F%84%EC%A0%84-%EB%82%98%EC%84%A0-%EC%9E%AC%EA%B3%84-LG-%ED%8F%AC%EC%8A%A4%EC%BD%94-LS-%EC%B4%9D%EC%88%98-%EC%9D%BC%EC%A0%9C%ED%9E%88-%ED%98%81%EC%8B%A0-%EC%84%9C%EB%91%90%EB%A5%B4%EC%9E%90,no-alt,,,
https://ailens.sedaily.ai/markets/2026/09/21/2026-09-21-%EC%A7%80%EC%88%98%EB%A5%BC-%EB%94%B0%EB%9D%BC%EA%B0%80%EB%8A%94-%EB%8F%88%EC%9D%B4-%EC%A4%84%EA%B3%A0-%EC%9E%88%EC%8A%B5%EB%8B%88%EB%8B%A4,alt-ok,1216,832,https://sedaily-mbti-cms-media-dev.s3.us-east-1.amazonaws.com/media/mustknow-auto/20093147-webtoon-cut001.png
https://ailens.sedaily.ai/markets/2026/09/21/2026-09-21-%EB%8B%A8%EB%8F%85-%EA%B2%BD%EC%98%81%EC%A7%84%EC%9D%98-%EB%B6%81%EA%B2%BD%ED%95%9C%EB%AF%B8-%EB%A7%B9%ED%83%95-%EC%A0%90%EA%B2%80-%ED%96%89%EB%8F%99%EC%A3%BC%EC%9D%98-%EA%B3%B5%EC%84%B8-%EC%B4%88%EB%9E%98%ED%96%88%EB%8B%A4-%EC%8B%9C%EA%B7%B8%EB%84%90,alt-ok,1216,832,https://sedaily-mbti-cms-media-dev.s3.us-east-1.amazonaws.com/media/mustknow-auto/20092985-webtoon-cut001.png
https://ailens.sedaily.ai/news/2026/09/19/2026-09-19-%EC%B6%9C%EB%B2%94-2%EC%A3%BC-%EB%82%A8%EC%95%98%EB%8A%94%EB%8D%B0-%EC%A0%95%EC%B9%98%EA%B6%8C-%ED%9D%94%EB%93%A4%EA%B8%B0-%EC%97%90-%EC%88%98%EC%9E%A5-%EC%97%86%EB%8A%94-%EC%A4%91%EC%88%98%EC%B2%AD-%EB%90%98%EB%82%98-%EC%84%9C%EC%B4%88%EB%8F%99-%EC%95%BC%EB%8B%A8%EB%B2%95%EC%84%9D,no-alt,,,
https://ailens.sedaily.ai/industry/2026/09/19/2026-09-19-%EC%9D%BC%EB%B3%B8-%EA%B0%80%EB%A9%B4-%EA%BC%AD-%EC%82%AC-%EB%A8%B9%EB%8D%98-%EA%B1%B4%EB%8D%B0-%EB%93%A4%EC%96%B4%EC%98%A8%EC%A7%80-%EB%B0%98%EB%85%84-%EB%A7%8C%EC%97%90-100%EB%A7%8C%EC%9E%94-%ED%8C%94%EB%A0%B8%EB%8B%A4,no-alt,,,
https://ailens.sedaily.ai/industry/2026/09/19/2026-09-19-%ED%8C%8C%EB%A6%AC%EC%A6%9D%EC%8B%9C%EC%97%90%EC%84%9C-412-30%EC%9C%A0%EB%A1%9C-%EC%84%B8%EA%B3%84-%EC%B5%9C%EB%8C%80-%EB%AA%85%ED%92%88-%EA%B7%B8%EB%A3%B9-%EB%A3%A8%EC%9D%B4%EB%B9%84%ED%86%B5%EB%AA%A8%EC%97%90%ED%97%A4%EB%84%A4%EC%8B%9C-LVMH-%EC%9D%98-2026%EB%85%84-9%EC%9B%94-17%EC%9D%BC-%ED%98%84,no-alt,,,
https://ailens.sedaily.ai/markets/2026/09/19/2026-09-19-%EC%A7%80%EB%82%9C%ED%95%B4-%EB%A7%A4%EC%B6%9C-%EC%95%BD-1-100%EC%96%B5-%EC%9B%90-%ED%99%94%EC%84%B1%EC%BD%94%EC%8A%A4%EB%A9%94%ED%8B%B1%EC%9D%B4-%EB%A7%8C%EB%93%9C%EB%8A%94-%EC%95%84%EC%9D%B4%EC%84%80%EB%8F%84%EB%8A%94-%EA%B5%AD%EB%82%B4-%EC%9D%B8%EB%94%94-%EB%B8%8C%EB%9E%9C%EB%93%9C-%EC%A0%9C%ED%92%88%EC%97%90%EB%8F%84-%EB%A1%9C%EB%A0%88%EC%95%8C%EA%B3%BC-%EC%97%90%EC%8A%A4,no-alt,,,
https://ailens.sedaily.ai/industry/2026/09/19/2026-09-19-%EC%A4%91%EB%8F%99%EB%B0%9C-%EC%97%90%EB%84%88%EC%A7%80-%EB%8C%80%EB%9E%80-%EC%97%90-%EB%B6%88%EB%B6%99%EC%9D%80-%EC%9F%81%ED%83%88%EC%A0%84-%EA%B8%B0%EC%97%85-%EA%B0%80%EC%8A%A4%EC%A0%84-%EC%84%A0%EC%A0%90-%EB%B9%9B%EB%82%AC%EB%8B%A4-Biz-%ED%94%8C%EB%9F%AC%EC%8A%A4,no-alt,,,
https://ailens.sedaily.ai/markets/2026/09/19/2026-09-19-%EB%8F%8C%EC%95%84%EC%98%A8-AI-%EB%B0%98%EB%8F%84%EC%B2%B4-%ED%88%AC%EC%8B%AC-LG%EC%9D%B4%EB%85%B8%ED%85%8D-%EB%93%B1-%EB%B6%80%ED%92%88%EC%A3%BC-%EB%8D%95%EB%B4%A4%EB%8B%A4-%EC%BD%94%EC%A3%BC%EB%B6%80,no-alt,,,
https://ailens.sedaily.ai/news/2026/09/19/2026-09-18-%EB%8B%A8%EB%8F%85-%EA%B5%AD%EB%AF%BC%EC%97%B0%EA%B8%88-%ED%95%B4%ED%82%B9%EC%8B%9C%EB%8F%84-275-%ED%8F%AD%EC%A6%9D-%ED%95%98%EB%A3%A8-800%EA%B1%B4-%EA%BC%B4,no-alt,,,
https://ailens.sedaily.ai/news/2026/09/19/2026-09-18-%ED%8F%AC%EC%8A%A4%EC%BD%94-%ED%95%98%EC%B2%AD%EB%85%B8%EC%A1%B0-%EA%B5%90%EC%84%AD%EC%97%90-%EB%B2%95%EC%9B%90-%EC%A0%9C%EB%8F%99-%EC%82%AC%EC%B8%A1-%EC%A7%91%ED%96%89%EC%A0%95%EC%A7%80-%EC%B2%AB-%EC%9D%B8%EC%9A%A9-2,no-alt,,,
https://ailens.sedaily.ai/news/2026/09/19/2026-09-18-%ED%8F%AC%EC%8A%A4%EC%BD%94-%ED%95%98%EC%B2%AD%EB%85%B8%EC%A1%B0-%EA%B5%90%EC%84%AD%EC%97%90-%EB%B2%95%EC%9B%90-%EC%A0%9C%EB%8F%99-%EC%82%AC%EC%B8%A1-%EC%A7%91%ED%96%89%EC%A0%95%EC%A7%80-%EC%B2%AB-%EC%9D%B8%EC%9A%A9,no-alt,,,
https://ailens.sedaily.ai/industry/2026/09/19/2026-09-18-%EB%A3%A8%EB%8B%9B-%ED%83%80%EC%9E%84-%EC%84%B8%EA%B3%84-%EC%B5%9C%EA%B3%A0-%ED%97%AC%EC%8A%A4%ED%85%8C%ED%81%AC-%EA%B8%B0%EC%97%85-%EC%84%A0%EC%A0%95,no-alt,,,
https://ailens.sedaily.ai/industry/2026/09/19/2026-09-18-%EC%B5%9C%EB%8C%80%EC%A3%BC%EC%A3%BC-%EC%A7%80%EB%B6%84-%EB%A7%A4%EB%8F%84%EC%97%90-BGF%EB%A6%AC%ED%85%8C%EC%9D%BC-4-%EB%8C%80-%ED%95%98%EB%9D%BD-%EC%9D%B4%EB%9F%B0%EA%B5%AD%EC%9E%A5-%EC%A0%80%EB%9F%B0%EC%A3%BC%EC%8B%9D,no-alt,,,
https://ailens.sedaily.ai/industry/2026/09/19/2026-09-18-SK%ED%95%98%EC%9D%B4%EB%8B%89%EC%8A%A4-%EB%AF%B8%EA%B5%AD%EC%97%90-%EC%B2%AB-%EB%82%B8%EB%93%9C-%EA%B3%B5%EC%9E%A5-%EA%B2%80%ED%86%A0,no-alt,,,
https://ailens.sedaily.ai/markets/2026/09/18/2026-09-18-%EC%95%88%EC%A0%84%EC%9E%90%EC%82%B0-30-%EB%A5%BC-%EC%B1%84%EC%9A%B0%EB%A9%B4%EC%84%9C-%EC%A3%BC%EC%8B%9D%EC%9D%80-85-%EA%B9%8C%EC%A7%80,no-alt,,,
https://ailens.sedaily.ai/markets/2026/09/18/2026-09-18-%EA%B8%B0%EC%97%85-%EA%B3%B5%EC%8B%9C-9%EC%9B%94-18%EC%9D%BC,no-alt,,,
https://ailens.sedaily.ai/markets/2026/09/18/2026-09-18-%EB%89%B4%EC%9A%95-%ED%95%9C%EC%9D%B8-%EA%B8%B0%EC%97%85%EC%9D%B4-%EC%BD%94%EC%8A%A4%EB%8B%A5-%EB%AC%B8%EC%9D%84-%EB%91%90%EB%93%9C%EB%A6%B0%EB%8B%A4,no-alt,,,
https://ailens.sedaily.ai/markets/2026/09/18/2026-09-18-%EC%8B%A0%EC%83%9D-%EC%9A%B4%EC%9A%A9%EC%82%AC%EC%97%90-20%EC%96%B5-%EC%9B%90-%EB%A6%AC%EA%B7%B8%EA%B0%80-%EC%97%B4%EB%A0%B8%EB%8B%A4,no-alt,,,
https://ailens.sedaily.ai/industry/2026/09/18/2026-09-18-%EC%9E%84%EB%8C%80%EC%B0%A8%EA%B3%84%EC%95%BD-%ED%95%98%EB%82%98%EC%97%90-515%EC%96%B5-5-000%EB%A7%8C-%EC%9B%90%EC%9D%B4-%EC%98%A4%EA%B0%94%EC%8A%B5%EB%8B%88%EB%8B%A4-%EC%A0%9C%EC%A3%BC%ED%95%AD%EA%B3%B5%EC%9D%B4-%EC%9C%A0%EB%8F%99%EC%84%B1-%ED%99%95%EB%B3%B4%EC%99%80-%EB%B9%84%EC%9A%A9-%ED%9A%A8%EC%9C%A8%ED%99%94%EB%A5%BC-%EC%9D%98%EB%8F%84%ED%96%88%EB%8B%A4%EB%A9%B4,no-alt,,,
https://ailens.sedaily.ai/markets/2026/09/18/2026-09-18-%EC%A0%A0%EC%8A%A8-%ED%99%A9-%EB%82%B4%EB%85%84-%EC%B9%A9-%ED%8C%90%EB%A7%A4-2%EB%B0%B0%EB%A1%9C-%EB%9B%B4%EB%8B%A4-%ED%95%9C%EB%A7%88%EB%94%94%EC%97%90-%EC%82%BC%EC%A0%84%EB%8B%89%EC%8A%A4-%EB%82%98%EB%9E%80%ED%9E%88-%ED%9B%A8%ED%9B%A8,no-alt,,,
https://ailens.sedaily.ai/markets/2026/09/18/2026-09-18-AI-%EB%B3%B4%EC%95%88-%EA%B0%95%EC%84%B8%EC%97%90-SOL-%EB%AF%B8%EA%B5%ADAI%EC%86%8C%ED%94%84%ED%8A%B8%EC%9B%A8%EC%96%B4-%EC%A0%84%EA%B5%AC%EA%B0%84-%EC%88%98%EC%9D%B5%EB%A5%A0-1%EC%9C%84,no-alt,,,
https://ailens.sedaily.ai/markets/2026/09/18/2026-09-18-%EB%8F%99%EC%8B%AD%EC%9E%90%EA%B0%81-%EB%98%90-%EB%8F%84%EB%A7%88%EC%9C%84-%EC%98%A4%EB%A5%B8-%EA%B8%88%EA%B0%90%EC%9B%90-%EB%A8%BC%EC%A7%80%ED%84%B8%EC%9D%B4%EC%8B%9D-%EA%B2%80%EC%82%AC,no-alt,,,
https://ailens.sedaily.ai/markets/2026/09/18/2026-09-18-%EB%88%84%EA%B0%80-%EB%A7%A1%EA%B2%BC%EB%8A%94%EC%A7%80%EB%8A%94-%EA%B3%B5%EA%B0%9C%EB%90%98%EC%A7%80-%EC%95%8A%EC%95%98%EB%8B%A4,no-alt,,,
https://ailens.sedaily.ai/industry/2026/09/18/2026-09-18-%ED%95%9C%EC%84%AC%EC%9D%B4-%EC%9E%90%EA%B8%B0%EC%A3%BC%EC%8B%9D-65%EB%A7%8C-3-168%EC%A3%BC%EB%A5%BC-%EC%82%AC%EB%93%A4%EC%9D%B4%EA%B8%B0%EB%A1%9C-%ED%96%88%EC%8A%B5%EB%8B%88%EB%8B%A4-%EC%A0%84%EC%B2%B4-%EB%B0%9C%ED%96%89%EC%A3%BC%EC%8B%9D-%EC%88%98%EC%9D%98-%EC%95%BD-3-0-%EC%97%90-%ED%95%B4%EB%8B%B9%ED%95%A9%EB%8B%88%EB%8B%A4-%EC%82%AC,no-alt,,,
https://ailens.sedaily.ai/industry/2026/09/18/2026-09-18-%ED%95%B4%ED%83%9C%EC%A0%9C%EA%B3%BC-%EC%98%A4%EC%98%88%EC%8A%A4-%ED%99%88%EB%9F%B0%EB%B3%BC-%EB%93%B1-25%EA%B0%9C-%EB%B8%8C%EB%9E%9C%EB%93%9C-%EA%B0%80%EA%B2%A9-%EC%9D%B8%EC%83%81-%ED%8F%89%EA%B7%A0-7-8,no-alt,,,
https://ailens.sedaily.ai/markets/2026/09/18/2026-09-18-%EA%B8%88%EB%A6%AC-%ED%95%98%EB%82%98%EC%97%90-%EC%82%BC%EC%84%B1%EC%A0%84%EC%9E%90%EA%B0%80-3-%EC%98%AC%EB%9E%90%EB%8B%A4,no-alt,,,
https://ailens.sedaily.ai/news/2026/09/18/2026-09-18-%EB%8C%80%EC%A0%84-%EB%B0%A9%EC%82%B0-%EC%86%8C%EB%B6%80%EC%9E%A5-%ED%8A%B9%ED%99%94%EB%8B%A8%EC%A7%80-%EB%90%90%EB%8B%A4,no-alt,,,
https://ailens.sedaily.ai/markets/2026/09/18/2026-09-18-%EC%98%A4%EB%A6%84%ED%85%8C%EB%9D%BC%ED%93%A8%ED%8B%B1-BMS-ORM-6151-%EA%B0%9C%EB%B0%9C-%EC%A4%91%EB%8B%A8%EC%97%90-%ED%95%98%ED%95%9C%EA%B0%80-Why%EB%B0%94%EC%9D%B4%EC%98%A4,no-alt,,,
https://ailens.sedaily.ai/markets/2026/09/18/2026-09-18-4%EB%A7%8C8000%EC%9B%90-%EC%A3%BC%EC%A3%BC%EB%93%A4%EC%9D%80-%ED%8C%94%EC%A7%80-%EC%95%8A%EC%95%98%EC%8A%B5%EB%8B%88%EB%8B%A4,no-alt,,,
https://ailens.sedaily.ai/industry/2026/09/18/2026-09-18-6%EA%B8%B0%EA%B0%80%EB%B0%94%EC%9D%B4%ED%8A%B8-%EB%8F%84%EB%A9%B4%EC%9D%B4-59%EB%A9%94%EA%B0%80%EA%B0%80-%EB%90%9C-%EC%9D%B4%EC%9C%A0,no-alt,,,
https://ailens.sedaily.ai/markets/2026/09/18/2026-09-18-%EC%A3%BC%EB%AC%B8%EC%9D%80-%EC%9E%88%EC%97%88%EC%A7%80%EB%A7%8C-%EB%9D%BC%EC%9D%B8%EC%9D%B4-%EC%97%86%EC%97%88%EB%8B%A4,no-alt,,,
https://ailens.sedaily.ai/markets/2026/09/18/2026-09-18-%EC%9D%B4%EB%A6%84%EC%9D%B4-%EB%AA%85%EB%8B%A8%EC%97%90-%EC%98%A4%EB%A5%B4%EC%9E%90-%EC%A3%BC%EA%B0%80%EA%B0%80-11-%EC%98%AC%EB%9E%90%EB%8B%A4,no-alt,,,
https://ailens.sedaily.ai/markets/2026/09/18/2026-09-18-41-6-%EC%96%B9%EC%97%88%EB%8A%94%EB%8D%B0%EB%8F%84-%EC%A3%BC%EC%A3%BC%EB%93%A4%EC%9D%80-%ED%8C%94%EC%A7%80-%EC%95%8A%EC%95%98%EB%8B%A4,no-alt,,,
https://ailens.sedaily.ai/international/2026/09/18/2026-09-18-%EC%82%AC%EC%84%A4-3%EB%85%84-%EB%A7%8C%EC%97%90-%EA%B8%B4%EC%B6%95-%EB%8F%8C%EC%9E%85-%EC%8B%A4%EB%AC%BC-%EA%B2%BD%EC%A0%9C-%EB%B0%A9%ED%8C%8C%EC%A0%9C-%EB%B9%88%ED%8B%88-%EC%97%86%EC%96%B4%EC%95%BC,no-alt,,,
https://ailens.sedaily.ai/industry/2026/09/18/2026-09-18-%EC%82%BC%EC%84%B1-%EB%B6%81%EB%AF%B8-%EC%97%B0%EA%B5%AC-%EC%88%98%EC%9E%A5%EC%97%90-%EC%8A%A4%ED%83%A0%ED%8D%BC%EB%93%9C-%EC%84%9D%ED%95%99-%ED%94%BC%EC%A7%80%EC%BB%AC-AI-%EC%B2%B4%EC%A0%9C-%EC%A0%84%ED%99%98,no-alt,,,
https://ailens.sedaily.ai/industry/2026/09/18/2026-09-18-%EC%84%A4%EB%B9%84%EB%8A%94-%EC%84%B0%EB%8A%94%EB%8D%B0-%EC%9B%90%EB%A3%8C-%EA%B3%B5%EC%9E%A5%EC%9D%80-%EC%84%A4%EA%B3%84%EB%8F%84%EC%97%90%EC%84%9C-%EB%A9%88%EC%B7%84%EB%8B%A4,no-alt,,,
https://ailens.sedaily.ai/industry/2026/09/18/2026-09-17-AI-%EB%AF%B8%EB%9E%98-%EC%8A%B9%EB%B6%80%EC%B2%98%EC%97%90%EC%84%9C-%EC%9D%B4%EA%B8%B8-%EC%88%98-%EC%9E%88%EB%8F%84%EB%A1%9D-%EC%82%AC%EC%9E%A5%EB%8B%A8%EC%9D%B4-%EB%B9%A0%EB%A5%B8-%EC%86%8D%EB%8F%84%EC%99%80-%EC%A7%91%EC%9A%94%ED%95%9C-%EC%8B%A4%ED%96%89%EB%A0%A5%EC%9D%84-%EA%B0%96%EC%B6%B0%EB%8B%AC%EB%9D%BC-%EA%B5%AC%EA%B4%91%EB%AA%A8-LG-%ED%9A%8C%EC%9E%A5%EC%9D%B4,no-alt,,,
https://ailens.sedaily.ai/news/2026/09/18/2026-09-17-%EB%B0%98%EB%8C%80%ED%95%98%EB%9F%AC-%EB%8C%80%ED%99%94-%EC%9E%90%EB%A6%AC%EC%97%90-%EC%95%89%EB%8A%94%EB%8B%A4,no-alt,,,
https://ailens.sedaily.ai/news/2026/09/18/2026-09-17-%ED%9A%8C%EC%82%AC%EC%9D%98-%EC%A3%BC%EC%9D%B8%EC%9D%B4-%EB%B0%94%EB%80%94-%EB%95%8C-%EC%A7%80%EB%B6%84%EC%9D%84-%EB%B9%84%EC%8B%B8%EA%B2%8C-%ED%8C%8C%EB%8A%94-%EC%AA%BD%EC%9D%80-%EC%96%B8%EC%A0%9C%EB%82%98-%EC%A7%80%EB%B0%B0%EC%A3%BC%EC%A3%BC%EC%98%80%EC%8A%B5%EB%8B%88%EB%8B%A4-%EA%B0%99%EC%9D%80-%ED%9A%8C%EC%82%AC-%EC%A3%BC%EC%8B%9D%EC%9D%84-%EB%93%A4%EA%B3%A0-%EC%9E%88%EC%96%B4%EB%8F%84-%EC%9D%BC,no-alt,,,
https://ailens.sedaily.ai/news/2026/09/18/2026-09-17-%EB%B2%95%EC%9B%90-%ED%95%98%EC%B2%AD%EB%85%B8%EC%A1%B0-%EA%B5%90%EC%84%AD%EC%9A%94%EA%B5%AC-%EA%B3%B5%EA%B3%A0-%EB%A9%88%EC%B6%B0%EB%8B%AC%EB%9D%BC%EB%8A%94-%EC%9B%90%EC%B2%AD-%EC%8B%A0%EC%B2%AD-%EC%B2%AB-%EA%B8%B0%EA%B0%81,no-alt,,,
https://ailens.sedaily.ai/markets/2026/09/17/2026-09-17-%EC%98%A4%ED%9B%84-4%EC%8B%9C-%EC%A3%BC%EB%AC%B8%EC%9D%84-%EB%8B%A4%EC%8B%9C-%EB%82%B4%EC%95%BC-%ED%95%A9%EB%8B%88%EB%8B%A4,no-alt,,,
https://ailens.sedaily.ai/industry/2026/09/17/2026-09-17-SK-%EC%86%8C%EC%9E%AC-%EC%9E%A5%EB%B9%84-%EC%9D%B8%ED%94%84%EB%9D%BC-%EC%82%AC%EC%97%85-%EB%AC%B6%EC%96%B4-%EC%8B%9C%EB%84%88%EC%A7%80-%EA%B7%B8%EB%A3%B9-%EB%A6%AC%EB%B0%B8%EB%9F%B0%EC%8B%B1%EB%8F%84-%EB%B0%98%EB%8F%84%EC%B2%B4-%EC%9C%84%EC%A3%BC-%EA%B0%80%EC%86%8D,no-alt,,,
https://ailens.sedaily.ai/news/2026/09/17/2026-09-17-%EA%B0%80%EB%B0%A9%EC%9D%80-%EA%B7%B8%EB%8C%80%EB%A1%9C%EC%9D%B8%EB%8D%B0-%EA%B2%B0%EB%A1%A0%EC%9D%B4-%EB%B0%94%EB%80%8C%EC%97%88%EB%8B%A4,no-alt,,,
https://ailens.sedaily.ai/markets/2026/09/17/2026-09-17-%EB%8B%B7%EC%BB%B4%EB%B2%84%EB%B8%94-%EA%B8%88%EB%A6%AC-%EB%9B%B8-%EB%95%8C-%EC%A3%BC%EA%B0%80%EB%8A%94-2%EB%B0%B0-%EC%98%AC%EB%9E%90%EB%8B%A4,no-alt,,,
https://ailens.sedaily.ai/finance/2026/09/17/2026-09-17-%EC%A7%80%EB%82%9C%EB%8B%AC%EA%B9%8C%EC%A7%80%EB%A7%8C-%ED%95%B4%EB%8F%84-4%EB%8C%80-%EC%8B%9C%EC%A4%91%EC%9D%80%ED%96%89%EC%97%90%EC%84%9C-%EC%97%B0-4-%EB%8C%80-%EA%B3%A0%EC%A0%95%EA%B8%88%EB%A6%AC-%EC%A3%BC%ED%83%9D%EB%8B%B4%EB%B3%B4%EB%8C%80%EC%B6%9C%EC%9D%84-%EC%B0%BE%EC%9D%84-%EC%88%98-%EC%9E%88%EC%97%88%EC%8A%B5%EB%8B%88%EB%8B%A4-%EC%A7%80%EA%B8%88%EC%9D%80-%EC%8B%A0%ED%95%9C%EC%9D%80%ED%96%89,no-alt,,,
https://ailens.sedaily.ai/markets/2026/09/17/2026-09-17-%EB%A9%94%EB%A6%AC%EC%B8%A0-%EB%B0%9C%ED%96%89%EC%96%B4%EC%9D%8C-9%EB%B6%80-%EB%8A%A5%EC%84%A0-%EB%84%98%EC%96%B4-%EC%A6%9D%EC%84%A0%EC%9C%84%EC%84%9C-%EC%9D%B8%EA%B0%80%EC%95%88-%ED%86%B5%EA%B3%BC,no-alt,,,
https://ailens.sedaily.ai/news/2026/09/17/2026-09-17-%EB%B9%84%EC%83%81%EA%B3%84%EC%97%84-%EB%8B%B9%EC%8B%9C-%EC%9C%84%EB%B2%95-%EB%AA%85%EB%A0%B9-%EC%86%8C%EA%B7%B9-%EC%9D%B4%ED%96%89%ED%95%9C-%EC%9E%A5%EA%B5%90%EC%97%90-%EC%A0%95%EC%A7%81-%EC%B7%A8%EC%86%8C%ED%95%B4%EC%95%BC,no-alt,,,
https://ailens.sedaily.ai/markets/2026/09/17/2026-09-17-%EB%A1%9C%EB%B4%87-%EA%B8%B0%EB%8C%80%EA%B0%80-%EA%B1%B7%ED%9E%88%EC%9E%90-100%EC%A1%B0%EA%B0%80-%EB%B9%A0%EC%A1%8C%EB%8B%A4,no-alt,,,
https://ailens.sedaily.ai/markets/2026/09/17/2026-09-17-%EB%B9%85%EB%B1%85-%EC%A0%84%EC%8B%9C%EB%A5%BC-%EB%A7%8C%EB%93%A0-%ED%9A%8C%EC%82%AC%EA%B0%80-300%EC%96%B5%EC%9D%84-%EB%AA%A8%EC%9D%80%EB%8B%A4,no-alt,,,
https://ailens.sedaily.ai/markets/2026/09/17/2026-09-17-%EB%8D%94-%EC%84%B8%EC%A7%80%EB%8A%94-%EA%B3%B5%EC%A0%95%EC%9C%84-%EC%B9%BC%EC%9E%90%EB%A3%A8-%EB%84%A4%EC%9D%B4%EB%B2%84-%EB%91%90%EB%82%98%EB%AC%B4-%ED%95%A9%EB%B3%91%EB%8F%84-%EB%AF%B8%EA%B6%81-%EC%8B%9C%EA%B7%B8%EB%84%90,no-alt,,,
https://ailens.sedaily.ai/news/2026/09/17/2026-09-17-%EC%86%8D%EB%B3%B4-%EC%84%A0%EA%B4%80%EC%9C%84-%ED%8A%B9%EA%B2%80-%EC%B6%9C%EB%B2%94-10%EC%9D%BC%EB%A7%8C-%EC%B2%AB-%EC%95%95%EC%88%98%EC%88%98%EC%83%89-%EA%B0%95%EC%A0%9C%EC%88%98%EC%82%AC-%EB%B3%B8%EA%B2%A9%ED%99%94,no-alt,,,
https://ailens.sedaily.ai/industry/2026/09/17/2026-09-17-%EC%9E%84%EC%9B%90-250%EB%AA%85%EC%9D%84-%ED%95%9C-%EB%AA%85%EC%94%A9-%EB%94%B0%EB%A1%9C-%EB%B6%88%EB%A0%80%EB%8B%A4,no-alt,,,
https://ailens.sedaily.ai/news/2026/09/17/2026-09-17-%EC%A7%80%EB%82%9C-6%EC%9B%94-3%EC%9D%BC-%EC%A7%80%EB%B0%A9%EC%84%A0%EA%B1%B0-%EB%8B%B9%EC%9D%BC-%EC%9D%B8%EC%B2%9C-%EC%97%B0%EC%88%98%EA%B5%AC%EC%99%80-%EA%B2%BD%EA%B8%B0-%ED%99%94%EC%84%B1-%EB%8F%99%ED%83%84%EA%B5%AC%EC%97%90%EC%84%9C%EB%8A%94-%EC%9C%A0%EA%B6%8C%EC%9E%90%EB%93%A4%EC%9D%B4-%ED%88%AC%ED%91%9C%EC%9A%A9%EC%A7%80%EB%A5%BC-%EB%B0%9B%EC%A7%80-%EB%AA%BB%ED%95%B4-%EC%A4%84%EC%9D%84,no-alt,,,
https://ailens.sedaily.ai/industry/2026/09/17/2026-09-17-%ED%9A%8C%EA%B3%84%EC%9E%A5%EB%B6%80%EC%97%90%EB%8A%94-4-770%EC%96%B5-%EC%9B%90%EC%A7%9C%EB%A6%AC-%ED%9A%8C%EC%82%AC%EB%A1%9C-%EC%A0%81%ED%98%80-%EC%9E%88%EC%8A%B5%EB%8B%88%EB%8B%A4-%EA%B0%99%EC%9D%80-%EB%82%A0-%EC%A3%BC%EC%8B%9D%EC%8B%9C%EC%9E%A5%EC%9D%B4-%EB%A7%A4%EA%B8%B4-%EA%B0%92%EC%9D%80-767%EC%96%B5-%EC%9B%90%EC%9D%B4%EC%97%88%EC%8A%B5%EB%8B%88%EB%8B%A4,no-alt,,,
https://ailens.sedaily.ai/markets/2026/09/17/2026-09-17-%EC%8A%A4%ED%8E%98%EC%9D%B4%EC%8A%A4X-%EC%8A%A4%ED%83%80%EC%8B%AD-%EC%B2%AB-%EA%B6%A4%EB%8F%84-%EB%B9%84%ED%96%89-%EC%98%88%EA%B3%A0-%EC%9A%B0%EC%A3%BC%ED%95%AD%EA%B3%B5-%EB%8F%99%EB%B0%98-%EA%B0%95%EC%84%B8-%EC%9D%B4%EB%9F%B0%EA%B5%AD%EC%9E%A5-%EC%A0%80%EB%9F%B0%EC%A3%BC%EC%8B%9D,no-alt,,,
https://ailens.sedaily.ai/markets/2026/09/17/2026-09-17-%ED%95%9C%ED%99%94%EC%8B%9C%EC%8A%A4%ED%85%9C-UAE-%ED%86%B5%ED%95%A9%EB%8C%80%EA%B3%B5%EB%A7%9D-%EA%B5%AC%EC%B6%95-%EC%B6%94%EC%A7%84%EC%97%90-12-%EB%8C%80-%EA%B8%89%EB%93%B1-%EC%9D%B4%EB%9F%B0%EA%B5%AD%EC%9E%A5-%EC%A0%80%EB%9F%B0%EC%A3%BC%EC%8B%9D,no-alt,,,
https://ailens.sedaily.ai/markets/2026/09/17/2026-09-17-%ED%95%B4%ED%83%9C%EC%A0%9C%EA%B3%BC-530%EC%96%B5-%ED%9A%8C%EA%B3%84%EC%B2%98%EB%A6%AC-%EC%9C%84%EB%B0%98-%EC%A3%BC%EC%8B%9D-%EA%B1%B0%EB%9E%98%EC%A0%95%EC%A7%80-%EC%83%81%EC%9E%A5%EC%8B%AC%EC%82%AC-%EB%B0%9B%EB%8A%94%EB%8B%A4,no-alt,,,
https://ailens.sedaily.ai/international/2026/09/17/2026-09-17-%EB%B6%84%EB%AA%85%ED%95%9C-%EC%82%AC%EC%8B%A4%EC%9D%80-%EC%9D%B8%ED%94%8C%EB%A0%88%EC%9D%B4%EC%85%98%EC%9D%B4-%EB%84%88%EB%AC%B4-%EB%86%92%EA%B3%A0-%EB%84%88%EB%AC%B4-%EC%98%A4%EB%9E%AB%EB%8F%99%EC%95%88-%EC%A7%80%EC%86%8D%EB%90%90%EB%8B%A4%EB%8A%94-%EC%A0%90%EC%9E%85%EB%8B%88%EB%8B%A4-%EC%BC%80%EB%B9%88-%EC%9B%8C%EC%8B%9C-%EB%AF%B8%EA%B5%AD-%EC%97%B0%EB%B0%A9%EC%A4%80%EB%B9%84%EC%A0%9C%EB%8F%84,no-alt,,,
https://ailens.sedaily.ai/markets/2026/09/17/2026-09-17-MBK%EC%82%AC%ED%9A%8C%EC%A0%81%EC%B1%85%EC%9E%84%EC%9C%84-%ED%88%AC%EC%9E%90%EC%8B%9C-%EA%B3%A0%EC%9A%A9-%EC%A7%80%EC%97%AD%EC%82%AC%ED%9A%8C-%EC%98%81%ED%96%A5-%EC%82%B4%ED%8E%B4%EC%95%BC-%EA%B6%8C%EA%B3%A0-%EC%8B%9C%EA%B7%B8%EB%84%90,no-alt,,,
https://ailens.sedaily.ai/industry/2026/09/17/2026-09-17-8-9%EB%85%84-%EA%B1%B8%EB%A6%AC%EB%8D%98-%EC%86%8C%EB%87%8C%EC%8B%A4%EC%A1%B0%EC%A6%9D-%EC%9B%90%EC%9D%B8-%EC%A7%84%EB%8B%A8-25%EC%8B%9C%EA%B0%84%EC%9C%BC%EB%A1%9C-%EB%8B%A8%EC%B6%95%EB%90%9C%EB%8B%A4,no-alt,,,
https://ailens.sedaily.ai/markets/2026/09/17/2026-09-17-%EC%82%BC%EC%84%B1%EC%A6%9D%EA%B6%8C-%EC%B2%AB-%EB%B0%9C%ED%96%89%EC%96%B4%EC%9D%8C-%EC%B6%9C%EC%8B%9C-%EC%B5%9C%EB%8C%80-%EC%97%B0-5-5-%ED%8A%B9%ED%8C%90-%EC%84%A0%EB%B4%AC,no-alt,,,
https://ailens.sedaily.ai/markets/2026/09/17/2026-09-17-%EB%9D%BC%EC%9D%B4%ED%94%84%EC%9A%B4%EC%9A%A9-%ED%95%9C%EB%AF%B8%EC%95%BD%ED%92%88-%EA%B0%90%EC%82%AC%EC%9C%84%EC%9B%90%ED%9A%8C%EC%97%90-%EB%B6%81%EA%B2%BD%ED%95%9C%EB%AF%B8-%ED%8A%B9%EB%B3%84%EA%B0%90%EC%82%AC-%EC%9A%94%EC%B2%AD-%EC%8B%9C%EA%B7%B8%EB%84%90,no-alt,,,
https://ailens.sedaily.ai/international/2026/09/17/2026-09-17-%EC%97%B0%EC%A4%80-3%EB%85%84-2%EA%B0%9C%EC%9B%94-%EB%A7%8C%EC%97%90-%EA%B8%88%EB%A6%AC-0-25-%EC%9D%B8%EC%83%81-%EC%97%B0%EB%82%B4-%ED%95%9C-%EB%B2%88-%EB%8D%94,no-alt,,,
https://ailens.sedaily.ai/international/2026/09/17/2026-09-17-%EB%AF%B8%EA%B5%AD-%EC%97%AC%EB%A1%A0%EC%9D%80-%EC%9D%B4%EC%8A%A4%EB%9D%BC%EC%97%98%EC%84%9C-%EB%A9%80%EC%96%B4%EC%A7%80%EB%8A%94%EB%8D%B0-%ED%8A%B8%EB%9F%BC%ED%94%84-1%ED%86%A4%EA%B8%89-%ED%8F%AD%ED%83%84-4%EB%A7%8C%EB%B0%9C-%ED%8C%90%EB%A7%A4,no-alt,,,
https://ailens.sedaily.ai/culture/2026/09/17/2026-09-17-%EC%9E%84%EC%8B%A0-%EC%A4%91%EC%A7%80-%EC%95%BD%EB%AC%BC%EC%9D%B4-%EC%9D%B4%EB%A5%B4%EB%A9%B4-%EB%82%B4%EB%85%84-1%EB%B6%84%EA%B8%B0-%EA%B5%AD%EB%82%B4%EC%97%90-%EB%93%A4%EC%96%B4%EC%98%B5%EB%8B%88%EB%8B%A4-%EA%B7%B8%EB%9F%B0%EB%8D%B0-%EC%95%BD%EA%B5%AD%EC%97%90%EC%84%9C%EB%8A%94-%EB%B0%9B%EC%9D%84-%EC%88%98-%EC%97%86%EC%8A%B5%EB%8B%88%EB%8B%A4-%EB%B3%91%EC%9B%90%EC%97%90-%EA%B0%80%EC%84%9C,no-alt,,,
https://ailens.sedaily.ai/industry/2026/09/17/2026-09-17-%EA%B5%AD%EC%82%B0-%EC%8B%A0%EC%95%BD-44%EA%B0%9C-%EC%95%84%EC%A7%81-1%EC%A1%B0-%EC%9B%90%EC%9D%80-%EC%97%86%EB%8B%A4,no-alt,,,
https://ailens.sedaily.ai/markets/2026/09/17/2026-09-17-%EB%B0%98%EA%B8%B0-%EC%88%9C%EC%9D%B5-8-9%EC%A1%B0%EC%97%90%EB%8F%84-%EA%B1%B0%EB%9E%98%EB%8C%80%EA%B8%88-%EB%91%94%ED%99%94-%EC%9A%B4%EC%9A%A9%EC%9D%B5-%EC%9D%98%EC%A1%B4-%EB%B6%80%EB%8B%B4,no-alt,,,
https://ailens.sedaily.ai/industry/2026/09/17/2026-09-16-%EC%82%BC%EC%84%B1-%EC%B4%88%EA%B8%B0%EC%97%85%EB%85%B8%EC%A1%B0-%EC%9C%84%EC%9B%90%EC%9E%A5-%EB%85%B8%EC%A1%B0%EB%B9%84-2000%EB%A7%8C-%EC%9B%90%EC%9C%BC%EB%A1%9C-%EB%B8%94%EB%9E%99%EB%A6%AC%EC%8A%A4%ED%8A%B8-%EC%9E%91%EC%84%B1-%ED%98%90%EC%9D%98-%EC%85%80%ED%94%84-%EC%84%A0%EC%B2%98-%EC%B6%94%EC%A7%84,no-alt,,,
https://ailens.sedaily.ai/markets/2026/09/16/2026-09-16-%EA%B8%88%EA%B0%90%EC%9B%90-%EA%B3%A0%EA%B0%95%EB%8F%84-%EA%B2%80%EC%82%AC%EC%97%90-%EB%AF%B8%EB%9E%98%EC%97%90%EC%85%8B-%EB%85%B8%EC%A1%B0-%EC%A0%95%EC%83%81%EC%A0%81-%EC%97%85%EB%AC%B4-%EB%AA%BB%ED%95%B4-%EB%B0%98%EB%B0%9C,no-alt,,,
https://ailens.sedaily.ai/markets/2026/09/16/2026-09-16-%EB%A1%9C%EB%B4%87-%EC%9E%90%EB%8F%99%ED%99%94-%EB%B8%8C%EB%A6%B4%EC%8A%A4-%EA%B3%B5%EB%AA%A8%EA%B0%80-%ED%99%95%EC%A0%95-%EC%83%81%EB%8B%A8-1%EB%A7%8C-9500%EC%9B%90%EC%97%90-%EC%BD%94%EC%8A%A4%EB%8B%A5-%EC%83%81%EC%9E%A5-%EC%8B%9C%EA%B7%B8%EB%84%90,no-alt,,,
https://ailens.sedaily.ai/markets/2026/09/16/2026-09-16-3-%ED%9B%84%EB%B0%98%EC%97%90-%EB%B9%8C%EB%A6%B0-%EB%8F%88-7-%EB%A1%9C-%EA%B0%9A%EC%95%84%EC%95%BC-%ED%95%A9%EB%8B%88%EB%8B%A4,no-alt,,,
https://ailens.sedaily.ai/markets/2026/09/16/2026-09-16-%EB%91%90-%EB%8B%AC%EC%A7%B8-%EC%A0%9C%EC%9E%90%EB%A6%AC-10%EC%9B%94%EC%97%90-%EB%8B%B5%EC%9D%B4-%EB%82%98%EC%98%A8%EB%8B%A4-%EB%B0%98%EB%8F%84%EC%B2%B4-%EB%91%90-%EC%A2%85%EB%AA%A9%EC%9D%B4-%EC%9B%80%EC%A7%81%EC%9D%B4%EC%A7%80-%EC%95%8A%EC%9D%80-%EC%B1%84-%EC%97%AC%EB%A6%84%EC%9D%84-%EB%B3%B4%EB%83%88%EC%8A%B5%EB%8B%88%EB%8B%A4-16%EC%9D%BC-%ED%95%9C%EA%B5%AD%EA%B1%B0,no-alt,,,
https://ailens.sedaily.ai/industry/2026/09/16/2026-09-16-SK%EB%B0%94%EC%9D%B4%EC%98%A4%ED%8C%9C-%EC%84%B8%EB%85%B8%EB%B0%94%EB%A9%94%EC%9D%B4%ED%8A%B8-%EB%9A%AB%EC%97%88%EB%8B%A4-%EB%8F%99%EB%B6%81%EC%95%84-3%EA%B5%AD-%ED%97%88%EA%B0%80-%EC%99%84%EB%A3%8C,no-alt,,,
https://ailens.sedaily.ai/industry/2026/09/16/2026-09-16-AI-%EA%B0%90%EC%86%8D%EB%A1%A0-%EB%9A%AB%EA%B3%A0-%EC%84%9C%EB%B2%84-D%EB%9E%A8%EA%B0%92-5-5%EB%B0%B0-%EB%B6%84%EA%B8%B0-%EC%98%81%EC%97%85%EC%9D%B5-100%EC%A1%B0-%EC%8B%9C%EB%8C%80-%EC%97%B0%EB%8B%A4,no-alt,,,
https://ailens.sedaily.ai/finance/2026/09/16/2026-09-16-%ED%95%B4%EC%99%B8-%EC%9D%80%ED%96%89%EC%97%90%EC%84%9C-%EC%9B%90%ED%99%94%EA%B0%80-%EB%B0%94%EB%A1%9C-%EC%98%A4%EA%B0%84%EB%8B%A4-%ED%95%B4%EC%99%B8-%EA%B8%88%EC%9C%B5%EA%B8%B0%EA%B4%80%EC%9D%B4-%EA%B5%AD%EB%82%B4-%EC%9D%80%ED%96%89%EC%97%90-%EA%B3%84%EC%A2%8C-%ED%95%98%EB%82%98%EB%A5%BC-%EC%97%B4%EB%A9%B4-%EC%9E%90%EA%B5%AD-%EA%B3%A0%EA%B0%9D%EC%9D%98-%EC%9B%90%ED%99%94-%EC%86%A1%EA%B8%88%EA%B3%BC,no-alt,,,
https://ailens.sedaily.ai/industry/2026/09/16/2026-09-16-%EB%82%99%ED%83%9C%EC%A3%84-%ED%97%8C%EB%B2%95%EB%B6%88%ED%95%A9%EC%B9%98-7%EB%85%84-%EB%A7%8C%EC%97%90-%EB%AF%B8%ED%94%84%EC%A7%84-%EA%B5%AD%EB%82%B4-%EC%8B%9C%ED%8C%90-%ED%97%88%EC%9A%A9,no-alt,,,
https://ailens.sedaily.ai/markets/2026/09/16/2026-09-16-%EA%B1%B0%EB%9E%98%EC%B2%98%EC%97%90-%EC%A0%84%ED%99%94%EA%B0%80-%EA%B0%94%EC%8A%B5%EB%8B%88%EB%8B%A4-%EC%B1%84%EA%B6%8C-%EC%A1%B0%ED%9A%8C%EC%84%9C%EC%97%90-%EC%82%AC%EC%8B%A4%EA%B3%BC-%EB%8B%A4%EB%A5%B4%EA%B2%8C-%ED%9A%8C%EC%8B%A0%ED%95%B4-%EB%8B%AC%EB%9D%BC%EB%8A%94-%EC%9A%94%EC%B2%AD%EC%9D%B4%EC%97%88%EC%8A%B5%EB%8B%88%EB%8B%A4-%EA%B0%90%EC%82%AC%EC%9D%B8%EC%97%90%EA%B2%8C%EB%8A%94-%ED%97%88%EC%9C%84-%EA%B1%B0%EB%9E%98,no-alt,,,
https://ailens.sedaily.ai/markets/2026/09/16/2026-09-16-%ED%95%9C%EA%B5%AD%EA%B3%B5%EC%9D%B8%ED%9A%8C%EA%B3%84%EC%82%AC%ED%9A%8C-KICPA-ESG-%EC%95%84%EC%B9%B4%EB%8D%B0%EB%AF%B8-9%EA%B8%B0-%EA%B3%BC%EC%A0%95-%EA%B0%9C%EA%B0%95-%EC%8B%9C%EA%B7%B8%EB%84%90,no-alt,,,
https://ailens.sedaily.ai/markets/2026/09/16/2026-09-16-%EA%B8%88%EB%A6%AC-%EB%86%92%EC%95%84%EB%8F%84-%ED%99%98%EC%8A%B9-%EB%8C%80%EA%B7%9C%EB%AA%A8-%EC%9D%B8%EC%88%98%EA%B8%88%EC%9C%B5-%EC%B0%A8%ED%99%98-%EC%9E%87%EB%94%B0%EB%9D%BC-%EC%8B%9C%EA%B7%B8%EB%84%90,no-alt,,,
https://ailens.sedaily.ai/markets/2026/09/16/2026-09-16-%EB%AA%B8%EC%A7%91-%EC%A4%84%EC%9D%B8-%ED%99%88%ED%94%8C%EB%9F%AC%EC%8A%A4-%EC%9E%AC%EB%A7%A4%EA%B0%81-%EC%82%AC%EC%97%85%EB%B6%80-%EB%B6%80%EB%8F%99%EC%82%B0-%ED%88%AC%ED%8A%B8%EB%9E%99-%EC%8A%B9%EB%B6%80%EC%88%98-%EC%8B%9C%EA%B7%B8%EB%84%90,no-alt,,,
https://ailens.sedaily.ai/industry/2026/09/16/2026-09-16-%EC%84%9C%EB%B2%84%EC%9A%A9-D%EB%9E%A8-%EB%AA%A8%EB%93%88-%ED%95%9C-%EA%B0%9C-%EA%B0%80%EA%B2%A9%EC%9D%B4-%EC%B5%9C%EA%B7%BC-%ED%95%9C%EB%95%8C-3-100%EB%8B%AC%EB%9F%AC%EB%A5%BC-%EB%84%98%EC%97%88%EC%8A%B5%EB%8B%88%EB%8B%A4-8%EC%9B%94-%EB%A7%90-%EA%B8%B0%EC%A4%80-%EA%B3%84%EC%95%BD-%EA%B0%80%EA%B2%A9-1-500%EB%8B%AC,no-alt,,,
https://ailens.sedaily.ai/markets/2026/09/16/2026-09-16-%EB%B3%B4%EC%9C%A0%ED%95%9C-%EC%9C%A0%EB%8F%99%EC%9E%90%EC%82%B0%EB%A7%8C-9000%EC%96%B5-%EC%9C%A1%EB%B0%95-%EA%B3%B3%EA%B0%84-%EC%8C%93%EC%9D%B4%EC%9E%90-%EB%B9%8C%EB%94%A9-%EC%87%BC%ED%95%91-%EB%82%98%EC%84%9C-%EC%8B%9C%EA%B7%B8%EB%84%90,no-alt,,,
https://ailens.sedaily.ai/markets/2026/09/16/2026-09-16-%EB%8B%A8%EB%8F%85-%EA%B0%95%EB%82%A8%EC%84%9C-%EB%AA%85%EB%8F%99%EA%B9%8C%EC%A7%80-%EB%B9%8C%EB%94%A9-%ED%81%B0%EC%86%90-%EB%90%9C-%EB%8B%A4%EC%9D%B4%EC%86%8C-%EC%8B%9C%EA%B7%B8%EB%84%90,no-alt,,,
https://ailens.sedaily.ai/news/2026/09/16/2026-09-16-%EB%82%B4-%EC%82%AC%EA%B1%B4-%EC%9D%B4%EC%A0%9C-%EA%B2%BD%EC%B0%B0%EC%9D%B4-%EB%81%9D%EA%B9%8C%EC%A7%80-%EB%A7%A1%EB%8A%94%EB%8B%A4-%EC%A0%84%EA%B5%AD-%EC%8B%9C%EB%8F%84%EA%B2%BD%EC%B0%B0%EC%B2%AD%EC%97%90-144%EB%AA%85%EC%9D%B4-%EC%83%88%EB%A1%9C-%EB%B0%B0%EC%B9%98%EB%90%A9%EB%8B%88%EB%8B%A4-%EB%A7%A1%EB%8A%94-%EC%9D%BC%EC%9D%80-%ED%95%98%EB%82%98%EC%9E%85%EB%8B%88%EB%8B%A4,no-alt,,,
https://ailens.sedaily.ai/markets/2026/09/16/2026-09-16-3-500%EC%96%B5-%EB%8B%AC%EB%9F%AC-%EC%96%B4%EB%94%94%EC%84%9C-%EC%A1%B0%EB%8B%AC%ED%95%98%EB%82%98,no-alt,,,
https://ailens.sedaily.ai/industry/2026/09/16/2026-09-16-1%EC%A1%B0-%EC%9B%90-%EA%B5%AD%EC%82%B0-%EC%8B%A0%EC%95%BD-27%EB%85%84-%EB%A7%8C%EC%97%90-%EC%88%AB%EC%9E%90%EA%B0%80-%EB%82%98%EC%99%94%EB%8B%A4-1999%EB%85%84-%EC%84%A0%ED%94%8C%EB%9D%BC%EC%A3%BC%EB%B6%80%ED%84%B0-%EC%B5%9C%EA%B7%BC-%EB%9D%BC%ED%82%A4%ED%83%80%EC%A0%90%EC%95%88%EC%95%A1%EA%B9%8C%EC%A7%80-%ED%97%88%EA%B0%80%EB%90%9C-%EA%B5%AD%EC%82%B0,no-alt,,,
https://ailens.sedaily.ai/industry/2026/09/16/2026-09-16-%EC%98%88%EC%A0%95%EC%97%90-%EC%97%86%EB%8D%98-%EC%98%A4%EC%B0%AC%EC%97%90-%EC%9D%B4%EC%9E%AC%EC%9A%A9%EC%9D%B4-%EB%82%98%ED%83%80%EB%82%AC%EB%8B%A4,no-alt,,,
https://ailens.sedaily.ai/news/2026/09/16/2026-09-16-%EC%A0%95%EB%B6%80-%EC%83%81%EB%8C%80-%EC%86%90%EB%B0%B0%EC%86%8C-1%EC%8B%AC-%EC%8A%B9%EC%86%8C-%EA%B3%B5%EB%8F%99%EC%97%B0%EB%9D%BD%EC%82%AC%EB%AC%B4%EC%86%8C-%ED%8F%AD%ED%8C%8C-%EC%B1%85%EC%9E%84-446%EC%96%B5-%EB%B0%B0%EC%83%81%ED%95%B4%EC%95%BC,no-alt,,,
https://ailens.sedaily.ai/industry/2026/09/16/2026-09-16-%EC%86%8D%EB%B3%B4-SK%ED%95%98%EC%9D%B4%EB%8B%89%EC%8A%A4-%EC%9E%84%EB%8B%A8%ED%98%91-%ED%95%A9%EC%9D%98%EC%95%88-%EB%85%B8%EC%A1%B0-%EC%9E%AC%ED%88%AC%ED%91%9C%EC%84%9C-%EA%B0%80%EA%B2%B0,no-alt,,,
https://ailens.sedaily.ai/markets/2026/09/16/2026-09-16-%EC%B4%88%EA%B3%A0%EC%88%98%EB%8A%94-%EC%9D%B4%ED%8B%80-%EC%97%B0%EC%86%8D-%EC%82%BC%EC%84%B1%EC%A0%84%EC%9E%90-%EB%B3%B8%EC%A3%BC-%EC%A4%8D%EA%B3%A0-%EC%9A%B0%EC%84%A0%EC%A3%BC-%ED%84%B4%EB%8B%A4-%EC%A3%BC%EC%8B%9D-%EC%B4%88%EA%B3%A0%EC%88%98%EB%8A%94-%EC%A7%80%EA%B8%88,no-alt,,,
https://ailens.sedaily.ai/markets/2026/09/16/2026-09-16-%EC%8B%A0%ED%95%9C-ISA-%ED%8A%B9%ED%8C%90RP-%EC%A1%B0%EA%B8%B0-%EC%86%8C%EC%A7%84-3%EC%B0%A8%EB%A1%80-%EB%AA%A8%EB%91%90-10%EC%9D%BC-%EB%82%B4-%EC%99%84%ED%8C%90,no-alt,,,
https://ailens.sedaily.ai/news/2026/09/16/2026-09-16-1%EC%96%B5-%EC%9E%83%EC%9D%80-%EA%B1%B0-%EA%B2%A8%EC%9A%B0-%EB%B3%B5%EA%B5%AC%ED%96%88%EB%8D%94%EB%8B%88-%EC%84%B8%EA%B8%88%EC%9C%BC%EB%A1%9C-2000%EB%A7%8C%EC%9B%90-%EB%82%A0%EC%95%84%EA%B0%80%EA%B2%8C-%EC%83%9D%EA%B2%BC%EB%8B%A4-%EB%AC%B4%EC%8A%A8-%EC%9D%BC,no-alt,,,
https://ailens.sedaily.ai/markets/2026/09/16/2026-09-16-%EC%8A%A4%ED%8E%98%EC%9D%B4%EC%8A%A4X-%EC%9D%B4%EC%96%B4-%EC%95%A4%ED%8A%B8%EB%A1%9C%ED%94%BD-%ED%95%9C%EA%B5%AD%EA%B8%88%EC%9C%B5%EC%A7%80%EC%A3%BC-%ED%88%AC%EC%9E%90-%EC%9E%AD%ED%8C%9F-%EA%B8%B0%EB%8C%80-%EC%8B%9C%EA%B7%B8%EB%84%90,no-alt,,,
https://ailens.sedaily.ai/markets/2026/09/16/2026-09-16-BNK-%EC%9E%AC%EC%B0%A8-%EB%B0%98%EB%8F%84%EC%B2%B4-%EA%B2%BD%EA%B3%A0-%EC%82%BC%EC%A0%84%EB%8B%89%EC%8A%A4-%EC%8B%A4%EC%A0%81-%EC%A0%84%EB%A7%9D%EC%B9%98-%EC%9D%B4%EB%9F%B0%EA%B5%AD%EC%9E%A5-%EC%A0%80%EB%9F%B0%EC%A3%BC%EC%8B%9D,no-alt,,,
https://ailens.sedaily.ai/industry/2026/09/16/2026-09-16-%EC%B6%94%EC%84%9D-%EC%A0%84%EC%97%90-%EB%82%A9%ED%92%88%EB%8C%80%EA%B8%88%EC%9D%B4-%EB%A8%BC%EC%A0%80-%EB%93%A4%EC%96%B4%EC%98%A8%EB%8B%A4,no-alt,,,
https://ailens.sedaily.ai/industry/2026/09/16/2026-09-16-SK%ED%95%98%EC%9D%B4%EB%8B%89%EC%8A%A4-%EC%84%B1%EA%B3%BC%EA%B8%89-%ED%98%84%EA%B8%88-100-50-%EB%A1%9C-%EC%9E%84%EB%8B%A8%ED%98%91-%EC%88%98%EC%A0%95%EC%95%88-%EA%B0%80%EA%B2%B0,no-alt,,,
https://ailens.sedaily.ai/markets/2026/09/16/2026-09-16-FOMC-%EB%8C%80%EA%B8%B0-%EC%86%8D-%EC%BD%94%EC%8A%A4%ED%94%BC-%EB%B0%98%EB%93%B1-%EC%8B%9C%EB%8F%84-%EC%9A%B0%EC%84%A0%EC%A3%BC-%EC%86%8C%EA%B0%81%EB%A1%A0-%EC%97%90-%EC%82%BC%EC%A0%84%EC%9A%B0%EA%B0%80-%EB%8B%AC%EB%A6%B0%EB%8B%A4-%EC%9D%B4%EB%9F%B0%EA%B5%AD%EC%9E%A5-%EC%A0%80%EB%9F%B0%EC%A3%BC%EC%8B%9D,no-alt,,,
https://ailens.sedaily.ai/markets/2026/09/16/2026-09-16-%EB%84%A4%ED%8A%B8%EC%9B%8C%ED%81%AC-%EC%9E%A5%EB%B9%84-AI-%EC%87%BC%ED%8B%B0%EC%A7%80-%EC%A3%BC%ED%8C%8C%EC%88%98-%EA%B2%BD%EB%A7%A4-%EC%97%90-%EB%8B%A4%EC%8B%9C-%EB%9B%B8%EA%B9%8C-%EC%A4%8D%EC%A4%8D%EB%A6%AC%ED%8F%AC%ED%8A%B8,no-alt,,,
https://ailens.sedaily.ai/markets/2026/09/16/2026-09-16-%EC%A4%91%EB%B3%B5%EC%83%81%EC%9E%A5-%EC%98%88%EC%99%B8-1%ED%98%B8-%EB%8D%95%EC%82%B0%EB%84%B5%EC%BD%94%EC%96%B4%EC%8A%A4-%EA%B3%B5%EB%AA%A8%EA%B0%80-%EC%83%81%EB%8B%A8-%ED%9D%A5%ED%96%89-%EA%B8%80%EB%A1%9C%EB%B2%8C%ED%85%8C%ED%81%AC%EB%8A%94-%ED%95%98%EB%8B%A8-%EB%AF%B8%EB%8B%AC-%EC%8B%9C%EA%B7%B8%EB%84%90,no-alt,,,
https://ailens.sedaily.ai/industry/2026/09/16/2026-09-16-38%EB%85%84%EB%A7%8C-%EC%9E%AC%EB%8B%A8%EC%9E%A5-%EB%82%98%EC%84%A0-%EB%A1%AF%EB%8D%B0-%EC%9E%A0%EC%8B%A4%EC%A0%90-4%EC%A1%B0-%ED%81%B4%EB%9F%BD-%EB%84%98%EC%96%B4-1%EC%9C%84-%EA%B2%A8%EB%83%A5,no-alt,,,
https://ailens.sedaily.ai/industry/2026/09/16/2026-09-16-%ED%85%8C%EC%8A%AC%EB%9D%BC%EA%B0%80-%EA%B9%A8%EC%9A%B4-%EC%82%BC%EC%84%B1-%ED%85%8C%EC%9D%BC%EB%9F%AC-%EA%B3%B5%EC%9E%A5-SMIC%EA%B3%BC-%EA%B2%A9%EC%B0%A8-%EB%B2%8C%EB%A6%B0%EB%8B%A4-biz-%ED%94%8C%EB%9F%AC%EC%8A%A4,no-alt,,,
https://ailens.sedaily.ai/markets/2026/09/16/2026-09-16-%ED%82%A4%ED%8A%B8%EB%A3%A8%EB%8B%A4-%EC%9C%84%ED%98%91%ED%95%98%EB%8A%94-%EC%9D%B4%EC%A4%91%ED%95%AD%EC%B2%B4-%EC%82%BC%EC%A4%91%ED%95%AD%EC%B2%B4%EB%A1%9C-%EB%8F%84%EC%A0%84%ED%95%98%EB%8A%94-K%EB%B0%94%EC%9D%B4%EC%98%A4,no-alt,,,
https://ailens.sedaily.ai/markets/2026/09/16/2026-09-16-%EC%84%9C%EC%9A%B8%EA%B2%BD%EC%A0%9C-%EC%82%AC%EC%B9%AD-%ED%88%AC%EC%9E%90%EC%82%AC%EA%B8%B0-%EC%A3%BC%EC%9D%98%ED%95%98%EC%84%B8%EC%9A%94,no-alt,,,
https://ailens.sedaily.ai/finance/2026/09/16/2026-09-16-%EB%8B%A8%EB%8F%85-45-%EB%A7%A4%EA%B0%81-%EA%B2%80%ED%86%A0-%EC%A0%95%EB%B6%80-%EC%A7%81%EC%9B%90%EC%8A%B9%EA%B3%84-%EC%A7%80%EC%9B%90,no-alt,,,
https://ailens.sedaily.ai/property/2026/09/16/2026-09-15-%EC%97%AD%EA%B3%BC-%EC%97%AD-%EC%82%AC%EC%9D%B4-%EB%82%B4-%EB%8F%99%EB%84%A4%EB%8F%84-%EB%AA%A9%EB%A1%9D%EC%97%90-%EC%98%AC%EB%9E%90%EB%8B%A4,no-alt,,,
https://ailens.sedaily.ai/industry/2026/09/16/2026-09-15-15%EC%9D%BC-%EC%84%9C%EC%9A%B8-%EC%A2%85%EB%A1%9C%EA%B5%AC-%ED%8F%AC%EC%8B%9C%EC%A6%8C%EC%8A%A4%ED%98%B8%ED%85%94-%EC%84%B1-%EA%B9%80-%ED%98%84%EB%8C%80%EC%B0%A8%EA%B7%B8%EB%A3%B9-%EC%A0%84%EB%9E%B5%EA%B8%B0%ED%9A%8D%EB%8B%B4%EB%8B%B9-%EC%82%AC%EC%9E%A5%EC%9D%B4-%EC%B9%B4%EC%8B%AC-%EC%A1%B0%EB%A7%88%EB%A5%B4%ED%8A%B8-%ED%86%A0%EC%B9%B4%EC%98%88%ED%94%84-%EC%B9%B4%EC%9E%90%ED%9D%90%EC%8A%A4%ED%83%84-%EB%8C%80,no-alt,,,
https://ailens.sedaily.ai/markets/2026/09/15/2026-09-15-15%EC%A1%B0%EB%A5%BC-%EB%AA%A8%EC%9D%80-%EB%8B%A4%EC%9D%8C-%EB%AA%A9%ED%91%9C%EB%8A%94-%EC%95%84%EC%8B%9C%EC%95%84%EC%9E%85%EB%8B%88%EB%8B%A4,no-alt,,,
https://ailens.sedaily.ai/markets/2026/09/15/2026-09-15-%EB%AF%B8%EB%9E%98%EC%97%90%EC%85%8B-TIGER-%EB%AF%B8%EA%B5%ADS-P500-%ED%95%98%EB%B0%98%EA%B8%B0%EB%A7%8C-%EA%B0%9C%EB%AF%B8-1-5%EC%A1%B0-%EC%88%9C%EB%A7%A4%EC%88%98,no-alt,,,
https://ailens.sedaily.ai/international/2026/09/15/2026-09-15-5-%EC%A0%80%EC%A7%80%EC%84%A0-%EB%9A%AB%EB%A6%B0-10%EB%85%84%EB%AC%BC-%EC%8B%9C%EC%9E%A5%EC%9D%80-%EA%B8%88%EB%A6%AC%EC%9D%B8%EC%83%81%EC%97%90-%EB%B2%A0%ED%8C%85,no-alt,,,
https://ailens.sedaily.ai/industry/2026/09/15/2026-09-15-%EB%8B%A8%EB%8F%85-%EC%82%BC%EC%84%B1-%ED%85%8C%EC%9D%BC%EB%9F%AC%ED%8C%B9-%ED%85%8C%EC%8A%AC%EB%9D%BC-%EC%A3%BC%EB%AC%B8-%ED%8F%AD%EC%A3%BC%EC%97%90-%EC%96%91%EC%82%B0-%EC%8B%9C%EC%9E%91-%EA%B0%80%EB%8F%99%EB%A5%A0-%EB%B2%8C%EC%8D%A8-30,no-alt,,,
https://ailens.sedaily.ai/markets/2026/09/15/2026-09-15-%EB%8B%A8%EB%8F%85-IMM-PE-10%EB%85%84%EB%A7%8C%EC%97%90-%ED%82%A4%EB%8B%A4%EB%A6%AC%EC%8A%A4%ED%8A%9C%EB%94%94%EC%98%A4-%EC%97%91%EC%8B%9C%ED%8A%B8-%EC%8B%9C%EA%B7%B8%EB%84%90,no-alt,,,
https://ailens.sedaily.ai/markets/2026/09/15/2026-09-15-691%EC%97%94-%EC%A3%BC%EC%8B%9D%EC%97%90-1000%EC%97%94%EC%9D%84-%EB%B6%80%EB%A5%B8-%EC%9D%B4%EC%9C%A0,no-alt,,,
https://ailens.sedaily.ai/industry/2026/09/15/2026-09-15-%EB%B0%B0%EB%8B%AC%EC%9D%98%EB%AF%BC%EC%A1%B1%EA%B3%BC-%EC%BF%A0%ED%8C%A1%EC%9D%B4%EC%B8%A0%EC%97%90-%EC%9E%85%EC%A0%90%ED%95%9C-%EC%96%B4%EB%8A%90-%EC%97%85%EC%B2%B4%EB%8A%94-%EB%A7%A4%EC%B6%9C%EC%9D%98-45-%EB%A5%BC-%ED%94%8C%EB%9E%AB%ED%8F%BC-%EA%B1%B0%EB%9E%98%EB%B9%84%EC%9A%A9%EC%9C%BC%EB%A1%9C-%EB%83%88%EC%8A%B5%EB%8B%88%EB%8B%A4-100%EB%A7%8C-%EC%9B%90%EC%9D%84-%ED%8C%94%EB%A9%B4,no-alt,,,
https://ailens.sedaily.ai/markets/2026/09/15/2026-09-15-%ED%95%9C%ED%99%94%EC%9A%B4%EC%9A%A9-HBM-AI-%EB%B0%98%EB%8F%84%EC%B2%B4-%EC%86%8C%EB%B6%80%EC%9E%A5-ETF-2%EC%A2%85-%EC%83%81%EC%9E%A5,no-alt,,,
https://ailens.sedaily.ai/industry/2026/09/15/2026-09-15-%EB%9D%BC%EC%9D%B4%ED%94%84%EC%9E%90%EC%82%B0%EC%9A%B4%EC%9A%A9-%EC%86%8C%EA%B0%81-%EC%A0%9C%EC%95%88%EC%97%90-%EC%82%BC%EC%84%B1%EC%A0%84%EC%9E%90%EC%9A%B0-%EB%82%98%ED%99%80%EB%A1%9C-3-%EC%83%81%EC%8A%B9-%EC%BD%94%EC%A3%BC%EB%B6%80,no-alt,,,
https://ailens.sedaily.ai/markets/2026/09/15/2026-09-15-%EA%B8%88%EB%A6%AC-5-%EB%84%98%EC%9D%80-%EB%82%A0-%EC%B4%88%EA%B3%A0%EC%88%98%EB%8A%94-%EC%82%BC%EC%84%B1%EC%A0%84%EC%9E%90%EB%A5%BC-%EC%83%80%EB%8B%A4,no-alt,,,
https://ailens.sedaily.ai/industry/2026/09/15/2026-09-15-%EB%AF%B8%EA%B5%AD-%EC%B4%88%EA%B3%A0%EC%95%95%EB%B3%80%EC%95%95%EA%B8%B0-%EC%A0%88%EB%B0%98%EC%9D%B4-%ED%95%9C-%ED%9A%8C%EC%82%AC-%EC%A0%9C%ED%92%88%EC%9D%B4%EB%8B%A4,no-alt,,,
https://ailens.sedaily.ai/industry/2026/09/15/2026-09-15-%EB%9D%BC%EC%9D%B4%EB%8B%A4-%EC%97%86%EC%9D%B4%EB%8F%84-OK-%EC%82%BC%EC%84%B1%EC%A0%84%EC%9E%90-%ED%86%B5%EC%8B%A0%EC%82%AC%EC%99%80-%EC%9E%90%EC%9C%A8%EC%A3%BC%ED%96%89-%ED%95%B5%EC%8B%AC%EA%B8%B0%EC%88%A0-%ED%99%95%EB%B3%B4,no-alt,,,
https://ailens.sedaily.ai/industry/2026/09/15/2026-09-15-25%ED%91%9C-%EC%B0%A8%EB%A1%9C-%EA%B0%88%EB%A6%B0-%EC%84%B1%EA%B3%BC%EA%B8%89-%EB%8B%A4%EC%8B%9C-%ED%88%AC%ED%91%9C%ED%95%A9%EB%8B%88%EB%8B%A4,no-alt,,,
https://ailens.sedaily.ai/industry/2026/09/15/2026-09-15-LS%EC%A0%84%EC%84%A0-%EB%85%B8%EC%A1%B0-%EC%84%A4%EB%A6%BD-37%EB%85%84%EB%A7%8C%EC%97%90-%EC%B2%AB-%ED%8C%8C%EC%97%85-%EC%9C%84%EA%B8%B0,no-alt,,,
https://ailens.sedaily.ai/markets/2026/09/15/2026-09-15-%EC%95%95%EB%8F%84%EC%A0%81-%EC%88%98%EC%A3%BC%EB%9F%89-HD%ED%98%84%EB%8C%80%EC%A4%91%EA%B3%B5%EC%97%85-%EB%AA%A9%ED%91%9C%EA%B0%80-%EC%A4%84%EC%83%81%ED%96%A5-%EC%A4%8D%EC%A4%8D%EB%A6%AC%ED%8F%AC%ED%8A%B8,no-alt,,,
https://ailens.sedaily.ai/markets/2026/09/15/2026-09-15-%EC%95%8C%ED%8C%8C%EB%B2%B3%EC%9D%84-%ED%8C%94%EA%B3%A0-%EA%B7%B8%EB%A7%8C%ED%81%BC-%EB%A9%94%ED%83%80%EB%A5%BC-%EC%83%80%EB%8B%A4,no-alt,,,
https://ailens.sedaily.ai/international/2026/09/15/2026-09-15-9%EC%9B%94-%EA%B8%88%EB%A6%AC-%EC%9D%B8%EC%83%81-%ED%99%95%EB%A5%A0-86-2-%EC%9B%8C%EC%8B%9C-%ED%8A%B8%EB%9F%BC%ED%94%84%EC%99%80-%EC%B6%A9%EB%8F%8C%ED%95%A0%EA%B9%8C,no-alt,,,
https://ailens.sedaily.ai/industry/2026/09/15/2026-09-15-60%EB%B6%84%EC%A7%9C%EB%A6%AC-%ED%99%88%EC%87%BC%ED%95%91-%EB%B0%A9%EC%86%A1%EC%9D%B4-30%EC%B4%88%EB%A1%9C-%EC%9E%98%EB%A0%A4-%EB%82%98%EC%98%B5%EB%8B%88%EB%8B%A4-%EB%A1%AF%EB%8D%B0%ED%99%88%EC%87%BC%ED%95%91%EC%9D%B4-2024%EB%85%84-%EB%A7%8C%EB%93%A0-%EC%88%8F%ED%8F%BC-%EC%84%9C%EB%B9%84%EC%8A%A4-%EC%88%8F%ED%95%91-%EC%9D%B4-%ED%95%B4%EC%98%A8,no-alt,,,
https://ailens.sedaily.ai/industry/2026/09/15/2026-09-15-%EC%97%B0%EB%A7%90-%EC%A7%80%EB%82%98%EB%8F%84-%ED%95%9C%EC%97%AC%EB%A6%84%EC%97%90%EB%8F%84-%EC%A3%BC%EB%AC%B8-%ED%8F%AD%EC%A3%BC-%EC%82%AC%EA%B3%84%EC%A0%88-%EC%84%B1%EC%88%98%EA%B8%B0-%EB%A7%9E%EC%9D%80-K%EB%B7%B0%ED%8B%B0,no-alt,,,
https://ailens.sedaily.ai/industry/2026/09/15/2026-09-14-%ED%8A%B9%ED%97%88%EB%8A%94-%EB%82%AC%EC%A7%80%EB%A7%8C-%EC%95%BD%EC%9D%80-%EC%95%84%EC%A7%81-%EC%97%86%EC%8A%B5%EB%8B%88%EB%8B%A4,no-alt,,,
https://ailens.sedaily.ai/property/2026/09/15/2026-09-14-GTX-C%EB%85%B8%EC%84%A0-15%EC%9D%BC-%EC%B2%AB-%EC%82%BD-%EC%95%88%EC%82%B0-%EC%9D%98%EC%99%95-%EC%96%91%EC%A3%BC-%EB%93%B1-%EC%88%98%ED%98%9C,no-alt,,,
https://ailens.sedaily.ai/industry/2026/09/15/2026-09-14-%EA%B0%80%EC%88%98-%EB%8B%A4%EC%9D%B4%EB%82%98%EB%AF%B9-%EB%93%80%EC%98%A4-%EA%B0%95%EC%97%B0%EC%9C%BC%EB%A1%9C-%EC%95%8C%EB%A0%A4%EC%A7%84-%EA%B9%80%EC%B0%BD%EC%98%A5%EC%9D%98-%EC%BD%98%ED%85%90%EC%B8%A0%EA%B0%80-%ED%99%88%EC%87%BC%ED%95%91-%EC%95%B1-%EC%95%88%EC%97%90%EC%84%9C-%EC%9E%AC%EC%83%9D%EB%90%A9%EB%8B%88%EB%8B%A4-CJ%EC%98%A8%EC%8A%A4%ED%83%80%EC%9D%BC%EC%9D%B4-%EC%A7%81%EC%A0%91-%ED%98%91,no-alt,,,
https://ailens.sedaily.ai/culture/2026/09/15/2026-09-14-%EB%82%A0%EC%94%A8%EB%8F%84-%EC%A2%8B%EC%9D%80%EB%8D%B0-%EB%8B%A4%EB%93%A4-%EB%A7%88%EC%8A%A4%ED%81%AC-%EC%93%B0%EB%8D%94%EB%8B%88-%ED%99%98%EC%9E%90-10%EB%B0%B0-%ED%8F%AD%EC%A6%9D-%ED%95%9C-%EB%8B%AC-%EB%B9%A8%EB%A6%AC-%EB%8D%AE%EC%B9%9C-%EB%8F%85%EA%B0%90%EC%97%90-%EB%B9%84%EC%83%81,no-alt,,,
https://ailens.sedaily.ai/markets/2026/09/14/2026-09-14-%EA%B0%99%EC%9D%80-%EB%82%A0-%EC%B1%84%EA%B6%8C%EC%9D%84-%EB%83%88%EB%8A%94%EB%8D%B0-%EC%98%A8%EB%8F%84%EB%8A%94-%EA%B0%88%EB%A0%B8%EB%8B%A4,no-alt,,,
https://ailens.sedaily.ai/markets/2026/09/14/2026-09-14-5%EC%8B%9C%EA%B0%84-%EB%A7%8C%EC%97%90-%EB%8B%AB%ED%9E%8C-%EC%97%B0-4-5-%EC%B0%BD%EA%B5%AC,no-alt,,,
https://ailens.sedaily.ai/finance/2026/09/14/2026-09-14-1%EC%A1%B0-%ED%83%88%EB%A3%A8-%ED%98%90%EC%9D%98-%EB%B0%B0%EB%AF%BC-%EB%93%B1-41%EA%B3%B3-%EC%84%B8%EB%AC%B4%EC%A1%B0%EC%82%AC,no-alt,,,
https://ailens.sedaily.ai/markets/2026/09/14/2026-09-14-%EC%A4%91%EA%B0%84%EC%84%A0%EA%B1%B0-%EB%88%84%EA%B0%80-%EC%9D%B4%EA%B8%B8%EA%B9%8C-ETF%EB%A1%9C-%EB%B2%A0%ED%8C%85,no-alt,,,
https://ailens.sedaily.ai/industry/2026/09/14/2026-09-14-%EC%82%BC%EC%A0%84%EB%8B%89%EC%8A%A4-%EB%8D%95%EB%B6%84%EC%97%90-%EB%B2%95%EC%9D%B8%EC%84%B8-%EC%84%B8%EC%88%98-15%EB%85%84%EB%A7%8C%EC%97%90-%EC%86%8C%EB%93%9D%EC%84%B8-%EC%B6%94%EC%9B%94,no-alt,,,
https://ailens.sedaily.ai/markets/2026/09/14/2026-09-14-%EA%B7%B8%EB%9E%98%EB%8F%84-%EB%B0%98%EB%8F%84%EC%B2%B4-%EC%95%84%EB%8B%88%EB%A9%B4-%EB%AD%98-%EC%82%AC%EA%B2%A0%EB%83%90-%ED%95%98%EC%9D%B4%EB%8B%89%EC%8A%A4-ADR-%EC%A4%8D%EC%A4%8D-50-%EB%B9%84%EC%8B%B8%EB%8F%84-%EC%93%B8%EC%96%B4%EB%8B%B4%EC%95%98%EB%8B%A4,no-alt,,,
https://ailens.sedaily.ai/international/2026/09/14/2026-09-14-13%EC%9D%BC-%ED%98%84%EC%A7%80-%EC%8B%9C%EA%B0%84-%EB%A1%9C%EC%9D%B4%ED%84%B0%ED%86%B5%EC%8B%A0%EC%9D%B4-%EB%8B%A4%EC%88%98%EC%9D%98-%EC%86%8C%EC%8B%9D%ED%86%B5%EC%9D%84-%EC%9D%B8%EC%9A%A9%ED%95%B4-%EB%B3%B4%EB%8F%84%ED%95%9C-%EB%82%B4%EC%9A%A9%EC%9E%85%EB%8B%88%EB%8B%A4-%EC%97%94%EB%B9%84%EB%94%94%EC%95%84%EA%B0%80-%EC%9D%B8%EA%B3%B5%EC%A7%80%EB%8A%A5-%EA%B8%B0%EC%97%85-%EC%95%A4%ED%8A%B8%EB%A1%9C%ED%94%BD,no-alt,,,
https://ailens.sedaily.ai/markets/2026/09/14/2026-09-14-%ED%83%9C%EA%B4%91%EC%82%B0%EC%97%85%EC%97%90-%ED%94%BC%EC%86%8C-%ED%8A%B8%EB%9F%AC%EC%8A%A4%ED%86%A4%EC%9A%B4%EC%9A%A9-%EC%A3%BC%EC%A3%BC-%EC%A7%88%EC%9D%98%EC%97%90-%EA%B3%A0%EC%86%8C%EB%A1%9C-%EB%8B%B5%EB%B3%80-%EC%8B%9C%EA%B7%B8%EB%84%90,no-alt,,,
https://ailens.sedaily.ai/markets/2026/09/14/2026-09-14-%EB%B6%84%EB%B0%B0%EC%9C%A8-23-%EC%9D%B8%EB%8D%B0-%EC%88%98%EC%9D%B5%EC%9D%80-24-%EC%84%B1%EA%B3%BC-%EA%B4%B4%EB%A6%AC-%ED%81%B0-%EC%BB%A4%EB%B2%84%EB%93%9C%EC%BD%9C,no-alt,,,
https://ailens.sedaily.ai/news/2026/09/14/2026-09-14-%EA%B2%80%EC%B0%B0-%EC%88%98%EC%A1%B0%EC%9B%90%EB%8C%80-%EA%B0%80%EA%B2%A9-%EB%8B%B4%ED%95%A9-%EC%84%9D%ED%99%94%EC%97%85%EC%B2%B4-%EA%B2%BD%EC%98%81%EC%A7%84-8%EB%AA%85-%EA%B5%AC%EC%86%8D%EC%98%81%EC%9E%A5,no-alt,,,
https://ailens.sedaily.ai/markets/2026/09/14/2026-09-14-%EB%8B%A8%EB%8F%85-SK%EB%84%A5%EC%8B%A4%EB%A6%AC%EC%8A%A4-8000%EC%96%B5-%EC%9E%90%EB%B3%B8%ED%99%95%EC%B6%A9-SKC-%EB%A6%AC%EB%B0%B8%EB%9F%B0%EC%8B%B1-%EA%B0%80%EC%86%8D%ED%99%94-%EC%8B%9C%EA%B7%B8%EB%84%90,no-alt,,,
https://ailens.sedaily.ai/markets/2026/09/14/2026-09-14-%EA%B3%B5%EB%AA%A8%EC%A3%BC-%EC%B2%AD%EC%95%BD-5%EA%B3%B3-%EB%AA%B0%EB%A6%B0%EB%8B%A4-%EB%8D%95%EC%82%B0%EB%84%B5%EC%BD%94%EC%96%B4%EC%8A%A4-%EB%A1%9C%EB%B4%87-%EC%A4%84%EC%A4%84%EC%9D%B4-%EC%B6%9C%EA%B2%A9-%EC%9D%B4%EB%B2%88%EC%A3%BC-%EC%A6%9D%EC%8B%9C-%EC%BA%98%EB%A6%B0%EB%8D%94,no-alt,,,
https://ailens.sedaily.ai/property/2026/09/14/2026-09-14-3%EA%B8%B0-%EC%8B%A0%EB%8F%84%EC%8B%9C-%EB%B6%84%EC%96%91%EA%B0%80-%EB%8D%94%EB%9B%B4%EB%8B%A4-%EB%91%90-%EB%8B%AC-%EC%83%88-%EA%B8%B0%EB%B3%B8%ED%98%95-%EA%B1%B4%EC%B6%95%EB%B9%84-4-%EB%84%98%EA%B2%8C-%EC%83%81%EC%8A%B9,no-alt,,,
https://ailens.sedaily.ai/news/2026/09/14/2026-09-14-10%EB%85%84%EC%9D%84-%EB%AC%B6%EC%97%AC%EB%8F%84-11%EB%8C%80-1%EC%9D%B4%EC%97%88%EC%8A%B5%EB%8B%88%EB%8B%A4,no-alt,,,
https://ailens.sedaily.ai/industry/2026/09/14/2026-09-14-AI%EA%B0%80-%ED%92%88%EC%A7%88-%EA%B2%80%EC%82%AC%ED%95%98%EA%B3%A0-%ED%99%94%ED%95%99%EC%86%8C%EC%9E%AC-%EC%8B%A4%ED%97%98-LG-%EC%97%91%EC%82%AC%EC%9B%90-%EC%8B%A0%EA%B8%B0%EC%88%A0-%EA%B3%B5%EA%B0%9C,no-alt,,,
https://ailens.sedaily.ai/industry/2026/09/14/2026-09-14-SK%EB%B0%94%EC%9D%B4%EC%98%A4%ED%8C%9C-%EC%84%B8%EC%BB%A8%EB%93%9C-%EC%8B%A0%EC%95%BD-%EC%98%A4%ED%8C%8C%EC%B9%BC%EB%A6%BC-FDA-%EC%95%88%EC%A0%84%EC%84%B1-%EA%B2%80%EC%A6%9D%EB%8C%80-Why-%EB%B0%94%EC%9D%B4%EC%98%A4,alt-ok,1086,965,https://sedaily-mbti-cms-media-dev.s3.us-east-1.amazonaws.com/media/mustknow-auto/20090413-webtoon-cut001.png
https://ailens.sedaily.ai/industry/2026/09/14/2026-09-14-%EC%82%BC%EC%84%B1%EC%A0%84%EC%9E%90%EC%99%80-SK%ED%95%98%EC%9D%B4%EB%8B%89%EC%8A%A4%EA%B0%80-%EB%8B%B9%EC%82%AC%EC%9D%98-%EC%A0%9C%EC%95%88%EC%97%90-%EA%B1%B0%EC%A0%88-%EC%9D%98%EC%82%AC%EB%A5%BC-%EC%A0%84%EB%8B%AC%ED%95%9C-%EA%B2%83%EC%9D%80-%EC%82%AC%EC%8B%A4%EC%9E%85%EB%8B%88%EB%8B%A4-%ED%95%9C%EA%B5%AD%EC%A0%84%EB%A0%A5-%EA%B4%80%EA%B3%84%EC%9E%90%EC%9D%98-%EB%A7%90%EC%9E%85%EB%8B%88%EB%8B%A4,alt-ok,1086,965,https://sedaily-mbti-cms-media-dev.s3.us-east-1.amazonaws.com/media/mustknow-auto/20090430-webtoon-cut001.png
https://ailens.sedaily.ai/markets/2026/09/14/2026-09-14-127-%EA%B4%80%EC%84%B8%EB%A1%9C-%EB%A7%89%ED%98%80-%EC%9E%88%EB%8D%98-%EB%AC%B8%EC%9D%B4-%EC%97%B4%EB%A6%B0%EB%8B%A4%EB%A9%B4,alt-ok,1086,965,https://sedaily-mbti-cms-media-dev.s3.us-east-1.amazonaws.com/media/mustknow-auto/20090471-webtoon-cut001.png
https://ailens.sedaily.ai/markets/2026/09/14/2026-09-14-%EB%82%B4-%EA%B5%AD%EB%AF%BC%EC%97%B0%EA%B8%88-%EA%B5%B4%EB%A6%AC%EB%8A%94-%EC%82%AC%EB%9E%8C%EC%9D%B4-%EB%B0%94%EB%80%8C%EC%97%88%EC%8A%B5%EB%8B%88%EB%8B%A4,alt-ok,1086,965,https://sedaily-mbti-cms-media-dev.s3.us-east-1.amazonaws.com/media/mustknow-auto/20090549-webtoon-cut001.png
https://ailens.sedaily.ai/industry/2026/09/14/2026-09-14-%EC%BD%94%EB%A1%9C%EB%82%98-%EA%B2%80%EC%82%AC-%EB%8C%80%EC%8B%A0-%EA%B2%B0%ED%95%B5%EC%9D%84-%EA%B2%80%EC%82%AC%ED%95%A9%EB%8B%88%EB%8B%A4,no-alt,,,
https://ailens.sedaily.ai/industry/2026/09/14/2026-09-14-%EA%B0%A4%EB%9F%AD%EC%8B%9CS26-%EC%B6%9C%EA%B3%A0%EA%B0%80-%EC%9D%B8%EC%83%81-%EC%B6%94%EC%A7%84-15-%EC%8B%BC-%EB%A6%AC%ED%8D%BC%ED%8F%B0%EB%8F%84-%EC%B6%9C%EC%8B%9C%ED%95%9C%EB%8B%A4,alt-ok,1086,965,https://sedaily-mbti-cms-media-dev.s3.us-east-1.amazonaws.com/media/mustknow-auto/20090327-webtoon-cut001.png
https://ailens.sedaily.ai/markets/2026/09/14/2026-09-14-ADC-RNA-%EB%9C%A8%EB%8A%94%EB%8D%B0-%EC%9D%80-%EA%B8%B0%EC%88%A0%EC%88%98%EC%B6%9C-0,no-alt,,,
https://ailens.sedaily.ai/markets/2026/09/14/2026-09-14-1-440%EC%96%B5-%EB%8B%AC%EB%9F%AC-%EA%B8%B0%EC%88%A0-%EA%B1%B0%EB%9E%98-%ED%95%9C%EA%B5%AD-%EB%AA%AB%EC%9D%80-0%EA%B1%B4,no-alt,,,
https://ailens.sedaily.ai/industry/2026/09/14/2026-09-14-%ED%98%84%EB%8C%80%EC%B0%A8-2033%EB%85%84-%ED%85%8C%EC%8A%AC%EB%9D%BC-%EB%8D%B0%EC%9D%B4%ED%84%B0-%EB%94%B0%EB%9D%BC%EC%9E%A1%EC%9D%84-%EA%B2%83,no-alt,,,
https://ailens.sedaily.ai/news/2026/09/13/2026-09-13-%EC%9D%B4%EB%B2%88-%EC%A3%BC-%ED%91%9C%EA%B2%B0-60%ED%91%9C%EC%97%90%EC%84%9C-%EA%B0%88%EB%A6%BD%EB%8B%88%EB%8B%A4,no-alt,,,
https://ailens.sedaily.ai/news/2026/09/13/2026-09-13-1%EB%85%84-%EC%A0%84-16%EC%9C%84-%EC%A7%80%EB%82%9C%EB%8B%AC-1%EC%9C%84,alt-ok,1086,965,https://sedaily-mbti-cms-media-dev.s3.us-east-1.amazonaws.com/media/mustknow-auto/20090242-webtoon-cut001.png
https://ailens.sedaily.ai/property/2026/09/12/2026-09-12-%EC%95%84%ED%8C%8C%ED%8A%B8%EC%97%90-%EC%9D%B4%EC%82%AC-%EC%98%A8-6%EB%AA%85-%EB%AA%A8%EB%91%90-1990%EB%85%84%EC%83%9D-%EC%9B%94%EC%84%B8-%EB%8D%94%EC%9D%B4%EC%83%81-%EB%AA%BB%EB%B2%84%ED%85%A8-%EB%B9%9A%EB%82%B4%EC%84%9C-%EC%A7%91-%EC%83%80%EB%8B%A4,alt-ok,1086,965,https://sedaily-mbti-cms-media-dev.s3.us-east-1.amazonaws.com/media/mustknow-auto/20090154-webtoon-cut001.png
https://ailens.sedaily.ai/news/2026/09/12/2026-09-12-%ED%98%90%EC%9D%98%EB%8A%94-%EC%9D%B8%EC%A0%95%EB%90%90%EB%8A%94%EB%8D%B0-%EC%9E%AC%ED%8C%90%EC%9D%80-%EC%97%86%EC%97%88%EB%8B%A4,alt-ok,1086,965,https://sedaily-mbti-cms-media-dev.s3.us-east-1.amazonaws.com/media/mustknow-auto/20090143-webtoon-cut001.png
https://ailens.sedaily.ai/news/2026/09/12/2026-09-12-%EB%B0%9B%EC%9D%84-%EC%88%98-%EC%9E%88%EB%8B%A4%EB%8D%98-%EC%82%B0%ED%9B%84%EC%A1%B0%EB%A6%AC%EB%B9%84-%EC%9D%B4%EB%8B%AC-%EB%A7%90-%EB%81%8A%EA%B8%B4%EB%8B%A4,alt-ok,1086,965,https://sedaily-mbti-cms-media-dev.s3.us-east-1.amazonaws.com/media/mustknow-auto/20090139-webtoon-cut001.png
https://ailens.sedaily.ai/international/2026/09/12/2026-09-12-%ED%8A%B8%EB%9F%BC%ED%94%84-%EC%9E%90%EB%8F%99%EC%B0%A8-%EB%AF%B8%EA%B5%AD-%EB%82%B4-%EC%83%9D%EC%82%B0-%EC%98%A4%EC%BC%80%EC%9D%B4-%EB%AF%B8%EC%A4%91%ED%9A%8C%EB%8B%B4-%EC%A0%84-%EC%9C%A0%ED%99%94%EC%B1%85,no-alt,,,
https://ailens.sedaily.ai/markets/2026/09/12/2026-09-12-%EC%83%88%EB%82%B4%EA%B8%B0%EC%A3%BC-70-%EA%B3%B5%EB%AA%A8%EA%B0%80-%EB%B0%91%EB%8F%8C%EC%95%84-%EC%BD%94%EC%8A%A4%EB%8B%A5-%EC%8B%9C%EC%9E%A5-%EA%B0%9C%ED%8E%B8-%EC%8B%9C%EA%B8%89-%EB%A7%88%EC%BC%93%EC%8B%9C%EA%B7%B8%EB%84%90,alt-ok,1086,965,https://sedaily-mbti-cms-media-dev.s3.us-east-1.amazonaws.com/media/mustknow-auto/20090030-webtoon-cut001.png
https://ailens.sedaily.ai/news/2026/09/12/2026-09-11-%EC%97%B0%EC%9E%84-%EC%9C%A0%EB%A0%A5%ED%96%88%EB%8D%98-%ED%9A%8C%EC%9E%A5%EC%9D%B4-%ED%9B%84%EB%B3%B4%EC%97%90%EC%84%9C-%EB%B9%A0%EC%A1%8C%EB%8B%A4,alt-ok,1086,965,https://sedaily-mbti-cms-media-dev.s3.us-east-1.amazonaws.com/media/mustknow-auto/20089945-webtoon-cut001.png
https://ailens.sedaily.ai/news/2026/09/12/2026-09-11-AI-%EC%8B%A4%EC%97%85-%EC%98%A4%EB%8A%94%EB%8D%B0-%EC%9E%AC%EC%B7%A8%EC%97%85-%ED%88%AC%EC%9E%90-%EC%97%AD%EC%A3%BC%ED%96%89,no-alt,,,
https://ailens.sedaily.ai/industry/2026/09/12/2026-09-11-AI%EA%B0%80-%EA%B8%B0%EA%B8%88-%EC%9A%B4%EC%9A%A9%ED%95%B4-%EC%88%98%EC%9D%B5-%EA%B7%B9%EB%8C%80%ED%99%94-LG-%EA%B5%AD%EB%AF%BC%EC%97%B0%EA%B8%88%EA%B3%B5%EB%8B%A8-%EB%A7%9E%EC%86%90,alt-ok,1086,965,https://sedaily-mbti-cms-media-dev.s3.us-east-1.amazonaws.com/media/mustknow-auto/20089743-webtoon-cut001.png
https://ailens.sedaily.ai/finance/2026/09/12/2026-09-11-KB-%EA%B3%BC%EA%B0%90%ED%95%9C-%EC%84%B8%EB%8C%80%EA%B5%90%EC%B2%B4-%EC%B0%A8%EA%B8%B0-%ED%9A%8C%EC%9E%A5%EC%97%90-%EC%9D%B4%EC%9E%AC%EA%B7%BC,no-alt,,,
https://ailens.sedaily.ai/industry/2026/09/12/2026-09-11-%EC%A0%95%EC%9B%90-1%EB%AA%85%EC%97%90-66%EB%AA%85-%EB%B0%98%EB%8F%84%EC%B2%B4-%ED%95%99%EA%B3%BC%EB%A1%9C-%EB%AA%B0%EB%A0%B8%EB%8B%A4,no-alt,,,
https://ailens.sedaily.ai/news/2026/09/12/2026-09-11-%EC%86%8D%EB%B3%B4-%EC%9D%B4%EC%A2%85%EC%84%AD-%ED%98%B8%EC%A3%BC%EB%8C%80%EC%82%AC-%EC%9E%84%EB%AA%85-%EB%8F%84%ED%94%BC-%EC%9D%98%ED%98%B9-1%EC%8B%AC-%EB%AC%B4%EC%A3%84,no-alt,,,
https://ailens.sedaily.ai/markets/2026/09/12/2026-09-11-%EA%B8%B0%EC%97%85-%EA%B3%B5%EC%8B%9C-9%EC%9B%94-11%EC%9D%BC,no-alt,,,
https://ailens.sedaily.ai/markets/2026/09/12/2026-09-11-%EC%A7%80%EC%88%98%EB%8A%94-%EC%98%AC%EB%9E%90%EB%8A%94%EB%8D%B0-%EB%82%B4-ETF%EB%8A%94-%EC%8B%A0%EC%A0%80%EA%B0%80,no-alt,,,
https://ailens.sedaily.ai/markets/2026/09/11/2026-09-11-%EA%B5%AD%EB%AF%BC%EC%97%B0%EA%B8%88-%ED%99%98%EC%9C%A8-%EB%B6%84%EC%84%9D%EC%97%90-AI-%EC%93%B4%EB%8B%A4-LG%EC%99%80-%EB%A7%9E%EC%86%90-%EC%8B%9C%EA%B7%B8%EB%84%90,no-alt,,,
https://ailens.sedaily.ai/markets/2026/09/11/2026-09-11-%EB%8B%A8%EB%8F%85-%ED%82%A4%EC%9B%80-USA-15%EC%9D%BC-%EC%84%9C-K%EB%B0%98%EB%8F%84%EC%B2%B4-ETF-%EC%B2%AB%EC%84%A0,no-alt,,,
https://ailens.sedaily.ai/markets/2026/09/11/2026-09-11-%EB%82%B4-%EC%A3%BC%EC%8B%9D-%EC%95%B1%EC%97%90-%EC%A0%80PBR-%ED%91%9C%EC%8B%9C%EA%B0%80-%EB%B6%99%EB%8A%94%EB%8B%A4,alt-ok,1086,965,https://sedaily-mbti-cms-media-dev.s3.us-east-1.amazonaws.com/media/mustknow-auto/20089927-webtoon-cut001.png
https://ailens.sedaily.ai/industry/2026/09/11/2026-09-11-%EC%82%BC%EC%84%B1E-A-%EC%82%AC%EC%9A%B0%EB%94%94%EC%97%90-4-7%EC%A1%B0-%EC%B2%A8%EB%8B%A8-%EB%B9%84%EB%A3%8C%EA%B3%B5%EC%9E%A5-%EC%A7%93%EB%8A%94%EB%8B%A4,no-alt,,,
https://ailens.sedaily.ai/news/2026/09/11/2026-09-11-%EC%84%B8%EA%B8%88-41%EC%A1%B0-%EB%8D%94-%EA%B1%B7%ED%98%94%EB%8A%94%EB%8D%B0-%EB%B9%9A%EC%9D%80-86%EC%A1%B0-%EB%8A%98%EC%97%88%EB%8B%A4,no-alt,,,
https://ailens.sedaily.ai/news/2026/09/11/2026-09-11-%EC%86%8D%EB%B3%B4-%EA%B5%AD%EA%B3%A0%EC%B1%84-3%EB%85%84%EB%AC%BC-%EA%B8%88%EB%A6%AC-%EC%9E%A5%EC%A4%91-4-%EB%8F%8C%ED%8C%8C-2%EB%85%84-10%EA%B0%9C%EC%9B%94%EB%A7%8C,no-alt,,,
https://ailens.sedaily.ai/markets/2026/09/11/2026-09-11-%ED%8C%8C%EB%9E%80%EB%B6%88-%EC%A6%9D%EC%8B%9C-%EC%97%90%EB%8F%84-%EC%83%81%ED%95%9C%EA%B0%80-%EC%A7%81%ED%96%89-%EC%95%84%EB%AA%A8%ED%85%8D-AI-%EB%B0%B8%EB%A5%98%EC%B2%B4%EC%9D%B8-%EC%A7%84%EC%9E%85-%EC%A3%BC%EB%AA%A9-%EC%BD%94%EC%A3%BC%EB%B6%80,alt-ok,1086,965,https://sedaily-mbti-cms-media-dev.s3.us-east-1.amazonaws.com/media/mustknow-auto/20089792-webtoon-cut001.png
https://ailens.sedaily.ai/markets/2026/09/11/2026-09-11-%EC%82%BC%EC%84%B1%EC%A0%84%EC%9E%90-HBM-%EC%A0%90%EC%9C%A0%EC%9C%A8-40-%EA%B0%88-%EA%B2%83-%EB%AA%A9%ED%91%9C%EC%A3%BC%EA%B0%80-60%EB%A7%8C-%EC%9B%90-%EC%A4%8D%EC%A4%8D%EB%A6%AC%ED%8F%AC%ED%8A%B8,alt-ok,1086,965,https://sedaily-mbti-cms-media-dev.s3.us-east-1.amazonaws.com/media/mustknow-auto/20089704-webtoon-cut001.png
https://ailens.sedaily.ai/industry/2026/09/11/2026-09-11-%ED%95%98%EB%A3%A8-33%EB%A7%8C-%ED%86%A4-100%EB%A7%8C-%EB%AA%85%EC%9D%B4-%EB%84%98%EB%8A%94-%EC%82%AC%EB%9E%8C%EC%9D%B4-%ED%95%98%EB%A3%A8-%EB%8F%99%EC%95%88-%EC%93%B8-%EC%88%98-%EC%9E%88%EB%8A%94-%EC%83%9D%ED%99%9C%EC%9A%A9%EC%88%98%EC%99%80-%EB%A7%9E%EB%A8%B9%EB%8A%94-%EC%96%91%EC%9E%85%EB%8B%88%EB%8B%A4-%EC%82%BC%EC%84%B1%EC%A0%84%EC%9E%90-%EB%B0%98%EB%8F%84%EC%B2%B4-DS-%EB%B6%80%EB%AC%B8%EC%9D%80-%EC%9D%B4,no-alt,,,
https://ailens.sedaily.ai/markets/2026/09/11/2026-09-11-2024%EB%85%84-6%EC%9B%94-%ED%95%9C%EA%B5%AD%EC%98%88%ED%83%81%EA%B2%B0%EC%A0%9C%EC%9B%90%EC%97%90-%EA%B3%84%EC%A2%8C-%ED%95%98%EB%82%98%EA%B0%80-%EC%97%B4%EB%A0%B8%EC%8A%B5%EB%8B%88%EB%8B%A4-%EA%B5%AD%EC%A0%9C%EC%98%88%ED%83%81%EA%B2%B0%EC%A0%9C%EA%B8%B0%EA%B5%AC%EA%B0%80-%EA%B0%9C%EC%84%A4%ED%95%9C-%EB%B3%B4%EA%B4%80%EA%B3%84%EC%A2%8C%EC%98%80%EC%8A%B5%EB%8B%88%EB%8B%A4-2%EB%85%84%EC%9D%B4,no-alt,,,
https://ailens.sedaily.ai/industry/2026/09/11/2026-09-11-%EC%82%AC%EC%9A%B0%EB%94%94%EC%97%90%EC%84%9C-%EB%A7%8C%EB%93%A0-%EB%B9%84%EB%A3%8C-%ED%95%9C-%ED%86%A8%EB%8F%84-%EC%82%AC%EC%9A%B0%EB%94%94%EC%97%90-%EB%82%A8%EC%A7%80-%EC%95%8A%EB%8A%94%EB%8B%A4,alt-ok,1086,965,https://sedaily-mbti-cms-media-dev.s3.us-east-1.amazonaws.com/media/mustknow-auto/20089690-webtoon-cut001.png
https://ailens.sedaily.ai/markets/2026/09/11/2026-09-11-%EB%B0%9C%ED%91%9C-%ED%95%98%EB%A3%A8-%EB%A7%8C%EC%97%90-%EA%B3%84%EC%97%B4%EC%82%AC-%EC%A3%BC%EA%B0%80%EA%B0%80-%ED%95%A8%EA%BB%98-%EC%98%AC%EB%9E%90%EB%8B%A4,alt-ok,1086,965,https://sedaily-mbti-cms-media-dev.s3.us-east-1.amazonaws.com/media/mustknow-auto/20089866-webtoon-cut001.png
https://ailens.sedaily.ai/news/2026/09/11/2026-09-11-%EC%9D%B4%EC%A2%85%EC%84%AD-%ED%98%B8%EC%A3%BC-%EB%8F%84%ED%94%BC-%EC%98%A4%EB%8A%98-1%EC%8B%AC-%EC%84%A0%EA%B3%A0-%ED%8A%B9%EA%B2%80-%EC%A7%95%EC%97%AD-5%EB%85%84-%EA%B5%AC%ED%98%95,alt-ok,1086,965,https://sedaily-mbti-cms-media-dev.s3.us-east-1.amazonaws.com/media/mustknow-auto/20089616-webtoon-cut001.png
https://ailens.sedaily.ai/industry/2026/09/11/2026-09-11-SK%EB%B0%94%EC%9D%B4%EC%98%A4%ED%8C%9C-%EC%98%A4%ED%8C%8C%EC%B9%BC%EB%A6%BC-%EB%8F%85%EC%84%B1-%EC%9D%B4%EC%8A%88-%EA%B3%84%EC%95%BD-%EC%A0%84-%EC%9D%B8%EC%A7%80-11%EC%9B%94-%ED%95%B4%EC%A0%9C-%EC%A0%84%EB%A7%9D,no-alt,,,
https://ailens.sedaily.ai/markets/2026/09/11/2026-09-11-SK%EB%B0%94%EC%9D%B4%EC%98%A4%ED%8C%9C-%EB%8F%84%EC%9E%85-%EB%87%8C%EC%A0%84%EC%A6%9D-%EC%8B%A0%EC%95%BD-%EB%B6%80%EB%B6%84-%EC%9E%84%EC%83%81-%EB%B3%B4%EB%A5%98-%EC%97%90-%EC%A3%BC%EA%B0%80-6-Why-%EB%B0%94%EC%9D%B4%EC%98%A4,alt-ok,1086,965,https://sedaily-mbti-cms-media-dev.s3.us-east-1.amazonaws.com/media/mustknow-auto/20089727-webtoon-cut001.png
https://ailens.sedaily.ai/industry/2026/09/11/2026-09-11-%ED%83%81%EC%86%8C%ED%85%94-%EB%93%B1%EC%97%90-%EC%97%85%EC%9D%80-%EB%B3%B4%EB%A0%B9-4%EB%85%84%EB%82%B4-%EC%88%98%EC%B6%9C-16%EB%B0%B0-%ED%82%A4%EC%9A%B4%EB%8B%A4-%EB%B0%94%EC%9D%B4%EC%98%A4%EB%A6%AC%EB%8D%94%EC%8A%A4%ED%81%B4%EB%9F%BD,no-alt,,,
https://ailens.sedaily.ai/industry/2026/09/11/2026-09-11-%EC%84%B1%EA%B3%BC%EA%B8%89-%ED%98%84%EA%B8%88%EB%B9%84%EC%A4%91-%EB%8A%98%EB%A6%B0-SK%ED%95%98%EC%9D%B4%EB%8B%89%EC%8A%A4-%EC%9D%B4%EB%B2%88%EC%97%94-%EC%9E%84%EB%8B%A8%ED%98%91-%EB%84%98%EC%9D%84%EA%B9%8C-biz-%ED%94%8C%EB%9F%AC%EC%8A%A4,alt-ok,1086,965,https://sedaily-mbti-cms-media-dev.s3.us-east-1.amazonaws.com/media/mustknow-auto/20089666-webtoon-cut001.png
https://ailens.sedaily.ai/industry/2026/09/11/2026-09-11-%EC%A4%91%EA%B5%AD-%EA%B0%80%EB%8A%94-%EB%B9%84%ED%96%89%EA%B8%B0%EA%B0%80-10%EB%85%84-%EB%A7%8C%EC%97%90-%EA%B0%80%EC%9E%A5-%EB%B6%90%EB%B3%90%EB%8B%A4,alt-ok,1086,965,https://sedaily-mbti-cms-media-dev.s3.us-east-1.amazonaws.com/media/mustknow-auto/20089634-webtoon-cut001.png
https://ailens.sedaily.ai/markets/2026/09/11/2026-09-11-%EC%9E%90%EC%82%B0%EC%9A%B4%EC%9A%A9%EC%82%AC-2%EB%B6%84%EA%B8%B0-%EC%88%9C%EC%9D%B4%EC%9D%B5-2%EC%A1%B0-6889%EC%96%B5-%EC%A0%81%EC%9E%90-%ED%9A%8C%EC%82%AC-%EB%B9%84%EC%9C%A8%EC%9D%80-%EC%98%A4%ED%9E%88%EB%A0%A4-%EB%8A%98%EC%97%88%EB%8B%A4,alt-ok,1086,965,https://sedaily-mbti-cms-media-dev.s3.us-east-1.amazonaws.com/media/mustknow-auto/20089581-webtoon-cut001.png
https://ailens.sedaily.ai/markets/2026/09/11/2026-09-11-%ED%94%BC%EB%B6%80-%EC%95%88%EA%B5%AC-%EA%B0%84%EC%97%90%EC%84%9C-%EB%87%8C%EB%A1%9C-%EC%98%81%EC%97%AD-%ED%99%95%EC%9E%A5%ED%95%98%EB%8A%94-RNA-%EC%B9%98%EB%A3%8C%EC%A0%9C,alt-ok,1086,965,https://sedaily-mbti-cms-media-dev.s3.us-east-1.amazonaws.com/media/mustknow-auto/20089467-webtoon-cut001.png
https://ailens.sedaily.ai/markets/2026/09/11/2026-09-11-100%EB%8B%AC%EB%9F%AC%EB%A9%B4-%EA%B3%A0%EC%A0%90-%EC%B9%98%EC%86%9F%EB%8A%94-%EC%9C%A0%EA%B0%80%EC%97%90-%EA%B0%9C%EB%AF%B8%EB%8A%94-800%EC%96%B5-%EC%97%AD%EB%B2%A0%ED%8C%85-%EC%BD%94%EC%A3%BC%EB%B6%80,alt-ok,1086,965,https://sedaily-mbti-cms-media-dev.s3.us-east-1.amazonaws.com/media/mustknow-auto/20089586-webtoon-cut001.png
https://ailens.sedaily.ai/news/2026/09/11/2026-09-11-%EC%9B%90%EC%B2%AD-%EA%B5%90%EC%84%AD-1%ED%98%B8-%ED%95%9C%EB%8F%99%EB%8C%80-%EA%B2%B0%EA%B5%AD-%ED%8C%8C%EC%97%85-%EC%88%98%EC%88%9C-%EB%B0%9F%EB%8A%94%EB%8B%A4,no-alt,,,
https://ailens.sedaily.ai/international/2026/09/11/2026-09-10-%EC%9D%B4%EB%9E%80%EC%A0%84-%EA%B2%A9%ED%99%94%EC%97%90-%EC%9C%A0%EA%B0%80-%EA%B3%A0%EA%B3%B5%ED%96%89%EC%A7%84-WTI%EB%8F%84-%EB%B0%B0%EB%9F%B4%EB%8B%B9-100%EB%8B%AC%EB%9F%AC-%EB%8F%8C%ED%8C%8C,no-alt,,,
https://ailens.sedaily.ai/international/2026/09/11/2026-09-10-ECB-%EA%B8%88%EB%A6%AC-%EC%9D%B8%EC%83%81-%EC%98%88%EA%B8%88%EA%B8%88%EB%A6%AC-%EC%97%B0-2-50-%EB%A1%9C-0-25-P,no-alt,,,
https://ailens.sedaily.ai/industry/2026/09/11/2026-09-10-AI-%EB%B0%9C%EC%A0%84-%EC%B4%88%EC%84%9D%EB%90%A0-%EA%B3%B3-%EC%B5%9C%ED%83%9C%EC%9B%90-7%EC%A1%B0-%EB%8D%B0%EC%9D%B4%ED%84%B0%EC%84%BC%ED%84%B0-%EC%A0%90%EA%B2%80-AI-%ED%92%80%EC%8A%A4%ED%83%9D-%EC%97%AD%EB%9F%89-%EA%B3%A0%EB%8F%84%ED%99%94,no-alt,,,
https://ailens.sedaily.ai/markets/2026/09/11/2026-09-10-%EC%9A%B0%EB%A6%AC%ED%88%AC%EC%9E%90%EC%A6%9D%EA%B6%8C-%EC%88%98%EC%8B%A0%EC%83%81%ED%92%88-%EA%B8%88%EB%A6%AC-%EC%98%AC%EB%A0%A4-%EC%A0%95%EA%B8%B0%EC%98%88%EA%B8%88-%EC%B5%9C%EA%B3%A0-%EC%97%B0-4-05,no-alt,,,
https://ailens.sedaily.ai/industry/2026/09/11/2026-09-10-%EB%B0%B1%ED%99%94%EC%A0%90-%EC%83%81%ED%92%88%EB%8F%84-%EC%BF%A0%ED%8C%A1%EC%9D%B4%EC%B8%A0%EB%A1%9C-%EC%A3%BC%EB%AC%B8-%EB%A1%AF%EB%8D%B0-%ED%80%B5%EC%BB%A4%EB%A8%B8%EC%8A%A4-%EC%8B%9C%EC%9E%A5-%EA%B3%B5%EB%9E%B5,no-alt,,,
https://ailens.sedaily.ai/industry/2026/09/10/2026-09-10-%EC%82%BC%EC%84%B1%EB%B0%94%EC%9D%B4%EC%98%A4%EB%A1%9C%EC%A7%81%EC%8A%A4-%EC%9C%A0%EB%9F%BD-%EC%A0%9C%EC%95%BD%EC%82%AC%EC%99%80-3508%EC%96%B5-CMO-%EA%B3%84%EC%95%BD-2033%EB%85%84%EA%B9%8C%EC%A7%80-%EC%9E%A5%EA%B8%B0-%EA%B3%B5%EA%B8%89,no-alt,,,
https://ailens.sedaily.ai/news/2026/09/10/2026-09-10-%EA%B0%9C%EC%A0%95-%EB%85%B8%EC%A1%B0%EB%B2%95-6%EA%B0%9C%EC%9B%94-%EB%A7%8C%EC%97%90-%EC%9B%90-%ED%95%98%EC%B2%AD-%EA%B5%90%EC%84%AD-%EC%B2%AB-%ED%83%80%EA%B2%B0-%EB%82%98%EC%99%94%EB%8B%A4,no-alt,,,
https://ailens.sedaily.ai/markets/2026/09/10/2026-09-10-SK%EB%B0%94%EC%9D%B4%EC%98%A4%ED%8C%9C-%EB%8F%84%EC%9E%85-%EB%87%8C%EC%A0%84%EC%A6%9D-%EC%8B%A0%EC%95%BD-%EB%B6%80%EB%B6%84-%EC%9E%84%EC%83%81-%EB%B3%B4%EB%A5%98-%EA%B0%9C%EB%B0%9C-%EC%98%81%ED%96%A5-%EC%A0%9C%ED%95%9C%EC%A0%81,no-alt,,,
https://ailens.sedaily.ai/markets/2026/09/10/2026-09-10-%EB%8B%A8%EB%8F%85-%EB%B0%95%ED%98%84%EC%A3%BC-VC-%ED%88%AC%EC%9E%90-100%EC%A1%B0%EB%A1%9C-%ED%82%A4%EC%9B%8C%EC%95%BC-%EC%A0%9C%EC%A1%B0%EC%97%85-%EC%82%B0%EB%8B%A4,no-alt,,,
https://ailens.sedaily.ai/news/2026/09/10/2026-09-10-130-%EB%96%A0%EB%82%B4%EB%A0%A4%EA%B0%84-%EC%8B%9C%EC%8B%A0-%EB%B6%80%EC%82%B0-%EC%98%88%EC%9D%B8%EC%84%A0-%EC%8B%A4%EC%A2%85%EC%9E%90-%EC%88%98%EC%83%89-%EC%9E%A5%EA%B1%B0%EB%A6%AC-%ED%91%9C%EB%A5%98-%EC%97%90-%EC%B4%88%EC%A0%90,no-alt,,,
https://ailens.sedaily.ai/markets/2026/09/10/2026-09-10-%EC%82%BC%EC%A0%84%EB%8B%89%EC%8A%A4%EA%B0%80-%EB%8B%A4-%ED%96%88%EB%84%A4-%EC%9D%B4-%EB%A7%90-%EC%A7%84%EC%A7%9C%EC%98%80%EB%8B%A4-%EA%BF%88%EC%9D%98-9000%ED%94%BC-%EB%95%8C-%EC%83%81%EC%8A%B9-%EA%B8%B0%EC%97%AC%EB%8F%84-99,no-alt,,,
https://ailens.sedaily.ai/markets/2026/09/10/2026-09-10-%EA%B0%80%EB%B9%84%EC%95%84-%ED%8A%B9%EB%B3%84%EC%9C%84-%EC%9D%B4%EC%82%AC%ED%9A%8C%EC%97%90-%EA%B3%B5%EA%B0%9C%EB%A7%A4%EC%88%98-%EC%A4%91%EB%A6%BD-%EC%9D%98%EA%B2%AC-%ED%91%9C%EB%AA%85-%EA%B6%8C%EA%B3%A0-%EC%8B%9C%EA%B7%B8%EB%84%90,alt-ok,1086,965,https://sedaily-mbti-cms-media-dev.s3.us-east-1.amazonaws.com/media/mustknow-auto/20089445-webtoon-cut001.png
https://ailens.sedaily.ai/markets/2026/09/10/2026-09-10-%EC%B1%84%EA%B6%8C%EC%8B%9C%EC%9E%A5-%ED%81%B0%EC%86%90-%EB%B3%B5%EA%B7%80-SK%ED%95%98%EC%9D%B4%EB%8B%89%EC%8A%A4-3%EC%A1%B0-%EC%8B%A4%ED%83%84-%ED%91%BC%EB%8B%A4-%EC%8B%9C%EA%B7%B8%EB%84%90,no-alt,,,
https://ailens.sedaily.ai/finance/2026/09/10/2026-09-10-%EC%96%BC%EB%9D%BC%EC%9D%B8-JB-BNK-%ED%95%A9%EB%B3%91-%EA%B2%80%ED%86%A0-%EC%9A%94%EA%B5%AC-%EC%A0%91%EC%97%88%EB%8B%A4-%EC%8B%9C%EA%B7%B8%EB%84%90,no-alt,,,
https://ailens.sedaily.ai/markets/2026/09/10/2026-09-10-BDC-%EC%84%B8%EC%BB%A8%EB%8D%94%EB%A6%AC-%ED%8E%80%EB%93%9C-%EC%B6%94%EC%A7%84-%ED%88%AC%EC%9E%90%ED%9A%8C%EC%88%98-%EA%B8%B8-%EB%84%93%EC%96%B4%EC%A7%80%EB%82%98,alt-ok,1086,965,https://sedaily-mbti-cms-media-dev.s3.us-east-1.amazonaws.com/media/mustknow-auto/20089553-webtoon-cut001.png
https://ailens.sedaily.ai/news/2026/09/10/2026-09-08-%EC%B2%AD%EB%85%84%EA%B3%A0%EC%9A%A9%EC%A0%95%EC%B1%85-%EB%8C%80%EC%83%81-29%EC%84%B8-34%EC%84%B8-%EC%9D%B4%ED%95%98%EB%A1%9C-%ED%99%95%EB%8C%80,alt-ok,1824,1248,https://sedaily-mbti-cms-media-dev.s3.us-east-1.amazonaws.com/media/mustknow-auto/20088570-webtoon-cut001.png
https://ailens.sedaily.ai/markets/2026/09/10/2026-09-10-%EC%82%BC%EC%A0%84%EB%8B%89%EC%8A%A4-%EA%B3%B5%EB%A7%A4%EB%8F%84-%EC%9D%BC%EC%A3%BC%EC%9D%BC-%EC%83%88-6709%EC%96%B5-%EB%B0%98%EB%93%B1-%EA%B8%B0%EB%8C%80%EC%97%90-%EC%88%8F-%EB%B2%A0%ED%8C%85-%EC%B6%95%EC%86%8C,alt-ok,1086,965,https://sedaily-mbti-cms-media-dev.s3.us-east-1.amazonaws.com/media/mustknow-auto/20089574-webtoon-cut001.png
https://ailens.sedaily.ai/markets/2026/09/10/2026-09-10-%EB%B3%B8%EC%A3%BC%EB%B3%B4%EB%8B%A4-44-%EB%B9%84%EC%8B%B8%EC%A7%84-SK%ED%95%98%EC%9D%B4%EB%8B%89%EC%8A%A4-ADR-250-%EA%B0%84%EB%8B%A4,alt-ok,1086,965,https://sedaily-mbti-cms-media-dev.s3.us-east-1.amazonaws.com/media/mustknow-auto/20089571-webtoon-cut001.png
https://ailens.sedaily.ai/industry/2026/09/10/2026-09-10-HD%ED%98%84%EB%8C%80-AI-DC%EC%9A%A9-%EB%B0%9C%EC%A0%84%EC%97%94%EC%A7%84-SMR%EC%97%90-1%EC%A1%B0%EC%9B%90-%ED%88%AC%EC%9E%90,alt-ok,1086,965,https://sedaily-mbti-cms-media-dev.s3.us-east-1.amazonaws.com/media/mustknow-auto/20089403-webtoon-cut001.png
https://ailens.sedaily.ai/markets/2026/09/10/2026-09-10-%EA%B8%80%EB%A1%9C%EB%B2%8C-%EC%9E%90%EA%B8%88-%EB%AA%B0%EB%A6%AC%EB%8A%94-%EB%AC%BC%EB%A5%98%EC%84%BC%ED%84%B0-%EB%B8%94%EB%9E%99%EC%8A%A4%ED%86%A4-ESR-33%EB%A7%8C-%EA%B0%9C%EB%B0%9C-%ED%88%AC%EC%9E%90-%EC%8B%9C%EA%B7%B8%EB%84%90,no-alt,,,
https://ailens.sedaily.ai/markets/2026/09/10/2026-09-10-%ED%95%98%EC%9D%B4%EB%8B%89%EC%8A%A4-300%EB%A7%8C%EC%9B%90%EC%97%90-%EC%83%80%EB%8B%A4%EB%A9%B4-%EA%B7%B8%EA%B1%B4-%EC%B6%A9%EB%8F%99%EA%B5%AC%EB%A7%A4-%EC%B0%A8%EB%9D%BC%EB%A6%AC-%EB%8C%80%EC%B6%9C-%EB%B0%9B%EC%95%84-%EC%A7%91%EC%9D%84-%EC%82%AC%EB%9D%BC,no-alt,,,
https://ailens.sedaily.ai/property/2026/09/10/2026-09-10-1%EA%B8%B0-%EC%8B%A0%EB%8F%84%EC%8B%9C-%EC%9E%AC%EA%B1%B4%EC%B6%95-%EB%AC%BC%EB%9F%89-%EB%8D%94-%EC%A4%84%EC%96%B4%EB%93%A0%EB%8B%A4,no-alt,,,
https://ailens.sedaily.ai/news/2026/09/10/2026-09-10-%EC%B1%84%EB%AC%B4%EC%A1%B0%EC%A0%95-%EC%8B%A4%ED%8C%A8%ED%95%B4%EB%8F%84-1%EC%A1%B0-%EC%B6%94%EA%B0%80%EB%A1%9C-%EB%B9%9A%ED%83%95%EA%B0%90,alt-ok,1086,965,https://sedaily-mbti-cms-media-dev.s3.us-east-1.amazonaws.com/media/frontpage-auto/20089052-webtoon-cut001.png
https://ailens.sedaily.ai/industry/2026/09/10/2026-09-10-SK%ED%95%98%EC%9D%B4%EB%8B%89%EC%8A%A4-%EC%84%B1%EA%B3%BC%EA%B8%89-%ED%98%84%EA%B8%88-40-50-%EC%A3%BC%EC%8B%9D-%EB%B9%84%EC%A4%91%EC%9D%80-%EC%A7%81%EC%A0%91-%EC%84%A0%ED%83%9D,alt-ok,1824,1248,https://sedaily-mbti-cms-media-dev.s3.us-east-1.amazonaws.com/media/mustknow-auto/20089290-webtoon-cut001.png
https://ailens.sedaily.ai/industry/2026/09/10/2026-09-10-%EA%B5%AD%EB%82%B4%EC%84%9C-%EB%A7%8C%EB%93%A4%EC%96%B4%EB%8F%84-%EC%88%98%EC%B6%9C%ED%95%98%EB%A9%B4-%EC%84%B8%EC%95%A1%EA%B3%B5%EC%A0%9C-0-%ED%95%9C%EA%B2%BD%ED%98%91-%EC%A0%95%EB%B6%80%EC%95%88-%EC%86%90%EB%B4%90%EC%95%BC,alt-ok,1824,1248,https://sedaily-mbti-cms-media-dev.s3.us-east-1.amazonaws.com/media/mustknow-auto/20089258-webtoon-cut001.png
https://ailens.sedaily.ai/markets/2026/09/10/2026-09-10-%ED%95%9C%EB%AF%B8%EC%95%BD%ED%92%88-%EB%A1%9C%EC%8A%88-%EA%B8%B0%EC%88%A0%EC%9D%B4%EC%A0%84%EC%9C%BC%EB%A1%9C-%EA%B2%BD%EC%9F%81%EB%A0%A5-%EC%9E%85%EC%A6%9D-%EB%AA%A9%ED%91%9C%EA%B0%80-12-%EC%91%A5-%EC%A4%8D%EC%A4%8D-%EB%A6%AC%ED%8F%AC%ED%8A%B8,alt-ok,1824,1248,https://sedaily-mbti-cms-media-dev.s3.us-east-1.amazonaws.com/media/mustknow-auto/20089211-webtoon-cut001.png
https://ailens.sedaily.ai/markets/2026/09/10/2026-09-10-%EB%8B%A4%EC%8B%9C-100-%EB%8F%8C%ED%8C%8C%ED%95%9C-%EC%9C%A0%EA%B0%80-%EA%B5%AD%EB%82%B4-%EC%A0%95%EC%9C%A0%EC%A3%BC-%EB%B0%A9%EA%B8%8B-%EC%9D%B4%EB%9F%B0%EA%B5%AD%EC%9E%A5-%EC%A0%80%EB%9F%B0%EC%A3%BC%EC%8B%9D,no-alt,,,
https://ailens.sedaily.ai/news/2026/09/10/2026-09-10-%ED%95%99%EA%B5%90%ED%8F%AD%EB%A0%A5-%EB%8B%B9%ED%96%88%EB%8B%A4-100%EB%AA%85-%EC%A4%91-3%EB%AA%85-%EC%8B%A0%EC%B2%B4%ED%8F%AD%EB%A0%A5-%EB%94%B0%EB%8F%8C%EB%A6%BC-%EB%8D%94-%EB%8A%98%EC%96%B4,alt-ok,1824,1248,https://sedaily-mbti-cms-media-dev.s3.us-east-1.amazonaws.com/media/mustknow-auto/20089190-webtoon-cut001.png
https://ailens.sedaily.ai/property/2026/09/10/2026-09-10-%EB%82%A8%EC%95%84%EB%8F%84%EB%8A%94-%EC%A7%80%EC%8B%9D%EC%82%B0%EC%97%85%EC%84%BC%ED%84%B0-%EC%9D%B4%EC%A0%9C-%EC%A7%91%EC%9C%BC%EB%A1%9C-%EC%93%B4%EB%8B%A4-%EA%B1%B4%EB%AC%BC-%ED%86%B5%EC%A7%B8-%EC%98%A4%ED%94%BC%EC%8A%A4%ED%85%94-%EC%A0%84%ED%99%98,alt-ok,1824,1248,https://sedaily-mbti-cms-media-dev.s3.us-east-1.amazonaws.com/media/mustknow-auto/20089184-webtoon-cut001.png
https://ailens.sedaily.ai/international/2026/09/10/2026-09-10-%EB%A7%90-%EB%8D%9C-%ED%95%98%EB%8A%94-%EC%A4%91%EC%95%99%EC%9D%80%ED%96%89-%EC%9B%8C%EC%8B%9C%EC%9D%98-%EC%97%B0%EC%A4%80-%ED%9A%8C%EC%9D%98-%EC%B6%95%EC%86%8C-%ED%9E%98-%EC%96%BB%EC%96%B4,alt-ok,1824,1248,https://sedaily-mbti-cms-media-dev.s3.us-east-1.amazonaws.com/media/mustknow-auto/20089162-webtoon-cut001.png
https://ailens.sedaily.ai/industry/2026/09/10/2026-09-10-%EB%94%94%EC%98%AC-%EB%B0%B1-100%EB%A7%8C%EC%9B%90-%ED%95%A0%EC%9D%B8-%ED%9A%A8%EA%B3%BC-%ED%99%98%EC%9C%A8-%ED%95%98%EB%9D%BD%EC%97%90-%EB%A9%B4%EC%84%B8%EC%A0%90-%EB%B0%B1%ED%99%94%EC%A0%90-%EA%B0%80%EA%B2%A9-%EC%97%AD%EC%A0%84-%EC%82%AC%EB%9D%BC%EC%A7%84%EB%8B%A4,alt-ok,1824,1248,https://sedaily-mbti-cms-media-dev.s3.us-east-1.amazonaws.com/media/mustknow-auto/20089114-webtoon-cut001.png
https://ailens.sedaily.ai/markets/2026/09/10/2026-09-10-%EC%A6%9D%EA%B6%8C%EC%82%AC-2%EB%B6%84%EA%B8%B0-%EC%88%9C%EC%9D%B4%EC%9D%B5-5-2%EC%A1%B0-%EC%9B%90-%EC%A0%84%EB%85%84-82-%EB%8A%98%EC%96%B4,alt-ok,1824,1248,https://sedaily-mbti-cms-media-dev.s3.us-east-1.amazonaws.com/media/mustknow-auto/20089030-webtoon-cut001.png
https://ailens.sedaily.ai/markets/2026/09/10/2026-09-10-16-8%EC%A1%B0-%EA%B0%9C%EB%AF%B8-%EB%A7%A4%EB%AC%BC-%ED%84%B4-%EC%BD%94%EC%8A%A4%ED%94%BC-%EB%84%A4-%EB%A7%88%EB%85%80%EC%9D%98-%EB%82%A0-%EB%94%9B%EA%B3%A0-7000%EC%84%A0-%EC%A7%80%ED%82%AC%EA%B9%8C-%EC%BD%94%EC%A3%BC%EB%B6%80,alt-ok,1824,1248,https://sedaily-mbti-cms-media-dev.s3.us-east-1.amazonaws.com/media/mustknow-auto/20089126-webtoon-cut001.png
https://ailens.sedaily.ai/industry/2026/09/10/2026-09-09-%ED%95%98%EC%9D%B4%ED%8A%B8%EC%A7%84%EB%A1%9C-%EC%9D%B5%EC%82%B0%EA%B3%B5%EC%9E%A5-10%EC%9B%94-%EC%9A%B4%EC%98%81-%EC%A2%85%EB%A3%8C-%EC%83%9D%EC%82%B0-%EC%9D%B8%ED%94%84%EB%9D%BC-%EC%A0%84%EC%A3%BC%EB%A1%9C-%ED%86%B5%ED%95%A9,alt-ok,1824,1248,https://sedaily-mbti-cms-media-dev.s3.us-east-1.amazonaws.com/media/mustknow-auto/20089019-webtoon-cut001.png
https://ailens.sedaily.ai/markets/2026/09/10/2026-09-09-%EA%B8%B0%EB%A6%84%EA%B0%92-%ED%8F%AD%EB%93%B1-%EC%97%90-%EC%A0%95%EC%9C%A0-%EC%84%9D%ED%99%94-%EB%9E%A0%EB%A6%AC-%EB%A1%AF%EB%8D%B0%EC%BC%80%EB%AF%B8%EC%B9%BC-%EB%8C%80%ED%95%9C%EC%9C%A0%ED%99%94-10-%EB%8C%80-%EA%B8%89%EB%93%B1-%EC%9D%B4%EB%9F%B0%EA%B5%AD%EC%9E%A5-%EC%A0%80%EB%9F%B0%EC%A3%BC%EC%8B%9D,alt-ok,1824,1248,https://sedaily-mbti-cms-media-dev.s3.us-east-1.amazonaws.com/media/mustknow-auto/20088885-webtoon-cut001.png
https://ailens.sedaily.ai/markets/2026/09/09/2026-09-09-%ED%88%AC%EC%9E%90%EC%9D%98-%EC%B0%BD-%ED%87%B4%EC%A7%81%EC%97%B0%EA%B8%88-%EC%86%8D-%EA%B0%9C%EC%9D%B8%ED%88%AC%EC%9E%90%EC%9A%A9-%EA%B5%AD%EC%B1%84,alt-ok,1824,1248,https://sedaily-mbti-cms-media-dev.s3.us-east-1.amazonaws.com/media/mustknow-auto/20089050-webtoon-cut001.png
https://ailens.sedaily.ai/international/2026/09/09/2026-09-09-R-D-%ED%88%AC%EC%9E%90-847%EC%A1%B0%EC%9B%90-%EC%A0%84%EC%84%B8%EA%B3%84-1%EC%9C%84-45%EB%85%84-%EB%A7%8C%EC%97%90-%EC%B6%94%EC%9B%94,alt-ok,1824,1248,https://sedaily-mbti-cms-media-dev.s3.us-east-1.amazonaws.com/media/mustknow-auto/20089127-webtoon-cut001.png
https://ailens.sedaily.ai/markets/2026/09/09/2026-09-09-%EB%8B%A8%EC%9D%BC-%EB%A0%88%EB%B2%84%EB%A6%AC%EC%A7%80-1%EC%9C%84-%EC%9A%B4%EC%9A%A9%EC%82%AC-%EA%B7%B8%EB%9E%98%EB%8B%9B%EC%85%B0%EC%96%B4%EC%A6%88-%EA%B7%9C%EC%A0%9C%EC%97%90%EB%8F%84-%EC%84%9C%ED%95%99%EA%B0%9C%EB%AF%B8-2%EB%B0%B0-%EB%B2%A0%ED%8C%85-%EC%97%B4%EA%B8%B0-%EC%97%AC%EC%A0%84,alt-ok,1824,1248,https://sedaily-mbti-cms-media-dev.s3.us-east-1.amazonaws.com/media/mustknow-auto/20089096-webtoon-cut001.png
https://ailens.sedaily.ai/markets/2026/09/09/2026-09-09-%EC%9D%B4%EC%9E%AC%EC%9A%A9-%EB%AA%A8%EC%B9%9C-%ED%99%8D%EB%9D%BC%ED%9D%AC-%EC%A7%80%EB%B6%84-1-9%EC%A1%B0-%EC%9B%90-%EB%A7%A4%EC%88%98-%EC%82%BC%EC%84%B1%EC%A0%84%EC%9E%90-%EC%A7%80%EB%B6%84%EC%9C%A8-1-58-%EB%A1%9C,alt-ok,1824,1248,https://sedaily-mbti-cms-media-dev.s3.us-east-1.amazonaws.com/media/mustknow-auto/20089124-webtoon-cut001.png
https://ailens.sedaily.ai/industry/2026/09/09/2026-09-09-%EC%BB%A4%ED%94%BC-%ED%94%84%EB%9E%9C%EC%B0%A8%EC%9D%B4%EC%A6%88-%EB%93%B1-4%EA%B0%9C%EC%82%AC-%EB%82%A9%ED%92%88%EB%8C%80%EA%B8%88-%EC%97%B0%EB%8F%99%EC%A0%9C-%EC%9C%84%EB%B0%98-%EC%A0%81%EB%B0%9C,alt-ok,1824,1248,https://sedaily-mbti-cms-media-dev.s3.us-east-1.amazonaws.com/media/mustknow-auto/20088993-webtoon-cut001.png
https://ailens.sedaily.ai/industry/2026/09/09/2026-09-09-%EB%8B%A8%EB%8F%85-%EB%B0%B1%ED%99%94%EC%A0%90%EB%8F%84-%ED%80%B5%EC%BB%A4%EB%A8%B8%EC%8A%A4-%EB%A1%AF%EB%8D%B0-%EC%BF%A0%ED%8C%A1%EC%9D%B4%EC%B8%A0%EC%97%90-%EC%A0%84%EC%9A%A9%EA%B4%80-%EC%8B%A0%EC%84%A4,alt-ok,1824,1248,https://sedaily-mbti-cms-media-dev.s3.us-east-1.amazonaws.com/media/mustknow-auto/20088999-webtoon-cut001.png
https://ailens.sedaily.ai/industry/2026/09/09/2026-09-09-2%EB%B6%84%EA%B8%B0-%ED%8C%8C%EC%9A%B4%EB%93%9C%EB%A6%AC-%EC%8B%9C%EC%9E%A5-11-%EC%84%B1%EC%9E%A5-%EC%82%BC%EC%84%B1-%EC%A0%90%EC%9C%A0%EC%9C%A8-%EC%86%8C%ED%8F%AD-%ED%95%98%EB%9D%BD,alt-ok,1824,1248,https://sedaily-mbti-cms-media-dev.s3.us-east-1.amazonaws.com/media/mustknow-auto/20089123-webtoon-cut001.png
https://ailens.sedaily.ai/industry/2026/09/09/2026-09-09-%ED%99%8D%EB%9D%BC%ED%9D%AC-%EC%82%BC%EC%84%B1%EC%A0%84%EC%9E%90-%EC%A7%80%EB%B6%84-0-11-%EC%9D%B4%EC%9E%AC%EC%9A%A9-%ED%9A%8C%EC%9E%A5%EC%97%90-%EB%A7%A4%EA%B0%81-1-9%EC%A1%B0-%EC%9E%A5%EC%99%B8%EA%B1%B0%EB%9E%98,alt-ok,1824,1248,https://sedaily-mbti-cms-media-dev.s3.us-east-1.amazonaws.com/media/mustknow-auto/20089093-webtoon-cut001.png
https://ailens.sedaily.ai/finance/2026/09/09/2026-09-09-%EC%9B%90%ED%99%94-%EC%8A%A4%ED%85%8C%EC%9D%B4%EB%B8%94%EC%BD%94%EC%9D%B8-%EC%93%B0%EB%A9%B4-%EA%B0%80%EB%A7%B9%EC%A0%90%EC%88%98%EC%88%98%EB%A3%8C-5%EC%A1%B0-%EC%A0%88%EC%95%BD,alt-ok,1824,1248,https://sedaily-mbti-cms-media-dev.s3.us-east-1.amazonaws.com/media/mustknow-auto/20088976-webtoon-cut001.png
https://ailens.sedaily.ai/news/2026/09/09/2026-09-09-%EB%8B%A8%EB%8F%85-%EC%9E%85%EC%B0%B0-%EA%B8%88%EC%A7%80-%EC%B2%98%EB%B6%84-%EB%AC%B4%EC%83%89-%EB%B6%80%EC%A0%95%EB%8B%B9%EC%97%85%EC%9E%90-%EC%9E%85%EC%B0%B0%EC%8B%9C%EC%9E%A5-%ED%99%9C%EB%B3%B4,alt-ok,1824,1248,https://sedaily-mbti-cms-media-dev.s3.us-east-1.amazonaws.com/media/mustknow-auto/20089062-webtoon-cut001.png
https://ailens.sedaily.ai/markets/2026/09/09/2026-09-09-%EB%8B%A8%EB%8F%85-MBK-%EC%85%B0%EC%96%B4%EB%A7%81%ED%85%8C%ED%81%AC%EB%86%80%EB%A1%9C%EC%A7%80-3400%EC%96%B5%EC%97%90-%EC%9D%B8%EC%88%98-%EC%8B%9C%EA%B7%B8%EB%84%90,alt-ok,1824,1248,https://sedaily-mbti-cms-media-dev.s3.us-east-1.amazonaws.com/media/mustknow-auto/20089015-webtoon-cut001.png
https://ailens.sedaily.ai/markets/2026/09/09/2026-09-09-KRX-%EC%95%A0%ED%94%84%ED%84%B0%EB%A7%88%EC%BC%93-14%EC%9D%BC-%EA%B0%9C%EC%9E%A5-%EC%98%A4%ED%9B%84-8%EC%8B%9C%EA%B9%8C%EC%A7%80-2700%EC%97%AC%EA%B0%9C-%EC%A2%85%EB%AA%A9-%EC%8B%A4%EC%8B%9C%EA%B0%84-%EA%B1%B0%EB%9E%98,alt-ok,1824,1248,https://sedaily-mbti-cms-media-dev.s3.us-east-1.amazonaws.com/media/mustknow-auto/20088986-webtoon-cut001.png
https://ailens.sedaily.ai/news/2026/09/09/2026-09-09-%EC%86%8D%EB%B3%B4-%EA%B6%8C%ED%98%81%EB%B9%88-%EC%8A%A4%EB%A7%88%EC%9D%BC%EA%B2%8C%EC%9D%B4%ED%8A%B8-%EC%B0%BD%EC%97%85%EC%9E%90-%EC%9D%B4%ED%98%BC-%EC%9D%B8%EC%A0%95-%EB%B2%95%EC%9B%90-%EC%A3%BC%EC%8B%9D-35-%EC%9E%AC%EC%82%B0%EB%B6%84%ED%95%A0,alt-ok,1824,1248,https://sedaily-mbti-cms-media-dev.s3.us-east-1.amazonaws.com/media/mustknow-auto/20088910-webtoon-cut001.png
https://ailens.sedaily.ai/markets/2026/09/09/2026-09-09-%EB%8B%A8%EB%8F%85-1%EC%A1%B0-%EB%A7%A4%EC%B6%9C-%EC%BB%B4%ED%93%A8%EC%A1%B4-%EB%A7%A4%EA%B0%81-%ED%83%80%EC%A7%84-PEF-%EB%AC%BC%EB%B0%91-%ED%98%91%EC%83%81-%EC%8B%9C%EA%B7%B8%EB%84%90,alt-ok,1824,1248,https://sedaily-mbti-cms-media-dev.s3.us-east-1.amazonaws.com/media/mustknow-auto/20088922-webtoon-cut001.png
https://ailens.sedaily.ai/industry/2026/09/09/2026-09-09-N-%EC%84%B1%EA%B3%BC%EA%B8%89-%ED%98%84%EA%B8%88-%EC%A7%80%EA%B8%89-%EB%8A%98%EB%A6%B4%EA%B9%8C-SK%ED%95%98%EC%9D%B4%EB%8B%89%EC%8A%A4-%EC%9E%84%EB%8B%A8%ED%98%91-3%EC%A3%BC-%EB%A7%8C%EC%97%90-%EC%9E%AC%ED%88%AC%ED%91%9C,alt-ok,1824,1248,https://sedaily-mbti-cms-media-dev.s3.us-east-1.amazonaws.com/media/mustknow-auto/20088925-webtoon-cut001.png
https://ailens.sedaily.ai/markets/2026/09/09/2026-09-09-AI-%EA%B4%91%ED%86%B5%EC%8B%A0-%EA%B3%B5%EA%B8%89%EB%82%9C-%EB%B6%80%EA%B0%81%EC%97%90-%EC%BD%94%EC%8A%A4%EB%8B%A5-%EB%84%A4%ED%8A%B8%EC%9B%8C%ED%81%AC-%EC%9E%A5%EB%B9%84%EC%A3%BC-%ED%9B%A8%ED%9B%A8-%EC%A4%8D%EC%A4%8D%EB%A6%AC%ED%8F%AC%ED%8A%B8,alt-ok,1824,1248,https://sedaily-mbti-cms-media-dev.s3.us-east-1.amazonaws.com/media/mustknow-auto/20088779-webtoon-cut001.png
https://ailens.sedaily.ai/markets/2026/09/09/2026-09-09-%EA%B1%B0%EB%9E%98%EC%86%8C-%EC%B6%94%EC%84%9D-%EC%97%B0%ED%9C%B4-%EC%A0%84%EC%9D%BC-%ED%8C%8C%EC%83%9D%EC%83%81%ED%92%88-%EC%95%BC%EA%B0%84%EA%B1%B0%EB%9E%98-%ED%9C%B4%EC%9E%A5,alt-ok,1824,1248,https://sedaily-mbti-cms-media-dev.s3.us-east-1.amazonaws.com/media/mustknow-auto/20088820-webtoon-cut001.png
https://ailens.sedaily.ai/markets/2026/09/09/2026-09-09-%EA%B3%B5%EB%AA%A8-%EB%AA%A9%ED%91%9C%EC%A0%84%ED%99%98%ED%98%95-%ED%8E%80%EB%93%9C-%EC%83%81%EB%B0%98%EA%B8%B0%EB%A7%8C-3-2%EC%A1%B0-A%ED%81%B4%EB%9E%98%EC%8A%A4-%EA%B0%80%EC%9E%85%ED%96%88%EB%8B%A4%EB%A9%B4-%EB%B9%84%EC%9A%A9-%EC%86%90%ED%95%B4,alt-ok,1824,1248,https://sedaily-mbti-cms-media-dev.s3.us-east-1.amazonaws.com/media/mustknow-auto/20088791-webtoon-cut001.png
https://ailens.sedaily.ai/markets/2026/09/09/2026-09-09-%EC%A0%9C%EC%9D%B4%EC%95%8C%EB%A6%AC%EC%B8%A0-%EC%98%81%EA%B5%AD-%EC%86%8C%EC%86%A1-%ED%8C%A8%EC%86%8C-%EC%BA%90%EC%8B%9C%ED%8A%B8%EB%9E%A9-%EC%A7%80%EC%86%8D-%EC%8B%9C%EA%B7%B8%EB%84%90,alt-ok,1824,1248,https://sedaily-mbti-cms-media-dev.s3.us-east-1.amazonaws.com/media/mustknow-auto/20088781-webtoon-cut001.png
https://ailens.sedaily.ai/markets/2026/09/09/2026-09-09-%EA%B5%AC%EB%A6%AC-%EC%82%AC%EC%83%81-%EC%B5%9C%EA%B3%A0%EA%B0%80%EC%97%90-%EC%A0%84%EB%A0%A5%EB%A7%9D-%EA%B3%B5%EA%B8%89%EB%82%9C-%EA%B2%B9%EC%B3%90-LS-%EA%B7%B8%EB%A3%B9%EC%A3%BC-%EC%9D%BC%EC%A0%9C-%EA%B8%89%EB%93%B1-%EC%A4%8D%EC%A4%8D%EB%A6%AC%ED%8F%AC%ED%8A%B8,alt-ok,1824,1248,https://sedaily-mbti-cms-media-dev.s3.us-east-1.amazonaws.com/media/mustknow-auto/20088840-webtoon-cut001.png
https://ailens.sedaily.ai/markets/2026/09/09/2026-09-09-%EA%B8%88%EA%B0%90%EC%9B%90-%EA%B3%A0%EC%9C%84%ED%97%98-%ED%8E%80%EB%93%9C-%EC%9A%B4%EC%9A%A9%EC%82%AC-%EC%86%8C%EC%A7%91-%EC%8B%AC%EC%82%AC-%EA%B0%95%ED%99%94%ED%95%A0-%EA%B2%83,alt-ok,1824,1248,https://sedaily-mbti-cms-media-dev.s3.us-east-1.amazonaws.com/media/mustknow-auto/20088787-webtoon-cut001.png
https://ailens.sedaily.ai/international/2026/09/09/2026-09-09-%EC%86%8D%EB%B3%B4-%EB%AF%B8%EA%B5%B0-%EC%9D%B4%EB%9E%80-%EC%9C%A0%EC%A1%B0%EC%84%A0-5%EC%B2%99-%EA%B2%A9%EC%B9%A8-%EC%9D%B4%EB%9E%80%EC%9D%98-%ED%95%B4%EA%B5%B0%ED%95%A8%EC%A0%95-%EA%B3%B5%EA%B2%A9%EC%97%90-%EB%8C%80%EC%9D%91,alt-ok,1824,1248,https://sedaily-mbti-cms-media-dev.s3.us-east-1.amazonaws.com/media/mustknow-auto/20088697-webtoon-cut001.png
https://ailens.sedaily.ai/industry/2026/09/09/2026-09-09-%EC%A0%80%EB%85%81%EC%97%90-%EA%B0%80%EB%A9%B4-%EB%8D%94-%EC%8B%B8%EB%8B%A4-%EC%9E%A5%EB%B0%94%EA%B5%AC%EB%8B%88-%EB%B6%80%EB%8B%B4%EC%97%90-%EB%A7%88%EA%B0%90-%ED%95%A0%EC%9D%B8-%EC%A1%B1-%EB%8A%98%EC%96%B4,alt-ok,1824,1248,https://sedaily-mbti-cms-media-dev.s3.us-east-1.amazonaws.com/media/mustknow-auto/20088560-webtoon-cut001.png
https://ailens.sedaily.ai/industry/2026/09/09/2026-09-08-%EC%98%A4%ED%94%88%EB%9F%B0-%EB%8C%80%EC%8B%A0-%EB%A7%88%EA%B0%90%EB%9F%B0-%EA%B3%A0%EB%AC%BC%EA%B0%80%EA%B0%80-%EB%B0%94%EA%BE%BC-%EC%9E%A5%EB%B3%B4%EA%B8%B0-%EC%8B%9C%EA%B0%84,alt-ok,1824,1248,https://sedaily-mbti-cms-media-dev.s3.us-east-1.amazonaws.com/media/mustknow-auto/20088505-webtoon-cut001.png
https://ailens.sedaily.ai/industry/2026/09/09/2026-09-08-%ED%9D%91%EC%9E%90%EC%A0%84%ED%99%98%EC%97%90%EB%8F%84-%ED%9A%A8%EC%84%B1%ED%99%94%ED%95%99-%EB%B2%A0%ED%8A%B8%EB%82%A8-%EC%9E%90%ED%9A%8C%EC%82%AC-%EC%86%90%EC%8B%A4%EB%88%84%EC%A0%81-%EB%B6%80%EB%8B%B4,alt-ok,1824,1248,https://sedaily-mbti-cms-media-dev.s3.us-east-1.amazonaws.com/media/mustknow-auto/20088531-webtoon-cut001.png
https://ailens.sedaily.ai/news/2026/09/09/2026-09-08-IAEA-%ED%95%B5%EC%9E%A0-%EB%8F%84%EC%9E%85-%ED%98%91%EC%9D%98-%EC%9D%98%ED%96%A5-%ED%86%B5%EB%B3%B4-%EC%98%81%EB%B3%80-%EB%86%8D%EC%B6%95-%EA%B0%80%EB%8F%99-%EB%8B%A8%EA%B3%84,alt-ok,1824,1248,https://sedaily-mbti-cms-media-dev.s3.us-east-1.amazonaws.com/media/mustknow-auto/20088586-webtoon-cut001.png
https://ailens.sedaily.ai/news/2026/09/08/2026-09-08-%ED%95%99%EC%83%9D-%EC%9D%BD%EA%B8%B0-%EC%A0%90%EC%88%98-3%EB%85%84%EC%83%88-14%EC%A0%90-%EB%9A%9D-%EC%88%8F%ED%8F%BC-%EC%8B%9C%EC%B2%AD-%EC%A6%9D%EA%B0%80%EC%97%90-%EB%AC%B8%ED%95%B4%EB%A0%A5-%ED%9D%94%EB%93%A4,alt-ok,1824,1248,https://sedaily-mbti-cms-media-dev.s3.us-east-1.amazonaws.com/media/mustknow-auto/20088611-webtoon-cut001.png
https://ailens.sedaily.ai/markets/2026/09/08/2026-09-08-AI-%EB%A1%9C%EB%B4%87-%EC%88%98%EC%9A%94-%EA%B8%89%EC%A6%9D-KB-DB%ED%95%98%EC%9D%B4%ED%85%8D-%EB%AA%A9%ED%91%9C%EA%B0%80-20%EB%A7%8C-%EC%9B%90%EC%9C%BC%EB%A1%9C-%EC%9D%B4%EB%9F%B0%EA%B5%AD%EC%9E%A5-%EC%A0%80%EB%9F%B0%EC%A3%BC%EC%8B%9D,alt-ok,1824,1248,https://sedaily-mbti-cms-media-dev.s3.us-east-1.amazonaws.com/media/mustknow-auto/20088247-webtoon-cut001.png
https://ailens.sedaily.ai/markets/2026/09/08/2026-09-08-%EB%8B%A8%EB%8F%85-%EB%AF%B8%EB%9E%98%EC%97%90%EC%85%8B%EC%9A%B4%EC%9A%A9-%EC%84%9C-K%EB%B0%98%EB%8F%84%EC%B2%B4-ETF-%EC%B2%AB%EC%84%A0,alt-ok,1824,1248,https://sedaily-mbti-cms-media-dev.s3.us-east-1.amazonaws.com/media/mustknow-auto/20088576-webtoon-cut001.png
https://ailens.sedaily.ai/markets/2026/09/08/2026-09-08-%EB%AC%BC-%EB%93%A4%EC%96%B4%EC%98%A4%EB%8B%88-%EA%B3%B3%EA%B3%B3%EC%84%9C-%EB%B9%A8%EB%8C%80%EB%A7%8C-325%EC%A1%B0-%EC%A5%90%EA%B3%A0%EB%8F%84-M-A-%EA%B5%AC%EA%B2%BD%EA%BE%BC-%EC%8B%A0%EC%84%B8-%EC%8B%9C%EA%B7%B8%EB%84%90,alt-ok,1824,1248,https://sedaily-mbti-cms-media-dev.s3.us-east-1.amazonaws.com/media/mustknow-auto/20088601-webtoon-cut001.png
https://ailens.sedaily.ai/industry/2026/09/08/2026-09-08-%ED%99%88%ED%94%8C%EB%9F%AC%EC%8A%A4-%ED%9A%8C%EC%83%9D-%EC%9D%B8%EA%B0%80%EC%97%90%EB%8F%84-%EC%9E%90%EA%B8%88%EB%82%9C-%ED%87%B4%EC%A7%81%EA%B8%89%EC%97%AC-%EC%A7%80%EA%B8%89-%EC%97%B0%EA%B8%B0,alt-ok,1824,1248,https://sedaily-mbti-cms-media-dev.s3.us-east-1.amazonaws.com/media/mustknow-auto/20088610-webtoon-cut001.png
https://ailens.sedaily.ai/industry/2026/09/08/2026-09-08-%EC%82%BC%EC%84%B1-ASML%EA%B3%BC-%EC%B0%A8%EC%84%B8%EB%8C%80-EUV-%EB%A7%88%EC%8A%A4%ED%81%AC-%EB%A7%8C%EB%93%A0%EB%8B%A4,alt-ok,1824,1248,https://sedaily-mbti-cms-media-dev.s3.us-east-1.amazonaws.com/media/mustknow-auto/20088617-webtoon-cut001.png
https://ailens.sedaily.ai/industry/2026/09/08/2026-09-08-%ED%95%9C%ED%99%94%EC%98%A4%EC%85%98-%ED%83%9C%EA%B5%AD%EC%84%9C-6800%EC%96%B5-%ED%98%B8%EC%9C%84%ED%95%A8-%EC%88%98%EC%A3%BC-%EC%B5%9C%EB%8C%80-4%EC%A1%B0-%EB%B6%80%ED%91%BC-%EA%BF%88,alt-ok,1824,1248,https://sedaily-mbti-cms-media-dev.s3.us-east-1.amazonaws.com/media/mustknow-auto/20088621-webtoon-cut001.png
https://ailens.sedaily.ai/markets/2026/09/08/2026-09-08-%EB%B0%98%EB%8F%84%EC%B2%B4-%EB%B6%88%EC%94%A8-%EC%82%B4%EB%A6%B0-GPT-6-%EC%83%81%EC%9C%84-1-SK%ED%95%98%EB%8B%89-%EC%82%BC%EC%A0%84-%EC%93%B8%EC%96%B4%EB%8B%B4%EC%95%98%EB%8B%A4-%EC%A3%BC%EC%8B%9D%EC%B4%88%EA%B3%A0%EC%88%98%EB%8A%94-%EC%A7%80%EA%B8%88,alt-ok,1824,1248,https://sedaily-mbti-cms-media-dev.s3.us-east-1.amazonaws.com/media/mustknow-auto/20088379-webtoon-cut001.png
https://ailens.sedaily.ai/markets/2026/09/08/2026-09-08-%EC%8B%A4%EC%A0%81-%EB%88%88%EB%86%92%EC%9D%B4-%EA%BB%91%EC%B6%A9-%ED%99%94%ED%95%99-%EA%B1%B4%EC%84%A4-%EB%B3%B4%ED%97%98-%EC%8B%9C%EC%84%A0%EB%81%84%EB%84%A4,alt-ok,1824,1248,https://sedaily-mbti-cms-media-dev.s3.us-east-1.amazonaws.com/media/mustknow-auto/20088585-webtoon-cut001.png
https://ailens.sedaily.ai/news/2026/09/08/2026-09-08-%EB%B6%80%EC%8B%A4%EB%8C%80-2029%EB%85%84%EB%B6%80%ED%84%B0-%EC%9C%A0%ED%95%99%EC%83%9D-%EB%AA%BB-%EB%BD%91%EB%8A%94%EB%8B%A4,alt-ok,1824,1248,https://sedaily-mbti-cms-media-dev.s3.us-east-1.amazonaws.com/media/mustknow-auto/20088554-webtoon-cut001.png
https://ailens.sedaily.ai/markets/2026/09/08/2026-09-08-%EC%84%B8%EA%B3%84%EB%8A%94-2%EC%A1%B0-%EB%A9%94%EA%B0%80%EB%94%9C-%EC%9D%80-%EB%B0%B8%EB%A5%98%EC%97%85%EB%A7%8C-%EC%8B%9C%EA%B7%B8%EB%84%90,alt-ok,1824,1248,https://sedaily-mbti-cms-media-dev.s3.us-east-1.amazonaws.com/media/mustknow-auto/20088565-webtoon-cut001.png
https://ailens.sedaily.ai/markets/2026/09/08/2026-09-08-%EC%82%BC%EC%A0%95KPMG-VC-%ED%88%AC%EC%9E%90-%ED%9A%8C%EB%B3%B5%EC%97%90-IPO-%EB%B9%84%EC%A4%91-%EC%8B%A4%EC%A0%81%EC%9D%B4-%EA%B4%80%EA%B1%B4-%EC%8B%9C%EA%B7%B8%EB%84%90,alt-ok,1824,1248,https://sedaily-mbti-cms-media-dev.s3.us-east-1.amazonaws.com/media/mustknow-auto/20088322-webtoon-cut001.png
https://ailens.sedaily.ai/news/2026/09/08/2026-09-08-%EA%B5%90%EC%9C%A1%EB%B6%80-%EC%9C%A0%ED%95%99%EC%83%9D-%EC%9E%A5%EC%82%AC-%EC%A0%9C%EB%8F%99-%EA%B1%B4%EB%8B%A4-%EB%B6%80%EC%8B%A4%EB%8C%80%EB%8A%94-2029%EB%85%84%EB%B6%80%ED%84%B0-%EC%9C%A0%EC%B9%98-%EC%A0%9C%ED%95%9C,alt-ok,1824,1248,https://sedaily-mbti-cms-media-dev.s3.us-east-1.amazonaws.com/media/mustknow-auto/20088436-webtoon-cut001.png
https://ailens.sedaily.ai/industry/2026/09/08/2026-09-08-%ED%95%9C%EA%B5%AD%EC%9D%B8%EB%93%A4-%ED%8E%B8%EC%9D%98%EC%A0%90%EC%84%9C-%EC%9B%94-10%EB%A7%8C%EC%9B%90-%EC%93%B4%EB%8B%A4-%ED%95%9C-%EB%B2%88%EC%97%90-6000%EC%9B%90%EC%94%A9-%EA%B8%81%EB%8D%94%EB%8B%88-4%EA%B0%9C%EC%82%AC-%EA%B2%B0%EC%A0%9C%EC%95%A1-3-7%EC%A1%B0,alt-ok,1824,1248,https://sedaily-mbti-cms-media-dev.s3.us-east-1.amazonaws.com/media/mustknow-auto/20088389-webtoon-cut001.png
https://ailens.sedaily.ai/markets/2026/09/08/2026-09-08-%EB%B6%88%EB%B6%99%EC%9D%80-%ED%83%88%EB%AA%A8-%EC%8B%A0%EC%95%BD-%EA%B8%B0%EB%8C%80%EA%B0%90-7%EA%B1%B0%EB%9E%98%EC%9D%BC-%EC%83%88-60-%EB%84%98%EA%B2%8C-%EB%9B%B4-%ED%83%88%EB%AA%A8-%EC%9D%B4%EB%9F%B0%EA%B5%AD%EC%9E%A5-%EC%A0%80%EB%9F%B0%EC%A3%BC%EC%8B%9D,alt-ok,1824,1248,https://sedaily-mbti-cms-media-dev.s3.us-east-1.amazonaws.com/media/mustknow-auto/20088424-webtoon-cut001.png
https://ailens.sedaily.ai/industry/2026/09/08/2026-09-08-%EC%9E%98-%EB%82%98%EA%B0%80%EB%8A%94-K%EB%B7%B0%ED%8B%B0%EC%97%90-%EC%98%AC%EB%9D%BC%ED%83%80%EC%9E%90-%EA%B8%80%EB%A1%9C%EB%B2%8C-%ED%99%94%EC%9E%A5%ED%92%88-%EC%9C%A0%ED%86%B5%EC%B1%84%EB%84%90%EB%8F%84-K%EB%B7%B0%ED%8B%B0-%EB%A7%88%EC%BC%80%ED%8C%85,alt-ok,1824,1248,https://sedaily-mbti-cms-media-dev.s3.us-east-1.amazonaws.com/media/mustknow-auto/20088179-webtoon-cut001.png
https://ailens.sedaily.ai/industry/2026/09/08/2026-09-08-6%EC%96%B5-%EC%84%B1%EA%B3%BC%EA%B8%89%EC%97%90-70%EB%A7%8C%EC%9B%90-%EC%A3%BC%EA%B1%B0%EB%B9%84%EA%B9%8C%EC%A7%80-%EC%82%BC%EC%84%B1%EC%A0%84%EC%9E%90-%EB%B6%80%EC%A0%95%EC%88%98%EA%B8%89-%EC%9D%98%ED%98%B9-%EC%A1%B0%EC%82%AC-%EC%B0%A9%EC%88%98,alt-ok,1824,1248,https://sedaily-mbti-cms-media-dev.s3.us-east-1.amazonaws.com/media/mustknow-auto/20088349-webtoon-cut001.png
https://ailens.sedaily.ai/markets/2026/09/08/2026-09-08-%EC%83%81%ED%8F%90-%EC%95%9E%EB%91%94-%EC%B9%B4%ED%94%84%EB%A1%9C-%EC%A0%95%EB%A6%AC%EB%A7%A4%EB%A7%A4-%EC%B2%AB%EB%82%A0-90-%EB%8C%80-%ED%8F%AD%EB%9D%BD-%EC%BD%94%EC%A3%BC%EB%B6%80,alt-ok,1824,1248,https://sedaily-mbti-cms-media-dev.s3.us-east-1.amazonaws.com/media/mustknow-auto/20088364-webtoon-cut001.png
https://ailens.sedaily.ai/markets/2026/09/08/2026-09-08-%EC%98%81%ED%92%8D-MBK-%EA%B3%A0%EB%A0%A4%EC%95%84%EC%97%B0-%ED%88%AC%EC%9E%90-%EC%97%94%ED%84%B0-%EC%86%90%EC%8B%A4-%EA%B7%9C%EB%AA%A8-290%EC%96%B5-390%EC%96%B5-%EC%8B%9C%EA%B7%B8%EB%84%90,alt-ok,1824,1248,https://sedaily-mbti-cms-media-dev.s3.us-east-1.amazonaws.com/media/mustknow-auto/20088367-webtoon-cut001.png
https://ailens.sedaily.ai/markets/2026/09/08/2026-09-08-%EC%86%8D%EB%B3%B4-%EC%BD%94%EC%8A%A4%ED%94%BC-%EC%9E%A5%EC%A4%91-7000%EC%84%A0-%EB%8F%8C%ED%8C%8C-15%EA%B1%B0%EB%9E%98%EC%9D%BC-%EB%A7%8C,alt-ok,1824,1248,https://sedaily-mbti-cms-media-dev.s3.us-east-1.amazonaws.com/media/mustknow-auto/20088259-webtoon-cut001.png
https://ailens.sedaily.ai/finance/2026/09/08/2026-09-08-%EB%8B%A8%EB%8F%85-%EC%83%9D%EB%B3%B4-%EB%B9%854-%EC%98%AC%ED%95%B4-%EA%B5%AD%EA%B3%B5%EC%B1%84-%ED%88%AC%EC%9E%90-14%EC%A1%B0-%EC%A4%84%EC%98%80%EB%8B%A4,alt-ok,1824,1248,https://sedaily-mbti-cms-media-dev.s3.us-east-1.amazonaws.com/media/frontpage-auto/20088092-webtoon-cut001.png
https://ailens.sedaily.ai/industry/2026/09/08/2026-09-07-%EC%9C%A0%ED%95%9C%EC%96%91%ED%96%89-%EB%85%B8%EB%B0%94%ED%8B%B0%EC%8A%A4-%EB%91%90%EB%93%9C%EB%9F%AC%EA%B8%B0%EC%95%BD-%EB%9E%A9%EC%8B%9C%EB%8F%84-%EA%B5%AD%EB%82%B4-%EC%9C%A0%ED%86%B5-%EB%A7%A1%EB%8A%94%EB%8B%A4,alt-ok,1824,1248,https://sedaily-mbti-cms-media-dev.s3.us-east-1.amazonaws.com/media/mustknow-auto/20087886-webtoon-cut001.png
https://ailens.sedaily.ai/industry/2026/09/08/2026-09-07-%EC%85%80%ED%8A%B8%EB%A6%AC%EC%98%A8-%ED%82%A4%ED%8A%B8%EB%A3%A8%EB%8B%A4-%EC%A0%95%EC%A1%B0%EC%A4%80-FDA%EC%84%9C-%EC%8B%9C%EB%B0%80%EB%9F%AC-3%EC%83%81-%EC%8A%B9%EC%9D%B8,alt-ok,1824,1248,https://sedaily-mbti-cms-media-dev.s3.us-east-1.amazonaws.com/media/mustknow-auto/20087785-webtoon-cut001.png
https://ailens.sedaily.ai/markets/2026/09/07/2026-09-07-CJ%EC%A0%9C%EC%9D%BC%EC%A0%9C%EB%8B%B9-%EC%A0%84%EB%B6%84%EB%8B%B9-%EB%AA%B8%EA%B0%92-1000%EC%96%B5-%EB%82%AE%EC%B6%B0-%ED%8C%90%EB%8B%A4-%EC%8B%9C%EA%B7%B8%EB%84%90,alt-ok,1824,1248,https://sedaily-mbti-cms-media-dev.s3.us-east-1.amazonaws.com/media/mustknow-auto/20088017-webtoon-cut001.png
https://ailens.sedaily.ai/markets/2026/09/07/2026-09-07-%ED%88%AC%EC%9E%90%EC%9D%98-%EC%B0%BD-%EB%B0%B0%ED%84%B0%EB%A6%AC%EC%9D%98-%EB%8B%A4%EC%9D%8C-%EC%8A%B9%EB%B6%80%EC%B2%98,alt-ok,1824,1248,https://sedaily-mbti-cms-media-dev.s3.us-east-1.amazonaws.com/media/mustknow-auto/20088129-webtoon-cut001.png
https://ailens.sedaily.ai/markets/2026/09/07/2026-09-07-%EA%B5%AD%EB%AF%BC%EC%97%B0%EA%B8%88-%EA%B0%80%EC%A0%90-%EB%B0%9B%EC%9E%90-%EC%A0%84%EC%A3%BC%ED%96%89-%EC%A4%84%EC%9E%87%EC%A7%80%EB%A7%8C-%EC%9A%B4%EC%9A%A9%EC%82%AC-%EC%82%AC%EB%AC%B4%EC%8B%A4%EC%9D%80-%ED%85%85%ED%85%85,alt-ok,1824,1248,https://sedaily-mbti-cms-media-dev.s3.us-east-1.amazonaws.com/media/mustknow-auto/20088125-webtoon-cut001.png
https://ailens.sedaily.ai/news/2026/09/07/2026-09-07-%EC%B4%88%EB%8C%80-%EC%A4%91%EC%88%98%EC%B2%AD%EC%9E%A5-%ED%9B%84%EB%B3%B4%EC%97%90-%EC%B6%9C%EC%8B%A0-%EA%B9%80%EC%A7%80%EC%9A%A9,alt-ok,1824,1248,https://sedaily-mbti-cms-media-dev.s3.us-east-1.amazonaws.com/media/mustknow-auto/20088091-webtoon-cut001.png
https://ailens.sedaily.ai/industry/2026/09/07/2026-09-07-%EC%9B%A8%EC%9D%B4%EB%AA%A8-%ED%95%9C%EA%B5%AD%EC%97%90-%EC%A7%84%EC%B6%9C%ED%95%98%EA%B3%A0-%EC%8B%B6%EB%8B%A4-%EC%95%84%EC%9D%B4%EC%98%A4%EB%8B%895-%EC%9A%B4%ED%96%89-%EA%B2%80%EC%A6%9D,alt-ok,1824,1248,https://sedaily-mbti-cms-media-dev.s3.us-east-1.amazonaws.com/media/mustknow-auto/20088042-webtoon-cut001.png
https://ailens.sedaily.ai/industry/2026/09/07/2026-09-07-%EB%AC%B4%EC%8B%A0%EC%82%AC-%EC%83%81%EC%9E%A5-%EC%98%88%EB%B9%84%EC%8B%AC%EC%82%AC-%EC%B2%AD%EA%B5%AC,alt-ok,1824,1248,https://sedaily-mbti-cms-media-dev.s3.us-east-1.amazonaws.com/media/mustknow-auto/20088170-webtoon-cut001.png
https://ailens.sedaily.ai/markets/2026/09/07/2026-09-07-%EB%B9%84%EC%83%81%EC%9E%A5%EC%A3%BC%EC%8B%9D-%EC%82%AC%EA%B8%B0-%EC%95%88-%EB%8B%B9%ED%95%98%EB%A0%A4%EB%A9%B4-%EB%8B%A4%ED%8A%B8-%EB%B6%80%ED%84%B0-%EC%97%B4%EC%96%B4-%EA%B2%80%EC%83%89%ED%95%B4%EB%B4%90%EC%95%BC,alt-ok,1824,1248,https://sedaily-mbti-cms-media-dev.s3.us-east-1.amazonaws.com/media/mustknow-auto/20087897-webtoon-cut001.png
https://ailens.sedaily.ai/markets/2026/09/07/2026-09-07-%EC%A3%BC%EA%B0%80-78-%EB%96%A8%EC%96%B4%EC%A7%80%EB%8D%94%EB%8B%88-%EA%B2%B0%EA%B5%AD-%ED%87%B4%EC%B6%9C-18%EB%85%84-%EB%A7%8C%EC%97%90-%EC%B0%A8%ED%8A%B8-%EC%95%84%EC%9B%83-%EB%90%9C-%EC%8A%A4%ED%8F%AC%EC%B8%A0-%EC%A0%9C%EA%B5%AD-%EB%82%98%EC%9D%B4%ED%82%A4,alt-ok,1824,1248,https://sedaily-mbti-cms-media-dev.s3.us-east-1.amazonaws.com/media/mustknow-auto/20088183-webtoon-cut001.png
https://ailens.sedaily.ai/markets/2026/09/07/2026-09-07-%EA%B5%AD%EB%AF%BC%EC%97%B0%EA%B8%88-%EA%B3%A0%EB%A0%A4%EC%95%84%EC%97%B0-%EC%A3%BC%EC%B4%9D%EC%84%9C-%EC%A4%91%EB%A6%BD-%ED%91%9C-%EB%8D%98%EC%A7%84%EB%8B%A4-%EA%B0%90%EC%82%AC%EC%9C%84%EC%9B%90-%EB%AA%A8%EB%91%90-%EC%B0%AC%EC%84%B1-%EC%8B%9C%EA%B7%B8%EB%84%90,alt-ok,1824,1248,https://sedaily-mbti-cms-media-dev.s3.us-east-1.amazonaws.com/media/mustknow-auto/20088171-webtoon-cut001.png
https://ailens.sedaily.ai/markets/2026/09/07/2026-09-07-%EA%B3%A0%EB%A0%A4%EC%95%84%EC%97%B0-%EC%A3%BC%EC%B4%9D-%EC%95%9E%EB%91%90%EA%B3%A0-3-%EB%A3%B0-%EB%8F%99%EC%83%81%EC%9D%B4%EB%AA%BD-%ED%95%9C%ED%99%94-%EC%B5%9C%EB%8C%80-%ED%91%9C%EC%8B%AC-%EB%B6%80%EC%83%81-%EC%8B%9C%EA%B7%B8%EB%84%90,alt-ok,1824,1248,https://sedaily-mbti-cms-media-dev.s3.us-east-1.amazonaws.com/media/mustknow-auto/20088028-webtoon-cut001.png
https://ailens.sedaily.ai/industry/2026/09/07/2026-09-07-%EB%8C%80%ED%86%B5%EB%A0%B9%EB%8F%84-%EC%A7%80%EC%A0%81%ED%95%9C-%EB%B0%B0%EB%8B%AC%EC%95%B1-%EC%8B%9C%EC%9E%A5-%EC%9A%94%EA%B8%B0%EC%9A%94-%EB%A7%A4%EA%B0%81-%EC%8B%A0%ED%98%B8%ED%83%84-%EB%90%98%EB%82%98-%EC%8B%9C%EA%B7%B8%EB%84%90,alt-ok,1824,1248,https://sedaily-mbti-cms-media-dev.s3.us-east-1.amazonaws.com/media/mustknow-auto/20088082-webtoon-cut001.png
https://ailens.sedaily.ai/industry/2026/09/07/2026-09-07-%EC%82%BC%EC%84%B1-70%EB%85%84-%EC%A0%84%ED%86%B5-%EA%B3%B5%EC%B1%84-%EC%8A%A4%ED%83%80%ED%8A%B8-%EB%B0%98%EB%8F%84%EC%B2%B4-AI-%ED%86%B5%ED%95%A9%ED%98%95-%EC%9D%B8%EC%9E%AC-%ED%99%95%EB%B3%B4,alt-ok,1824,1248,https://sedaily-mbti-cms-media-dev.s3.us-east-1.amazonaws.com/media/mustknow-auto/20088126-webtoon-cut001.png
https://ailens.sedaily.ai/industry/2026/09/07/2026-09-07-%EC%84%A4%EA%B3%84%EB%B6%80%ED%84%B0-AI-%EC%8B%AC%EC%96%B4-%EC%82%BC%EC%84%B1%EB%B4%87-%EA%B0%9C%EB%B0%9C-%EB%8B%A8%EC%B6%95-2034%EB%85%84-222%EC%A1%B0-%EC%8B%9C%EC%9E%A5-%EC%A3%BC%EB%8F%84%EA%B6%8C-%EC%A5%94%EB%8B%A4,alt-ok,1824,1248,https://sedaily-mbti-cms-media-dev.s3.us-east-1.amazonaws.com/media/mustknow-auto/20088131-webtoon-cut001.png
https://ailens.sedaily.ai/markets/2026/09/07/2026-09-07-10-%EB%8D%B0%EC%B9%B4%EC%BD%98-%EB%AC%B4%EC%8B%A0%EC%82%AC-%EC%BD%94%EC%8A%A4%ED%94%BC-%EC%83%81%EC%9E%A5-%EC%98%88%EB%B9%84%EC%8B%AC%EC%82%AC-%EC%B2%AD%EA%B5%AC-%EC%8B%9C%EA%B7%B8%EB%84%90,alt-ok,1824,1248,https://sedaily-mbti-cms-media-dev.s3.us-east-1.amazonaws.com/media/mustknow-auto/20088110-webtoon-cut001.png
https://ailens.sedaily.ai/markets/2026/09/07/2026-09-07-7%EC%A1%B0-%EB%84%98%EC%9D%80-%EB%B0%98%EB%8F%84%EC%B2%B4-ETF-%EB%A6%AC%EB%B0%B8%EB%9F%B0%EC%8B%B1-%EC%95%95%EB%A0%A5-%EC%B4%89%EA%B0%81,alt-ok,1824,1248,https://sedaily-mbti-cms-media-dev.s3.us-east-1.amazonaws.com/media/mustknow-auto/20088132-webtoon-cut001.png
https://ailens.sedaily.ai/markets/2026/09/07/2026-09-07-AGI%EA%B0%80-%EC%99%94%EB%8B%A4-%EC%95%84%EC%8A%A4%ED%8A%B8%EB%9D%BC-%EB%9D%84%EC%9A%B4-%EC%A0%A0%EC%8A%A8-%ED%99%A9,alt-ok,1824,1248,https://sedaily-mbti-cms-media-dev.s3.us-east-1.amazonaws.com/media/mustknow-auto/20088089-webtoon-cut001.png
https://ailens.sedaily.ai/industry/2026/09/07/2026-09-07-%EB%82%B4%EA%B0%80-%EC%82%B0-%ED%99%94%EC%9E%A5%ED%92%88-%EC%95%8C%EA%B3%A0%EB%B3%B4%EB%8B%88-%EA%B0%80%EC%A7%9C-%ED%8A%B9%ED%97%88,alt-ok,1824,1248,https://sedaily-mbti-cms-media-dev.s3.us-east-1.amazonaws.com/media/mustknow-auto/20087982-webtoon-cut001.png
https://ailens.sedaily.ai/industry/2026/09/07/2026-09-07-%EC%82%BC%EC%84%B1-%ED%95%98%EB%B0%98%EA%B8%B0-6000%EB%AA%85-%EA%B3%B5%EC%B1%84-%EC%8B%9C%EC%9E%91-AI-%EB%B0%98%EB%8F%84%EC%B2%B4-%EB%B0%94%EC%9D%B4%EC%98%A4-%EC%9D%B8%EC%9E%AC-%EB%8C%80%EA%B1%B0-%EC%B1%84%EC%9A%A9,alt-ok,1824,1248,https://sedaily-mbti-cms-media-dev.s3.us-east-1.amazonaws.com/media/mustknow-auto/20087883-webtoon-cut001.png
https://ailens.sedaily.ai/markets/2026/09/07/2026-09-07-AGI-%EC%8B%9C%EB%8C%80-%EC%99%94%EB%8B%A4-%EC%B4%88%EA%B3%A0%EC%88%98-%EC%82%BC%EC%A0%84-%ED%95%98%EC%9D%B4%EB%8B%89%EC%8A%A4-%EC%93%B8%EC%96%B4%EB%8B%B4%EC%95%98%EB%8B%A4-%EC%A3%BC%EC%8B%9D%EC%B4%88%EA%B3%A0%EC%88%98%EB%8A%94-%EC%A7%80%EA%B8%88,alt-ok,1824,1248,https://sedaily-mbti-cms-media-dev.s3.us-east-1.amazonaws.com/media/mustknow-auto/20087944-webtoon-cut001.png
https://ailens.sedaily.ai/markets/2026/09/07/2026-09-07-%EB%91%90%EC%82%B0%ED%93%A8%EC%96%BC%EC%85%80-%EB%8D%B0%EC%9D%B4%ED%84%B0%EC%84%BC%ED%84%B0-5000%EC%96%B5-%EC%88%98%EC%A3%BC%EC%97%90-15-%EA%B8%89%EB%93%B1-%EB%AA%A9%ED%91%9C%EA%B0%80%EB%8F%84-70-%EC%9D%B4%EB%9F%B0%EA%B5%AD%EC%9E%A5-%EC%A0%80%EB%9F%B0%EC%A3%BC%EC%8B%9D,alt-ok,1824,1248,https://sedaily-mbti-cms-media-dev.s3.us-east-1.amazonaws.com/media/mustknow-auto/20087981-webtoon-cut001.png
https://ailens.sedaily.ai/markets/2026/09/07/2026-09-07-%EA%B3%A8%EB%93%9C%EB%A7%8C%EC%82%AD%EC%8A%A4-%EC%BD%94%EC%8A%A4%ED%94%BC-1%EB%A7%8C-2000-%EC%A0%84%EB%A7%9D-%EC%9C%A0%EC%A7%80-%EB%A9%94%EB%AA%A8%EB%A6%AC-%EC%8B%A4%EC%A0%81-%EC%82%AC%EC%9D%B4%ED%81%B4-%EA%B3%BC%EC%86%8C%ED%8F%89%EA%B0%80-%EB%A7%88%EC%BC%93%EC%8B%9C%EA%B7%B8%EB%84%90,alt-ok,1824,1248,https://sedaily-mbti-cms-media-dev.s3.us-east-1.amazonaws.com/media/mustknow-auto/20087996-webtoon-cut001.png
https://ailens.sedaily.ai/industry/2026/09/07/2026-09-07-13%EC%8B%9C%EA%B0%84-%EC%A7%80%EC%97%B0%EB%90%98%EA%B3%A0-%EA%B2%B0%ED%95%AD%EA%B9%8C%EC%A7%80-%EC%96%B8%EC%A0%9C-%EB%9C%B0%EC%A7%80%EB%8F%84-%EB%AA%B0%EB%9D%BC-%EA%B5%AD%EC%A0%81%EA%B8%B0-%EC%9D%B8%EB%8B%88-%ED%99%94%EC%82%B0-%ED%8F%AD%EB%B0%9C%EC%97%90-%EC%98%AC%EC%8A%A4%ED%86%B1,alt-ok,1824,1248,https://sedaily-mbti-cms-media-dev.s3.us-east-1.amazonaws.com/media/mustknow-auto/20087848-webtoon-cut001.png
https://ailens.sedaily.ai/markets/2026/09/07/2026-09-07-%EC%82%BC%EC%A0%84%EB%8B%89%EC%8A%A4-%EB%A9%94%EB%AA%A8%EB%A6%AC-%EC%9E%AC%EA%B3%A0-10%EC%9D%BC-%EB%AF%B8%EB%A7%8C-%EB%82%B4%EB%85%84-%EC%97%AD%EB%8C%80%EA%B8%89-%EA%B3%B5%EA%B8%89%EB%82%9C-%EC%98%A8%EB%8B%A4-%EC%A4%8D%EC%A4%8D%EB%A6%AC%ED%8F%AC%ED%8A%B8,alt-ok,1824,1248,https://sedaily-mbti-cms-media-dev.s3.us-east-1.amazonaws.com/media/mustknow-auto/20087804-webtoon-cut001.png
https://ailens.sedaily.ai/industry/2026/09/07/2026-09-07-%EB%B9%84%ED%95%B5%EC%8B%AC-%EC%A0%95%EB%A6%AC%ED%95%98%EB%8A%94-%EB%A1%AF%EB%8D%B0-%EC%97%90%EC%BD%94%EC%9B%94-%ED%92%88%EC%9D%80-%EB%A6%B4%EC%8A%A8PE%EC%99%80-%EC%9C%84%ED%97%98-%EB%B6%84%EB%8B%B4-%EC%8B%9C%EA%B7%B8%EB%84%90,alt-ok,1824,1248,https://sedaily-mbti-cms-media-dev.s3.us-east-1.amazonaws.com/media/mustknow-auto/20087619-webtoon-cut001.png
https://ailens.sedaily.ai/industry/2026/09/07/2026-09-07-LG%EB%94%94%EC%8A%A4%ED%94%8C%EB%A0%88%EC%9D%B4-%ED%83%A0%EB%8D%A4-WOLED-%EB%A1%9C-%EC%9C%A0%EB%9F%BD-%EC%8B%9C%EC%9E%A5-%EA%B3%B5%EB%9E%B5,alt-ok,1824,1248,https://sedaily-mbti-cms-media-dev.s3.us-east-1.amazonaws.com/media/mustknow-auto/20087745-webtoon-cut001.png
https://ailens.sedaily.ai/industry/2026/09/07/2026-09-07-%EC%A1%B0%EA%B8%88%EB%A7%8C-%EA%B7%B8%EB%A0%87%EC%A7%80%EB%A7%8C-%EB%8D%94-%EC%8B%B8%EA%B2%8C-%EB%8C%80%EC%9A%A9%EB%9F%89%EB%B3%B4%EB%8B%A4-%EB%8D%94-%EC%A0%80%EB%A0%B4%ED%95%B4%EC%A7%84-%EC%86%8C%EC%9A%A9%EB%9F%89,alt-ok,1824,1248,https://sedaily-mbti-cms-media-dev.s3.us-east-1.amazonaws.com/media/mustknow-auto/20087711-webtoon-cut001.png
https://ailens.sedaily.ai/industry/2026/09/07/2026-09-07-%EC%82%BC%EC%84%B1%EB%B0%94%EC%9D%B4%EC%98%A4%EB%A1%9C%EC%A7%81%EC%8A%A4-3%EC%A1%B0-%EC%9C%A0%EC%A6%9D-%ED%8E%A9%ED%83%80%EC%9D%B4%EB%93%9C-CDMO%EB%A1%9C-%EC%84%B1%EC%9E%A5%ED%8C%90-%EB%84%93%ED%9E%8C%EB%8B%A4-%EB%B0%94%EC%9D%B4%EC%98%A4%EB%A6%AC%EB%8D%94%EC%8A%A4%ED%81%B4%EB%9F%BD,alt-ok,1824,1248,https://sedaily-mbti-cms-media-dev.s3.us-east-1.amazonaws.com/media/mustknow-auto/20087596-webtoon-cut001.png
https://ailens.sedaily.ai/markets/2026/09/07/2026-09-07-%EA%B3%B5%EB%AA%A8%EC%A3%BC-%EC%B2%AD%EC%95%BD-%EB%B4%87%EB%AC%BC-%EB%8D%95%EC%82%B0%EB%84%B5%EC%BD%94%EC%96%B4%EC%8A%A4-%EB%93%B1-6%EA%B3%B3-%EC%88%98%EC%9A%94%EC%98%88%EC%B8%A1-%EC%8B%9C%ED%97%98%EB%8C%80-%EC%9D%B4%EB%B2%88%EC%A3%BC-%EC%A6%9D%EC%8B%9C-%EC%BA%98%EB%A6%B0%EB%8D%94,alt-ok,1824,1248,https://sedaily-mbti-cms-media-dev.s3.us-east-1.amazonaws.com/media/mustknow-auto/20087606-webtoon-cut001.png
https://ailens.sedaily.ai/markets/2026/09/07/2026-09-07-%EB%AA%A8%EB%8D%94%EB%82%98-%EB%A7%9E%EC%B6%A4%ED%98%95-%EC%95%94%EB%B0%B1%EC%8B%A0-%EB%84%98%EC%96%B4-%EB%B2%94%EC%9A%A9-%EC%95%94%EB%B0%B1%EC%8B%A0-%EB%A7%8C%EB%93%A0%EB%8B%A4,alt-ok,1824,1248,https://sedaily-mbti-cms-media-dev.s3.us-east-1.amazonaws.com/media/mustknow-auto/20087571-webtoon-cut001.png
https://ailens.sedaily.ai/international/2026/09/06/2026-09-06-%ED%8A%B8%EB%9F%BC%ED%94%84-%EB%B3%84%EA%B2%83-%EC%95%84%EB%83%90-%EB%9D%BC%EC%A7%80%EB%A7%8C-%EC%9D%B4%EB%9E%80-%EA%B4%B4%EB%A9%B8%EC%A0%81-%EB%8C%80%EC%9D%91-%EC%97%84%ED%8F%AC-%EC%9D%B4%EB%9E%80-%EC%A0%84%EC%9F%81,alt-ok,1824,1248,https://sedaily-mbti-cms-media-dev.s3.us-east-1.amazonaws.com/media/mustknow-auto/20087695-webtoon-cut001.png
https://ailens.sedaily.ai/international/2026/09/05/2026-09-05-%EA%B4%80%EA%B4%91%EA%B0%9D%EC%9D%B4-%EB%82%B4-%EC%A7%91-%EB%BA%8F%EC%96%B4%EA%B0%94%EB%8B%A4-%EC%A7%91%EA%B0%92-%ED%8F%AD%EB%93%B1%EC%97%90-%EB%B6%84%EB%85%B8%ED%95%9C-%EC%9C%A0%EB%9F%BD-%EB%8B%A8%EA%B8%B0%EC%9E%84%EB%8C%80-%EA%B7%9C%EC%A0%9C-%EB%82%98%EC%84%A0%EB%8B%A4,alt-ok,1824,1248,https://sedaily-mbti-cms-media-dev.s3.us-east-1.amazonaws.com/media/mustknow-auto/20087535-webtoon-cut001.png
https://ailens.sedaily.ai/international/2026/09/05/2026-09-05-GPS-%EB%84%98%EB%8A%94%EB%8B%A4-%ED%9C%B4%EB%8C%80%EC%A0%84%ED%99%94-98-%EC%B0%A8%EB%9F%89-1%EC%96%B5-%EB%8C%80-%ED%83%91%EC%9E%AC%EB%90%9C-%EB%B2%A0%EC%9D%B4%EB%8D%94%EC%9A%B0-%EB%8D%B0%EC%9D%B4%ED%84%B0-%EC%B2%AB-%EB%AF%BC%EA%B0%84-%EA%B0%9C%EB%B0%A9,alt-ok,1824,1248,https://sedaily-mbti-cms-media-dev.s3.us-east-1.amazonaws.com/media/mustknow-auto/20087544-webtoon-cut001.png
https://ailens.sedaily.ai/industry/2026/09/05/2026-09-05-%EB%AC%B4%EB%87%A8%EC%8A%A4-%ED%98%84%EB%8C%80%EC%B0%A8-%EB%8C%80%ED%91%9C-%EB%A3%A8%EC%9D%B4%EC%A7%80%EC%95%A0%EB%82%98-%EA%B0%95%ED%8C%90-%ED%98%84%EB%8C%80%EC%B0%A8-%EC%A0%84-%EC%B0%A8%EC%A2%85%EC%97%90-%EC%93%B8%EA%B2%83,alt-ok,1824,1248,https://sedaily-mbti-cms-media-dev.s3.us-east-1.amazonaws.com/media/mustknow-auto/20087473-webtoon-cut001.png
https://ailens.sedaily.ai/industry/2026/09/05/2026-09-05-%EC%A6%90%EA%B8%B0%EB%8B%A4-%EB%B3%B4%EB%8B%88-%EC%A7%80%EA%B0%91-%EC%97%B4%EC%97%88%EB%8B%A4-%EC%9C%A0%ED%86%B5%EC%97%85%EA%B3%84-%EC%B0%B8%EC%97%AC%ED%98%95-%EC%BB%A4%EB%A8%B8%EC%8A%A4-%EA%B2%BD%EC%9F%81-%EB%98%91%EB%98%91-%EC%8A%A4%EB%A7%88%EC%8A%88%EB%A8%B8,alt-ok,1824,1248,https://sedaily-mbti-cms-media-dev.s3.us-east-1.amazonaws.com/media/mustknow-auto/20087434-webtoon-cut001.png
https://ailens.sedaily.ai/industry/2026/09/05/2026-09-05-%EC%9D%B4-%ED%9A%8C%EC%82%AC-%EC%96%B4%EB%94%94%EC%95%BC-%EC%A7%81%EC%9E%A5%EC%9D%B8%EB%93%A4-%EB%82%9C%EB%A6%AC-%EC%82%B4%EB%8F%84-%EB%B9%BC%EC%A3%BC%EA%B3%A0-%EB%B6%80%EB%AA%A8%EB%8B%98-%EC%9A%A9%EB%8F%88%EB%8F%84-%EB%8C%80%EC%8B%A0-%EC%A4%80%EB%8B%A4%EB%8A%94%EB%8D%B0,alt-ok,1824,1248,https://sedaily-mbti-cms-media-dev.s3.us-east-1.amazonaws.com/media/mustknow-auto/20087517-webtoon-cut001.png
https://ailens.sedaily.ai/industry/2026/09/05/2026-09-05-%EC%9E%A5%EC%9D%B8%ED%99%94-%ED%8F%AC%EC%8A%A4%EC%BD%94-%ED%98%84%EB%8C%80%EC%A0%9C%EC%B2%A0-%EC%86%90%EC%9E%A1%EC%9D%80-%EC%A0%9C%EC%B2%A0%EC%86%8C-%EC%84%B8%EA%B3%84-%EC%B5%9C%EA%B3%A0-%EA%B2%BD%EC%9F%81%EB%A0%A5,alt-ok,1824,1248,https://sedaily-mbti-cms-media-dev.s3.us-east-1.amazonaws.com/media/mustknow-auto/20087474-webtoon-cut001.png
https://ailens.sedaily.ai/international/2026/09/05/2026-09-05-%EB%8D%94-%EC%9D%B4%EC%83%81-%EB%A7%89%EC%9D%84-%EC%88%98-%EC%97%86%EC%96%B4-%EB%8D%94-%ED%81%B0-%EA%B2%83-%EC%98%A8%EB%8B%A4-%EB%AC%B4%EC%84%9C%EC%9A%B4-%EA%B2%BD%EA%B3%A0-%EB%82%A0%EB%A6%B0-UN,alt-ok,1824,1248,https://sedaily-mbti-cms-media-dev.s3.us-east-1.amazonaws.com/media/mustknow-auto/20087498-webtoon-cut001.png
https://ailens.sedaily.ai/industry/2026/09/05/2026-09-05-%EA%B8%B0%EB%A6%84%EA%B0%92-16%EC%A3%BC-%EC%97%B0%EC%86%8D-%ED%95%98%EB%9D%BD-%ED%9C%98%EB%B0%9C%EC%9C%A0-1860-2%EC%9B%90-%EA%B2%BD%EC%9C%A0-1844-5%EC%9B%90,alt-ok,1824,1248,https://sedaily-mbti-cms-media-dev.s3.us-east-1.amazonaws.com/media/mustknow-auto/20087480-webtoon-cut001.png
https://ailens.sedaily.ai/industry/2026/09/05/2026-09-05-%ED%98%84%EB%8C%80%EC%A0%9C%EC%B2%A0-8%EC%A1%B0-%EC%8A%B9%EB%B6%80%EC%88%98-%EC%83%9D%EC%82%B0%EA%B8%B0%EC%A7%80-%EC%B2%AB%EC%82%BD-%EC%84%B8%EA%B3%84-%EC%B5%9C%EC%B4%88-%EA%B0%95%ED%8C%90-%EC%A0%84%EA%B8%B0%EB%A1%9C,alt-ok,1824,1248,https://sedaily-mbti-cms-media-dev.s3.us-east-1.amazonaws.com/media/mustknow-auto/20087290-webtoon-cut001.png
https://ailens.sedaily.ai/markets/2026/09/05/2026-09-05-%EB%8F%88-%EB%B2%84%EB%8A%94-%EB%A1%9C%EB%B4%87%EA%B8%B0%EC%97%85-%EB%82%98%EC%99%94%EB%8B%A4-%ED%9D%91%EC%9E%90-%EC%A0%84%ED%99%98-%EB%A1%9C%EB%B3%B4%ED%8B%B0%EC%A6%88%EC%97%90-%EB%A1%9C%EB%B4%87%EC%A3%BC-%EB%9E%A0%EB%A6%AC-%EC%A4%8D%EC%A4%8D-%EB%A6%AC%ED%8F%AC%ED%8A%B8,alt-ok,1824,1248,https://sedaily-mbti-cms-media-dev.s3.us-east-1.amazonaws.com/media/mustknow-auto/20087302-webtoon-cut001.png
https://ailens.sedaily.ai/markets/2026/09/05/2026-09-05-%EC%83%81%EC%9E%A5%ED%8F%90%EC%A7%80-%EC%8B%9C%EC%B4%9D%EA%B8%B0%EC%A4%80-%EA%B0%95%ED%99%94-6%EA%B0%9C%EC%9B%94-%EB%8A%A6%EC%B6%98%EB%8B%A4,alt-ok,1824,1248,https://sedaily-mbti-cms-media-dev.s3.us-east-1.amazonaws.com/media/frontpage-auto/20087363-webtoon-cut001.png
https://ailens.sedaily.ai/industry/2026/09/05/2026-09-04-%EC%82%BC%EC%84%B1-LG%EC%A0%84%EC%9E%90-11%EA%B0%9C-%EC%A0%9C%ED%92%88-IFA-%ED%98%81%EC%8B%A0%EC%83%81-%EC%88%98%EC%83%81-%EA%B8%B0%EC%88%A0-%EB%94%94%EC%9E%90%EC%9D%B8-%EA%B2%BD%EC%9F%81%EB%A0%A5-%EC%9E%85%EC%A6%9D,alt-ok,1824,1248,https://sedaily-mbti-cms-media-dev.s3.us-east-1.amazonaws.com/media/mustknow-auto/20087453-webtoon-cut001.png
https://ailens.sedaily.ai/industry/2026/09/04/2026-09-04-AI-%EC%84%9C%EB%B2%84-%EB%B0%9C%EC%97%B4-%EC%9E%A1%EB%8A%94%EB%8B%A4-%EC%97%90%EC%93%B0%EC%98%A4%EC%9D%BC-%EC%A0%84%EB%AC%B8%EA%B8%B0%EC%97%85%EA%B3%BC-%EC%95%A1%EC%B9%A8%EB%83%89%EA%B0%81-%EA%B8%B0%EC%88%A0-%EC%8B%A4%EC%A6%9D-%EB%A7%9E%EC%86%90,alt-ok,1824,1248,https://sedaily-mbti-cms-media-dev.s3.us-east-1.amazonaws.com/media/mustknow-auto/20086704-webtoon-cut001.png
https://ailens.sedaily.ai/markets/2026/09/04/2026-09-04-%EA%B3%A0%EB%A0%A4%EC%95%84%EC%97%B0-SPC%EC%97%90%EB%8F%84-%ED%95%A9%EC%82%B0-3-%EB%A3%B0-%EC%A0%81%EC%9A%A9-%EC%9D%98%EA%B2%B0%EA%B6%8C-%EA%B8%88%EC%A7%80-%EA%B0%80%EC%B2%98%EB%B6%84%EC%9D%80-%EA%B8%B0%EA%B0%81-%EC%8B%9C%EA%B7%B8%EB%84%90,alt-ok,1824,1248,https://sedaily-mbti-cms-media-dev.s3.us-east-1.amazonaws.com/media/mustknow-auto/20087405-webtoon-cut001.png
https://ailens.sedaily.ai/markets/2026/09/04/2026-09-04-%EC%8B%9C%EC%B4%9D-%EB%AF%B8%EB%8B%AC-200%EA%B3%B3-%EC%88%98%EB%AA%85-%EC%97%B0%EC%9E%A5-%EC%95%A1%EB%A9%B4%EB%B3%91%ED%95%A9-%EB%93%B1-%EC%9E%90%EA%B5%AC%EB%85%B8%EB%A0%A5-%EC%8B%9C%EC%9E%A5-%EC%A0%84%EB%B0%98-%ED%8D%BC%EC%A7%88-%EB%93%AF,alt-ok,1824,1248,https://sedaily-mbti-cms-media-dev.s3.us-east-1.amazonaws.com/media/mustknow-auto/20087418-webtoon-cut001.png
https://ailens.sedaily.ai/markets/2026/09/04/2026-09-04-%EC%A0%95%EB%B6%80%EA%B0%80-%EC%A3%BC%EC%A3%BC%EC%B6%A9%EC%8B%A4%EC%9D%98%EB%AC%B4-%EC%96%B4%EA%B2%BC%EB%8B%A4-%EA%B0%80%EC%8A%A4%EA%B3%B5%EC%82%AC-%EC%84%9D%EC%9C%A0%EA%B3%B5%EC%82%AC-%ED%95%A9%EB%B3%91%EC%97%90-7-%EB%9A%9D,alt-ok,1824,1248,https://sedaily-mbti-cms-media-dev.s3.us-east-1.amazonaws.com/media/mustknow-auto/20087382-webtoon-cut001.png
https://ailens.sedaily.ai/markets/2026/09/04/2026-09-04-%EC%A3%BC%EC%8B%9D-%EC%B1%84%EA%B6%8C-%ED%8E%80%EB%93%9C%EA%B9%8C%EC%A7%80-%ED%86%A0%ED%81%B0%EC%A6%9D%EA%B6%8C-%EC%8B%9C%EC%9E%A5-%ED%8C%90-%EC%BB%A4%EC%A7%84%EB%8B%A4,alt-ok,1824,1248,https://sedaily-mbti-cms-media-dev.s3.us-east-1.amazonaws.com/media/mustknow-auto/20087437-webtoon-cut001.png
https://ailens.sedaily.ai/news/2026/09/04/2026-09-04-%EC%84%9C%EC%9A%B8%EC%9D%80-10%EB%A7%8C%EC%9B%90-%EC%A7%80%EB%B0%A9%EC%9D%80-15%EB%A7%8C%EC%9B%90-%EB%93%9C%EB%A6%BD%EB%8B%88%EB%8B%A4-19-34%EC%84%B8-%EC%B2%AD%EB%85%84%EC%97%90-%EB%AC%B8%ED%99%94%EB%B9%84-%EC%A4%80%EB%8B%A4,alt-ok,1824,1248,https://sedaily-mbti-cms-media-dev.s3.us-east-1.amazonaws.com/media/mustknow-auto/20087324-webtoon-cut001.png
https://ailens.sedaily.ai/industry/2026/09/04/2026-09-04-%EC%9E%90%EC%9B%90%EC%88%9C%ED%99%98-%EB%8C%80%ED%86%B5%EB%A0%B9-%ED%91%9C%EC%B0%BD%EB%B0%9B%EC%9D%80-%EC%9C%A0%ED%95%9C%EC%96%91%ED%96%89-%ED%8F%90%EA%B8%B0%EB%AC%BC-180-7%ED%86%A4-%EA%B0%90%EC%B6%95,alt-ok,1824,1248,https://sedaily-mbti-cms-media-dev.s3.us-east-1.amazonaws.com/media/mustknow-auto/20087291-webtoon-cut001.png
https://ailens.sedaily.ai/industry/2026/09/04/2026-09-04-SKC-%EC%95%B1%EC%86%94%EB%A6%AD%EC%8A%A4%EC%97%90-2810%EC%96%B5-%EC%B6%9C%EC%9E%90-%EA%B8%80%EB%9D%BC%EC%8A%A4%EA%B8%B0%ED%8C%90-%EC%83%81%EC%97%85%ED%99%94-%EC%86%8D%EB%8F%84,alt-ok,1824,1248,https://sedaily-mbti-cms-media-dev.s3.us-east-1.amazonaws.com/media/mustknow-auto/20087312-webtoon-cut001.png
https://ailens.sedaily.ai/industry/2026/09/04/2026-09-04-K%EB%B0%A9%EC%82%B0-%ED%81%AC%EB%A1%9C%EC%95%84%ED%8B%B0%EC%95%84-%EB%9A%AB%EC%97%88%EB%8B%A4-%ED%95%9C%ED%99%94%EC%97%90%EC%96%B4%EB%A1%9C-%EC%B2%9C%EB%AC%B4-18%EB%AC%B8-%EC%B2%AB-%EC%88%98%EC%B6%9C,alt-ok,1824,1248,https://sedaily-mbti-cms-media-dev.s3.us-east-1.amazonaws.com/media/mustknow-auto/20087207-webtoon-cut001.png
https://ailens.sedaily.ai/industry/2026/09/04/2026-09-04-%EC%9D%B4%ED%9D%AC%EA%B7%BC-%ED%8F%AC%EC%8A%A4%EC%BD%94-%EC%82%AC%EC%9E%A5-%EB%85%B8%EC%82%AC%EA%B5%90%EC%84%AD-%EB%82%9C%ED%95%AD-%ED%8C%8C%EC%97%85%EC%9C%84%EA%B8%B0%EC%97%90-%EC%B6%9C%EC%9E%A5-%EC%B7%A8%EC%86%8C,alt-ok,1824,1248,https://sedaily-mbti-cms-media-dev.s3.us-east-1.amazonaws.com/media/mustknow-auto/20087206-webtoon-cut001.png
https://ailens.sedaily.ai/markets/2026/09/04/2026-09-04-%EC%A3%BC%EC%A3%BC%ED%99%98%EC%9B%90%EB%A7%8C-110%EC%A1%B0-%EC%B4%88%EA%B3%A0%EC%88%98-%EC%82%BC%EC%84%B1%EC%A0%84%EC%9E%90-%EC%88%9C%EB%A7%A4%EC%88%98-1%EC%9C%84-%EC%A3%BC%EC%8B%9D-%EC%B4%88%EA%B3%A0%EC%88%98%EB%8A%94-%EC%A7%80%EA%B8%88,alt-ok,1824,1248,https://sedaily-mbti-cms-media-dev.s3.us-east-1.amazonaws.com/media/mustknow-auto/20087180-webtoon-cut001.png
https://ailens.sedaily.ai/markets/2026/09/04/2026-09-04-KB%EC%A6%9D%EA%B6%8C-%ED%87%B4%EC%A7%81%EC%97%B0%EA%B8%88-%EA%B3%84%EC%A2%8C%EC%84%9C-%EA%B0%9C%EC%9D%B8%ED%88%AC%EC%9E%90%EC%9A%A9-%EA%B5%AD%EC%B1%84-%EC%84%9C%EB%B9%84%EC%8A%A4-%EC%8B%9C%EC%9E%91,alt-ok,1824,1248,https://sedaily-mbti-cms-media-dev.s3.us-east-1.amazonaws.com/media/mustknow-auto/20087235-webtoon-cut001.png
https://ailens.sedaily.ai/markets/2026/09/04/2026-09-04-%EC%BD%94%EC%8A%A4%EB%8B%A5-%EA%B8%B0%EC%88%A0%ED%8A%B9%EB%A1%80%EC%83%81%EC%9E%A5-21%EB%85%84-%EB%A7%8C%EC%97%90-300%ED%98%B8-%EA%B8%B0%EC%97%85-%EB%B0%B0%EC%B6%9C-%EC%8B%A0%EA%B7%9C-%EC%83%81%EC%9E%A5-%EC%8B%9C%EC%B4%9D-60-%ED%95%B5%EC%8B%AC-%ED%8A%B8%EB%9E%99-%EC%9C%BC%EB%A1%9C,alt-ok,1824,1248,https://sedaily-mbti-cms-media-dev.s3.us-east-1.amazonaws.com/media/mustknow-auto/20087239-webtoon-cut001.png
https://ailens.sedaily.ai/markets/2026/09/04/2026-09-04-%EC%A0%95%EB%B6%80%EA%B0%80-%EC%A3%BC%EC%A3%BC%EC%B6%A9%EC%8B%A4%EC%9D%98%EB%AC%B4-%EC%96%B4%EA%B2%BC%EB%8B%A4-%EA%B0%80%EC%8A%A4%EA%B3%B5%EC%82%AC-%EC%84%9D%EC%9C%A0%EA%B3%B5%EC%82%AC-%ED%95%A9%EB%B3%91%EC%97%90-8-%EB%9A%9D-%EC%9D%B4%EB%9F%B0%EA%B5%AD%EC%9E%A5-%EC%A0%80%EB%9F%B0%EC%A3%BC%EC%8B%9D,alt-ok,1824,1248,https://sedaily-mbti-cms-media-dev.s3.us-east-1.amazonaws.com/media/mustknow-auto/20087240-webtoon-cut001.png
https://ailens.sedaily.ai/markets/2026/09/04/2026-09-04-VIG%ED%8C%8C%ED%8A%B8%EB%84%88%EC%8A%A4-%EC%9C%A0%EC%8B%A0%ED%98%81-%EB%B6%80%EB%8C%80%ED%91%9C-%EA%B0%95%EC%84%B1%EC%9A%B1-%EC%B4%9D%EA%B4%84-%EC%98%81%EC%9E%85-%EC%8B%9C%EA%B7%B8%EB%84%90,alt-ok,1824,1248,https://sedaily-mbti-cms-media-dev.s3.us-east-1.amazonaws.com/media/mustknow-auto/20087139-webtoon-cut001.png
https://ailens.sedaily.ai/industry/2026/09/04/2026-09-04-%EC%84%9D%ED%99%94-%EC%9E%AC%ED%8E%B8-1%ED%98%B8-H-L%EC%96%B4%EB%93%9C%EB%B0%B4%EC%8A%A4%EB%93%9C-%EC%B6%9C%EB%B2%94-%EA%B2%BD%EC%9F%81%EB%A0%A5-%ED%99%95%EB%B3%B4%ED%95%98%EB%8A%94-%ED%86%B5%ED%95%A9%EC%9D%98-%EA%B8%B8,alt-ok,1824,1248,https://sedaily-mbti-cms-media-dev.s3.us-east-1.amazonaws.com/media/mustknow-auto/20087127-webtoon-cut001.png
https://ailens.sedaily.ai/markets/2026/09/04/2026-09-04-%EA%B8%B0%EA%B8%88%ED%98%95-%ED%87%B4%EC%A7%81%EC%97%B0%EA%B8%88%EC%97%90-%EA%B5%AD%EB%AF%BC%EC%97%B0%EA%B8%88-%EC%B0%B8%EC%97%AC-%EC%95%88%EB%8F%BC-%EB%B9%84%EC%9A%A9-%EC%A0%88%EA%B0%90-%EC%96%B4%EB%A0%B5%EA%B3%A0-%EC%88%98%EC%9D%B5%EB%A5%A0%EB%8F%84-%EB%82%AE%EC%9D%84-%EA%B2%83,alt-ok,1824,1248,https://sedaily-mbti-cms-media-dev.s3.us-east-1.amazonaws.com/media/mustknow-auto/20087099-webtoon-cut001.png
https://ailens.sedaily.ai/markets/2026/09/04/2026-09-04-%EC%A1%B0%EA%B0%81%ED%88%AC%EC%9E%90-%ED%92%80%EB%A7%81-%EC%A1%B0%EA%B1%B4%EB%B6%80-%ED%97%88%EC%9A%A9-%EC%A3%BC%EC%8B%9D-%ED%8E%80%EB%93%9C-%EC%B1%84%EA%B6%8C%EB%8F%84-%ED%86%A0%ED%81%B0%ED%99%94-%EC%B6%94%EC%A7%84,alt-ok,1824,1248,https://sedaily-mbti-cms-media-dev.s3.us-east-1.amazonaws.com/media/mustknow-auto/20087145-webtoon-cut001.png
https://ailens.sedaily.ai/industry/2026/09/04/2026-09-04-%EC%A4%91%EA%B8%B0%EB%B6%80-%EC%A0%9C%EC%A1%B0-AI-%EC%9D%B8%EC%9E%AC-1600%EB%AA%85-%ED%82%A4%EC%9A%B4%EB%8B%A4-%EC%A7%80%EC%97%AD-%EC%9D%B8%EB%A0%A5%EB%82%9C-%ED%95%B4%EC%86%8C,alt-ok,1824,1248,https://sedaily-mbti-cms-media-dev.s3.us-east-1.amazonaws.com/media/mustknow-auto/20086921-webtoon-cut001.png
https://ailens.sedaily.ai/markets/2026/09/04/2026-09-04-%EB%8C%80%EC%9B%85%EC%A0%9C%EC%95%BD-%EB%8B%A8%EA%B8%B0%EC%B0%A8%EC%9E%85%EA%B8%88-4%EB%B0%B0-%EB%8A%98%EA%B3%A0-%EA%B3%84%EC%97%B4%EC%82%AC-IPO%EB%8F%84-%EB%A7%89%ED%98%80-%EC%9C%A0%EB%8F%99%EC%84%B1-%EA%B2%BD%EA%B3%A0%EB%93%B1-%EC%9E%AC%EB%AC%B4%ED%8F%AC%EC%BB%A4%EC%8A%A4,alt-ok,1824,1248,https://sedaily-mbti-cms-media-dev.s3.us-east-1.amazonaws.com/media/mustknow-auto/20086974-webtoon-cut001.png
https://ailens.sedaily.ai/markets/2026/09/04/2026-09-04-%EC%BD%94%EC%8A%A4%EB%8B%A5-%ED%99%9C%EC%84%B1%ED%99%94-%EC%A7%80%EC%9B%90%EC%82%AC%EA%B2%A9-%EA%B1%B0%EB%9E%98%EC%86%8C-MM-%EC%9D%98%EB%AC%B4%EA%B8%B0%EC%A4%80-90-80,alt-ok,1824,1248,https://sedaily-mbti-cms-media-dev.s3.us-east-1.amazonaws.com/media/mustknow-auto/20086915-webtoon-cut001.png
https://ailens.sedaily.ai/industry/2026/09/04/2026-09-04-%EC%82%BC%EC%84%B1-SK-%ED%91%9C%EC%A0%81%EA%B4%80%EC%84%B8-%EC%98%88%EA%B3%A0-CXMT%EB%8A%94-D%EB%9E%A8-10-%EB%B2%BD-%EB%8F%8C%ED%8C%8C,alt-ok,1824,1248,https://sedaily-mbti-cms-media-dev.s3.us-east-1.amazonaws.com/media/frontpage-auto/20086934-webtoon-cut001.png
https://ailens.sedaily.ai/finance/2026/09/04/2026-09-04-%ED%95%98%EB%82%98%EA%B8%88%EC%9C%B5-%EC%86%90%EB%B3%B4%EC%97%90-%EC%B5%9C%EB%8C%80-2000%EC%96%B5-%EC%A6%9D%EC%9E%90-%EC%B6%94%EC%A7%84,alt-ok,1824,1248,https://sedaily-mbti-cms-media-dev.s3.us-east-1.amazonaws.com/media/frontpage-auto/20086931-webtoon-cut001.png
https://ailens.sedaily.ai/markets/2026/09/04/2026-09-03-%ED%99%98%EC%9C%A8%EC%97%90-%EB%88%8C%EB%A6%B0-%EC%82%BC%EC%A0%84%EB%8B%89%EC%8A%A4-%EB%AA%A9%ED%91%9C%EA%B0%80-%EC%94%A8%ED%8B%B0-%EB%8F%99%EB%B0%98%ED%95%98%ED%96%A5-%EC%9D%B4%EB%9F%B0%EA%B5%AD%EC%9E%A5-%EC%A0%80%EB%9F%B0%EC%A3%BC%EC%8B%9D,alt-ok,1824,1248,https://sedaily-mbti-cms-media-dev.s3.us-east-1.amazonaws.com/media/mustknow-auto/20086864-webtoon-cut001.png
https://ailens.sedaily.ai/industry/2026/09/04/2026-09-03-%EC%A4%91%EA%B8%B0-%EC%88%98%EC%B6%9C-4%EB%85%84%EB%82%B4-245%EC%A1%B0%EB%A1%9C-K%EB%B7%B0%ED%8B%B0-%EB%84%98%EC%96%B4-K%ED%85%8C%ED%81%AC-%EC%A7%91%EC%A4%91%EC%9C%A1%EC%84%B1,alt-ok,1824,1248,https://sedaily-mbti-cms-media-dev.s3.us-east-1.amazonaws.com/media/mustknow-auto/20086973-webtoon-cut001.png
https://ailens.sedaily.ai/property/2026/09/04/2026-09-03-LH-%EB%91%98%EB%A1%9C-%EC%AA%BC%EA%B0%A0%EB%8B%A4-%EA%B0%9C%EB%B0%9C%EA%B3%BC-%EC%A3%BC%EA%B1%B0%EB%B3%B5%EC%A7%80-%EA%B8%B0%EB%8A%A5-%EB%B6%84%EB%A6%AC,alt-ok,1824,1248,https://sedaily-mbti-cms-media-dev.s3.us-east-1.amazonaws.com/media/mustknow-auto/20086748-webtoon-cut001.png
https://ailens.sedaily.ai/industry/2026/09/04/2026-09-03-%ED%95%9C%EC%9C%A0%EC%9B%90-%EA%B3%B5%EC%98%81%ED%99%88%EC%87%BC%ED%95%91-%ED%95%98%EB%82%98%EB%A1%9C-%EC%A4%91%EA%B8%B0%EB%B6%80-%EC%82%B0%ED%95%98%EA%B8%B0%EA%B4%80-%EA%B0%9C%ED%8E%B8,alt-ok,1824,1248,https://sedaily-mbti-cms-media-dev.s3.us-east-1.amazonaws.com/media/mustknow-auto/20086801-webtoon-cut001.png
https://ailens.sedaily.ai/markets/2026/09/03/2026-09-03-%EC%BA%90%ED%94%BC%ED%84%B8%EA%B7%B8%EB%A3%B9%EC%9D%B4-%EC%B0%8D%EC%9D%80-%EC%A3%BC%EC%8B%9D-KT-G-JB%EA%B8%88%EC%9C%B5-%EB%8A%98%EB%A0%B8%EB%8B%A4,alt-ok,1824,1248,https://sedaily-mbti-cms-media-dev.s3.us-east-1.amazonaws.com/media/mustknow-auto/20086983-webtoon-cut001.png
https://ailens.sedaily.ai/markets/2026/09/03/2026-09-03-%EA%B0%9C%EB%AF%B8%EB%93%A4-100%EC%A3%BC-%EC%82%AC%EB%86%93%EA%B3%A0-%ED%95%B8%EB%93%9C%ED%8F%B0%EB%A7%8C-%EC%B3%90%EB%8B%A4%EB%B4%90-%EC%A1%B4%EB%A6%AC-%EB%B6%80%EC%9E%90-%EB%90%98%EA%B3%A0-%EC%8B%B6%EB%8B%A4%EB%A9%B4-%EC%A1%B0%EC%96%B8-%EB%93%A4%EC%96%B4%EB%B3%B4%EB%8B%88,alt-ok,1824,1248,https://sedaily-mbti-cms-media-dev.s3.us-east-1.amazonaws.com/media/mustknow-auto/20086578-webtoon-cut001.png
https://ailens.sedaily.ai/industry/2026/09/03/2026-09-03-LH-173%EC%A1%B0-%EB%B6%80%EC%B1%84-%EA%B0%9C%EC%84%A0%EB%B0%A9%EC%95%88-%EB%B9%A0%EC%A0%B8-%ED%95%AD%EB%A7%8C%EA%B3%B5%EC%82%AC%EB%8A%94-%EC%A7%80%EC%97%AD-%EA%B0%88%EB%93%B1-%EC%A1%B0%EC%A7%90,alt-ok,1824,1248,https://sedaily-mbti-cms-media-dev.s3.us-east-1.amazonaws.com/media/mustknow-auto/20086994-webtoon-cut001.png
https://ailens.sedaily.ai/markets/2026/09/03/2026-09-03-%EB%B0%98%EB%8C%80%EB%A7%A4%EB%A7%A4-%ED%84%B0%EC%A7%84-%EB%A7%88%EC%9D%B4%ED%81%AC%EB%A1%9C%EB%94%94%EC%A7%80%ED%83%88-%EC%B5%9C%EB%8C%80%EC%A3%BC%EC%A3%BC-%EA%B3%B5%EC%84%9D-%EC%9D%B4%EB%9F%B0%EA%B5%AD%EC%9E%A5-%EC%A0%80%EB%9F%B0%EC%A3%BC%EC%8B%9D,alt-ok,1824,1248,https://sedaily-mbti-cms-media-dev.s3.us-east-1.amazonaws.com/media/mustknow-auto/20086961-webtoon-cut001.png
https://ailens.sedaily.ai/markets/2026/09/03/2026-09-03-%EB%B0%B8%EB%A5%98%EC%97%85-%EA%B3%B5%EC%8B%9C-%EA%B8%B0%EC%97%85-756%EA%B3%B3%EC%9C%BC%EB%A1%9C-%EB%8A%98%EC%97%88%EB%8B%A4-%EC%BD%94%EC%8A%A4%ED%94%BC-%EC%8B%9C%EC%B4%9D-87-%EC%B0%B8%EC%97%AC,alt-ok,1824,1248,https://sedaily-mbti-cms-media-dev.s3.us-east-1.amazonaws.com/media/mustknow-auto/20086744-webtoon-cut001.png
https://ailens.sedaily.ai/markets/2026/09/03/2026-09-03-EB-%EB%A7%89%EC%95%98%EB%8D%94%EB%8B%88-%EC%9E%90%EC%82%AC%EC%A3%BC-%ED%8C%94%EA%B8%B0-%EC%82%AC%EB%9D%BC%EC%A0%B8-%EB%91%90%EB%8B%AC%EA%B0%84-%EC%B2%98%EB%B6%84-%EB%8B%A8-1%EA%B1%B4,alt-ok,1824,1248,https://sedaily-mbti-cms-media-dev.s3.us-east-1.amazonaws.com/media/mustknow-auto/20086976-webtoon-cut001.png
https://ailens.sedaily.ai/international/2026/09/03/2026-09-03-%ED%95%9C%EC%A0%84-%EC%82%BC%EC%84%B1-SK%EC%97%90-%EC%A0%84%EA%B8%B0%EB%A3%8C-25%EC%A1%B0-%EC%84%A0%EB%82%A9-%EC%A0%9C%EC%95%88-%EB%B0%98%EB%8F%84%EC%B2%B4-%EC%A0%84%EB%A0%A5%EB%A7%9D%EC%97%90-%ED%88%AC%EC%9E%85,alt-ok,1824,1248,https://sedaily-mbti-cms-media-dev.s3.us-east-1.amazonaws.com/media/mustknow-auto/20086619-webtoon-cut001.png
https://ailens.sedaily.ai/markets/2026/09/03/2026-09-03-%EB%AF%B8%EC%9E%A5-%ED%9B%88%ED%92%8D%EC%97%90-%EC%82%BC%EC%A0%84%EB%8B%89%EC%8A%A4-%ED%94%84%EB%A6%AC%EB%A7%88%EC%BC%93%EC%84%9C-1-%EB%8C%80-%EB%B0%98%EB%93%B1-%EC%9D%B4%EB%9F%B0%EA%B5%AD%EC%9E%A5-%EC%A0%80%EB%9F%B0%EC%A3%BC%EC%8B%9D,alt-ok,1824,1248,https://sedaily-mbti-cms-media-dev.s3.us-east-1.amazonaws.com/media/mustknow-auto/20086577-webtoon-cut001.png
https://ailens.sedaily.ai/industry/2026/09/03/2026-09-03-CXMT-D%EB%9E%A8-%EC%A0%90%EC%9C%A0%EC%9C%A8-10-%EB%9A%AB%EC%97%88%EB%8B%A4,alt-ok,1824,1248,https://sedaily-mbti-cms-media-dev.s3.us-east-1.amazonaws.com/media/mustknow-auto/20086642-webtoon-cut001.png
https://ailens.sedaily.ai/markets/2026/09/03/2026-09-03-%EA%B3%A0%EB%A0%A4%EC%95%84%EC%97%B0-%EC%B8%A1-%EC%86%90%EC%8B%A4-%ED%88%AC%EC%9E%90-%EC%97%94%ED%84%B0-%ED%9A%8C%EC%9E%A5-%EC%9D%BC%EA%B0%80%EB%8A%94-%EC%A0%84%EC%95%A1-%ED%9A%8C%EC%88%98-%EC%8B%9C%EA%B7%B8%EB%84%90,alt-ok,1824,1248,https://sedaily-mbti-cms-media-dev.s3.us-east-1.amazonaws.com/media/mustknow-auto/20086685-webtoon-cut001.png
https://ailens.sedaily.ai/markets/2026/09/03/2026-09-03-%ED%8A%B8%EB%9F%AC%EC%8A%A4%ED%86%A4-%ED%83%9C%EA%B4%91%EA%B7%B8%EB%A3%B9%EC%97%90-%EA%B3%B5%EA%B0%9C%EC%84%9C%ED%95%9C-%EA%B2%BD%EC%98%81%ED%98%91%EC%9D%98%ED%9A%8C-%EC%8B%A4%EC%B2%B4-%EB%B0%9D%ED%98%80%EC%95%BC-%EC%8B%9C%EA%B7%B8%EB%84%90,alt-ok,1824,1248,https://sedaily-mbti-cms-media-dev.s3.us-east-1.amazonaws.com/media/mustknow-auto/20086711-webtoon-cut001.png
https://ailens.sedaily.ai/markets/2026/09/03/2026-09-03-%EB%8B%A8%EB%8F%85-%EC%9C%A0%EC%A7%84PE-%EC%9A%B0%EB%A6%AC%EA%B8%88%EC%9C%B5%EC%A7%80%EC%A3%BC-1400%EB%A7%8C%EC%A3%BC-%EB%B8%94%EB%A1%9D%EB%94%9C-4650%EC%96%B5-%EA%B7%9C%EB%AA%A8-%EC%8B%9C%EA%B7%B8%EB%84%90,alt-ok,1824,1248,https://sedaily-mbti-cms-media-dev.s3.us-east-1.amazonaws.com/media/mustknow-auto/20086628-webtoon-cut001.png
https://ailens.sedaily.ai/markets/2026/09/03/2026-09-03-%ED%8A%B8%EB%9F%BC%ED%94%84-%EC%95%8C%EB%9E%98%EC%8A%A4%EC%B9%B4-%EC%96%B8%EA%B8%89%EC%97%90-TCC%EC%8A%A4%ED%8B%B8-%EB%B6%80%EA%B5%AD%EC%B2%A0%EA%B0%95-%EB%93%B1-%EA%B4%80%EB%A0%A8%EC%A3%BC-%EA%B8%89%EB%93%B1-%EC%A4%8D%EC%A4%8D%EB%A6%AC%ED%8F%AC%ED%8A%B8,alt-ok,1824,1248,https://sedaily-mbti-cms-media-dev.s3.us-east-1.amazonaws.com/media/mustknow-auto/20086632-webtoon-cut001.png
https://ailens.sedaily.ai/markets/2026/09/03/2026-09-03-%EC%A6%9D%EA%B6%8C%EC%B1%84-%EC%88%98%EC%9A%94%EC%98%88%EC%B8%A1-%ED%9D%A5%ED%96%89%EA%B0%80%EB%8F%84-%ED%95%98%EB%82%98-DB-%EC%97%90-2-6%EC%A1%B0-%EB%AA%B0%EB%A0%B8%EB%8B%A4-%EC%8B%9C%EA%B7%B8%EB%84%90,alt-ok,1824,1248,https://sedaily-mbti-cms-media-dev.s3.us-east-1.amazonaws.com/media/mustknow-auto/20086492-webtoon-cut001.png
https://ailens.sedaily.ai/markets/2026/09/03/2026-09-03-%EC%9E%90%EC%B2%B4-AI%EC%9D%B8%ED%94%84%EB%9D%BC-%ED%99%95%EB%B3%B4%ED%95%9C-SK%EB%B0%94%EC%9D%B4%EC%98%A4%ED%8C%9C-%ED%9B%84%EB%B3%B4%EB%AC%BC%EC%A7%88-%EB%B0%9C%EA%B5%B4-%EC%8B%A0%EC%95%BD-%EA%B0%9C%EB%B0%9C-%EB%B9%A8%EB%9D%BC%EC%A7%84%EB%8B%A4,alt-ok,1824,1248,https://sedaily-mbti-cms-media-dev.s3.us-east-1.amazonaws.com/media/mustknow-auto/20086356-webtoon-cut001.png
https://ailens.sedaily.ai/news/2026/09/03/2026-09-03-9%EC%9B%94-%EB%8C%80%ED%95%9C%EB%AF%BC%EA%B5%AD-%EA%B3%BC%EA%B8%B0%EC%9D%B8%EC%83%81-%EC%B5%9C%EC%88%98%EC%84%9D-%EA%B5%90%EC%88%98,alt-ok,1824,1248,https://sedaily-mbti-cms-media-dev.s3.us-east-1.amazonaws.com/media/frontpage-auto/20086429-webtoon-cut001.png
https://ailens.sedaily.ai/markets/2026/09/02/2026-09-02-%EA%B8%B0%EC%9E%90%EC%9D%98-%EB%88%88-%EA%B8%88%EA%B0%90%EC%9B%90%EC%97%90-%EC%A0%84%EB%AC%B8%EA%B0%80%EA%B0%80-%EC%82%AC%EB%9D%BC%EC%A7%84%EB%8B%A4%EB%A9%B4,alt-ok,1824,1248,https://sedaily-mbti-cms-media-dev.s3.us-east-1.amazonaws.com/media/mustknow-auto/20086476-webtoon-cut001.png
https://ailens.sedaily.ai/markets/2026/09/02/2026-09-02-NXT-%ED%94%84%EB%A6%AC-%EC%95%A0%ED%94%84%ED%84%B0%EB%A7%88%EC%BC%93-ETF-%EA%B1%B0%EB%9E%98-%EB%82%B4%EB%85%84-%EC%9D%B4%ED%9B%84%EB%A1%9C,alt-ok,1824,1248,https://sedaily-mbti-cms-media-dev.s3.us-east-1.amazonaws.com/media/mustknow-auto/20086460-webtoon-cut001.png
https://ailens.sedaily.ai/markets/2026/09/02/2026-09-02-IR%EC%9E%84%EC%9B%90%EC%9D%B4-%EB%AF%B8%EA%B3%B5%EA%B0%9C-%EC%8B%A0%EC%95%BD-%ED%98%B8%EC%9E%AC-%EB%A1%9C-2000%EB%A7%8C-%EC%9B%90-%EB%B2%8C%EC%96%B4-%EC%A6%9D%EC%84%A0%EC%9C%84-%EC%88%98%EC%82%AC%EA%B8%B0%EA%B4%80-%ED%86%B5%EB%B3%B4,alt-ok,1824,1248,https://sedaily-mbti-cms-media-dev.s3.us-east-1.amazonaws.com/media/mustknow-auto/20086491-webtoon-cut001.png
https://ailens.sedaily.ai/markets/2026/09/02/2026-09-02-%EC%9E%90%EC%82%AC%EC%A3%BC-%EB%B0%A9%EC%96%B4%EB%A7%89%EC%97%90%EB%8F%84-%EA%B8%88%EB%A6%AC-%EC%9C%A0%EA%B0%80-%ED%8C%8C%EA%B3%A0%EC%97%90-%EC%A6%9D%EC%8B%9C-%ED%9D%94%EB%93%A4,alt-ok,1824,1248,https://sedaily-mbti-cms-media-dev.s3.us-east-1.amazonaws.com/media/mustknow-auto/20086459-webtoon-cut001.png
https://ailens.sedaily.ai/news/2026/09/02/2026-09-02-%ED%95%B5%EC%8B%AC%EC%A0%84%EB%A0%A5-%EB%8B%A4%EC%98%81%EC%97%AD%EB%B6%80%EB%8C%80-%ED%95%9C%EB%B0%98%EB%8F%84-%EB%B0%B0%EC%B9%98-%EC%B6%94%EC%A7%84,alt-ok,1824,1248,https://sedaily-mbti-cms-media-dev.s3.us-east-1.amazonaws.com/media/mustknow-auto/20086481-webtoon-cut001.png
https://ailens.sedaily.ai/finance/2026/09/02/2026-09-02-%EA%B8%88%EB%A6%AC-%EC%98%AC%EB%9D%BC-%EC%A7%91%EA%B0%92-%EA%BA%BE%EC%97%AC%EB%8F%84-2000%EC%A1%B0-%EB%B9%9A-%EA%B0%80%EA%B3%84%EB%8A%94-%EC%9D%B4%EC%9E%90%EB%B6%80%EB%8B%B4%EC%97%90-%EB%88%88%EB%AC%BC,alt-ok,1824,1248,https://sedaily-mbti-cms-media-dev.s3.us-east-1.amazonaws.com/media/mustknow-auto/20086500-webtoon-cut001.png
https://ailens.sedaily.ai/markets/2026/09/02/2026-09-02-MBK-%EC%8A%A4%ED%82%A8%EC%9D%B4%EB%8D%B0%EC%95%84-%EB%9D%BC%EC%9D%B4%ED%94%84%EC%95%A4%EB%B0%94%EC%9D%B4%EC%98%A4-%EC%9D%B8%EC%88%98%ED%95%9C%EB%8B%A4-%EC%8B%9C%EA%B7%B8%EB%84%90,alt-ok,1824,1248,https://sedaily-mbti-cms-media-dev.s3.us-east-1.amazonaws.com/media/mustknow-auto/20086515-webtoon-cut001.png
https://ailens.sedaily.ai/industry/2026/09/02/2026-09-02-%EC%A4%91%EA%B8%B0%EB%B6%80-%EC%82%B0%ED%95%98%EA%B8%B0%EA%B4%80%EC%9E%A5-%EC%9D%B8%EC%82%AC%EC%8B%9C%EA%B3%84-%EB%B9%A8%EB%9D%BC%EC%A7%84%EB%8B%A4-11%EA%B3%B3-%EC%A4%91-4%EA%B3%B3-%EA%B5%90%EC%B2%B4-%EC%84%A0%EC%83%81,alt-ok,1824,1248,https://sedaily-mbti-cms-media-dev.s3.us-east-1.amazonaws.com/media/mustknow-auto/20086434-webtoon-cut001.png
https://ailens.sedaily.ai/markets/2026/09/02/2026-09-02-%ED%8A%B8%EB%9E%99%EB%A0%88%EC%BD%94%EB%93%9C-%EB%B6%80%EC%A1%B1%ED%95%B4-FDA-%EC%8A%B9%EC%9D%B8-%EC%A7%80%EC%97%B0-%EB%B0%94%EC%9D%B4%EC%98%A4-%EC%86%8C%EB%B6%80%EC%9E%A5-95-%ED%95%B4%EC%99%B8-%EC%9D%98%EC%A1%B4,alt-ok,1824,1248,https://sedaily-mbti-cms-media-dev.s3.us-east-1.amazonaws.com/media/mustknow-auto/20086447-webtoon-cut001.png
https://ailens.sedaily.ai/markets/2026/09/02/2026-09-02-%EC%83%81%ED%8F%90-%EC%9C%84%EA%B8%B0-%EA%B8%88%EC%96%91-%EA%B2%B0%EA%B5%AD-%EB%B6%84%EC%8B%9D%ED%9A%8C%EA%B3%84-%ED%98%90%EC%9D%98%EB%A1%9C-%EA%B2%80%EC%B0%B0-%EA%B3%A0%EB%B0%9C,alt-ok,1824,1248,https://sedaily-mbti-cms-media-dev.s3.us-east-1.amazonaws.com/media/mustknow-auto/20086490-webtoon-cut001.png
https://ailens.sedaily.ai/international/2026/09/02/2026-09-02-%EC%99%B8%EA%B5%AD%EC%9D%B8-%EB%B0%B0%EB%8B%B9%EC%86%8C%EB%93%9D-%EB%A9%B4%EC%84%B8-%ED%8F%90%EC%A7%80-%EA%B0%9C%ED%98%81-%EA%B0%9C%EB%B0%A9-%EC%9D%B4%ED%9B%84-32%EB%85%84-%EB%A7%8C,alt-ok,1824,1248,https://sedaily-mbti-cms-media-dev.s3.us-east-1.amazonaws.com/media/mustknow-auto/20086376-webtoon-cut001.png
https://ailens.sedaily.ai/international/2026/09/02/2026-09-02-%EC%9D%B4%EB%A1%80%EC%A0%81-%EC%9E%A5%EC%A4%91-%EA%B3%B5%EC%8A%B5%EC%97%90-%EC%9C%A0%EA%B0%80-95-G20%EB%8F%84-%ED%95%B4%EB%B2%95-%EB%AA%BB%EB%82%B4,alt-ok,1824,1248,https://sedaily-mbti-cms-media-dev.s3.us-east-1.amazonaws.com/media/mustknow-auto/20086423-webtoon-cut001.png
https://ailens.sedaily.ai/news/2026/09/02/2026-09-02-%EC%9A%B0%EB%A6%AC-%EC%95%84%EC%9D%B4-%EC%84%B1%EC%9D%B8-%EB%90%A0-%EB%95%8C-7000%EB%A7%8C%EC%9B%90-%EC%8C%93%EC%9D%B8%EB%8B%A4-%EC%A0%95%EB%B6%80%EA%B0%80-%ED%95%A8%EA%BB%98-%EB%8F%88-%EB%84%A3%EC%96%B4-%EC%A4%80%EB%8B%A4%EB%8A%94-%EC%9D%B4-%ED%8E%80%EB%93%9C,alt-ok,1824,1248,https://sedaily-mbti-cms-media-dev.s3.us-east-1.amazonaws.com/media/mustknow-auto/20086394-webtoon-cut001.png
https://ailens.sedaily.ai/industry/2026/09/02/2026-09-02-%EC%A0%9C%EC%9D%B4%EC%BB%A4%EB%B8%8C%EC%9D%B8%EB%B2%A0-%EB%8F%99%EB%B0%A9%EC%97%90-120%EC%96%B5-%ED%88%AC%EC%9E%90-%EC%9E%90%ED%95%AD%EC%84%A0-%EC%84%B1%EC%9E%A5-%EA%B2%A8%EB%83%A5-%EC%8B%9C%EA%B7%B8%EB%84%90,alt-ok,1824,1248,https://sedaily-mbti-cms-media-dev.s3.us-east-1.amazonaws.com/media/mustknow-auto/20086367-webtoon-cut001.png
https://ailens.sedaily.ai/markets/2026/09/02/2026-09-02-%EB%A1%AF%EB%8D%B0%EB%A0%8C%ED%83%88-M-A-%EC%8B%A0%EC%86%8D-%ED%97%88%EA%B0%80%EC%97%90-TPG-%EC%9D%B8%EC%88%98-%EC%9E%90%EA%B8%88-%EC%A1%B0%EB%8B%AC-%EC%86%8D%EB%8F%84%EB%82%B8%EB%8B%A4-%EC%8B%9C%EA%B7%B8%EB%84%90,alt-ok,1824,1248,https://sedaily-mbti-cms-media-dev.s3.us-east-1.amazonaws.com/media/mustknow-auto/20086336-webtoon-cut001.png
https://ailens.sedaily.ai/markets/2026/09/02/2026-09-02-%EB%B2%95%EC%9B%90-%ED%99%88%ED%94%8C%EB%9F%AC%EC%8A%A4-%ED%9A%8C%EC%83%9D%EC%95%88-%EC%9D%B8%EA%B0%80-%EC%9E%90%EC%82%B0-%EB%A7%A4%EA%B0%81-%EB%B3%B8%EA%B2%A9%ED%99%94-%EC%8B%9C%EA%B7%B8%EB%84%90,alt-ok,1824,1248,https://sedaily-mbti-cms-media-dev.s3.us-east-1.amazonaws.com/media/mustknow-auto/20086411-webtoon-cut001.png
https://ailens.sedaily.ai/industry/2026/09/02/2026-09-02-%EB%A7%9B%EC%9E%88%EA%B3%A0-%EA%B0%84%ED%8E%B8%ED%95%B4%EC%84%9C-%EC%9E%90%EC%A3%BC-%EC%82%AC-%EB%A8%B9%EB%8A%94-%EA%B1%B4%EB%8D%B0-%ED%8E%B8%EC%9D%98%EC%A0%90%EC%84%9C-%EC%A6%89%EC%84%9D%EB%B0%A5-%EC%A7%91%EC%97%88%EB%8B%A4%EA%B0%80-%EA%B9%9C%EC%A7%9D,alt-ok,1824,1248,https://sedaily-mbti-cms-media-dev.s3.us-east-1.amazonaws.com/media/mustknow-auto/20086247-webtoon-cut001.png
https://ailens.sedaily.ai/industry/2026/09/02/2026-09-02-%EC%9E%A0%EC%88%98%ED%95%A8%EC%97%90-%EB%AF%B8%EC%82%AC%EC%9D%BC-%EC%A0%84%ED%88%AC%EA%B8%B0-%EB%AC%B4%EC%9D%B8%EC%B2%B4%EA%B3%84%EA%B9%8C%EC%A7%80-%EC%88%98%EC%B6%9C-%EC%A0%84%EC%84%A0-%EB%84%93%ED%9E%8C%EB%8B%A4,alt-ok,1824,1248,https://sedaily-mbti-cms-media-dev.s3.us-east-1.amazonaws.com/media/mustknow-auto/20086446-webtoon-cut001.png
https://ailens.sedaily.ai/industry/2026/09/02/2026-09-02-%EB%8B%A8%EB%8F%85-%EC%82%BC%EC%84%B1%EB%AC%BC%EC%82%B0-ESS-%ED%83%9C%EC%96%91%EA%B4%91-%ED%88%AC%EC%9E%90%EC%9E%90%EB%A1%9C-IMM%EC%9D%B8%EB%B2%A0-%EB%82%99%EC%A0%90-%EC%8B%9C%EA%B7%B8%EB%84%90,alt-ok,1824,1248,https://sedaily-mbti-cms-media-dev.s3.us-east-1.amazonaws.com/media/mustknow-auto/20086302-webtoon-cut001.png
https://ailens.sedaily.ai/industry/2026/09/02/2026-09-02-%EC%A0%95%EC%9A%A9%EC%A7%84%EC%9D%98-%EB%9F%AD%EC%85%94%EB%A6%AC-%EC%8A%B9%EB%B6%80%EC%88%98-%EC%B2%AD%EB%8B%B4%EC%97%90-%EC%95%84%EB%A7%8C-%EB%93%A4%EC%96%B4%EC%84%A0%EB%8B%A4,alt-ok,1824,1248,https://sedaily-mbti-cms-media-dev.s3.us-east-1.amazonaws.com/media/mustknow-auto/20086169-webtoon-cut001.png
https://ailens.sedaily.ai/markets/2026/09/02/2026-09-02-%EC%A0%95%EC%9D%80%EB%B3%B4-%EA%B1%B0%EB%9E%98%EC%86%8C-%EC%9D%B4%EC%82%AC%EC%9E%A5-%EC%BA%98%EB%A6%AC%ED%8F%AC%EB%8B%88%EC%95%84-%EA%B3%B5%EB%AC%B4%EC%9B%90-%EC%97%B0%EA%B8%88-%EB%A9%B4%EB%8B%B4-%EC%9E%90%EB%B3%B8%EC%8B%9C%EC%9E%A5-%EC%98%81%EC%97%85%EC%A0%84,alt-ok,1824,1248,https://sedaily-mbti-cms-media-dev.s3.us-east-1.amazonaws.com/media/mustknow-auto/20086164-webtoon-cut001.png
https://ailens.sedaily.ai/markets/2026/09/02/2026-09-02-240%EB%A7%8C-140%EB%A7%8C-%ED%8F%AD%EB%9D%BD%EC%97%90-%EA%B0%9C%EB%AF%B8%EB%93%A4-%EB%B9%84%EB%AA%85-%ED%84%B0%EC%A1%8C%EB%8A%94%EB%8D%B0-%EC%A3%BC%EA%B0%80-2%EB%B0%B0-%EB%90%9C%EB%8B%A4-%EC%A0%84%EB%A7%9D-%EB%82%98%EC%98%A8-%ED%9A%8C%EC%82%AC-%EC%96%B4%EB%94%94,alt-ok,1824,1248,https://sedaily-mbti-cms-media-dev.s3.us-east-1.amazonaws.com/media/mustknow-auto/20086238-webtoon-cut001.png
https://ailens.sedaily.ai/markets/2026/09/02/2026-09-02-%EC%82%BC%EC%A0%84%EB%8B%89%EC%8A%A4-%ED%94%84%EB%A6%AC%EB%A7%88%EC%BC%93-3-%EB%8C%80-%EA%B8%89%EB%9D%BD-%EA%B8%88%EB%A6%AC-%EC%9C%A0%EA%B0%80-%EA%B8%89%EB%93%B1%EC%97%90-%EB%B0%98%EB%8F%84%EC%B2%B4-%ED%9C%98%EC%B2%AD-%EC%9D%B4%EB%9F%B0%EA%B5%AD%EC%9E%A5-%EC%A0%80%EB%9F%B0%EC%A3%BC%EC%8B%9D,alt-ok,1824,1248,https://sedaily-mbti-cms-media-dev.s3.us-east-1.amazonaws.com/media/mustknow-auto/20086079-webtoon-cut001.png
https://ailens.sedaily.ai/industry/2026/09/02/2026-09-02-%EC%82%BC%EC%9D%BCPwC-%EB%AF%BC%EA%B0%84-%ED%88%AC%EC%9E%90%EB%A5%BC-%ED%86%B5%ED%95%9C-%EC%86%A1%EC%A0%84%EB%A7%9D-%EB%8C%80%EC%A0%84%ED%99%98-%EC%9B%A8%EB%B9%84%EB%82%98-%EA%B0%9C%EC%B5%9C-%EC%8B%9C%EA%B7%B8%EB%84%90,alt-ok,1824,1248,https://sedaily-mbti-cms-media-dev.s3.us-east-1.amazonaws.com/media/mustknow-auto/20086094-webtoon-cut001.png
https://ailens.sedaily.ai/industry/2026/09/02/2026-09-02-%EC%82%BC%EC%A0%95KPMG-K-%ED%83%80%EC%9D%B4%EC%96%B4-%EC%A0%84%EA%B8%B0%EC%B0%A8-RE-%EA%B3%A0%EC%9D%B8%EC%B9%98-%ED%83%80%EC%9D%B4%EC%96%B4-%EA%B3%B5%EB%9E%B5%ED%95%B4%EC%95%BC-%EC%8B%9C%EA%B7%B8%EB%84%90,alt-ok,1824,1248,https://sedaily-mbti-cms-media-dev.s3.us-east-1.amazonaws.com/media/mustknow-auto/20086136-webtoon-cut001.png
https://ailens.sedaily.ai/industry/2026/09/02/2026-09-02-%EC%98%AC%ED%95%B4-%ED%95%98%EB%B0%98%EA%B8%B0-%EA%B3%B5%EA%B8%B0%EC%97%85-10%EA%B3%B3-%EC%A4%91-7%EA%B3%B3-%EC%B1%84%EC%9A%A9-%ED%99%95%EC%A0%95,alt-ok,1824,1248,https://sedaily-mbti-cms-media-dev.s3.us-east-1.amazonaws.com/media/mustknow-auto/20086119-webtoon-cut001.png
https://ailens.sedaily.ai/markets/2026/09/02/2026-09-02-1%EC%A1%B0-%EA%B7%9C%EB%AA%A8-%EC%9D%98%EC%99%95-%EB%B0%B1%EC%9A%B4%EB%B0%B8%EB%A6%AC-%EC%9D%98%EB%A3%8C%EB%B3%B5%ED%95%A9%EB%8B%A8%EC%A7%80-%EB%A7%A4%EB%AC%BC%EB%A1%9C-%EC%84%A0%EB%A7%A4%EA%B0%81-%EC%9D%B4%ED%9B%84-%EB%82%B4%EB%85%84-%EC%B0%A9%EA%B3%B5-%EC%8B%9C%EA%B7%B8%EB%84%90,alt-ok,1824,1248,https://sedaily-mbti-cms-media-dev.s3.us-east-1.amazonaws.com/media/mustknow-auto/20086195-webtoon-cut001.png
https://ailens.sedaily.ai/markets/2026/09/02/2026-09-02-%EC%BB%B4%ED%88%AC%EC%8A%A4-%EC%8B%A0%EC%9E%91-%EC%A0%9C%EC%9A%B0%EC%8A%A4-%ED%9D%A5%ED%96%89-%EC%A3%BC%EA%B0%80-7-%EB%8C%80-%EA%B0%95%EC%84%B8-%EC%9D%B4%EB%9F%B0%EA%B5%AD%EC%9E%A5-%EC%A0%80%EB%9F%B0%EC%A3%BC%EC%8B%9D,alt-ok,1824,1248,https://sedaily-mbti-cms-media-dev.s3.us-east-1.amazonaws.com/media/mustknow-auto/20086159-webtoon-cut001.png
https://ailens.sedaily.ai/markets/2026/09/02/2026-09-02-%EC%82%BC%EC%A0%84%EB%8B%89%EC%8A%A4-3-%EB%8C%80-%EB%8F%99%EB%B0%98-%EC%95%BD%EC%84%B8-%EC%BD%94%EC%8A%A4%ED%94%BC-3-%EA%B8%89%EB%9D%BD%ED%95%B4-6600%EC%84%A0-%EB%A7%88%EC%BC%93%EC%8B%9C%EA%B7%B8%EB%84%90,alt-ok,1824,1248,https://sedaily-mbti-cms-media-dev.s3.us-east-1.amazonaws.com/media/mustknow-auto/20086139-webtoon-cut001.png
https://ailens.sedaily.ai/news/2026/09/02/2026-09-02-%EA%B3%A0%EC%B6%94%EC%9E%A5-%EA%B0%84%EC%9E%A5%EB%8F%84-%EB%8B%B4%ED%95%A9%ED%96%88%EB%82%98-%EA%B3%B5%EC%A0%95%EC%9C%84-CJ-%EB%8C%80%EC%83%81-%EC%83%98%ED%91%9C-%EB%93%B1-5%EA%B0%9C%EC%82%AC-%ED%98%84%EC%9E%A5%EC%A1%B0%EC%82%AC-Pick%EC%BD%94%EB%85%B8%EB%AF%B8,alt-ok,1824,1248,https://sedaily-mbti-cms-media-dev.s3.us-east-1.amazonaws.com/media/mustknow-auto/20085963-webtoon-cut001.png
https://ailens.sedaily.ai/industry/2026/09/02/2026-09-02-%EA%B5%B0%EC%82%B4-%EB%B9%BC%EA%B8%B0-%EB%81%9D%EB%82%B8-%ED%8E%B8%EC%9D%98%EC%A0%90-%EB%8B%A4%EC%8B%9C-%EB%B6%88%EB%B6%99%EB%8A%94-%EC%B6%9C%EC%A0%90-%EA%B2%BD%EC%9F%81-%EB%98%91%EB%98%91-%EC%8A%A4%EB%A7%88%EC%8A%88%EB%A8%B8,alt-ok,1824,1248,https://sedaily-mbti-cms-media-dev.s3.us-east-1.amazonaws.com/media/mustknow-auto/20086018-webtoon-cut001.png
https://ailens.sedaily.ai/industry/2026/09/02/2026-09-02-%EC%82%BC%EC%84%B1-LG-100%EB%A7%8C%EC%9B%90%EB%8C%80-%EB%85%B8%ED%8A%B8%EB%B6%81-%EC%B6%9C%EC%8B%9C-%EC%B9%A9%ED%94%8C%EB%A0%88%EC%9D%B4%EC%85%98-%EC%86%8D-%EA%B0%80%EC%84%B1%EB%B9%84-%EC%8A%B9%EB%B6%80%EC%88%98,alt-ok,1824,1248,https://sedaily-mbti-cms-media-dev.s3.us-east-1.amazonaws.com/media/mustknow-auto/20085876-webtoon-cut001.png
https://ailens.sedaily.ai/international/2026/09/01/2026-09-01-%EB%84%A4%ED%8C%94-%EB%8C%80%ED%99%8D%EC%88%98-%EC%82%AC%EB%A7%9D%EC%9E%90-1000%EB%AA%85-%EB%84%98%EC%96%B4%EC%84%9C-%EB%B0%9C%EC%A0%84%EC%86%8C-%EC%8B%A4%EC%A2%85%EC%9E%90-%EC%88%98%EC%83%89-%EB%82%9C%ED%95%AD,alt-ok,1824,1248,https://sedaily-mbti-cms-media-dev.s3.us-east-1.amazonaws.com/media/mustknow-auto/20086048-webtoon-cut001.png
https://ailens.sedaily.ai/industry/2026/09/01/2026-09-01-%EC%82%BC%EC%84%B1%EC%A0%84%EC%9E%90-%EB%A1%9C%EC%A7%81-%EB%A9%94%EB%AA%A8%EB%A6%AC-%EB%B0%B0%EC%B9%98-%EC%B5%9C%EC%A0%81%ED%99%94-AI%EC%B9%A9-%ED%95%9C%EA%B3%84-%EB%8F%8C%ED%8C%8C,alt-ok,1824,1248,https://sedaily-mbti-cms-media-dev.s3.us-east-1.amazonaws.com/media/mustknow-auto/20085685-webtoon-cut001.png
https://ailens.sedaily.ai/industry/2026/09/01/2026-09-01-%EC%9E%AC%EB%AC%B4%ED%8F%AC%EC%BB%A4%EC%8A%A4-DB%ED%95%98%EC%9D%B4%ED%85%8D-%EC%A0%84%EB%A0%A5%EB%B0%98%EB%8F%84%EC%B2%B4-%ED%98%B8%ED%99%A9%EC%9D%B8%EB%8D%B0-1-2%EC%A1%B0-%ED%98%84%EA%B8%88-%EC%A5%90%EA%B3%A0%EB%8F%84-%EC%A6%9D%EC%84%A4-%EA%BA%BC%EB%A0%A4,alt-ok,1824,1248,https://sedaily-mbti-cms-media-dev.s3.us-east-1.amazonaws.com/media/mustknow-auto/20085932-webtoon-cut001.png
https://ailens.sedaily.ai/industry/2026/09/01/2026-09-01-%EB%91%90%EC%82%B0%EC%97%90%EB%84%88%EB%B9%8C-%ED%95%98%EB%8F%99-LNG%EB%B3%B5%ED%95%A9%EB%B0%9C%EC%A0%84%EC%86%8C-EPC-%EC%82%AC%EC%97%85-6658%EC%96%B5%EC%9B%90%EC%97%90-%EC%88%98%EC%A3%BC,alt-ok,1824,1248,https://sedaily-mbti-cms-media-dev.s3.us-east-1.amazonaws.com/media/mustknow-auto/20085894-webtoon-cut001.png
https://ailens.sedaily.ai/markets/2026/09/01/2026-09-01-ARA%EC%BD%94%EB%A6%AC%EC%95%84%EC%9A%B4%EC%9A%A9-%EC%BD%94%ED%8A%B8%EC%95%BC%EB%93%9C-%EB%B0%94%EC%9D%B4-%EB%A9%94%EB%A6%AC%EC%96%B4%ED%8A%B8-%EC%88%98%EC%9B%90-%EC%9D%B8%EC%88%98-%EC%BD%98%EB%9E%98%EB%93%9C-%EC%9D%B4%EC%96%B4-%EB%91%90%EB%B2%88%EC%A7%B8-%ED%88%AC%EC%9E%90-%EC%8B%9C%EA%B7%B8%EB%84%90,alt-ok,1824,1248,https://sedaily-mbti-cms-media-dev.s3.us-east-1.amazonaws.com/media/mustknow-auto/20085809-webtoon-cut001.png
https://ailens.sedaily.ai/markets/2026/09/01/2026-09-01-%ED%88%AC%EC%9E%90%EC%9D%98-%EC%B0%BD-%EB%B0%98%EB%8F%84%EC%B2%B4%EC%99%80-%EB%84%A4%EB%8D%9C%EB%9E%80%EB%93%9C%EB%B3%91,alt-ok,1824,1248,https://sedaily-mbti-cms-media-dev.s3.us-east-1.amazonaws.com/media/mustknow-auto/20085959-webtoon-cut001.png
https://ailens.sedaily.ai/markets/2026/09/01/2026-09-01-GS%EC%B9%BC%ED%85%8D%EC%8A%A4-%EC%9E%90%EB%8F%99%EC%B0%A8-%EA%B0%80%EC%A0%84-%EC%86%8C%EC%9E%AC-%EC%82%AC%EC%97%85%EB%B6%80-%EB%A7%A4%EA%B0%81-%EA%B2%80%ED%86%A0-%EC%8B%9C%EA%B7%B8%EB%84%90,alt-ok,1824,1248,https://sedaily-mbti-cms-media-dev.s3.us-east-1.amazonaws.com/media/mustknow-auto/20086022-webtoon-cut001.png
https://ailens.sedaily.ai/markets/2026/09/01/2026-09-01-HD%ED%98%84%EB%8C%80-%EB%85%B8%EC%82%AC%ED%98%91%EC%83%81-%EA%B2%B0%EB%A0%AC-2%EC%9D%BC-%EB%B6%80%EB%B6%84%ED%8C%8C%EC%97%85-%EB%8F%8C%EC%9E%85,alt-ok,1824,1248,https://sedaily-mbti-cms-media-dev.s3.us-east-1.amazonaws.com/media/mustknow-auto/20086055-webtoon-cut001.png
https://ailens.sedaily.ai/international/2026/09/01/2026-09-01-%EC%9C%A0%EB%A1%9C%EC%A1%B4-8%EC%9B%94-%EB%AC%BC%EA%B0%80-3-3-%EC%83%81%EC%8A%B9-ECB-%EC%B6%94%EA%B0%80-%EA%B8%88%EB%A6%AC%EC%9D%B8%EC%83%81-%EA%B0%80%EB%8A%A5%EC%84%B1,alt-ok,1824,1248,https://sedaily-mbti-cms-media-dev.s3.us-east-1.amazonaws.com/media/mustknow-auto/20086032-webtoon-cut001.png
https://ailens.sedaily.ai/finance/2026/09/01/2026-09-01-R-D-%EC%98%88%EC%82%B0-11-2-%ED%99%95%EB%8C%80-%EC%A7%80%EC%97%AD-%EA%B8%B0%EC%B4%88%EC%97%B0%EA%B5%AC%EA%B9%8C%EC%A7%80-%EC%9C%A1%EC%84%B1,alt-ok,1824,1248,https://sedaily-mbti-cms-media-dev.s3.us-east-1.amazonaws.com/media/mustknow-auto/20085991-webtoon-cut001.png
https://ailens.sedaily.ai/news/2026/09/01/2026-09-01-%EC%A4%91%EC%88%98%EC%B2%AD-%EC%A7%80%EC%9B%90-615%EB%AA%85-%EB%B9%A0%EC%A1%8C%EB%8B%A4-%EA%B0%9C%EC%B2%AD-%EC%95%9E%EB%91%90%EA%B3%A0-%EC%9D%B8%EB%A0%A5-%EA%B5%AC%EC%84%B1-%EB%82%9C%ED%95%AD,alt-ok,1824,1248,https://sedaily-mbti-cms-media-dev.s3.us-east-1.amazonaws.com/media/mustknow-auto/20085988-webtoon-cut001.png
https://ailens.sedaily.ai/news/2026/09/01/2026-09-01-%EB%B3%91%EC%9E%A5%EB%8F%84-%EC%9B%94%EA%B8%89-200%EB%A7%8C%EC%9B%90%EC%94%A9-%EB%B0%9B%EB%8D%98%EB%8D%B0%EC%9A%94-%EB%B6%88%EB%A7%8C%EC%97%90-%ED%95%98%EC%82%AC-%EC%B4%88%EB%B4%89-300%EB%A7%8C%EC%9B%90%EC%9C%BC%EB%A1%9C,alt-ok,1824,1248,https://sedaily-mbti-cms-media-dev.s3.us-east-1.amazonaws.com/media/mustknow-auto/20086035-webtoon-cut001.png
https://ailens.sedaily.ai/markets/2026/09/01/2026-09-01-%EB%8C%80%EC%8B%A0%EC%A6%9D%EA%B6%8C-%ED%9A%8C%EC%82%AC%EC%B1%84-%EC%88%98%EC%9A%94%EC%98%88%EC%B8%A1-%EB%AC%B8%EC%A0%84%EC%84%B1%EC%8B%9C-%EB%AA%A8%EC%A7%91%EC%95%A1-10%EB%B0%B0-%EB%8F%88%EB%AD%89%EC%B9%98-%EB%AA%B0%EB%A0%B8%EB%8B%A4-%EC%8B%9C%EA%B7%B8%EB%84%90,no-alt,,,
https://ailens.sedaily.ai/industry/2026/09/01/2026-09-01-%EB%A0%8C%ED%83%88-%EB%A7%A4%EA%B0%81-%EC%8A%B9%EC%9D%B8-%EB%A1%AF%EB%8D%B0-%EA%B5%AC%EC%A1%B0%EC%A1%B0%EC%A0%95-%EC%86%8D%EB%8F%84,alt-ok,1824,1248,https://sedaily-mbti-cms-media-dev.s3.us-east-1.amazonaws.com/media/mustknow-auto/20085892-webtoon-cut001.png
https://ailens.sedaily.ai/industry/2026/09/01/2026-09-01-LG%EC%97%94%EC%86%94-%EC%B9%9C%ED%99%98%EA%B2%BD-%ED%83%84%EC%82%B0%EB%A6%AC%ED%8A%AC-2%EC%A1%B0-%ED%99%95%EB%B3%B4-%EB%B6%81%EB%AF%B8-%EA%B3%B5%EA%B8%89%EB%A7%9D-%EA%B0%95%ED%99%94,alt-ok,1824,1248,https://sedaily-mbti-cms-media-dev.s3.us-east-1.amazonaws.com/media/mustknow-auto/20085593-webtoon-cut001.png
https://ailens.sedaily.ai/markets/2026/09/01/2026-09-01-%EC%82%BC%EC%A0%84%EB%8B%89%EC%8A%A4%EA%B0%80-%EB%98%90-%EC%BD%94%EC%8A%A4%ED%94%BC-%EB%81%8C%EC%96%B4%EC%98%AC%EB%A0%B8%EB%8B%A4-%EA%B8%B0%ED%83%80%EB%B2%95%EC%9D%B8-1-6%EC%A1%B0-%EC%88%9C%EB%A7%A4%EC%88%98-%EB%A7%88%EC%BC%93%EC%8B%9C%EA%B7%B8%EB%84%90,alt-ok,1824,1248,https://sedaily-mbti-cms-media-dev.s3.us-east-1.amazonaws.com/media/mustknow-auto/20085875-webtoon-cut001.png
https://ailens.sedaily.ai/markets/2026/09/01/2026-09-01-%EC%98%AC%ED%95%B4-%EA%B3%B5%EC%9D%B8%ED%9A%8C%EA%B3%84%EC%82%AC-1150%EB%AA%85-%EC%B5%9C%EC%A2%85-%ED%95%A9%EA%B2%A9-%EC%B5%9C%EA%B3%A0%EC%A0%90%EC%9E%90%EB%8A%94-%EC%84%9C%EC%9A%B8%EB%8C%80-%ED%98%84%EC%9A%B0%EC%A7%84-%EC%B5%9C%EC%97%B0%EC%86%8C%EB%8A%94-20%EC%84%B8,alt-ok,1824,1248,https://sedaily-mbti-cms-media-dev.s3.us-east-1.amazonaws.com/media/mustknow-auto/20085853-webtoon-cut001.png
https://ailens.sedaily.ai/markets/2026/09/01/2026-09-01-%EC%8B%A0%EB%8F%99%EB%B9%88-%EB%A1%AF%EB%8D%B0%EC%87%BC%ED%95%91-%EC%A3%BC%EC%8B%9D-127%EC%96%B5-%EC%9B%90%EC%96%B4%EC%B9%98-%EB%A7%A4%EB%8F%84-%EC%A7%80%EB%B6%84%EC%9C%A8-10-%EB%B0%91%EC%9C%BC%EB%A1%9C-%EC%9D%B4%EB%9F%B0%EA%B5%AD%EC%9E%A5-%EC%A0%80%EB%9F%B0%EC%A3%BC%EC%8B%9D,alt-ok,1824,1248,https://sedaily-mbti-cms-media-dev.s3.us-east-1.amazonaws.com/media/mustknow-auto/20085989-webtoon-cut001.png
https://ailens.sedaily.ai/news/2026/09/01/2026-09-01-%EB%8B%A8%EB%8F%85-%EA%B3%B5%EC%A0%95%EC%9C%84-CJ-%EB%8C%80%EC%83%81-%EC%83%98%ED%91%9C-%EB%93%B1-5%EA%B0%9C%EC%82%AC-%ED%98%84%EC%9E%A5%EC%A1%B0%EC%82%AC-%EC%9E%A5%EB%A5%98-%EB%8B%B4%ED%95%A9-%EC%A0%95%EC%A1%B0%EC%A4%80,alt-ok,1824,1248,https://sedaily-mbti-cms-media-dev.s3.us-east-1.amazonaws.com/media/mustknow-auto/20085852-webtoon-cut001.png
https://ailens.sedaily.ai/industry/2026/09/01/2026-09-01-%EB%94%9C-%EA%B0%80%EB%AD%84%EC%97%90-%EC%A3%BC%EC%B6%A4%ED%95%9C-%EC%95%88%EC%A7%84-%EA%B2%BD%EC%98%81%EC%9E%90%EB%AC%B8-%EC%84%B8%EB%AC%B4%EB%A1%9C-%EB%B2%84%ED%85%BC%EB%8B%A4-%EC%8B%9C%EA%B7%B8%EB%84%90,alt-ok,1824,1248,https://sedaily-mbti-cms-media-dev.s3.us-east-1.amazonaws.com/media/mustknow-auto/20085847-webtoon-cut001.png
https://ailens.sedaily.ai/markets/2026/09/01/2026-09-01-%EB%A7%A4%EC%B6%9C-3%EC%96%B5-%EC%97%90%EB%8F%84-%EA%B8%B0%EC%88%A0%ED%8F%89%EA%B0%80-%EB%B0%94%EB%8A%98%EA%B5%AC%EB%A9%8D-%ED%86%B5%EA%B3%BC%ED%96%88%EB%8B%A4-%EC%8B%9C%EA%B7%B8%EB%84%90,alt-ok,1824,1248,https://sedaily-mbti-cms-media-dev.s3.us-east-1.amazonaws.com/media/mustknow-auto/20085849-webtoon-cut001.png
https://ailens.sedaily.ai/industry/2026/09/01/2026-09-01-%EC%BA%98%ED%8D%BC%EC%8A%A4-%EA%B3%A0%EB%A0%A4%EC%95%84%EC%97%B0-%EA%B0%90%EC%82%AC%EC%9C%84%EC%9B%90-%EB%B0%95%EC%9C%A0%EA%B2%BD-%ED%9B%84%EB%B3%B4%EC%97%90-%EC%B0%AC%EC%84%B1%ED%91%9C-%EB%8D%98%EC%A7%84%EB%8B%A4-%EC%8B%9C%EA%B7%B8%EB%84%90,alt-ok,1824,1248,https://sedaily-mbti-cms-media-dev.s3.us-east-1.amazonaws.com/media/mustknow-auto/20085873-webtoon-cut001.png
https://ailens.sedaily.ai/finance/2026/09/01/2026-09-01-%EB%A1%AF%EB%8D%B0%EC%86%90%EB%B3%B4-%EA%B3%B5%EA%B0%9C%EB%A7%A4%EA%B0%81-%EC%B2%AD%EC%8B%A0%ED%98%B8-%EA%B8%B0%EB%B3%B8%EC%9E%90%EB%B3%B8-%EC%A0%81%EC%9E%90-2500%EC%96%B5-%EC%A4%84%EC%96%B4-%EC%8B%9C%EA%B7%B8%EB%84%90,alt-ok,1824,1248,https://sedaily-mbti-cms-media-dev.s3.us-east-1.amazonaws.com/media/mustknow-auto/20085898-webtoon-cut001.png
https://ailens.sedaily.ai/markets/2026/09/01/2026-09-01-%EA%B3%A0%EB%A0%A4%EC%95%84%EC%97%B0-%EC%B8%A1-%ED%88%AC%EC%9E%90-%EC%97%94%ED%84%B0-3-690%EC%96%B5-%EC%A4%91-650%EC%96%B5-%ED%9A%8C%EC%88%98-%EB%B6%88%ED%99%95%EC%8B%A4-%EC%8B%9C%EA%B7%B8%EB%84%90,alt-ok,1824,1248,https://sedaily-mbti-cms-media-dev.s3.us-east-1.amazonaws.com/media/mustknow-auto/20085881-webtoon-cut001.png
https://ailens.sedaily.ai/industry/2026/09/01/2026-09-01-%ED%95%9C%ED%99%94-KAI-%EC%A3%BC%EC%8B%9D-%EC%B7%A8%EB%93%9D-%EC%8A%B9%EC%9D%B8-%ED%95%9C%EA%B5%AD%ED%8C%90-%EC%8A%A4%ED%8E%98%EC%9D%B4%EC%8A%A4X-%EA%B5%AC%EC%83%81-%ED%83%84%EB%A0%A5-biz-%ED%94%8C%EB%9F%AC%EC%8A%A4,alt-ok,1824,1248,https://sedaily-mbti-cms-media-dev.s3.us-east-1.amazonaws.com/media/mustknow-auto/20085482-webtoon-cut001.png
https://ailens.sedaily.ai/industry/2026/09/01/2026-09-01-%EC%86%8D%EB%B3%B4-%EC%82%BC%EC%84%B1%EC%A0%84%EA%B8%B0-%EA%B8%80%EB%A1%9C%EB%B2%8C-%EB%8C%80%ED%98%95%EA%B8%B0%EC%97%85%EA%B3%BC-1%EC%A1%B0-722%EC%96%B5-%EA%B7%9C%EB%AA%A8-MLCC-%EA%B3%B5%EA%B8%89-%EA%B3%84%EC%95%BD,alt-ok,1824,1248,https://sedaily-mbti-cms-media-dev.s3.us-east-1.amazonaws.com/media/mustknow-auto/20085634-webtoon-cut001.png
https://ailens.sedaily.ai/markets/2026/09/01/2026-09-01-%EC%98%AC%EB%A6%AD%EC%8A%A4-%EC%9B%90%ED%98%95-mRNA-%ED%94%8C%EB%9E%AB%ED%8F%BC-%ED%8A%B9%ED%97%88-%EC%B6%9C%EC%9B%90-RNA-%EA%B8%B0%EC%88%A0-%EC%98%81%EC%97%AD-%ED%99%95%EB%8C%80,alt-ok,1824,1248,https://sedaily-mbti-cms-media-dev.s3.us-east-1.amazonaws.com/media/mustknow-auto/20085771-webtoon-cut001.png
https://ailens.sedaily.ai/markets/2026/09/01/2026-09-01-%EB%AF%B8%EB%9E%98%EC%97%90%EC%85%8B%EC%9A%B4%EC%9A%A9-%EB%A7%B5%EC%8A%A4%EB%A6%AC%EC%96%BC%ED%8B%B0-%EB%8F%84%EC%BF%84-%EC%9E%84%EB%8C%80%EC%A3%BC%ED%83%9D-4%EA%B3%B3-%EC%9D%B8%EC%88%98-%EC%99%84%EB%A3%8C,alt-ok,1824,1248,https://sedaily-mbti-cms-media-dev.s3.us-east-1.amazonaws.com/media/mustknow-auto/20085677-webtoon-cut001.png
https://ailens.sedaily.ai/markets/2026/09/01/2026-09-01-%EC%A6%9D%EA%B6%8C%EC%82%AC-%EC%9A%B4%EC%9A%A9%EC%82%AC-%EC%9C%A0%ED%8A%9C%EB%B8%8C-%EA%B4%91%EA%B3%A0%EB%8F%84-%EC%82%AC%EC%A0%84-%EC%8B%AC%EC%82%AC-%EA%B3%BC%EC%9E%A5-%EA%B4%91%EA%B3%A0%EB%8A%94-%EC%82%AC%EC%8B%A4%EC%83%81-%EB%B6%88%EC%99%84%EC%A0%84-%ED%8C%90%EB%A7%A4,alt-ok,1824,1248,https://sedaily-mbti-cms-media-dev.s3.us-east-1.amazonaws.com/media/mustknow-auto/20085794-webtoon-cut001.png
https://ailens.sedaily.ai/finance/2026/09/01/2026-09-01-%EC%83%9D%ED%99%9C%EC%84%BC%ED%84%B0-1-5%EC%A1%B0%EB%B6%80%ED%84%B0-%EB%8B%AC%EC%B0%A9%EB%A5%99%EC%84%A0-1063%EC%96%B5%EA%B9%8C%EC%A7%80-%EB%82%B4%EB%85%84-%EC%B2%AB%EB%B0%9C-100%EB%8C%80-%EC%8B%A0%EA%B7%9C%EC%82%AC%EC%97%85-2027%EB%85%84-%EC%98%88%EC%82%B0%EC%95%88,alt-ok,1824,1248,https://sedaily-mbti-cms-media-dev.s3.us-east-1.amazonaws.com/media/mustknow-auto/20085690-webtoon-cut001.png
https://ailens.sedaily.ai/industry/2026/09/01/2026-09-01-%ED%98%84%EB%8C%80%EC%B0%A8-%EC%9E%84%ED%98%91-%EC%B5%9C%EC%A2%85-%ED%83%80%EA%B2%B0-%EC%84%B1%EA%B3%BC%EA%B8%89-400-1270%EB%A7%8C%EC%9B%90,alt-ok,1824,1248,https://sedaily-mbti-cms-media-dev.s3.us-east-1.amazonaws.com/media/mustknow-auto/20085568-webtoon-cut001.png
https://ailens.sedaily.ai/markets/2026/09/01/2026-09-01-%EC%82%BC%EC%A0%84%EB%8B%89%EC%8A%A4-%EB%8F%99%EB%B0%98-%ED%95%98%EB%9D%BD-%EC%98%A4%EB%8A%98%EB%8F%84-%EC%9E%90%EC%82%AC%EC%A3%BC-%EB%B0%A9%ED%8C%A8-%ED%86%B5%ED%95%A0%EA%B9%8C-%EB%A7%88%EC%BC%93%EC%8B%9C%EA%B7%B8%EB%84%90,alt-ok,1824,1248,https://sedaily-mbti-cms-media-dev.s3.us-east-1.amazonaws.com/media/mustknow-auto/20085615-webtoon-cut001.png
https://ailens.sedaily.ai/markets/2026/09/01/2026-09-01-%EA%B8%88%EB%A6%AC-%EC%98%A4%EB%A5%BC-%EB%95%8C%EB%8A%94-%EC%9D%B4%EB%9F%B0-%EC%A3%BC%EC%8B%9D-%EC%82%AC%EB%9D%BC-%EC%A6%9D%EA%B6%8C%EA%B0%80%EA%B0%80-%EA%BC%BD%EC%9D%80-%EA%B3%A0%EA%B8%88%EB%A6%AC%EC%97%90%EB%8F%84-%EC%9E%98-%EB%B2%84%ED%8B%B8-%EC%A2%85%EB%AA%A9,alt-ok,1824,1248,https://sedaily-mbti-cms-media-dev.s3.us-east-1.amazonaws.com/media/mustknow-auto/20085599-webtoon-cut001.png
https://ailens.sedaily.ai/markets/2026/09/01/2026-09-01-%EC%82%BC%EC%84%B1%EC%A0%84%EA%B8%B0-MLCC-%ED%8C%90%EA%B0%80-%EC%9D%B8%EC%83%81-%ED%98%B8%EC%9E%AC-%EB%AA%A9%ED%91%9C%EA%B0%80-150%EB%A7%8C-200%EB%A7%8C-%EC%A4%8D%EC%A4%8D%EB%A6%AC%ED%8F%AC%ED%8A%B8,alt-ok,1824,1248,https://sedaily-mbti-cms-media-dev.s3.us-east-1.amazonaws.com/media/mustknow-auto/20085558-webtoon-cut001.png
https://ailens.sedaily.ai/markets/2026/09/01/2026-09-01-IMM%EC%9D%B8%EB%B2%A0-%EC%9E%AC%ED%8C%AC-%ED%95%B5%EC%9C%B5%ED%95%A9-%EA%B8%B0%EC%97%85-%ED%88%AC%EC%9E%90-%ED%95%9C%EC%9D%BC%EC%9C%B5%ED%95%A9%ED%8E%80%EB%93%9C-%EC%A1%B0%EC%84%B1-%EC%8B%9C%EA%B7%B8%EB%84%90,alt-ok,1824,1248,https://sedaily-mbti-cms-media-dev.s3.us-east-1.amazonaws.com/media/mustknow-auto/20085604-webtoon-cut001.png
https://ailens.sedaily.ai/international/2026/09/01/2026-09-01-%EB%B0%B1%EC%95%85%EA%B4%80-%EB%AF%B8%EB%B6%81%ED%9A%8C%EB%8B%B4-%EC%A4%80%EB%B9%84-%EC%B0%A9%EC%88%98-%EC%9C%A0%ED%95%B4%EB%B0%9C%EA%B5%B4%EA%B8%B0%EA%B4%80%EC%97%90-%EC%8B%A4%EB%AC%B4-%EB%AC%B8%EC%9D%98,alt-ok,1824,1248,https://sedaily-mbti-cms-media-dev.s3.us-east-1.amazonaws.com/media/mustknow-auto/20085538-webtoon-cut001.png
https://ailens.sedaily.ai/international/2026/09/01/2026-09-01-%EC%BF%A0%ED%8C%A1-%EA%B0%88%EB%93%B1-%EB%8F%99%EB%A7%B9-%EC%A0%84%EB%B0%98%EC%9C%BC%EB%A1%9C-%EA%B4%80%EC%84%B8-%EB%B3%B4%EB%B3%B5-%EC%A1%B0%EC%B9%98-%EC%9A%B0%EB%A0%A4,alt-ok,1824,1248,https://sedaily-mbti-cms-media-dev.s3.us-east-1.amazonaws.com/media/mustknow-auto/20085512-webtoon-cut001.png
https://ailens.sedaily.ai/industry/2026/09/01/2026-09-01-%EC%98%A4%EB%B9%84%EB%A7%A5%EC%A3%BC-%EC%86%8C%EC%A3%BC%EB%8F%84-%ED%8C%90%EB%8B%A4-15%EB%8F%84-%EC%B0%B0%EB%9E%91-%EC%B6%9C%EC%8B%9C,alt-ok,1824,1248,https://sedaily-mbti-cms-media-dev.s3.us-east-1.amazonaws.com/media/mustknow-auto/20085514-webtoon-cut001.png
https://ailens.sedaily.ai/industry/2026/09/01/2026-09-01-%EC%9B%90%ED%99%9C%ED%95%9C-%EC%8A%B9%EA%B3%84-%EB%8F%95%EB%8A%94%EB%8B%A4-%EA%B8%B0%EB%B3%B4-414%EC%96%B5-%EC%9B%90-%EA%B7%9C%EB%AA%A8-M-A-%EB%B3%B4%EC%A6%9D-%EC%A0%9C%EA%B3%B5,alt-ok,1824,1248,https://sedaily-mbti-cms-media-dev.s3.us-east-1.amazonaws.com/media/mustknow-auto/20085435-webtoon-cut001.png
https://ailens.sedaily.ai/industry/2026/09/01/2026-09-01-%ED%92%80%EA%B0%80%EB%8F%99%ED%95%B4%EB%8F%84-HBM-D%EB%9E%A8-%EA%B3%B5%EA%B8%89-%ED%83%9C%EB%B6%80%EC%A1%B1-%EC%B5%9C%ED%83%9C%EC%9B%90-%EA%B3%B5%EC%9E%A5-%EA%B2%80%ED%86%A0-biz-%ED%94%8C%EB%9F%AC%EC%8A%A4,alt-ok,1824,1248,https://sedaily-mbti-cms-media-dev.s3.us-east-1.amazonaws.com/media/mustknow-auto/20085509-webtoon-cut001.png
https://ailens.sedaily.ai/markets/2026/09/01/2026-09-01-%EC%A0%95%EC%A0%9C-%EB%A7%88%EC%A7%84-%EC%83%81%EC%8A%B9%EC%97%90-%EC%A0%95%EC%9C%A0-%ED%9B%A8%ED%9B%A8-8%EC%9B%94-S-Oil-23-%EC%9D%B4%EB%9F%B0%EA%B5%AD%EC%9E%A5-%EC%A0%80%EB%9F%B0%EC%A3%BC%EC%8B%9D,alt-ok,1824,1248,https://sedaily-mbti-cms-media-dev.s3.us-east-1.amazonaws.com/media/mustknow-auto/20085428-webtoon-cut001.png
https://ailens.sedaily.ai/international/2026/09/01/2026-09-01-%EB%8F%84-AI-%EA%B3%B5%EA%B5%90%EC%9C%A1-%EA%B5%90%EC%8B%A4%EB%A1%9C-%EB%B2%88%EC%A7%84-%EC%9D%B8%EC%9E%AC%EC%A0%84%EC%9F%81,alt-ok,1824,1248,https://sedaily-mbti-cms-media-dev.s3.us-east-1.amazonaws.com/media/frontpage-auto/20085416-webtoon-cut001.png
https://ailens.sedaily.ai/markets/2026/09/01/2026-09-01-%EA%B3%A0%EA%B8%88%EB%A6%AC%EC%97%90-%EC%9E%90%EA%B8%88%EC%A1%B0%EB%8B%AC-%EA%B3%B5%EC%8B%9D-%EB%B0%94%EB%80%90%EB%8B%A4-%EC%8B%9C%EA%B7%B8%EB%84%90,alt-ok,1824,1248,https://sedaily-mbti-cms-media-dev.s3.us-east-1.amazonaws.com/media/frontpage-auto/20085382-webtoon-cut001.png
https://ailens.sedaily.ai/industry/2026/08/31/2026-08-31-2024%EB%85%84-%EA%B5%AD%EB%82%B4-850%EB%A7%8C-%EA%B0%9C-%EC%9C%A1%EB%B0%95-%EC%A0%84%EC%B2%B4-%EB%A7%A4%EC%B6%9C%EC%95%A1-3324%EC%A1%B0-%EC%9B%90,alt-ok,1824,1248,https://sedaily-mbti-cms-media-dev.s3.us-east-1.amazonaws.com/media/mustknow-auto/20085101-webtoon-cut001.png
https://ailens.sedaily.ai/industry/2026/08/31/2026-08-31-%ED%8B%B0%EC%9B%A8%EC%9D%B4-9%EC%9B%94-10%EC%9D%BC%EB%B6%80%ED%84%B0-%ED%8A%B8%EB%A6%AC%EB%8B%88%ED%8B%B0%ED%95%AD%EA%B3%B5-%EC%9C%BC%EB%A1%9C-%EC%83%88-%EB%82%A0%EA%B0%9C,alt-ok,1824,1248,https://sedaily-mbti-cms-media-dev.s3.us-east-1.amazonaws.com/media/mustknow-auto/20085191-webtoon-cut001.png
https://ailens.sedaily.ai/markets/2026/08/31/2026-08-31-%EC%82%BC%EC%84%B1%EB%B0%94%EC%9D%B4%EC%98%A4%EB%A1%9C%EC%A7%81%EC%8A%A4-3%EC%A1%B0-%EC%9C%A0%EC%A6%9D%EC%97%90%EB%8F%84-%EC%A3%BC%EC%A3%BC%EA%B0%80%EC%B9%98-%ED%9D%AC%EC%84%9D-%EC%A0%9C%ED%95%9C%EC%A0%81-%EB%AA%A9%ED%91%9C%EC%A3%BC%EA%B0%80%EB%8A%94-%ED%95%98%ED%96%A5-%EC%A4%8D%EC%A4%8D-%EB%A6%AC%ED%8F%AC%ED%8A%B8,alt-ok,1824,1248,https://sedaily-mbti-cms-media-dev.s3.us-east-1.amazonaws.com/media/mustknow-auto/20085071-webtoon-cut001.png
https://ailens.sedaily.ai/markets/2026/08/31/2026-08-31-9%EC%9B%94-2-3%EC%96%B5-%EC%A3%BC-%EB%B3%B4%ED%98%B8%EC%98%88%EC%88%98-%ED%92%80%EB%A6%B0%EB%8B%A4-SK%EC%9D%B4%EB%85%B8-%EC%BC%80%EC%9D%B4%EB%B1%85%ED%81%AC-%EC%98%A4%EB%B2%84%ED%96%89-%EC%9C%A0%EC%9D%98,alt-ok,1824,1248,https://sedaily-mbti-cms-media-dev.s3.us-east-1.amazonaws.com/media/mustknow-auto/20085282-webtoon-cut001.png
https://ailens.sedaily.ai/news/2026/08/31/2026-08-31-%EB%8F%84%EC%A0%80%ED%9E%88-%EB%AA%BB-%EB%B2%84%ED%85%A8-10%EB%A7%8C-%EB%AA%85-%EC%8F%9F%EC%95%84%EC%A1%8C%EB%8B%A4-%EB%B9%9A-%EA%B0%9A%EC%9D%84-%EB%8F%88-%EC%97%86%EB%8A%94-%EC%84%9C%EB%AF%BC%EB%93%A4-%ED%99%95-%EB%8A%98%EC%96%B4%EB%82%9C-%EC%9D%B4%EC%9C%A0%EA%B0%80,alt-ok,1824,1248,https://sedaily-mbti-cms-media-dev.s3.us-east-1.amazonaws.com/media/mustknow-auto/20085500-webtoon-cut001.png
https://ailens.sedaily.ai/industry/2026/08/31/2026-08-31-%ED%99%88%ED%94%8C%EB%9F%AC%EC%8A%A4-%EC%9E%AC%EA%B0%9C%EC%9E%A5-%ED%9B%84-%EB%A7%A4%EC%B6%9C-1164%EC%96%B5%EC%9B%90-%EC%98%81%EC%97%85%EC%A4%91%EB%8B%A8-%EC%A0%84%EB%B3%B4%EB%8B%A4-57-%EB%8A%98%EC%96%B4,alt-ok,1824,1248,https://sedaily-mbti-cms-media-dev.s3.us-east-1.amazonaws.com/media/mustknow-auto/20085366-webtoon-cut001.png
https://ailens.sedaily.ai/markets/2026/08/31/2026-08-31-%EA%B8%88%EB%A6%AC-%EC%9D%B8%EC%83%81-%EC%9A%B0%EB%A0%A4%EC%97%90-%EC%A6%9D%EA%B6%8C%EC%A3%BC-%ED%9C%98%EC%B2%AD-%EB%AF%B8%EB%9E%98%EC%97%90%EC%85%8B%EC%A6%9D%EA%B6%8C-4-%EC%BD%94%EC%A3%BC%EB%B6%80,alt-ok,1824,1248,https://sedaily-mbti-cms-media-dev.s3.us-east-1.amazonaws.com/media/mustknow-auto/20085362-webtoon-cut001.png
https://ailens.sedaily.ai/markets/2026/08/31/2026-08-31-%EC%82%BC%EC%A0%84%EB%8B%89%EC%8A%A4-%ED%94%84%EB%A6%AC%EC%9E%A5%EC%84%9C-2-%EC%95%88%ED%8C%8E-%ED%95%98%EB%9D%BD-%EC%9D%B4%EB%B2%88%EC%A3%BC-%EB%B0%98%EB%8F%84%EC%B2%B4-%EC%88%98%EA%B8%89-%EB%B6%84%EC%88%98%EB%A0%B9-%EC%9D%B4%EB%9F%B0%EA%B5%AD%EC%9E%A5-%EC%A0%80%EB%9F%B0%EC%A3%BC%EC%8B%9D,alt-ok,1824,1248,https://sedaily-mbti-cms-media-dev.s3.us-east-1.amazonaws.com/media/mustknow-auto/20085056-webtoon-cut001.png
https://ailens.sedaily.ai/news/2026/08/31/2026-08-31-%EC%A7%80%EC%A7%80%EC%9C%A8-30-%EB%8C%80-%EC%B6%94%EB%9D%BD-%EB%B6%80%EB%8F%99%EC%82%B0-%EB%AF%BC%EC%8B%AC-%EC%95%85%ED%99%94-%EC%97%90-4050%EC%84%B8%EB%8C%80-%EC%9D%B4%ED%83%88,alt-ok,1824,1248,https://sedaily-mbti-cms-media-dev.s3.us-east-1.amazonaws.com/media/mustknow-auto/20085432-webtoon-cut001.png
https://ailens.sedaily.ai/industry/2026/08/31/2026-08-31-%EB%94%94%EC%98%A4%EC%85%98-SK%EC%98%A4%EC%85%98%ED%94%8C%EB%9E%9C%ED%8A%B8-%EC%9D%B8%EC%88%98%ED%95%9C%EB%8B%A4-%EA%B1%B0%EB%9E%98%EA%B0%80-4100%EC%96%B5-%EC%8B%9C%EA%B7%B8%EB%84%90,alt-ok,1824,1248,https://sedaily-mbti-cms-media-dev.s3.us-east-1.amazonaws.com/media/mustknow-auto/20085377-webtoon-cut001.png
https://ailens.sedaily.ai/markets/2026/08/31/2026-08-31-%EA%B7%B9%EC%9E%A5%EA%B0%80-%EC%98%A8%EA%B8%B0%EC%97%90-%EB%A9%94%EA%B0%80%EB%B0%95%EC%8A%A4-%ED%9A%8C%EC%83%9D-%EC%9D%B8%EA%B0%80%EC%A0%84-M-A-%EB%B6%80%EC%83%81-%EC%8B%9C%EA%B7%B8%EB%84%90,alt-ok,1824,1248,https://sedaily-mbti-cms-media-dev.s3.us-east-1.amazonaws.com/media/mustknow-auto/20085335-webtoon-cut001.png
https://ailens.sedaily.ai/markets/2026/08/31/2026-08-31-%EA%B8%80%EB%A1%9C%EB%B2%8C-%EA%B8%88%EB%A6%AC-%EA%B8%89%EB%93%B1%EC%97%90-%EC%B1%84%EA%B6%8C%EC%8B%9C%EC%9E%A5-%EC%9D%B8%EB%B0%94%EC%9A%B4%EB%93%9C-%ED%99%95%EC%9E%A5%EB%90%98%EB%82%98-%EC%8B%9C%EA%B7%B8%EB%84%90,alt-ok,1824,1248,https://sedaily-mbti-cms-media-dev.s3.us-east-1.amazonaws.com/media/mustknow-auto/20085381-webtoon-cut001.png
https://ailens.sedaily.ai/industry/2026/08/31/2026-08-31-%ED%98%84%EB%AC%BC%EA%B0%80-LTA%EC%9D%98-5%EB%B0%B0-%EC%82%BC%EC%84%B1%EC%A0%84%EC%9E%90-3%EB%B6%84%EA%B8%B0-%EC%98%81%EC%97%85%EC%9D%B5-%EC%B2%AB-100%EC%A1%B0-%EB%8F%8C%ED%8C%8C,alt-ok,1824,1248,https://sedaily-mbti-cms-media-dev.s3.us-east-1.amazonaws.com/media/mustknow-auto/20085406-webtoon-cut001.png
https://ailens.sedaily.ai/markets/2026/08/31/2026-08-31-%EC%9E%A5%ED%88%AC-%ED%87%B4%EC%A7%81%EC%97%B0%EA%B8%88-%EA%B0%9C%EB%AF%B8-%EB%AF%B8%EC%9E%A5%EC%9C%BC%EB%A1%9C-%EB%8F%8C%EC%95%84%EA%B0%94%EB%8B%A4,alt-ok,1824,1248,https://sedaily-mbti-cms-media-dev.s3.us-east-1.amazonaws.com/media/mustknow-auto/20085423-webtoon-cut001.png
https://ailens.sedaily.ai/markets/2026/08/31/2026-08-31-NXT-%ED%95%98%EB%8B%89-1%EC%A3%BC-%ED%95%98%ED%95%9C%EA%B0%80-%EB%A7%89%EB%8A%94%EB%8B%A4-VI-%EB%B0%9C%EB%8F%99-%EB%95%90-2%EB%B6%84%EA%B0%84-%EB%8B%A8%EC%9D%BC%EA%B0%80%EB%A7%A4%EB%A7%A4,alt-ok,1824,1248,https://sedaily-mbti-cms-media-dev.s3.us-east-1.amazonaws.com/media/mustknow-auto/20085379-webtoon-cut001.png
https://ailens.sedaily.ai/markets/2026/08/31/2026-08-31-HBM4-%ED%8C%90%EB%8F%84-%EB%B3%80%ED%99%94-%EC%82%BC%EC%A0%84-%ED%95%98%EB%8B%89-%EB%88%88%EB%86%92%EC%9D%B4%EB%8F%84-%EC%97%87%EA%B0%88%EB%A0%A4,alt-ok,1824,1248,https://sedaily-mbti-cms-media-dev.s3.us-east-1.amazonaws.com/media/mustknow-auto/20085418-webtoon-cut001.png
https://ailens.sedaily.ai/industry/2026/08/31/2026-08-31-%EB%AC%B4%EC%8B%A0%EC%82%AC-%EC%83%81%EB%B0%98%EA%B8%B0-%EB%A7%A4%EC%B6%9C-8000%EC%96%B5-%EB%8F%8C%ED%8C%8C-%EC%97%AD%EB%8C%80-%EC%B5%9C%EB%8C%80-%EC%88%98%EC%9D%B5%EC%84%B1%EC%9D%80-%EC%A3%BC%EC%B6%A4,alt-ok,1824,1248,https://sedaily-mbti-cms-media-dev.s3.us-east-1.amazonaws.com/media/mustknow-auto/20085294-webtoon-cut001.png
https://ailens.sedaily.ai/markets/2026/08/31/2026-08-31-%EC%A0%95%EC%9D%80%EB%B3%B4-%EC%9D%B4%EC%82%AC%EC%9E%A5-%EB%89%B4%EC%9A%95%EC%84%9C-NYSE%EC%99%80-%EB%A7%9E%EC%86%90-%EA%B8%80%EB%A1%9C%EB%B2%8C-%EA%B8%B0%EA%B4%80-%EB%8C%80%EC%83%81-%EB%A1%9C%EB%93%9C%EC%87%BC,alt-ok,1824,1248,https://sedaily-mbti-cms-media-dev.s3.us-east-1.amazonaws.com/media/mustknow-auto/20085129-webtoon-cut001.png
https://ailens.sedaily.ai/markets/2026/08/31/2026-08-31-SK%EC%9D%B4%EB%85%B8%EB%B2%A0%EC%9D%B4%EC%85%98-6-%EB%8C%80-%EA%B0%95%EC%84%B8-ESS-%EB%B0%B0%ED%84%B0%EB%A6%AC-%EC%85%80-%EA%B3%B5%EA%B8%89%EA%B3%84%EC%95%BD-%EC%98%81%ED%96%A5-%EC%BD%94%EC%A3%BC%EB%B6%80,alt-ok,1824,1248,https://sedaily-mbti-cms-media-dev.s3.us-east-1.amazonaws.com/media/mustknow-auto/20085126-webtoon-cut001.png
https://ailens.sedaily.ai/markets/2026/08/31/2026-08-31-%EB%84%A5%EC%8A%A4%ED%8A%B8%EB%A0%88%EC%9D%B4%EB%93%9C-%EA%B3%A8%EB%93%9C%EB%A7%8C%EC%82%AD%EC%8A%A4-CLSA-%ED%92%88%EC%97%88%EB%8B%A4-%ED%9A%8C%EC%9B%90%EC%82%AC-38%EA%B3%B3%EC%9C%BC%EB%A1%9C-%ED%99%95%EB%8C%80,alt-ok,1824,1248,https://sedaily-mbti-cms-media-dev.s3.us-east-1.amazonaws.com/media/mustknow-auto/20085264-webtoon-cut001.png
https://ailens.sedaily.ai/markets/2026/08/31/2026-08-31-%EC%85%80%ED%8A%B8%EB%A6%AC%EC%98%A8-1000%EC%96%B5-%EC%9E%90%EC%82%AC%EC%A3%BC-%EB%A7%A4%EC%9E%85-%EB%A7%A4%EB%85%84-%EC%88%9C%EC%9D%B5-3%EB%B6%84%EC%9D%98-1-%EC%A3%BC%EC%A3%BC%ED%99%98%EC%9B%90,alt-ok,1824,1248,https://sedaily-mbti-cms-media-dev.s3.us-east-1.amazonaws.com/media/mustknow-auto/20085246-webtoon-cut001.png
https://ailens.sedaily.ai/markets/2026/08/31/2026-08-31-%ED%95%98%EC%9D%B4%EB%8B%89%EC%8A%A4-%EB%AA%A9%ED%91%9C%EA%B0%80-90%EB%A7%8C%EC%9B%90-%EB%9A%9D-%EB%AC%B4%EC%8A%A8-%EC%9D%BC%EC%9D%B4-%EC%82%BC%EC%84%B1-HBM4-%EC%8B%AC%EC%83%81%EC%B0%AE%EB%8B%A4-%EC%A6%9D%EA%B6%8C%EA%B0%80-%EC%97%87%EA%B0%88%EB%A6%B0-%EC%A0%84%EB%A7%9D,alt-ok,1824,1248,https://sedaily-mbti-cms-media-dev.s3.us-east-1.amazonaws.com/media/mustknow-auto/20085100-webtoon-cut001.png
https://ailens.sedaily.ai/markets/2026/08/31/2026-08-31-%EC%A6%9D%EA%B6%8C-%EC%97%85%EA%B3%84-%EB%B2%A4%EC%B2%98-%ED%9A%8C%EC%88%98%EC%8B%9C%EC%9E%A5%EC%97%90-%EC%B5%9C%EB%8C%80-1%EC%A1%B0-%ED%88%AC%EC%9E%85-%EC%84%B8%EC%BB%A8%EB%8D%94%EB%A6%AC-%ED%88%AC%EC%9E%90-%EB%B3%B8%EA%B2%A9%ED%99%94,alt-ok,1824,1248,https://sedaily-mbti-cms-media-dev.s3.us-east-1.amazonaws.com/media/mustknow-auto/20085160-webtoon-cut001.png
https://ailens.sedaily.ai/markets/2026/08/31/2026-08-31-%EB%8C%80%EB%B2%95%EC%9B%90-%EA%B3%A0%EB%A0%A4%EC%95%84%EC%97%B0%EC%9D%98-%EC%98%81%ED%92%8D-%EC%9D%98%EA%B2%B0%EA%B6%8C-%ED%96%89%EC%82%AC-%EC%A0%9C%ED%95%9C%EC%9D%80-%EC%9C%84%EB%B2%95-%EC%8B%9C%EA%B7%B8%EB%84%90,alt-ok,1824,1248,https://sedaily-mbti-cms-media-dev.s3.us-east-1.amazonaws.com/media/mustknow-auto/20085147-webtoon-cut001.png
https://ailens.sedaily.ai/news/2026/08/31/2026-08-31-CPTPP-%EB%85%BC%EC%9D%98-%EB%B3%B8%EA%B2%A9-%EC%9E%AC%EA%B0%9C-%EB%86%8D%EC%97%85-%EC%83%9D%EC%82%B0-7000%EC%96%B5-%EC%A4%84%EC%A7%80%EB%A7%8C-%EC%A0%9C%EC%A1%B0%EC%97%85-%EC%88%9C%EC%88%98%EC%B6%9C%EC%9D%80-%EC%88%98%EC%A1%B0-%EC%9B%90-%EC%A6%9D%EA%B0%80-Pick%EC%BD%94%EB%85%B8%EB%AF%B8,alt-ok,1824,1248,https://sedaily-mbti-cms-media-dev.s3.us-east-1.amazonaws.com/media/mustknow-auto/20085037-webtoon-cut001.png
https://ailens.sedaily.ai/news/2026/08/31/2026-08-31-%EC%A0%81%EB%8C%80%EC%A0%81-M-A-%EC%9C%A0%EB%8F%84%ED%95%B4-%EC%A3%BC%EA%B0%80-%EB%88%84%EB%A5%B4%EA%B8%B0-%EA%B8%B0%EC%97%85-%EC%95%95%EB%B0%95-K-%EB%B2%A0%EC%96%B4%ED%97%88%EA%B7%B8-%EC%98%A8%EB%8B%A4,alt-ok,1824,1248,https://sedaily-mbti-cms-media-dev.s3.us-east-1.amazonaws.com/media/mustknow-auto/20085019-webtoon-cut001.png
https://ailens.sedaily.ai/industry/2026/08/31/2026-08-31-%EC%8B%A0%EC%84%B8%EA%B3%84%EB%9D%BC%EC%9D%B4%EB%B8%8C%EC%87%BC%ED%95%91-APLB-%EC%9D%B8%EC%88%98%EC%97%90-50%EC%96%B5-%EB%B3%B4%ED%83%A0%EB%8B%A4-%EC%8B%9C%EA%B7%B8%EB%84%90,alt-ok,1824,1248,https://sedaily-mbti-cms-media-dev.s3.us-east-1.amazonaws.com/media/mustknow-auto/20084896-webtoon-cut001.png
https://ailens.sedaily.ai/markets/2026/08/31/2026-08-31-%EC%9E%A5%EA%B8%B0%EC%B1%84%EB%8A%94-%ED%8C%94%EA%B3%A0-%ED%9A%8C%EC%82%AC%EC%B1%84%EB%8A%94-%EC%82%AC%EA%B3%A0-%EC%97%87%EA%B0%88%EB%A6%B0-%EC%B1%84%EA%B6%8C%EC%8B%9C%EC%9E%A5-%EC%88%98%EA%B8%89-%EC%8B%9C%EA%B7%B8%EB%84%90,alt-ok,1824,1248,https://sedaily-mbti-cms-media-dev.s3.us-east-1.amazonaws.com/media/mustknow-auto/20084916-webtoon-cut001.png
https://ailens.sedaily.ai/industry/2026/08/31/2026-08-31-%EC%A4%91%EC%A7%84%EA%B3%B5-%EC%A4%91%EA%B8%B0-%EB%8C%80%EC%83%81-%EC%9A%B0%EC%B2%B4%EA%B5%AD-%EA%B5%AD%EC%A0%9C%EB%AC%BC%EB%A5%98-%EC%A7%80%EC%9B%90%EC%82%AC%EC%97%85-%EA%B3%B5%EB%AA%A8,alt-ok,1824,1248,https://sedaily-mbti-cms-media-dev.s3.us-east-1.amazonaws.com/media/mustknow-auto/20084920-webtoon-cut001.png
https://ailens.sedaily.ai/industry/2026/08/31/2026-08-31-K%EB%B7%B0%ED%8B%B0-%EB%9C%A8%EC%9E%90-%EA%B8%80%EB%A1%9C%EB%B2%8C-%EA%B8%B0%EC%97%85%EB%93%A4-%EC%9B%90%EB%A3%8C-%EC%84%A0%EC%A0%90-%EA%B2%BD%EC%9F%81,alt-ok,1824,1248,https://sedaily-mbti-cms-media-dev.s3.us-east-1.amazonaws.com/media/mustknow-auto/20085012-webtoon-cut001.png
https://ailens.sedaily.ai/industry/2026/08/31/2026-08-31-%EC%98%AC%EC%98%81-%ED%94%BC%EB%B6%80%EA%B3%BC-%EC%95%BD%EA%B5%AD-%EC%99%B8%EA%B5%AD%EC%9D%B8%EC%9D%B4-%EB%A7%8C%EB%93%A0-K%EB%B7%B0%ED%8B%B0-%EC%86%8C%EB%B9%84%EC%82%AC%EC%8A%AC,alt-ok,1824,1248,https://sedaily-mbti-cms-media-dev.s3.us-east-1.amazonaws.com/media/mustknow-auto/20085014-webtoon-cut001.png
https://ailens.sedaily.ai/markets/2026/08/31/2026-08-31-%EC%9C%84%EC%B6%95%EB%90%9C-IPO-%ED%88%AC%EC%8B%AC-%EC%86%8D-%EA%B3%B5%EB%AA%A8%EA%B0%80-%ED%95%98%EB%8B%A8-%EB%B0%91-%EC%8A%A4%EC%B9%B4%EC%9D%B4%EB%9E%A9%EC%8A%A4-%EC%BD%94%EC%8A%A4%EB%8B%A5-%EC%83%81%EC%9E%A5-%EC%9D%B4%EB%B2%88%EC%A3%BC-%EC%A6%9D%EC%8B%9C-%EC%BA%98%EB%A6%B0%EB%8D%94,alt-ok,1824,1248,https://sedaily-mbti-cms-media-dev.s3.us-east-1.amazonaws.com/media/mustknow-auto/20084862-webtoon-cut001.png
https://ailens.sedaily.ai/markets/2026/08/31/2026-08-31-%EC%A1%B0%EC%A0%95%EC%9E%A5%EC%97%90-%EA%B0%88-%EA%B3%B3-%EC%9E%83%EC%9D%80-%EC%9E%90%EA%B8%88-%ED%8C%8C%ED%82%B9-%EC%BB%A4%EB%B2%84%EB%93%9C%EC%BD%9C-ETF%EC%97%90-2-6%EC%A1%B0-%EB%AA%B0%EB%A0%A4-%EC%BD%94%EC%A3%BC%EB%B6%80,alt-ok,1824,1248,https://sedaily-mbti-cms-media-dev.s3.us-east-1.amazonaws.com/media/mustknow-auto/20084900-webtoon-cut001.png
https://ailens.sedaily.ai/markets/2026/08/31/2026-08-31-%EC%9B%90%EC%A0%84-AI-%EB%8D%B0%EC%9D%B4%ED%84%B0%EC%84%BC%ED%84%B0-%EC%88%98%EC%A3%BC-%EA%B8%B0%EB%8C%80%EC%97%90-%EB%B6%88%EA%B8%B0%EB%91%A5-%EB%93%A4%EC%8D%A9%EC%9D%B4%EB%8A%94-%EA%B1%B4%EC%84%A4%EC%A3%BC-%EC%A4%8D%EC%A4%8D-%EB%A6%AC%ED%8F%AC%ED%8A%B8,alt-ok,1824,1248,https://sedaily-mbti-cms-media-dev.s3.us-east-1.amazonaws.com/media/mustknow-auto/20084905-webtoon-cut001.png
https://ailens.sedaily.ai/industry/2026/08/30/2026-08-30-%EC%82%BC%EC%84%B1%EC%A0%84%EC%9E%90-%ED%95%98%EC%9D%B4%EB%8B%89%EC%8A%A4-%EB%B2%95%EC%9D%B8%EC%84%B8%EB%A1%9C%EB%A7%8C-%EC%97%B0-100%EC%A1%B0-%EB%82%B4%EB%82%98,alt-ok,1824,1248,https://sedaily-mbti-cms-media-dev.s3.us-east-1.amazonaws.com/media/mustknow-auto/20084994-webtoon-cut001.png
https://ailens.sedaily.ai/markets/2026/08/30/2026-08-30-%EB%8B%A8%EB%8F%85-%EB%B9%84%EC%83%81%EC%9E%A5-%EC%A4%91%EA%B0%9C-%EC%9D%B8%EA%B0%80-%EC%8B%9C%EB%8F%99-%EB%84%A4%EC%9D%B4%EB%B2%84-%EB%8F%85%EC%A0%90%ED%95%98%EB%82%98,alt-ok,1824,1248,https://sedaily-mbti-cms-media-dev.s3.us-east-1.amazonaws.com/media/mustknow-auto/20084940-webtoon-cut001.png
https://ailens.sedaily.ai/news/2026/08/30/2026-08-30-%EB%8C%80%ED%86%B5%EB%A0%B9-6%EA%B0%9C-%EB%B6%80%EC%B2%98-%EA%B0%9C%EA%B0%81-%EA%B2%BD%EC%A0%9C-%EC%9D%B4%ED%98%95%EC%9D%BC-%EB%B2%95%EB%AC%B4-%EA%B9%80%EC%8A%B9%EC%9B%90-%EA%B5%AD%ED%86%A0-%ED%99%8D%EC%A7%80%EC%84%A0-%EB%93%B1,alt-ok,1824,1248,https://sedaily-mbti-cms-media-dev.s3.us-east-1.amazonaws.com/media/mustknow-auto/20084836-webtoon-cut001.png
https://ailens.sedaily.ai/news/2026/08/30/2026-08-30-2030%EB%85%84-%EC%A7%80%EC%97%AD%EC%83%81%ED%92%88%EA%B6%8C-31-2%EC%A1%B0-%EB%B0%9C%ED%96%89-%EA%B8%B0%EC%97%85-%EB%B2%95%EC%9D%B8-%EA%B3%B5%EA%B3%B5%EA%B8%B0%EA%B4%80-%EC%83%81%ED%92%88%EA%B6%8C-%EA%B5%AC%EB%A7%A4-%EC%9C%A0%EB%8F%84,alt-ok,1824,1248,https://sedaily-mbti-cms-media-dev.s3.us-east-1.amazonaws.com/media/mustknow-auto/20084826-webtoon-cut001.png
https://ailens.sedaily.ai/news/2026/08/30/2026-08-30-%EC%B5%9C%EB%8C%80-%EC%97%B0-30-1-%EC%A0%81%EA%B8%88-%ED%9A%A8%EA%B3%BC-%EC%B2%AD%EB%85%84-960%EB%A7%8C%EB%AA%85-%EB%AA%A8%EB%91%90-%EA%B0%80%EC%9E%85-%EA%B0%80%EB%8A%A5%ED%95%98%EB%8B%A4%EB%8A%94-%EC%9D%B4%EA%B2%83,alt-ok,1824,1248,https://sedaily-mbti-cms-media-dev.s3.us-east-1.amazonaws.com/media/mustknow-auto/20084817-webtoon-cut001.png
https://ailens.sedaily.ai/industry/2026/08/29/2026-08-29-29CM-%EA%B3%A0%EA%B0%9D-%EA%B0%9C%EC%9D%B8%EC%A0%95%EB%B3%B4-15%EB%A7%8C%EC%97%AC%EA%B1%B4-%EC%9C%A0%EC%B6%9C-%EC%9D%B4%EB%A6%84-%EC%A0%84%ED%99%94%EB%B2%88%ED%98%B8-%EB%93%B1-%ED%8F%AC%ED%95%A8,alt-ok,1824,1248,https://sedaily-mbti-cms-media-dev.s3.us-east-1.amazonaws.com/media/mustknow-auto/20084767-webtoon-cut001.png
https://ailens.sedaily.ai/news/2026/08/29/2026-08-29-%EC%A3%BC%EC%B0%A8%EC%9E%A5-%EC%9E%85%EA%B5%AC-%EB%98%90-%EB%A7%89%EC%9C%BC%EC%85%A8%EC%A3%A0-500%EB%A7%8C%EC%9B%90%EC%9E%85%EB%8B%88%EB%8B%A4-%EC%9D%B4%EC%A0%A0-%EC%A3%BC%EC%B0%A8-%EB%B9%8C%EB%9F%B0-%EC%82%AC%EB%9D%BC%EC%A7%84%EB%8B%A4,alt-ok,1824,1248,https://sedaily-mbti-cms-media-dev.s3.us-east-1.amazonaws.com/media/mustknow-auto/20084756-webtoon-cut001.png
https://ailens.sedaily.ai/international/2026/08/29/2026-08-29-%EC%9D%B8%ED%94%8C%EB%A0%88%EC%97%90-%ED%95%A0-%EC%9D%BC-%EC%9D%B4-%EB%98%90-%EB%A7%90%EB%A1%9C%EB%A7%8C-%EC%9D%B8%EC%83%81-%EC%9D%80-%EC%95%84%EB%8B%88%EC%A3%A0-%ED%8A%B8%EB%9F%BC%ED%94%84-%EC%8A%A4%ED%86%A1%EC%BB%A4,alt-ok,1824,1248,https://sedaily-mbti-cms-media-dev.s3.us-east-1.amazonaws.com/media/mustknow-auto/20084750-webtoon-cut001.png
https://ailens.sedaily.ai/industry/2026/08/29/2026-08-29-%ED%83%80%EA%B2%9F%EB%B6%80%ED%84%B0-%EC%84%B8%ED%8F%AC%EB%9D%BC%EA%B9%8C%EC%A7%80-%EC%98%A4%ED%94%84%EB%9D%BC%EC%9D%B8%EB%8F%84-%ED%8C%8C%EA%B3%A0%EB%93%9C%EB%8A%94-K%EB%B7%B0%ED%8B%B0-%EA%B9%80%EC%97%B0%ED%95%98%EC%9D%98-%ED%82%AC%EB%A7%81%EC%9D%B4%EC%8A%88,alt-ok,1824,1248,https://sedaily-mbti-cms-media-dev.s3.us-east-1.amazonaws.com/media/mustknow-auto/20084714-webtoon-cut001.png
https://ailens.sedaily.ai/industry/2026/08/29/2026-08-29-SK%EC%9D%B4%EB%85%B8-%ED%95%A9%EB%B3%91-%EC%95%9E%EB%91%90%EA%B3%A0-SKIET-%EC%9D%B4%ED%8B%80-%EC%97%B0%EC%86%8D-8-%EB%8C%80-%EA%B8%89%EB%9D%BD-%EC%9D%B4%EB%9F%B0%EA%B5%AD%EC%9E%A5-%EC%A0%80%EB%9F%B0%EC%A3%BC%EC%8B%9D,alt-ok,1824,1248,https://sedaily-mbti-cms-media-dev.s3.us-east-1.amazonaws.com/media/mustknow-auto/20084663-webtoon-cut001.png
https://ailens.sedaily.ai/industry/2026/08/29/2026-08-29-AS-%EB%84%98%EC%96%B4-%EC%9D%B4%EC%82%AC-%EC%A7%91%EC%88%98%EB%A6%AC%EA%B9%8C%EC%A7%80-%EB%A7%88%EC%9D%B4%EC%8A%A4%ED%84%B0%EC%A6%88%EA%B0%80-%EC%B9%9C%EC%A0%88-%EC%9D%84-%ED%8C%8C%EB%8A%94-%EB%B2%95-%EB%B9%9B%EC%9D%B4-%EB%82%98%EB%8A%94-%EB%B9%84%EC%A6%88,alt-ok,1824,1248,https://sedaily-mbti-cms-media-dev.s3.us-east-1.amazonaws.com/media/mustknow-auto/20084716-webtoon-cut001.png
https://ailens.sedaily.ai/industry/2026/08/29/2026-08-29-SP%EC%82%BC%ED%99%94-%EB%B0%A9%EC%82%B0-%EC%97%90%EB%84%88%EC%A7%80-%EB%85%B8%EB%A3%A8-%ED%95%AD%EA%B3%B5-%EB%AA%A8%EB%B9%8C%EB%A6%AC%ED%8B%B0-%ED%8E%98%EC%9D%B8%ED%8A%B8-%EB%9D%BC%EC%9D%B4%EB%B2%8C-%EC%8B%A0%EC%82%AC%EC%97%85-%EC%A0%84%EC%9F%81-%EB%B9%9B%EC%9D%B4-%EB%82%98%EB%8A%94-%EB%B9%84%EC%A6%88,alt-ok,1824,1248,https://sedaily-mbti-cms-media-dev.s3.us-east-1.amazonaws.com/media/mustknow-auto/20084709-webtoon-cut001.png
https://ailens.sedaily.ai/industry/2026/08/29/2026-08-29-%EC%82%BC%EC%A0%84%EB%8B%89%EC%8A%A4-%EC%9E%90%EC%82%AC%EC%A3%BC-10-%EB%A7%A4%EC%88%98-%EC%BD%94%EC%8A%A4%ED%94%BC-%ED%95%98%EB%B0%A9-%EB%96%A0%EB%B0%9B%EC%B9%9C%EB%8B%A4-%EC%BD%94%EC%A3%BC%EB%B6%80,alt-ok,1824,1248,https://sedaily-mbti-cms-media-dev.s3.us-east-1.amazonaws.com/media/mustknow-auto/20084646-webtoon-cut001.png
https://ailens.sedaily.ai/industry/2026/08/29/2026-08-29-%ED%98%84%EB%8C%80%EC%B0%A8-%EA%B8%B0%EC%95%84-%EB%94%94%EC%A0%A4%EC%B0%A8-%EC%82%AC%EC%97%85-%EC%B2%A0%EC%88%98-%EB%A7%88%EC%A7%80%EB%A7%89-%EC%8F%98%EB%A0%8C%ED%86%A0-%EB%A7%88%EC%A0%80-%EB%8B%A8%EC%A2%85-biz-%ED%94%8C%EB%9F%AC%EC%8A%A4,alt-ok,1824,1248,https://sedaily-mbti-cms-media-dev.s3.us-east-1.amazonaws.com/media/mustknow-auto/20084704-webtoon-cut001.png
https://ailens.sedaily.ai/finance/2026/08/29/2026-08-29-%EB%8B%A8%EB%8F%85-KORU-ETF-%EB%AC%B4%EA%B8%B0%ED%95%9C%EC%84%A0%EB%AC%BC-%EC%9D%B4%EB%8B%AC%EB%A7%8C-33%EC%A1%B0-%EA%B1%B0%EB%9E%98,alt-ok,1824,1248,https://sedaily-mbti-cms-media-dev.s3.us-east-1.amazonaws.com/media/frontpage-auto/20084527-webtoon-cut001.png
https://ailens.sedaily.ai/industry/2026/08/28/2026-08-28-%EC%95%B1%ED%81%B4%EB%A1%A0-%EC%B0%A8%EC%84%B8%EB%8C%80-%EC%9D%B4%EC%A4%91%ED%95%AD%EC%B2%B4-AM105-%EC%9D%BC%EB%B3%B8-%ED%8A%B9%ED%97%88-%ED%99%95%EB%B3%B4-%EA%B8%80%EB%A1%9C%EB%B2%8C-%EA%B6%8C%EB%A6%AC-%ED%99%95%EB%8C%80,alt-ok,1824,1248,https://sedaily-mbti-cms-media-dev.s3.us-east-1.amazonaws.com/media/mustknow-auto/20084447-webtoon-cut001.png
https://ailens.sedaily.ai/industry/2026/08/28/2026-08-28-%EB%B7%B0%EB%85%B8-314%EC%96%B5-%EC%9B%90-%EC%9C%A0%EC%83%81%EC%A6%9D%EC%9E%90-%EC%9E%AC%EB%AC%B4%EA%B5%AC%EC%A1%B0-%EA%B0%9C%EC%84%A0%EC%97%90-200%EC%96%B5-%ED%88%AC%EC%9E%85,alt-ok,1824,1248,https://sedaily-mbti-cms-media-dev.s3.us-east-1.amazonaws.com/media/mustknow-auto/20084576-webtoon-cut001.png
https://ailens.sedaily.ai/markets/2026/08/28/2026-08-28-%ED%81%B4%EB%9E%98%EC%8B%9C%EC%8A%A4-%EC%8B%A4%EC%A0%81-%EB%88%88%EB%86%92%EC%9D%B4-%EB%82%AE%EC%B7%84%EC%A7%80%EB%A7%8C-3%EB%B6%84%EA%B8%B0-%EB%82%A8%EB%AF%B8-%EC%A0%95%EC%83%81%ED%99%94%EA%B0%80-%EB%B0%98%EB%93%B1-%EC%97%B4%EC%87%A0-Why-%EB%B0%94%EC%9D%B4%EC%98%A4,alt-ok,1824,1248,https://sedaily-mbti-cms-media-dev.s3.us-east-1.amazonaws.com/media/mustknow-auto/20084313-webtoon-cut001.png
https://ailens.sedaily.ai/markets/2026/08/28/2026-08-28-%EB%8B%A8%EB%8F%85-%EB%AF%B8%EB%9E%98%EC%97%90%EC%85%8B-ETF-%EC%A1%B0%EC%A7%81-%EC%83%88%ED%8C%90-%EC%A7%B0%EB%8B%A4-%EC%9A%B4%EC%9A%A9%EB%B6%80%EB%AC%B8-%EC%82%B0%ED%95%98-%EC%A0%84%EB%9E%B5%EB%B3%B8%EB%B6%80-%EC%8B%A0%EC%84%A4,alt-ok,1824,1248,https://sedaily-mbti-cms-media-dev.s3.us-east-1.amazonaws.com/media/mustknow-auto/20084595-webtoon-cut001.png
https://ailens.sedaily.ai/industry/2026/08/28/2026-08-28-SK%EA%B7%B8%EB%A3%B9-%ED%98%B8%EC%9A%B0-%ED%94%BC%ED%95%B4-%EB%B3%B5%EA%B5%AC%EC%97%90-%EC%84%B1%EA%B8%88-20%EC%96%B5-%EC%9B%90-%EC%A7%80%EC%9B%90,alt-ok,1824,1248,https://sedaily-mbti-cms-media-dev.s3.us-east-1.amazonaws.com/media/mustknow-auto/20084495-webtoon-cut001.png
https://ailens.sedaily.ai/markets/2026/08/28/2026-08-28-%EA%B3%A0%EB%A0%A4%EC%95%84%EC%97%B0-%EC%9D%98%EA%B2%B0%EA%B6%8C-%EA%B8%88%EC%A7%80-%EA%B0%80%EC%B2%98%EB%B6%84-%EA%B3%A0%EC%9D%98%EC%A0%81-%ED%97%88%EC%9C%84-%EA%B3%B5%EC%8B%9C-VS-%EC%A4%91%EC%9A%94-%EC%A0%95%EB%B3%B4-%EC%95%84%EB%83%90-%EC%8B%9C%EA%B7%B8%EB%84%90,alt-ok,1824,1248,https://sedaily-mbti-cms-media-dev.s3.us-east-1.amazonaws.com/media/mustknow-auto/20084642-webtoon-cut001.png
https://ailens.sedaily.ai/markets/2026/08/28/2026-08-28-%EC%82%BC%EC%84%B1%EB%B0%94%EC%9D%B4%EC%98%A4-4%EB%85%84%EB%A7%8C%EC%97%90-3%EC%A1%B0-%EC%9C%A0%EC%A6%9D-%EC%B6%94%EC%A7%84-%EA%B8%88%EA%B0%90%EC%9B%90-%ED%98%84%EB%AF%B8%EA%B2%BD-%EC%8B%AC%EC%82%AC-%ED%86%B5%EA%B3%BC%ED%95%A0%EA%B9%8C,alt-ok,1824,1248,https://sedaily-mbti-cms-media-dev.s3.us-east-1.amazonaws.com/media/mustknow-auto/20084637-webtoon-cut001.png
https://ailens.sedaily.ai/markets/2026/08/28/2026-08-28-%EB%8B%A8%EB%8F%85-%EC%B5%9C%EC%9C%A4%EB%B2%94-%EA%B3%A0%EB%A0%A4%EC%95%84%EC%97%B0-%ED%9A%8C%EC%9E%A5-%EC%9D%BC%EA%B0%80-%EC%A7%80%EB%B6%84-60-%EB%8B%B4%EB%B3%B4-%EC%9E%A1%ED%98%94%EB%8B%A4-%EC%8B%9C%EA%B7%B8%EB%84%90,alt-ok,1824,1248,https://sedaily-mbti-cms-media-dev.s3.us-east-1.amazonaws.com/media/mustknow-auto/20084562-webtoon-cut001.png
https://ailens.sedaily.ai/industry/2026/08/28/2026-08-28-%EA%B3%A0%EB%A0%A4%EC%95%84%EC%97%B0-%EC%98%81%ED%92%8D-MBK-%EC%9D%98%EA%B2%B0%EA%B6%8C-%EC%9E%90%EB%AC%B8%EC%82%AC%EB%93%A4-%EB%B0%98%EB%8C%80%EC%97%90-%EC%9D%BC%EB%B0%A9%EC%A0%81-%EC%A3%BC%EC%9E%A5-%EB%B0%98%EB%B3%B5,alt-ok,1824,1248,https://sedaily-mbti-cms-media-dev.s3.us-east-1.amazonaws.com/media/mustknow-auto/20084585-webtoon-cut001.png
https://ailens.sedaily.ai/industry/2026/08/28/2026-08-28-%EB%8B%A8%EB%8F%85-%ED%98%84%EB%8C%80%EC%B0%A8-%EA%B8%B0%EC%95%84-%EA%B5%BF%EB%B0%94%EC%9D%B4-%EB%94%94%EC%A0%A4-%EB%A7%88%EC%A7%80%EB%A7%89-%EB%AA%A8%EB%8D%B8-%EC%8F%98%EB%A0%8C%ED%86%A0%EB%8F%84-%EB%8B%A8%EC%82%B0,alt-ok,1824,1248,https://sedaily-mbti-cms-media-dev.s3.us-east-1.amazonaws.com/media/mustknow-auto/20084544-webtoon-cut001.png
https://ailens.sedaily.ai/markets/2026/08/28/2026-08-28-%EB%8B%A8%EB%8F%85-%ED%95%9C%ED%99%94-%EA%B0%80%EC%83%81%EC%9E%90%EC%82%B0-%EC%82%AC%EC%97%85-%EC%86%8D%EB%8F%84-%EC%82%AC%EB%AC%B4%EC%86%8C-%EC%97%B4%EA%B3%A0-%ED%88%AC%EC%9E%90%EC%A1%B0%EC%A7%81-%EA%B0%9C%ED%8E%B8,alt-ok,1824,1248,https://sedaily-mbti-cms-media-dev.s3.us-east-1.amazonaws.com/media/mustknow-auto/20084599-webtoon-cut001.png
https://ailens.sedaily.ai/markets/2026/08/28/2026-08-28-%EC%9E%A5%EA%B8%B0-%EA%B8%B0%EC%A6%9D-1%EC%9C%84-%EC%8A%A4%ED%8E%98%EC%9D%B8-DCD-%EB%B9%84%EC%9A%A9-%EC%A0%84%EC%95%A1-%EB%B3%B4%EC%83%81-%EC%9D%98%EB%A3%8C%EC%A7%84%EC%97%94-%EC%88%98%EB%8B%B9-%EC%A7%80%EA%B8%89,alt-ok,1824,1248,https://sedaily-mbti-cms-media-dev.s3.us-east-1.amazonaws.com/media/mustknow-auto/20084605-webtoon-cut001.png
https://ailens.sedaily.ai/news/2026/08/28/2026-08-28-%EB%82%B4%EB%9E%80%ED%8A%B9%EA%B2%80-%ED%97%8C%EB%B2%95%EC%9E%AC%ED%8C%90%EA%B4%80-%EB%AF%B8%EC%9E%84%EB%AA%85-%ED%95%9C%EB%8D%95%EC%88%98%EC%97%90-%EC%A7%95%EC%97%AD-5%EB%85%84-%EA%B5%AC%ED%98%95,alt-ok,1824,1248,https://sedaily-mbti-cms-media-dev.s3.us-east-1.amazonaws.com/media/mustknow-auto/20084440-webtoon-cut001.png
https://ailens.sedaily.ai/international/2026/08/28/2026-08-28-%ED%99%A9-CEO%EA%B0%80-%EC%8F%9C-AI-%ED%9D%AC%EB%A7%9D%EC%97%90-%EA%B3%A0%EC%9C%A8-%EA%B4%80%EC%84%B8-%EB%A7%A4%EA%B8%B4%EB%8B%A4%EB%A9%B4-%ED%8A%B8%EB%9F%BC%ED%94%84-%EC%8A%A4%ED%86%A1%EC%BB%A4,alt-ok,1824,1248,https://sedaily-mbti-cms-media-dev.s3.us-east-1.amazonaws.com/media/mustknow-auto/20084422-webtoon-cut001.png
https://ailens.sedaily.ai/industry/2026/08/28/2026-08-28-%ED%99%94%EC%9E%A5%ED%92%88-%EC%8B%A4%EC%A0%81-%EA%B8%B0%EB%8C%80%EA%B0%90-%EC%86%8D-%EB%B6%88%EA%B8%B0%EB%91%A5-%EB%B0%B8%EB%A5%98%EC%97%90%EC%9D%B4%EC%85%98-%EB%A7%A4%EB%A0%A5%EC%A0%81-%EC%9D%B4%EB%9F%B0%EA%B5%AD%EC%9E%A5-%EC%A0%80%EB%9F%B0%EC%A3%BC%EC%8B%9D,alt-ok,1824,1248,https://sedaily-mbti-cms-media-dev.s3.us-east-1.amazonaws.com/media/mustknow-auto/20084478-webtoon-cut001.png
https://ailens.sedaily.ai/markets/2026/08/28/2026-08-28-%EC%98%81%ED%92%8D-MBK-%ED%95%9C%ED%99%94-LG%ED%99%94%ED%95%99%EC%97%90-%EC%84%9C%ED%95%9C-%EB%8F%85%EB%A6%BD-%EA%B0%90%EC%82%AC%EC%9C%84%EC%9B%90-%EC%A7%80%EC%A7%80-%ED%98%B8%EC%86%8C-%EC%8B%9C%EA%B7%B8%EB%84%90,alt-ok,1824,1248,https://sedaily-mbti-cms-media-dev.s3.us-east-1.amazonaws.com/media/mustknow-auto/20084471-webtoon-cut001.png
https://ailens.sedaily.ai/markets/2026/08/28/2026-08-28-SK%EB%B0%94%EC%9D%B4%EC%98%A4%ED%8C%9C-%EC%84%B8%EB%85%B8%EB%B0%94%EB%A9%94%EC%9D%B4%ED%8A%B8-%EC%9D%98%EC%A1%B4-%EB%82%AE%EC%B6%98%EB%8B%A4-%EB%AA%A9%ED%91%9C%EA%B0%80-14%EB%A7%8C-%EC%9B%90-Why-%EB%B0%94%EC%9D%B4%EC%98%A4,alt-ok,1824,1248,https://sedaily-mbti-cms-media-dev.s3.us-east-1.amazonaws.com/media/mustknow-auto/20084339-webtoon-cut001.png
https://ailens.sedaily.ai/markets/2026/08/28/2026-08-28-%EB%A7%A5%EC%BF%BC%EB%A6%AC-S-I%EC%BD%94%ED%8D%BC%EB%A0%88%EC%9D%B4%EC%85%98-%EB%A7%A4%EA%B0%81-%EC%A4%91%EB%8B%A8-%EA%B5%AD%EB%82%B4%EC%99%B8-%EC%82%AC%EC%97%85-%ED%99%95%EC%9E%A5%EC%97%90-%EC%A7%91%EC%A4%91-%EC%8B%9C%EA%B7%B8%EB%84%90,alt-ok,1824,1248,https://sedaily-mbti-cms-media-dev.s3.us-east-1.amazonaws.com/media/mustknow-auto/20084412-webtoon-cut001.png
https://ailens.sedaily.ai/markets/2026/08/28/2026-08-28-%EC%98%81%ED%92%8D-MBK-%EA%B3%A0%EB%A0%A4%EC%95%84%EC%97%B0-%EC%B8%A1-%ED%8E%80%EB%93%9C-%ED%9A%8C%EC%9E%A5-%EC%9D%BC%EA%B0%80%EC%99%80-%ED%88%AC%EC%9E%90-%EA%B8%B0%EC%97%85-%EC%99%9C-%EA%B2%B9%EC%B9%98%EB%82%98-%EC%8B%9C%EA%B7%B8%EB%84%90,alt-ok,1824,1248,https://sedaily-mbti-cms-media-dev.s3.us-east-1.amazonaws.com/media/mustknow-auto/20084397-webtoon-cut001.png
https://ailens.sedaily.ai/markets/2026/08/28/2026-08-28-%EC%82%BC%EC%84%B1%EC%A0%84%EA%B8%B0%EC%97%90-%EA%BD%82%ED%9E%8C-%EC%83%81%EC%9C%84-1-%ED%95%98%EB%82%98%EB%A7%88%EC%9D%B4%ED%81%AC%EB%A1%A0-%EC%8B%AC%ED%85%8D%EC%9D%80-%ED%8C%94%EC%95%98%EB%8B%A4-%EC%A3%BC%EC%8B%9D-%EC%B4%88%EA%B3%A0%EC%88%98%EB%8A%94-%EC%A7%80%EA%B8%88,alt-ok,1824,1248,https://sedaily-mbti-cms-media-dev.s3.us-east-1.amazonaws.com/media/mustknow-auto/20084410-webtoon-cut001.png
https://ailens.sedaily.ai/industry/2026/08/28/2026-08-28-S-Oil-7-%EC%A7%88%EC%A3%BC-%EC%A0%95%EC%A0%9C%EB%A7%88%EC%A7%84-%EA%B0%95%EC%84%B8-%EC%A0%84%EB%A7%9D-%ED%98%B8%EC%9E%AC-%EC%A4%8D%EC%A4%8D%EB%A6%AC%ED%8F%AC%ED%8A%B8,alt-ok,1824,1248,https://sedaily-mbti-cms-media-dev.s3.us-east-1.amazonaws.com/media/mustknow-auto/20084374-webtoon-cut001.png
https://ailens.sedaily.ai/industry/2026/08/28/2026-08-28-%EC%82%BC%EC%84%B1-%EA%B2%BD%EC%83%81%EA%B6%8C-%EC%88%98%ED%95%B4-%EB%B3%B5%EA%B5%AC%EC%97%90-30%EC%96%B5-%EC%A7%80%EC%9B%90-9%EA%B0%9C-%EA%B3%84%EC%97%B4%EC%82%AC-%EB%8F%99%EC%B0%B8,fetch-err,,,
https://ailens.sedaily.ai/industry/2026/08/28/2026-08-28-%EA%B8%B0%EB%B3%B4-%EC%A4%91%EA%B8%B0-%EC%8A%B9%EA%B3%84-M-A-%EB%A7%A4%EC%B9%AD%EC%8B%9C%EC%8A%A4%ED%85%9C-%EA%B5%AC%EC%B6%95-%EC%9D%B8%EC%88%98%EC%9E%90%EA%B8%88%EB%8F%84-%EC%A7%80%EC%9B%90,alt-ok,1824,1248,https://sedaily-mbti-cms-media-dev.s3.us-east-1.amazonaws.com/media/mustknow-auto/20084160-webtoon-cut001.png
https://ailens.sedaily.ai/industry/2026/08/28/2026-08-28-%EC%97%90%EC%9D%B4%EB%B9%84%EC%97%98%EB%B0%94%EC%9D%B4%EC%98%A4-%ED%8C%8C%ED%8A%B8%EB%84%88%EC%82%AC-%EB%A6%BC%ED%94%84%EC%A2%85-%EC%9E%84%EC%83%81-1b%EC%83%81%EC%84%9C-%EC%99%84%EC%A0%84%EA%B4%80%ED%95%B4%EC%9C%A8-100,alt-ok,1824,1248,https://sedaily-mbti-cms-media-dev.s3.us-east-1.amazonaws.com/media/mustknow-auto/20084338-webtoon-cut001.png
https://ailens.sedaily.ai/markets/2026/08/28/2026-08-28-%EC%A6%9D%EA%B6%8C%EC%8B%A0%EA%B3%A0%EC%84%9C-%EB%AF%B8%ED%9D%A1-%EB%B0%98%EB%B3%B5%EC%8B%9C-%EC%8B%AC%EC%82%AC-%EC%B0%A8%EB%93%B1%ED%99%94-%EA%B8%88%EA%B0%90%EC%9B%90-%EB%B6%88%ED%95%84%EC%9A%94%ED%95%9C-%EC%A0%95%EC%A0%95-%EC%B5%9C%EC%86%8C%ED%99%94%ED%95%B4%EC%95%BC,alt-ok,1824,1248,https://sedaily-mbti-cms-media-dev.s3.us-east-1.amazonaws.com/media/mustknow-auto/20084375-webtoon-cut001.png
https://ailens.sedaily.ai/markets/2026/08/28/2026-08-28-%EC%82%BC%EC%84%B1%EB%B0%94%EC%9D%B4%EC%98%A4-%EC%9C%A0%EC%83%81%EC%A6%9D%EC%9E%90-3%EC%A1%B0-%ED%8F%B4%EB%A6%AC%ED%8E%A9%ED%83%80%EC%9D%B4%EB%93%9C-%EC%9D%B8%EC%88%98-%EC%A0%95%EC%A1%B0%EC%A4%80-%EC%8B%9C%EA%B7%B8%EB%84%90,alt-ok,1824,1248,https://sedaily-mbti-cms-media-dev.s3.us-east-1.amazonaws.com/media/mustknow-auto/20084298-webtoon-cut001.png
https://ailens.sedaily.ai/industry/2026/08/28/2026-08-28-%EC%86%8D%EB%8F%84%EB%82%B4%EB%8A%94-SK%EA%B7%B8%EB%A3%B9-%EB%A6%AC%EB%B0%B8%EB%9F%B0%EC%8B%B1-%EC%82%AC%ED%9D%98%EA%B0%84-%ED%9D%A1%EC%88%98%ED%95%A9%EB%B3%91-3%EA%B1%B4-%EA%B2%B0%EC%9D%98-biz-%ED%94%8C%EB%9F%AC%EC%8A%A4,alt-ok,1824,1248,https://sedaily-mbti-cms-media-dev.s3.us-east-1.amazonaws.com/media/mustknow-auto/20084234-webtoon-cut001.png
https://ailens.sedaily.ai/industry/2026/08/28/2026-08-28-HD%ED%98%84%EB%8C%80%EC%A4%91-%ED%8F%AC%EC%8A%A4%EC%BD%94-%ED%8C%8C%EC%97%85-%ED%98%84%EC%8B%A4%ED%99%94%ED%95%98%EB%82%98-%EA%B5%90%EC%84%AD-%EB%82%9C%ED%95%AD-%EC%86%8D-%EB%B6%80%EB%B6%84%ED%8C%8C%EC%97%85-%EC%9A%B0%EB%A0%A4,alt-ok,1824,1248,https://sedaily-mbti-cms-media-dev.s3.us-east-1.amazonaws.com/media/mustknow-auto/20084247-webtoon-cut001.png
https://ailens.sedaily.ai/markets/2026/08/28/2026-08-28-9%EC%9B%94-15%EC%9D%BC%EA%B9%8C%EC%A7%80-%EC%A7%80%EC%A0%95%EA%B8%B0%EC%B4%88%EC%9E%90%EB%A3%8C-%EC%A0%9C%EC%B6%9C%ED%95%98%EC%84%B8%EC%9A%94-%EA%B8%88%EA%B0%90%EC%9B%90-%EA%B0%90%EC%82%AC%EC%9D%B8-%EC%A7%80%EC%A0%95%EC%A0%9C-%EC%98%A8%EB%9D%BC%EC%9D%B8-%EC%84%A4%EB%AA%85%ED%9A%8C,alt-ok,1824,1248,https://sedaily-mbti-cms-media-dev.s3.us-east-1.amazonaws.com/media/mustknow-auto/20084118-webtoon-cut001.png
https://ailens.sedaily.ai/international/2026/08/28/2026-08-28-%EB%A9%94%EC%9D%B4%EB%93%9C-%EC%9D%B8-USA-HBM-SK%ED%95%98%EB%8B%89-2029%EB%85%84-%EC%96%91%EC%82%B0,alt-ok,1824,1248,https://sedaily-mbti-cms-media-dev.s3.us-east-1.amazonaws.com/media/frontpage-auto/20084258-webtoon-cut001.png
https://ailens.sedaily.ai/industry/2026/08/27/2026-08-27-HD%ED%98%84%EB%8C%80%EC%A4%91%EA%B3%B5%EC%97%85-%EB%85%B8%EC%A1%B0-%EC%9F%81%EC%9D%98-%EC%B0%AC%EB%B0%98%ED%88%AC%ED%91%9C-%EA%B0%80%EA%B2%B0-%ED%8C%8C%EC%97%85-%EC%B4%88%EC%9D%BD%EA%B8%B0,alt-ok,1824,1248,https://sedaily-mbti-cms-media-dev.s3.us-east-1.amazonaws.com/media/mustknow-auto/20084253-webtoon-cut001.png
https://ailens.sedaily.ai/markets/2026/08/27/2026-08-27-%EB%8C%80%EC%84%A0-%EC%95%9E%EB%91%94-%EC%A0%95%EC%B9%98-%EB%B6%88%EC%95%88%EC%97%90-%ED%97%A4%EC%95%8C%ED%99%94-%EC%95%BD%EC%84%B8-%EA%B2%B9%EC%B3%90-%EC%99%B8%EB%A9%B4%EB%B0%9B%EB%8A%94-%EB%B8%8C%EB%9D%BC%EC%A7%88-%EA%B5%AD%EC%B1%84,alt-ok,1824,1248,https://sedaily-mbti-cms-media-dev.s3.us-east-1.amazonaws.com/media/mustknow-auto/20084183-webtoon-cut001.png
https://ailens.sedaily.ai/markets/2026/08/27/2026-08-27-%ED%95%9C%ED%88%AC-%EC%9A%B4%EC%9A%A9%EC%82%AC-%EA%B5%90%ED%86%B5%EC%A0%95%EB%A6%AC-%EC%95%A1%ED%8B%B0%EB%B8%8C-MMF-%ED%95%9C%ED%88%AC%EB%B0%B8%EB%A5%98%EA%B0%80-%EB%A7%A1%EB%8A%94%EB%8B%A4,alt-ok,1824,1248,https://sedaily-mbti-cms-media-dev.s3.us-east-1.amazonaws.com/media/mustknow-auto/20084226-webtoon-cut001.png
https://ailens.sedaily.ai/industry/2026/08/27/2026-08-27-HD%ED%98%84%EB%8C%80%EC%A4%91%EA%B3%B5%EC%97%85-%EB%85%B8%EC%A1%B0-%EC%9F%81%EC%9D%98-%EC%B0%AC%EB%B0%98%ED%88%AC%ED%91%9C%EC%84%9C-66-%EC%B0%AC%EC%84%B1-%ED%8C%8C%EC%97%85-%ED%98%84%EC%8B%A4%ED%99%94%ED%95%98%EB%82%98,alt-ok,1824,1248,https://sedaily-mbti-cms-media-dev.s3.us-east-1.amazonaws.com/media/mustknow-auto/20084245-webtoon-cut001.png
https://ailens.sedaily.ai/markets/2026/08/27/2026-08-27-%EC%A3%BC%EC%A3%BC%ED%99%98%EC%9B%90-%EC%8B%A4%EB%A7%9D%ED%95%9C-%EC%B4%88%EA%B3%A0%EC%95%A1-%EC%9E%90%EC%82%B0%EA%B0%80-%EC%82%BC%EC%A0%84-%EB%98%90-%ED%8C%94%EC%95%98%EB%8B%A4,alt-ok,1824,1248,https://sedaily-mbti-cms-media-dev.s3.us-east-1.amazonaws.com/media/mustknow-auto/20084198-webtoon-cut001.png
https://ailens.sedaily.ai/markets/2026/08/27/2026-08-27-%EB%8B%A8%EB%8F%85-%ED%95%98%EB%8B%89-1%EC%A3%BC-%ED%95%98%ED%95%9C%EA%B0%80-%EC%9E%AC%EB%B0%9C-%EB%A7%89%EB%8A%94%EB%8B%A4-NXT-%EC%8B%9C%EA%B0%80-%EB%8B%A8%EC%9D%BC%EA%B0%80-%EB%8F%84%EC%9E%85-%EC%B6%94%EC%A7%84,alt-ok,1824,1248,https://sedaily-mbti-cms-media-dev.s3.us-east-1.amazonaws.com/media/mustknow-auto/20084193-webtoon-cut001.png
https://ailens.sedaily.ai/markets/2026/08/27/2026-08-27-%EC%8B%A4%EC%A0%81-%EC%9E%AC%EB%AC%B4-%EA%B0%9C%EC%84%A0%EC%97%90-%EC%B2%B4%EA%B8%89-%EC%BB%A4%EC%A0%B8-%EB%A7%88%EC%A7%80%EB%A7%89-%EC%9A%B0%EB%9F%89-%EB%B3%B4%ED%97%98%EC%82%AC-%EB%A7%A4%EB%AC%BC-%EC%9D%B8%EC%88%98%EC%A0%84-%EB%B6%88%EB%B6%99%EB%82%98-%EC%8B%9C%EA%B7%B8%EB%84%90,alt-ok,1824,1248,https://sedaily-mbti-cms-media-dev.s3.us-east-1.amazonaws.com/media/mustknow-auto/20084120-webtoon-cut001.png
https://ailens.sedaily.ai/international/2026/08/27/2026-08-27-%EB%A9%94%ED%83%80-SNS-%EC%A4%91%EB%8F%85-24%EC%A1%B0%EC%9B%90-%ED%95%A9%EC%9D%98-%EC%B2%AD%EC%86%8C%EB%85%84-%EC%9D%B8%EC%8A%A4%ED%83%80-%EC%9E%90%EC%A0%95%EB%B6%80%ED%84%B0-%EB%A9%88%EC%B6%98%EB%8B%A4-%EB%A7%88%EC%BC%93%EB%AC%B4%EB%B2%84,alt-ok,1824,1248,https://sedaily-mbti-cms-media-dev.s3.us-east-1.amazonaws.com/media/mustknow-auto/20084181-webtoon-cut001.png
https://ailens.sedaily.ai/markets/2026/08/27/2026-08-27-%EC%86%A1%EC%9D%B8%EC%A4%80-%EA%B3%BD%EB%8F%99%EA%B1%B8-%EC%9E%84%EC%9C%A0%EC%B2%A0-PEF%ED%98%91%ED%9A%8C-%EC%B4%88%EB%8C%80-%ED%9A%8C%EC%9E%A5-%ED%9B%84%EB%B3%B4%EA%B5%B0-%EC%95%95%EC%B6%95-%EC%8B%9C%EA%B7%B8%EB%84%90,alt-ok,1824,1248,https://sedaily-mbti-cms-media-dev.s3.us-east-1.amazonaws.com/media/mustknow-auto/20084129-webtoon-cut001.png
https://ailens.sedaily.ai/markets/2026/08/27/2026-08-27-IMA-4%EC%A1%B0%EB%A1%9C-%EC%BB%A4%EC%A1%8C%EC%A7%80%EB%A7%8C-%ED%9A%8C%EC%82%AC%EC%B1%84-%ED%81%B0%EC%86%90-%EC%97%AD%ED%95%A0-%EC%97%86%EA%B3%A0-%EB%8C%80%EC%B6%9C%EB%A7%8C-%EC%8B%9C%EA%B7%B8%EB%84%90,alt-ok,1824,1248,https://sedaily-mbti-cms-media-dev.s3.us-east-1.amazonaws.com/media/mustknow-auto/20084093-webtoon-cut001.png
https://ailens.sedaily.ai/markets/2026/08/27/2026-08-27-%EC%A6%9D%EC%84%A0%EC%9C%84-%EC%A4%91%EC%A7%95%EA%B3%84-%EA%B3%A0%EB%A0%A4%EC%95%84%EC%97%B0-%EC%9B%90%EC%95%84%EC%8B%9C%EC%95%84-%ED%88%AC%EC%9E%90-7%EB%85%84%EA%B0%84-%EA%B0%90%EC%82%AC%EC%9C%84%EC%9B%90%ED%9A%8C-%EB%B0%98%EB%8C%80-0-%EC%8B%9C%EA%B7%B8%EB%84%90,alt-ok,1824,1248,https://sedaily-mbti-cms-media-dev.s3.us-east-1.amazonaws.com/media/mustknow-auto/20084070-webtoon-cut001.png
https://ailens.sedaily.ai/markets/2026/08/27/2026-08-27-%EB%8B%A8%EB%8F%85-%EB%A1%AF%EB%8D%B0%EC%86%90%EB%B3%B4-%EA%B2%B0%EA%B5%AD-%EA%B3%B5%EA%B0%9C%EB%A7%A4%EA%B0%81-%EC%8B%A0%ED%95%9C%EA%B3%BC-%ED%98%91%EC%83%81-%EA%B2%B0%EB%A0%AC-%EC%8B%9C%EA%B7%B8%EB%84%90,alt-ok,1824,1248,https://sedaily-mbti-cms-media-dev.s3.us-east-1.amazonaws.com/media/mustknow-auto/20084121-webtoon-cut001.png
https://ailens.sedaily.ai/news/2026/08/27/2026-08-27-%EC%A1%B0%EC%82%AC-%EB%AA%BB%EB%B0%9B%EA%B2%A0%EB%8B%A4-%EC%BF%A0%ED%8C%A1-%EA%B3%B5%EC%A0%95%EC%9C%84%EC%99%80-%EC%A0%95%EB%A9%B4%EC%B6%A9%EB%8F%8C,no-alt,,,
https://ailens.sedaily.ai/markets/2026/08/27/2026-08-27-%ED%95%9C%EA%B5%AD%EC%84%B1%EC%9E%A5%EA%B8%88%EC%9C%B5-%ED%95%80%ED%85%8C%ED%81%AC-%EC%8A%A4%ED%83%80%ED%8A%B8%EC%97%85-%ED%88%AC%EC%9E%90%EB%B0%8B%EC%97%85-%EC%B0%B8%EA%B0%80%EC%82%AC-%EB%AA%A8%EC%A7%91-%EB%A7%9E%EC%B6%A4%ED%98%95-%EC%A7%80%EC%9B%90-%EC%A0%9C%EA%B3%B5-%EC%8B%9C%EA%B7%B8%EB%84%90,alt-ok,1824,1248,https://sedaily-mbti-cms-media-dev.s3.us-east-1.amazonaws.com/media/mustknow-auto/20084048-webtoon-cut001.png
https://ailens.sedaily.ai/industry/2026/08/27/2026-08-27-SKS-PE-%EB%B3%80%EC%95%95%EA%B8%B0-%EC%A0%9C%EC%A1%B0%EC%82%AC-%EC%84%B1%EC%A7%84%EC%A2%85%ED%95%A9%EC%A0%84%EA%B8%B0-550%EC%96%B5-%ED%94%84%EB%A6%ACIPO-%ED%88%AC%EC%9E%90-%EC%8B%9C%EA%B7%B8%EB%84%90,alt-ok,1824,1248,https://sedaily-mbti-cms-media-dev.s3.us-east-1.amazonaws.com/media/mustknow-auto/20084036-webtoon-cut001.png
https://ailens.sedaily.ai/industry/2026/08/27/2026-08-27-%EB%A6%AC%EA%B0%80%EC%BC%90%EB%B0%94%EC%9D%B4%EC%98%A4-ADC-%ED%94%8C%EB%9E%AB%ED%8F%BC-%EC%A0%81%EC%9A%A9-SOT106-FDA-%ED%8C%A8%EC%8A%A4%ED%8A%B8%ED%8A%B8%EB%9E%99-%EC%A7%80%EC%A0%95-%EC%97%B0%EB%82%B4-%EC%9E%84%EC%83%81-%EB%8F%8C%EC%9E%85,alt-ok,1824,1248,https://sedaily-mbti-cms-media-dev.s3.us-east-1.amazonaws.com/media/mustknow-auto/20083880-webtoon-cut001.png
https://ailens.sedaily.ai/industry/2026/08/27/2026-08-27-LG%EC%A0%84%EC%9E%90-%ED%8F%90%EA%B0%80%EC%A0%84%EC%84%9C-%ED%9D%AC%ED%86%A0%EB%A5%98-%EC%BA%94%EB%8B%A4-%EC%97%B0-1-6%ED%86%A4-%ED%9A%8C%EC%88%98,alt-ok,1824,1248,https://sedaily-mbti-cms-media-dev.s3.us-east-1.amazonaws.com/media/mustknow-auto/20084025-webtoon-cut001.png
https://ailens.sedaily.ai/industry/2026/08/27/2026-08-27-%EC%A0%95%EC%9A%A9%EC%A7%84-%EC%A0%95%EC%9C%A0%EA%B2%BD-%EA%B3%84%EC%97%B4%EB%B6%84%EB%A6%AC-%EC%86%8D%EB%8F%84-SSG%EB%8B%B7%EC%BB%B4-%EC%9D%B8%EC%A0%81%EB%B6%84%ED%95%A0-%EC%B6%94%EC%A7%84,alt-ok,1824,1248,https://sedaily-mbti-cms-media-dev.s3.us-east-1.amazonaws.com/media/mustknow-auto/20083993-webtoon-cut001.png
https://ailens.sedaily.ai/markets/2026/08/27/2026-08-27-%EB%A7%88%EC%8A%A4%ED%84%B4%ED%88%AC%EC%9E%90%EC%9A%B4%EC%9A%A9-%EB%B0%95%ED%98%95%EC%84%9D-%EB%8C%80%ED%91%9C-%EC%B7%A8%EC%9E%84-%EC%9D%B4%ED%9B%84-%EB%94%9C-%ED%8C%8C%ED%8A%B8%EB%84%88%EC%8B%AD%EC%9C%BC%EB%A1%9C-%EC%A1%B4%EC%9E%AC%EA%B0%90-%EC%91%A5-%EC%8B%9C%EA%B7%B8%EB%84%90,alt-ok,1824,1248,https://sedaily-mbti-cms-media-dev.s3.us-east-1.amazonaws.com/media/mustknow-auto/20083946-webtoon-cut001.png
https://ailens.sedaily.ai/markets/2026/08/27/2026-08-27-%EC%97%94%EB%B9%84%EB%94%94%EC%95%84-%EC%8B%A4%EC%A0%81-%ED%99%95%EC%9D%B8%ED%95%9C-%EA%B3%A0%EC%88%98%EB%93%A4-%EC%82%BC%EC%A0%84-%EB%8B%89%EC%8A%A4-%EC%A4%8D%EA%B3%A0-%EC%8B%A4%EB%A6%AC%EC%BD%98%ED%88%AC-%EB%8D%98%EC%A1%8C%EB%8B%A4-%EC%A3%BC%EC%8B%9D-%EC%B4%88%EA%B3%A0%EC%88%98%EB%8A%94-%EC%A7%80%EA%B8%88,alt-ok,1824,1248,https://sedaily-mbti-cms-media-dev.s3.us-east-1.amazonaws.com/media/mustknow-auto/20083972-webtoon-cut001.png
https://ailens.sedaily.ai/international/2026/08/27/2026-08-27-%EC%9D%B8%ED%94%8C%EB%A0%88-%EC%9E%A1%EC%9D%84-%EB%AC%98%EC%88%98-%EC%A0%9C%EC%8B%9C%ED%95%A0%EA%B9%8C-%EC%9B%8C%EC%8B%9C-%EC%8B%9C%EA%B0%84-28%EC%9D%BC-%EB%B0%A4-11%EC%8B%9C-%EC%B2%AB-%EC%9E%AD%EC%8A%A8%ED%99%80-%EC%97%B0%EC%84%A4,alt-ok,1824,1248,https://sedaily-mbti-cms-media-dev.s3.us-east-1.amazonaws.com/media/mustknow-auto/20083454-webtoon-cut001.png
https://ailens.sedaily.ai/industry/2026/08/27/2026-08-27-%EA%B8%80%EB%9E%9C%EC%9A%B0%EB%93%9C%ED%81%AC%EB%A0%88%EB%94%A7-%EC%8B%A4%EB%A6%AC%EC%BD%98%ED%88%AC-%EC%A7%80%EB%B6%84-6-72-%EB%B8%94%EB%A1%9D%EB%94%9C-%EC%8B%9C%EA%B7%B8%EB%84%90,alt-ok,1824,1248,https://sedaily-mbti-cms-media-dev.s3.us-east-1.amazonaws.com/media/mustknow-auto/20083913-webtoon-cut001.png
https://ailens.sedaily.ai/industry/2026/08/27/2026-08-27-%EC%A7%80%EC%9B%90%EC%82%AC%EC%97%85-232%EA%B0%9C-%ED%9A%A8%EC%9C%A8%ED%99%94-4%EC%A1%B0-%EC%95%84%EA%BB%B4-%EC%84%B1%EC%9E%A5%EA%B8%B0%EC%97%85%EC%97%90-%EC%9E%AC%ED%88%AC%EC%9E%90,alt-ok,1824,1248,https://sedaily-mbti-cms-media-dev.s3.us-east-1.amazonaws.com/media/mustknow-auto/20083932-webtoon-cut001.png
https://ailens.sedaily.ai/markets/2026/08/27/2026-08-27-%ED%8A%B8%EB%9F%BC%ED%94%84-%EC%A0%84%EB%A0%A5%EB%A7%9D-%ED%87%B4%EC%B6%9C-%EC%97%90-%EC%A0%84%EB%A0%A5%EA%B8%B0%EA%B8%B0-%EB%B3%95-%EB%93%9C%EB%82%98-4-11-%EB%8C%80-%EA%B0%95%EC%84%B8-%EC%A4%8D%EC%A4%8D%EB%A6%AC%ED%8F%AC%ED%8A%B8,alt-ok,1824,1248,https://sedaily-mbti-cms-media-dev.s3.us-east-1.amazonaws.com/media/mustknow-auto/20083860-webtoon-cut001.png
https://ailens.sedaily.ai/markets/2026/08/27/2026-08-27-%EC%97%94%EB%B9%84%EB%94%94%EC%95%84%EB%B0%9C-%ED%9B%88%ED%92%8D%EC%97%90-%EC%82%BC%EC%A0%84-%EB%8B%89%EC%8A%A4-3-5-%EB%8C%80-%EA%B0%95%EC%84%B8-%EC%BD%94%EC%8A%A4%ED%94%BC-7000-%ED%9A%8C%EB%B3%B5-%EA%B2%A8%EB%83%A5-%EC%9D%B4%EB%9F%B0%EA%B5%AD%EC%9E%A5-%EC%A0%80%EB%9F%B0%EC%A3%BC%EC%8B%9D,alt-ok,1824,1248,https://sedaily-mbti-cms-media-dev.s3.us-east-1.amazonaws.com/media/mustknow-auto/20083856-webtoon-cut001.png
https://ailens.sedaily.ai/markets/2026/08/27/2026-08-27-FCP-%EC%82%BC%EC%84%B1-%EC%B8%A1-%EC%97%90%EC%8A%A4%EC%9B%90-%EC%A7%80%EB%B6%84-%EC%9D%B8%EC%88%98-%EC%A0%9C%EC%95%88-45-%ED%94%84%EB%A6%AC%EB%AF%B8%EC%97%84-%EC%A0%9C%EC%8B%9C-%EC%8B%9C%EA%B7%B8%EB%84%90,alt-ok,1824,1248,https://sedaily-mbti-cms-media-dev.s3.us-east-1.amazonaws.com/media/mustknow-auto/20083949-webtoon-cut001.png
https://ailens.sedaily.ai/finance/2026/08/27/2026-08-27-%EB%94%94%EC%A7%80%ED%84%B8%EC%9E%90%EC%82%B0%EA%B8%B0%EB%B3%B8%EB%B2%95-%EC%9C%A4%EA%B3%BD-%EA%B1%B0%EB%9E%98%EC%86%8C-%EB%8C%80%EC%A3%BC%EC%A3%BC-%EC%A7%80%EB%B6%84-20-%EC%A0%9C%ED%95%9C,alt-ok,1824,1248,https://sedaily-mbti-cms-media-dev.s3.us-east-1.amazonaws.com/media/mustknow-auto/20083751-webtoon-cut001.png
https://ailens.sedaily.ai/markets/2026/08/27/2026-08-27-%EC%98%A4%EB%B9%84%EB%A7%A5%EC%A3%BC-%EB%B2%84%EA%B1%B0%ED%82%B9-%EB%B9%85%EB%94%9C-%EC%9D%B4%EB%81%88-19%EB%85%84-%EB%85%B8%ED%95%98%EC%9A%B0-%EB%AF%BC%EB%B3%91%EC%B2%A0%ED%98%B8-%EC%95%84%EB%A5%B4%ED%85%8C%EB%AF%B8%EC%8A%A4-%EB%8B%BB-%EC%98%AC%EB%A6%B0%EB%8B%A4-%EC%8B%9C%EA%B7%B8%EB%84%90,alt-ok,1824,1248,https://sedaily-mbti-cms-media-dev.s3.us-east-1.amazonaws.com/media/mustknow-auto/20083483-webtoon-cut001.png
https://ailens.sedaily.ai/markets/2026/08/27/2026-08-27-%EC%A0%81%EC%9E%90-%EA%B8%B0%EC%97%85-%ED%95%A9%EB%B3%91%EC%97%90-%EC%83%81%EC%9E%A5%EC%82%AC-%EC%A3%BC%EA%B0%80-%EC%9A%B0%EC%88%98%EC%88%98-%EC%9D%B4%EB%9F%B0%EA%B5%AD%EC%9E%A5-%EC%A0%80%EB%9F%B0%EC%A3%BC%EC%8B%9D,alt-ok,1824,1248,https://sedaily-mbti-cms-media-dev.s3.us-east-1.amazonaws.com/media/mustknow-auto/20083765-webtoon-cut001.png
https://ailens.sedaily.ai/news/2026/08/27/2026-08-27-%ED%83%9C%EC%96%91%EA%B4%91-55-%EB%8A%98%EB%A9%B4-ESS-220-%EB%B0%B0%ED%84%B0%EB%A6%AC%EC%97%90-%EB%8B%AC%EB%A6%B0-%EC%A0%84%EB%A0%A5%EC%95%88%EB%B3%B4,alt-ok,1824,1248,https://sedaily-mbti-cms-media-dev.s3.us-east-1.amazonaws.com/media/frontpage-auto/20083669-webtoon-cut001.png
https://ailens.sedaily.ai/finance/2026/08/27/2026-08-27-15%EB%A7%8C%EB%AA%85-%EA%B5%90%EC%9C%A1-%EA%B8%88%EC%9C%B5-%EB%AC%B8%ED%84%B1-%EB%82%AE%EC%B6%94%EB%8A%94-%EC%8B%A0%ED%95%9C,alt-ok,1824,1248,https://sedaily-mbti-cms-media-dev.s3.us-east-1.amazonaws.com/media/frontpage-auto/20083675-webtoon-cut001.png
https://ailens.sedaily.ai/markets/2026/08/26/2026-08-26-110%EC%A1%B0-%EC%A3%BC%EC%A3%BC%ED%99%98%EC%9B%90%EC%97%90%EB%8F%84-%ED%95%98%EB%9D%BD%ED%95%9C-%EC%82%BC%EC%A0%84-%EC%A3%BC%EA%B0%80-%EB%AA%A9%ED%91%9C%EA%B0%80-37%EB%A7%8C%EC%9B%90-%EC%A4%8D%EC%A4%8D%EB%A6%AC%ED%8F%AC%ED%8A%B8,alt-ok,1824,1248,https://sedaily-mbti-cms-media-dev.s3.us-east-1.amazonaws.com/media/mustknow-auto/20083305-webtoon-cut001.png
https://ailens.sedaily.ai/markets/2026/08/26/2026-08-26-%EC%82%BC%EC%A0%84%EB%8B%89%EC%8A%A4-%ED%86%A0%ED%81%B0%ED%99%94%EC%97%90-%EA%B8%88-%EC%BD%94%EC%9D%B8%EA%B9%8C%EC%A7%80-%EC%96%B4%EB%A7%88%EC%96%B4%EB%A7%88%ED%95%9C-%EC%8B%9C%EC%9E%A5-%EC%97%B4%EB%A6%B0%EB%8B%A4,alt-ok,1824,1248,https://sedaily-mbti-cms-media-dev.s3.us-east-1.amazonaws.com/media/mustknow-auto/20083768-webtoon-cut001.png
https://ailens.sedaily.ai/news/2026/08/26/2026-08-26-%EC%BF%A0%ED%8C%A1-%EC%A1%B0%EC%82%AC%EA%B1%B0%EB%B6%80%EC%97%90-%EB%B0%98%EB%8C%80%ED%95%B4%EB%8F%84-%EC%98%A8%ED%94%8C%EB%B2%95-%EC%B6%94%EC%A7%84,alt-ok,1824,1248,https://sedaily-mbti-cms-media-dev.s3.us-east-1.amazonaws.com/media/mustknow-auto/20083715-webtoon-cut001.png
https://ailens.sedaily.ai/industry/2026/08/26/2026-08-26-SK%EA%B0%80%EC%8A%A4-%EC%9E%90%ED%9A%8C%EC%82%AC-SK%EC%96%B4%EB%93%9C%EB%B0%B4%EC%8A%A4%EB%93%9C-%ED%95%A9%EB%B3%91-%ED%86%B5%ED%95%A9-%EB%B0%B8%EB%A5%98%EC%B2%B4%EC%9D%B8-%EA%B5%AC%EC%B6%95,alt-ok,1824,1248,https://sedaily-mbti-cms-media-dev.s3.us-east-1.amazonaws.com/media/mustknow-auto/20083617-webtoon-cut001.png
https://ailens.sedaily.ai/industry/2026/08/26/2026-08-26-%EA%B2%BD%EC%A0%9C-%EC%82%B0%EC%97%85%EB%8B%A8%EC%B2%B4-21%EA%B3%B3-%EC%82%B0%EC%97%85%EC%9A%A9-%EC%A7%80%EC%97%AD-%EC%A0%84%EA%B8%B0%EC%9A%94%EA%B8%88%EC%A0%9C-%EB%8F%84%EC%9E%85-%ED%99%98%EC%98%81-%EC%84%B1%EB%AA%85,alt-ok,1824,1248,https://sedaily-mbti-cms-media-dev.s3.us-east-1.amazonaws.com/media/mustknow-auto/20083581-webtoon-cut001.png
https://ailens.sedaily.ai/industry/2026/08/26/2026-08-26-%EC%9A%94%EA%B8%B0%EC%9A%94-%EC%9C%84%ED%83%81%EC%97%85%EC%B2%B4%EC%84%9C-%EB%B0%B0%EB%8B%AC-%EC%A3%BC%EC%86%8C%EC%A7%80-%EB%93%B1-%EA%B0%9C%EC%9D%B8%EC%A0%95%EB%B3%B4-%EC%9C%A0%EC%B6%9C,alt-ok,1824,1248,https://sedaily-mbti-cms-media-dev.s3.us-east-1.amazonaws.com/media/mustknow-auto/20083730-webtoon-cut001.png
https://ailens.sedaily.ai/markets/2026/08/26/2026-08-26-%EB%B0%98%EB%8F%84%EC%B2%B4-%EC%8A%88%ED%8D%BC%EC%82%AC%EC%9D%B4%ED%81%B4-2%EB%A7%89%EC%9D%80-%EC%86%8C%EB%B6%80%EC%9E%A5-%EB%AF%B8%EB%9E%98%EC%97%90%EC%85%8B-MLCC-%EA%B8%B0%ED%8C%90-%EC%A3%BC%EB%AA%A9,alt-ok,1824,1248,https://sedaily-mbti-cms-media-dev.s3.us-east-1.amazonaws.com/media/mustknow-auto/20083441-webtoon-cut001.png
https://ailens.sedaily.ai/markets/2026/08/26/2026-08-26-%ED%9C%B4%EC%98%A8%EC%8A%A4-%EC%A3%BC%EA%B0%80-%ED%95%98%EB%9D%BD-%EC%A3%BC%EC%A3%BC-%EB%B0%98%EB%8C%80%EC%97%90-%ED%9C%B4%EC%98%A8%EC%8A%A4%EB%9E%A9-%ED%95%A9%EB%B3%91-%EC%B2%A0%ED%9A%8C,alt-ok,1824,1248,https://sedaily-mbti-cms-media-dev.s3.us-east-1.amazonaws.com/media/mustknow-auto/20083710-webtoon-cut001.png
https://ailens.sedaily.ai/markets/2026/08/26/2026-08-26-%EC%95%84%EB%B9%A0-%EC%9C%A1%ED%9C%B4-%EB%8A%98%EC%97%88%EB%8B%A4%EC%A7%80%EB%A7%8C-%EC%A6%9D%EA%B6%8C%EB%A7%A8%EC%97%94-%EC%95%84%EC%A7%81-%EB%82%A8%EC%9D%98-%EC%9D%BC,alt-ok,1824,1248,https://sedaily-mbti-cms-media-dev.s3.us-east-1.amazonaws.com/media/mustknow-auto/20083698-webtoon-cut001.png
https://ailens.sedaily.ai/finance/2026/08/26/2026-08-26-%EB%8B%B9%EA%B5%AD-%EA%B1%B0%EB%9E%98%EC%86%8C-%EB%8C%80%EC%A3%BC%EC%A3%BC-%EC%A7%80%EB%B6%84-20-%EC%A0%9C%ED%95%9C-%EC%B6%94%EC%A7%84,alt-ok,1824,1248,https://sedaily-mbti-cms-media-dev.s3.us-east-1.amazonaws.com/media/mustknow-auto/20083575-webtoon-cut001.png
https://ailens.sedaily.ai/finance/2026/08/26/2026-08-26-NH%EB%86%8D%ED%98%91%EC%9D%80%ED%96%89-%ED%83%80%ED%96%89%EB%8C%80%ED%99%98-40%EB%85%84-%EC%A3%BC%EB%8B%B4%EB%8C%80-%EC%9E%AC%EA%B0%9C%ED%95%9C%EB%8B%A4,alt-ok,1824,1248,https://sedaily-mbti-cms-media-dev.s3.us-east-1.amazonaws.com/media/mustknow-auto/20083592-webtoon-cut001.png
https://ailens.sedaily.ai/finance/2026/08/26/2026-08-26-%ED%95%B4%EC%99%B8%EC%82%AC%EB%A1%80-%EB%B3%B8%EC%A0%81-%EC%97%86%EC%96%B4-%EC%A7%80%EC%A3%BC%ED%9A%8C%EC%9E%A5-3%EC%97%B0%EC%9E%84-%EB%B2%95%EC%9C%BC%EB%A1%9C-%EC%95%88-%EB%A7%89%EB%8A%94%EB%8B%A4,alt-ok,1824,1248,https://sedaily-mbti-cms-media-dev.s3.us-east-1.amazonaws.com/media/mustknow-auto/20083660-webtoon-cut001.png
https://ailens.sedaily.ai/news/2026/08/26/2026-08-26-%EC%95%84%EC%9D%B4-%EC%95%88-%EB%82%B3%EB%8D%98-%ED%95%9C%EA%B5%AD%EC%9D%B4-%EB%8B%AC%EB%9D%BC%EC%A1%8C%EB%8B%A4-%EB%AC%B4%EC%8A%A8-%EC%9D%BC-%EC%B6%9C%EC%82%B0%EC%9C%A8-%EB%B0%98%EB%93%B1%ED%95%9C-%EC%9D%B4%EC%9C%A0%EA%B0%80,alt-ok,1824,1248,https://sedaily-mbti-cms-media-dev.s3.us-east-1.amazonaws.com/media/mustknow-auto/20083605-webtoon-cut001.png
https://ailens.sedaily.ai/markets/2026/08/26/2026-08-26-%EA%B3%A0%EA%B8%88%EB%A6%AC%EC%97%90%EB%8F%84-%ED%9A%8C%EC%82%AC%EC%B1%84-%EC%8A%A4%ED%94%84%EB%A0%88%EB%93%9C-%EC%B6%95%EC%86%8C-%EC%9A%B0%EB%9F%89%EC%B1%84-%EC%BA%90%EB%A6%AC-%EC%88%98%EC%9A%94-%EC%9C%A0%EC%9E%85-%EC%8B%9C%EA%B7%B8%EB%84%90,alt-ok,1824,1248,https://sedaily-mbti-cms-media-dev.s3.us-east-1.amazonaws.com/media/mustknow-auto/20083571-webtoon-cut001.png
https://ailens.sedaily.ai/industry/2026/08/26/2026-08-26-%EC%82%BC%EC%84%B1%EC%A0%84%EC%9E%90-%EC%97%B0%EC%82%B0%EA%B8%B0-%EB%84%A3%EC%9D%80-%EB%A9%94%EB%AA%A8%EB%A6%AC-%EC%8B%A4%EC%A6%9D-AI-%EB%8B%B5%EB%B3%80-%EC%86%8D%EB%8F%84-3%EB%B0%B0-%EB%B9%A8%EB%9D%BC%EC%A1%8C%EB%8B%A4,alt-ok,1824,1248,https://sedaily-mbti-cms-media-dev.s3.us-east-1.amazonaws.com/media/mustknow-auto/20083532-webtoon-cut001.png
https://ailens.sedaily.ai/industry/2026/08/26/2026-08-26-%EC%9D%B4%EB%B2%88%EC%97%94-%ED%99%8D%ED%95%B4-%EB%A6%AC%EC%8A%A4%ED%81%AC-%EC%82%AC%EC%9A%B0%EB%94%94-%EC%88%98%EC%B6%9C%EB%8F%84-%EB%A7%89%EB%A7%89,alt-ok,1824,1248,https://sedaily-mbti-cms-media-dev.s3.us-east-1.amazonaws.com/media/mustknow-auto/20083657-webtoon-cut001.png
https://ailens.sedaily.ai/markets/2026/08/26/2026-08-26-%EC%A3%BC%EC%A3%BC%ED%99%98%EC%9B%90%EC%97%90%EB%8F%84-%EC%A3%BC%EA%B0%80-%EC%95%88%EC%98%AC%EB%9D%BC-%EC%9D%B4-%EB%B3%B4%EC%97%AC%EC%A4%80-%EA%B3%A0%EB%B0%B0%EB%8B%B9-%ED%95%A8%EC%A0%95,alt-ok,1824,1248,https://sedaily-mbti-cms-media-dev.s3.us-east-1.amazonaws.com/media/mustknow-auto/20083684-webtoon-cut001.png
https://ailens.sedaily.ai/markets/2026/08/26/2026-08-26-%EC%98%81%ED%92%8D-MBK-%EA%B3%A0%EB%A0%A4%EC%95%84%EC%97%B0-%EC%9D%98%EA%B2%B0%EA%B6%8C-%EA%B8%88%EC%A7%80-%EA%B0%80%EC%B2%98%EB%B6%84-%EC%9E%84%EC%8B%9C-%EC%A3%BC%EC%B4%9D-%EB%B3%80%EC%88%98%EB%A1%9C-%EC%8B%9C%EA%B7%B8%EB%84%90,alt-ok,1824,1248,https://sedaily-mbti-cms-media-dev.s3.us-east-1.amazonaws.com/media/mustknow-auto/20083645-webtoon-cut001.png
https://ailens.sedaily.ai/news/2026/08/26/2026-08-26-%EC%86%8D%EB%B3%B4-%EB%AC%B4%EC%95%88%EA%B3%B5%ED%95%AD-%EB%A1%9C%EC%BB%AC%EB%9D%BC%EC%9D%B4%EC%A0%80-%EB%AC%B8%EC%A0%9C-%EC%A1%B0%EC%A7%81%EC%A0%81-%EC%9D%80%ED%8F%90-%EA%B5%AD%ED%86%A0%EB%B6%80%EC%A7%81%EC%9B%90-7%EB%AA%85-%EC%86%A1%EC%B9%98,alt-ok,1824,1248,https://sedaily-mbti-cms-media-dev.s3.us-east-1.amazonaws.com/media/mustknow-auto/20083488-webtoon-cut001.png
https://ailens.sedaily.ai/finance/2026/08/26/2026-08-26-SK%ED%95%98%EC%9D%B4%EB%8B%89%EC%8A%A4-ADR-%EC%9D%B4%EB%81%88-%EC%94%A8%ED%8B%B0%EC%A6%9D%EA%B6%8C-IB-%EC%8B%9C%EC%9E%A5%EC%84%9C-%EA%B8%B0%EB%A1%9D%EC%A0%81-%ED%96%89%EB%B3%B4-%EC%8B%9C%EA%B7%B8%EB%84%90,alt-ok,1824,1248,https://sedaily-mbti-cms-media-dev.s3.us-east-1.amazonaws.com/media/mustknow-auto/20083493-webtoon-cut001.png
https://ailens.sedaily.ai/markets/2026/08/26/2026-08-26-%EA%B8%80%EB%A1%9C%EB%B2%8C-%EA%B8%88%EB%A6%AC-%EB%B6%88%EC%95%88%EC%97%90%EB%8F%84-%EC%A4%91%EA%B5%AD%EC%9D%B4-%EB%A7%8C%EB%93%A0-%ED%95%9C%EA%B5%AD%EB%AC%BC-%ED%81%B0-%EC%9E%A5-%EC%8B%9C%EA%B7%B8%EB%84%90,alt-ok,1824,1248,https://sedaily-mbti-cms-media-dev.s3.us-east-1.amazonaws.com/media/mustknow-auto/20083517-webtoon-cut001.png
https://ailens.sedaily.ai/industry/2026/08/26/2026-08-26-SK%EB%B0%94%EC%9D%B4%EC%98%A4%ED%8C%9C-1-1%EC%A1%B0-%EB%B2%A0%ED%8C%85-%EB%87%8C%EC%A0%84%EC%A6%9D-%EC%8B%A0%EC%95%BD-%EB%B0%9C%EA%B5%B4-%ED%94%8C%EB%9E%AB%ED%8F%BC-%ED%92%88%EC%97%88%EB%8B%A4,alt-ok,1824,1248,https://sedaily-mbti-cms-media-dev.s3.us-east-1.amazonaws.com/media/mustknow-auto/20083499-webtoon-cut001.png
https://ailens.sedaily.ai/industry/2026/08/26/2026-08-26-%EC%A0%80%EC%88%98%EC%9D%B5-%ED%95%9C%EA%B3%84%EA%B8%B0%EC%97%85%EC%97%90-%EB%AA%B0%EB%A6%B0-%EC%A0%95%EC%B1%85%EC%9E%90%EA%B8%88-%EC%84%B1%EA%B3%BC-%EB%82%BC-%EA%B3%B3%EC%97%90-%EB%8D%94-%EC%A4%98%EC%95%BC,alt-ok,1824,1248,https://sedaily-mbti-cms-media-dev.s3.us-east-1.amazonaws.com/media/mustknow-auto/20083345-webtoon-cut001.png
https://ailens.sedaily.ai/industry/2026/08/26/2026-08-26-%ED%98%84%EB%8C%80%EC%B0%A8-2030%EB%85%84%EA%B9%8C%EC%A7%80-%EC%8B%A0%EC%B0%A8-100%EC%A2%85-%EC%B6%9C%EC%8B%9C-%EC%97%B0%EA%B0%84-%EC%83%9D%EC%82%B0-127%EB%A7%8C-%EB%8C%80-%ED%99%95%EB%8C%80,alt-ok,1824,1248,https://sedaily-mbti-cms-media-dev.s3.us-east-1.amazonaws.com/media/mustknow-auto/20083515-webtoon-cut001.png
https://ailens.sedaily.ai/markets/2026/08/26/2026-08-26-7900%EC%96%B5-%EC%9E%90%EC%82%AC%EC%A3%BC-%EC%86%8C%EA%B0%81%EC%97%90%EB%8F%84-%EC%8B%9C%ED%81%B0%EB%91%A5-%EC%8B%9C%EC%B4%9D-4%EC%9C%84-%ED%98%84%EB%8C%80%EC%B0%A8-2-%EB%8C%80-%EC%95%BD%EC%84%B8-%EC%9D%B4%EB%9F%B0%EA%B5%AD%EC%9E%A5-%EC%A0%80%EB%9F%B0%EC%A3%BC%EC%8B%9D,alt-ok,1824,1248,https://sedaily-mbti-cms-media-dev.s3.us-east-1.amazonaws.com/media/mustknow-auto/20083509-webtoon-cut001.png
https://ailens.sedaily.ai/markets/2026/08/26/2026-08-26-%EC%82%BC%EC%84%B1%EC%83%9D%EB%AA%85-9-%EC%82%BC%EC%84%B1%EB%AC%BC%EC%82%B0-5-%EC%83%81%EC%8A%B9-%EC%82%BC%EC%A0%84-110%EC%A1%B0-%ED%99%98%EC%9B%90-%EC%98%81%ED%96%A5-%EC%A4%8D%EC%A4%8D%EB%A6%AC%ED%8F%AC%ED%8A%B8,alt-ok,1824,1248,https://sedaily-mbti-cms-media-dev.s3.us-east-1.amazonaws.com/media/mustknow-auto/20083500-webtoon-cut001.png
https://ailens.sedaily.ai/markets/2026/08/26/2026-08-26-DB%ED%98%95-%EC%88%98%EC%9D%B5%EB%A5%A0-%EB%B6%88%EA%B3%BC-%EC%97%B0-3-5-%EC%9E%84%EA%B8%88%EC%83%81%EC%8A%B9%EB%A5%A0-%EC%9D%B4%EC%83%81%EC%9C%BC%EB%A1%9C-%EC%98%AC%EB%A0%A4%EC%95%BC,alt-ok,1824,1248,https://sedaily-mbti-cms-media-dev.s3.us-east-1.amazonaws.com/media/mustknow-auto/20083413-webtoon-cut001.png
https://ailens.sedaily.ai/markets/2026/08/26/2026-08-26-%ED%9A%8C%EC%9E%A5-%EC%9D%BC%EA%B0%80-%EC%82%AC%EC%9D%B5-%EC%B6%94%EA%B5%AC-%EC%9D%98%ED%98%B9-%EC%98%81%ED%92%8D-MBK-vs-%EA%B3%A0%EB%A0%A4%EC%95%84%EC%97%B0-%EC%A3%BC%EC%B4%9D-%EC%A0%84-%EA%B3%B5%EB%B0%A9-%EA%B2%A9%ED%99%94-%EC%8B%9C%EA%B7%B8%EB%84%90,alt-ok,1824,1248,https://sedaily-mbti-cms-media-dev.s3.us-east-1.amazonaws.com/media/mustknow-auto/20083354-webtoon-cut001.png
https://ailens.sedaily.ai/industry/2026/08/26/2026-08-26-%EB%AA%A8%ED%98%B8%ED%95%9C-%EB%B0%B0%EC%9E%84%EC%A3%84-%EA%B8%B0%EC%97%85-%ED%88%AC%EC%9E%90-%EC%A4%84%EC%9D%B8%EB%8B%A4-%ED%95%9C%EA%B2%BD%ED%98%91-%ED%98%81%EC%8B%A0-%EC%9C%84%EC%B6%95-%EC%9A%B0%EB%A0%A4,alt-ok,1824,1248,https://sedaily-mbti-cms-media-dev.s3.us-east-1.amazonaws.com/media/mustknow-auto/20083417-webtoon-cut001.png
https://ailens.sedaily.ai/markets/2026/08/26/2026-08-26-%ED%95%9C%EA%B5%AD%ED%88%AC%EC%9E%90%EC%A6%9D%EA%B6%8C-%EA%B5%B0%EC%82%B0-AI-%EB%8D%B0%EC%9D%B4%ED%84%B0%EC%84%BC%ED%84%B0-%ED%88%AC%EC%9E%90-PF-%EC%8B%A0%EC%82%AC%EC%97%85-%ED%99%95%EB%8C%80,alt-ok,1824,1248,https://sedaily-mbti-cms-media-dev.s3.us-east-1.amazonaws.com/media/mustknow-auto/20083443-webtoon-cut001.png
https://ailens.sedaily.ai/markets/2026/08/26/2026-08-26-%EC%A4%91%EB%8F%99-%EB%B6%84%EC%9F%81-%EB%93%9C%EB%94%94%EC%96%B4-%EC%99%84%ED%99%94%EB%90%A0%EA%B9%8C-%ED%95%AD%EA%B3%B5-5-%ED%95%B4%EC%9A%B4-6-%ED%9D%AC%EB%B9%84-%EB%A7%88%EC%BC%93%EC%8B%9C%EA%B7%B8%EB%84%90,alt-ok,1824,1248,https://sedaily-mbti-cms-media-dev.s3.us-east-1.amazonaws.com/media/mustknow-auto/20083437-webtoon-cut001.png
https://ailens.sedaily.ai/markets/2026/08/26/2026-08-26-%EC%9E%90%ED%9A%8C%EC%82%AC-%ED%9D%A1%EC%88%98%ED%95%A9%EB%B3%91-SK%EC%9D%B4%EB%85%B8%EB%B2%A0%EC%9D%B4%EC%85%98-%EC%9E%A5-%EC%B4%88%EB%B0%98-15-%EB%8C%80-%EA%B8%89%EB%9D%BD-%EC%9D%B4%EB%9F%B0%EA%B5%AD%EC%9E%A5-%EC%A0%80%EB%9F%B0%EC%A3%BC%EC%8B%9D,alt-ok,1824,1248,https://sedaily-mbti-cms-media-dev.s3.us-east-1.amazonaws.com/media/mustknow-auto/20083373-webtoon-cut001.png
https://ailens.sedaily.ai/news/2026/08/26/2026-08-26-%EB%8B%A4%EB%A5%B8-%EC%A7%80%EC%97%AD-%EC%97%85%EC%B2%B4%EB%8A%94-%EC%95%88%EB%8F%BC-%ED%8F%90%EA%B8%B0%EB%AC%BC-%EC%88%98%EA%B1%B0%EC%8B%9C%EC%9E%A5-%EB%B9%97%EC%9E%A5-%ED%92%80%EB%A6%B0%EB%8B%A4-Pick%EC%BD%94%EB%85%B8%EB%AF%B8,alt-ok,1824,1248,https://sedaily-mbti-cms-media-dev.s3.us-east-1.amazonaws.com/media/mustknow-auto/20083262-webtoon-cut001.png
https://ailens.sedaily.ai/markets/2026/08/26/2026-08-26-%EB%B9%84%EB%B0%94%EB%A6%AC%ED%8D%BC%EB%B8%94%EB%A6%AC%EC%B9%B4-%EC%82%AC%EB%AA%A8%EC%B1%84-330%EC%96%B5-%EC%B6%94%EA%B0%80-%EB%B0%9C%ED%96%89-%EC%98%AC%ED%95%B4%EB%A7%8C-2200%EC%96%B5-%EC%A1%B0%EB%8B%AC-%EC%8B%9C%EA%B7%B8%EB%84%90,alt-ok,1824,1248,https://sedaily-mbti-cms-media-dev.s3.us-east-1.amazonaws.com/media/mustknow-auto/20083080-webtoon-cut001.png
https://ailens.sedaily.ai/markets/2026/08/26/2026-08-26-5%EB%85%84%EC%A7%B8-%EC%98%A4%EB%84%88-%EA%B7%B8%EB%A6%BC%EC%9E%90-%EB%82%A8%EC%96%91%EC%9C%A0%EC%97%85-444%EC%96%B5-%ED%87%B4%EC%A7%81%EA%B8%88-%ED%8C%90%EA%B2%B0-%EB%82%98%EC%98%A8%EB%8B%A4-%EC%8B%9C%EA%B7%B8%EB%84%90,alt-ok,1824,1248,https://sedaily-mbti-cms-media-dev.s3.us-east-1.amazonaws.com/media/mustknow-auto/20083122-webtoon-cut001.png
https://ailens.sedaily.ai/industry/2026/08/26/2026-08-26-%EA%B7%B8%EB%A1%9D3-%EC%88%98%EC%9C%A8-2-3%EB%B0%B0-%EB%9B%B0%EC%97%88%EB%8B%A4-%EC%82%BC%EC%84%B1%ED%8C%8C%EC%9A%B4%EB%93%9C%EB%A6%AC-4%EB%82%98%EB%85%B8-%EA%B2%BD%EC%9F%81%EB%A0%A5-%EC%9E%85%EC%A6%9D,alt-ok,1824,1248,https://sedaily-mbti-cms-media-dev.s3.us-east-1.amazonaws.com/media/mustknow-auto/20083296-webtoon-cut001.png
https://ailens.sedaily.ai/markets/2026/08/26/2026-08-26-%EB%8B%A8%EB%8F%85-%EC%B9%B4%EC%9D%B4%EC%A7%84-1000%EC%96%B5-%EC%A1%B0%EB%8B%AC-%EC%B6%94%EC%A7%84-5%EB%85%84-%EC%B5%9C%EB%8C%80-%EA%B7%9C%EB%AA%A8,alt-ok,1824,1248,https://sedaily-mbti-cms-media-dev.s3.us-east-1.amazonaws.com/media/mustknow-auto/20083093-webtoon-cut001.png
https://ailens.sedaily.ai/markets/2026/08/26/2026-08-26-%EA%B5%AD%EB%AF%BC%EC%97%B0%EA%B8%88-2%EB%85%84%EB%A7%8C%EC%97%90-%EA%B5%AD%EB%82%B4-PEF-%EC%B6%9C%EC%9E%90-%EC%9E%AC%EA%B0%9C-%EC%B6%94%EC%A7%84-%EC%8B%9C%EA%B7%B8%EB%84%90,alt-ok,1824,1248,https://sedaily-mbti-cms-media-dev.s3.us-east-1.amazonaws.com/media/mustknow-auto/20083021-webtoon-cut001.png
https://ailens.sedaily.ai/finance/2026/08/26/2026-08-26-%EC%82%B0%EC%9E%AC%EA%B8%B0%EA%B8%88-PE-%EC%B6%9C%EC%9E%90-GP%EC%97%90-%EC%A0%9C%EB%84%A4%EC%8B%9C%EC%8A%A4-BNW-H-Q-%EC%8B%9C%EA%B7%B8%EB%84%90,alt-ok,1824,1248,https://sedaily-mbti-cms-media-dev.s3.us-east-1.amazonaws.com/media/mustknow-auto/20083196-webtoon-cut001.png
https://ailens.sedaily.ai/markets/2026/08/26/2026-08-26-IPO-%ED%88%AC%EC%8B%AC-%EA%BA%BE%EC%9D%B4%EB%8D%94%EB%8B%88-%EA%B8%89%EA%B8%B0%EC%95%BC-%EA%B3%B5%EB%AA%A8%EA%B0%80-%EC%98%AC%ED%95%B4-%EC%B2%98%EC%9D%8C-%EB%B0%B4%EB%93%9C-%EC%95%84%EB%9E%98%EB%A1%9C-%EC%8B%9C%EA%B7%B8%EB%84%90,alt-ok,1824,1248,https://sedaily-mbti-cms-media-dev.s3.us-east-1.amazonaws.com/media/mustknow-auto/20083221-webtoon-cut001.png
https://ailens.sedaily.ai/industry/2026/08/26/2026-08-25-SK%EC%9D%B4%EB%85%B8-%EB%B6%84%EB%A6%AC%EB%A7%89-%EC%9E%90%ED%9A%8C%EC%82%AC-SKIET-%ED%9D%A1%EC%88%98%ED%95%A9%EB%B3%91,alt-ok,1824,1248,https://sedaily-mbti-cms-media-dev.s3.us-east-1.amazonaws.com/media/mustknow-auto/20083154-webtoon-cut001.png
https://ailens.sedaily.ai/industry/2026/08/26/2026-08-25-SK%ED%95%98%EC%9D%B4%EB%8B%89%EC%8A%A4-%EB%85%B8%EC%A1%B0-%EC%84%B1%EA%B3%BC%EA%B8%89-%EC%9E%90%EC%82%AC%EC%A3%BC-%EC%A7%80%EA%B8%89-%ED%95%A9%EC%9D%98%EC%95%88-%EB%B6%80%EA%B2%B0-%EC%9E%84%EB%8B%A8%ED%98%91-%EB%8B%A4%EC%8B%9C-%EC%95%88%EA%B0%AF%EC%86%8D,alt-ok,1824,1248,https://sedaily-mbti-cms-media-dev.s3.us-east-1.amazonaws.com/media/mustknow-auto/20082857-webtoon-cut001.png
https://ailens.sedaily.ai/markets/2026/08/25/2026-08-25-%EC%A0%84%EB%AC%B8%EA%B0%80-79-8%EC%9B%94-%EA%B8%88%ED%86%B5%EC%9C%84-%EA%B8%88%EB%A6%AC-%EB%8F%99%EA%B2%B0-%EC%B1%84%EA%B6%8C%EC%8B%9C%EC%9E%A5-%EC%8B%AC%EB%A6%AC-%EC%86%8C%ED%8F%AD-%ED%9A%8C%EB%B3%B5,alt-ok,1824,1248,https://sedaily-mbti-cms-media-dev.s3.us-east-1.amazonaws.com/media/mustknow-auto/20083044-webtoon-cut001.png
https://ailens.sedaily.ai/news/2026/08/25/2026-08-25-%EC%9E%A5%EB%A1%80%EC%8B%9D%EC%9E%A5%EC%97%90-%EA%B3%BC%EC%9D%BC-%EC%A3%BC%EB%A5%98-%EB%B0%98%EC%9E%85-%EA%B0%80%EB%8A%A5%ED%95%B4%EC%A7%84%EB%8B%A4-%ED%99%94%ED%99%98%EB%8F%84-%EC%9C%A0%EC%A1%B1-%EC%86%8C%EC%9C%A0%EB%A1%9C,alt-ok,1824,1248,https://sedaily-mbti-cms-media-dev.s3.us-east-1.amazonaws.com/media/mustknow-auto/20083204-webtoon-cut001.png
https://ailens.sedaily.ai/international/2026/08/25/2026-08-25-%EB%AF%B8%EA%B5%AD%EC%84%9C-%EC%9D%BC%ED%95%98%EA%B3%A0-%EC%8B%B6%EB%8B%A4%EA%B3%A0-1%EC%96%B54000%EB%A7%8C%EC%9B%90-%EB%82%B4%EB%9D%BC-%EC%99%B8%EA%B5%AD%EC%9D%B8-%EB%B9%84%EC%9E%90-%EB%AC%B8%ED%84%B1-%EB%8D%94-%EB%86%92%EC%9D%B8%EB%8B%A4,alt-ok,1824,1248,https://sedaily-mbti-cms-media-dev.s3.us-east-1.amazonaws.com/media/mustknow-auto/20083258-webtoon-cut001.png
https://ailens.sedaily.ai/international/2026/08/25/2026-08-25-%ED%8A%B8%EB%9F%BC%ED%94%84-%EA%B8%B0%EC%96%B4%EC%9D%B4-%EC%A0%84%EB%AC%B8%EC%A7%81-%EB%B9%84%EC%9E%90-1-4%EC%96%B5%EC%9B%90-%EC%B2%AD%EA%B5%AC%EC%84%9C-%EA%B0%95%ED%96%89,alt-ok,1824,1248,https://sedaily-mbti-cms-media-dev.s3.us-east-1.amazonaws.com/media/mustknow-auto/20083193-webtoon-cut001.png
https://ailens.sedaily.ai/markets/2026/08/25/2026-08-25-%EB%B0%98%EB%8F%84%EC%B2%B4%EC%A3%BC-%EA%B8%89%EB%9D%BD%EC%97%90-%EC%82%BC%EC%84%B1%EC%A0%84%EC%9E%90-SK%ED%95%98%EC%9D%B4%EB%8B%89%EC%8A%A4-3-4-%EC%BD%94%EC%8A%A4%ED%94%BC-3-%EB%8C%80-%ED%95%98%EB%9D%BD-%EC%9D%B4%EB%9F%B0%EA%B5%AD%EC%9E%A5-%EC%A0%80%EB%9F%B0%EC%A3%BC%EC%8B%9D,alt-ok,1824,1248,https://sedaily-mbti-cms-media-dev.s3.us-east-1.amazonaws.com/media/mustknow-auto/20082854-webtoon-cut001.png
https://ailens.sedaily.ai/news/2026/08/24/2026-08-24-%EC%86%8D%EB%B3%B4-%EB%8C%80%ED%86%B5%EB%A0%B9-%EC%A0%95%EC%84%B1%ED%98%B8-%EB%B2%95%EB%AC%B4%EC%9E%A5%EA%B4%80-%EC%82%AC%ED%91%9C-%EC%88%98%EB%A6%AC,alt-ok,1824,1248,https://sedaily-mbti-cms-media-dev.s3.us-east-1.amazonaws.com/media/mustknow-auto/20082617-webtoon-cut001.png
https://ailens.sedaily.ai/news/2026/08/24/2026-08-24-%EB%8C%80%ED%86%B5%EB%A0%B9-%ED%8A%B9%EB%B3%84%EA%B0%90%EC%B0%B0%EA%B4%80%EC%97%90-%EC%B6%94%EC%B2%9C-%EC%B5%9C%EA%B8%B8%EC%88%98-%EC%A7%80%EB%AA%85,alt-ok,1824,1248,https://sedaily-mbti-cms-media-dev.s3.us-east-1.amazonaws.com/media/mustknow-auto/20082696-webtoon-cut001.png
https://ailens.sedaily.ai/news/2026/08/24/2026-08-24-%EC%97%B0%EB%9D%BD%EB%90%90%EB%8B%A4-%EC%9D%B4%EB%9F%AC%EA%B3%A0-%ED%97%88%EC%9C%84-%EC%A2%85%EA%B2%B0%ED%95%9C-%EA%B2%BD%EC%B0%B0-%EA%B2%B0%EA%B5%AD-%EC%8B%A4%EC%A2%85-%EC%82%AC%EA%B1%B4-9%EB%A7%8C2800%EA%B1%B4-%EB%8B%A4%EC%8B%9C-%EB%B3%B8%EB%8B%A4,alt-ok,1824,1248,https://sedaily-mbti-cms-media-dev.s3.us-east-1.amazonaws.com/media/mustknow-auto/20082562-webtoon-cut001.png
https://ailens.sedaily.ai/international/2026/08/24/2026-08-24-%ED%98%84%EC%A7%81-%EB%8C%80%ED%86%B5%EB%A0%B9-%EC%B5%9C%EC%B4%88-%EC%9D%80%ED%96%89-%EC%84%A4%EB%A6%BD-%EB%82%98%EC%84%9C%EB%8A%94-%ED%8A%B8%EB%9F%BC%ED%94%84-%EC%9D%BC%EA%B0%80-%EC%9D%B4%ED%95%B4%EC%B6%A9%EB%8F%8C-%EC%96%B4%EB%94%94%EA%B9%8C%EC%A7%80-%EA%B0%80%EB%82%98,alt-ok,1824,1248,https://sedaily-mbti-cms-media-dev.s3.us-east-1.amazonaws.com/media/mustknow-auto/20082512-webtoon-cut001.png
https://ailens.sedaily.ai/industry/2026/08/24/2026-08-24-%EB%B9%85%ED%85%8C%ED%81%AC-%EC%9A%94%EC%B2%AD%EC%97%90-LS%EC%A0%84%EC%84%A0-%EC%9C%A0%EB%9F%BD%EC%97%90-%EA%B3%B5%EC%9E%A5,alt-ok,1824,1248,https://sedaily-mbti-cms-media-dev.s3.us-east-1.amazonaws.com/media/frontpage-auto/20082291-webtoon-cut001.png
https://ailens.sedaily.ai/news/2026/08/23/2026-08-23-%EA%B8%88%EB%A6%AC-%EC%9D%B4%EB%8B%AC-%EC%97%B0%EC%86%8D-%EC%9D%B8%EC%83%81%ED%95%98%EB%82%98-%EA%B5%AD%EC%B1%84%EA%B8%88%EB%A6%AC-%EA%B8%89%EB%93%B1%EC%97%90-%EC%8B%A0%EC%A4%91%EB%A1%A0%EB%8F%84,alt-ok,1824,1248,https://sedaily-mbti-cms-media-dev.s3.us-east-1.amazonaws.com/media/mustknow-auto/20082324-webtoon-cut001.png
https://ailens.sedaily.ai/finance/2026/08/23/2026-08-23-%EC%9D%80%ED%96%89-%EC%83%81%EB%B0%98%EA%B8%B0%EC%97%90-14%EC%A1%B0-%EB%B2%8C%EC%97%88%EB%8B%A4-%EC%9D%B4%EC%9E%90%EC%9D%B4%EC%9D%B5%EB%A7%8C-32%EC%A1%B0,alt-ok,1824,1248,https://sedaily-mbti-cms-media-dev.s3.us-east-1.amazonaws.com/media/mustknow-auto/20082229-webtoon-cut001.png
https://ailens.sedaily.ai/international/2026/08/23/2026-08-22-2030%EB%85%84%EC%97%94-%EC%9A%B0%EC%A3%BC%EC%84%A0-1000%ED%9A%8C-%EB%B0%9C%EC%82%AC-%ED%8A%B8%EB%9F%BC%ED%94%84-%EC%9A%B0%EC%A3%BC-%EC%88%98%EC%86%A1-%EA%B0%81%EC%84%9C%EC%97%90-%EC%84%9C%EB%AA%85,alt-ok,1536,1024,https://sedaily-mbti-cms-media-dev.s3.us-east-1.amazonaws.com/media/mustknow-auto/20082028-webtoon-cut001.png
https://ailens.sedaily.ai/property/2026/08/22/2026-08-22-%EA%B7%9C%EC%A0%9C-%EC%99%84%ED%99%94%EC%97%90-%EB%A6%AC%EB%AA%A8%EB%8D%B8%EB%A7%81-%EA%BF%88%ED%8B%80-%EC%A3%BC%ED%83%9D%EA%B3%B5%EA%B8%89-%EC%88%A8%EC%9D%80-%ED%95%9C-%EC%B6%95-%EC%9C%BC%EB%A1%9C-%EB%B6%80%EC%83%81-%EC%A7%91%EC%8A%90%EB%9E%AD,alt-ok,1536,1024,https://sedaily-mbti-cms-media-dev.s3.us-east-1.amazonaws.com/media/mustknow-auto/20081958-webtoon-cut001.png
https://ailens.sedaily.ai/news/2026/08/22/2026-08-22-%EA%B9%80%EA%B1%B4%ED%9D%AC-%EB%B4%90%EC%A3%BC%EA%B8%B0-%EC%96%91%ED%8F%89%EA%B3%A0%EC%86%8D-%EC%9D%98%ED%98%B9-%EB%81%9D%EB%82%B4-%EA%B8%B0%EC%86%8C-%EB%AA%BB%ED%95%9C-%EC%A2%85%ED%95%A9%ED%8A%B9%EA%B2%80-%EC%84%9C%EC%B4%88%EB%8F%99-%EC%95%BC%EB%8B%A8%EB%B2%95%EC%84%9D,alt-ok,1536,1024,https://sedaily-mbti-cms-media-dev.s3.us-east-1.amazonaws.com/media/mustknow-auto/20082060-webtoon-cut001.png
https://ailens.sedaily.ai/finance/2026/08/22/2026-08-22-%EC%82%BC%EC%84%B1%EC%A0%84%EC%9E%90-110%EC%A1%B0%EC%9B%90-%EC%A3%BC%EC%A3%BC%ED%99%98%EC%9B%90-%EC%97%AD%EB%8C%80-%EC%B5%9C%EB%8C%80-%EA%B7%9C%EB%AA%A8,alt-ok,1536,1024,https://sedaily-mbti-cms-media-dev.s3.us-east-1.amazonaws.com/media/mustknow-auto/20082090-webtoon-cut001.png
https://ailens.sedaily.ai/international/2026/08/22/2026-08-22-%ED%8A%B8%EB%9F%BC%ED%94%84-%EC%8A%A4%ED%86%A1%EC%BB%A4-%EB%B0%94%EC%9D%B4%EB%B0%B1-%EB%95%9C%EC%A7%88-%EC%86%8C%EC%9A%A9%EC%97%86%EB%8A%94-%EC%A3%BC%EB%8B%B4%EB%8C%80%EC%97%90-%ED%91%9C%EC%8B%AC-%EA%B3%A8%EC%B9%98,alt-ok,1536,1024,https://sedaily-mbti-cms-media-dev.s3.us-east-1.amazonaws.com/media/mustknow-auto/20081637-webtoon-cut001.png
https://ailens.sedaily.ai/markets/2026/08/22/2026-08-22-%EC%83%81%EB%B2%95%EA%B0%9C%EC%A0%95-%ED%9B%84%EC%9C%A0%EC%A6%9D-%EC%9C%A0%EC%83%81%EC%A6%9D%EC%9E%90-%EC%B2%A0%ED%9A%8C-2%EB%B0%B0-%EB%8A%98%EC%97%88%EB%8B%A4-%EC%8B%9C%EA%B7%B8%EB%84%90,alt-ok,1536,1024,https://sedaily-mbti-cms-media-dev.s3.us-east-1.amazonaws.com/media/frontpage-auto/20081943-webtoon-cut001.png
https://ailens.sedaily.ai/industry/2026/08/21/2026-08-20-%EC%A0%95%EC%9D%98%EC%84%A0-%EA%B0%80%EA%B2%A9-%EC%95%84%EB%8B%8C-%EA%B0%80%EC%B9%98%EB%A1%9C-%EB%9F%AD%EC%85%94%EB%A6%AC-%EB%AA%A8%EB%B9%8C%EB%A6%AC%ED%8B%B0-%EC%9E%AC%EC%A0%95%EC%9D%98,alt-ok,1536,1024,https://sedaily-mbti-cms-media-dev.s3.us-east-1.amazonaws.com/media/2026/08/lens-gv90-webtoon-cut001.png
https://ailens.sedaily.ai/news/2026/08/21/home-player-podcast-5,no-alt,,,
https://ailens.sedaily.ai/news/2026/08/21/home-player-podcast-3,no-alt,,,
https://ailens.sedaily.ai/news/2026/08/21/home-player-podcast-4,no-alt,,,
https://ailens.sedaily.ai/news/2026/08/16/2026-08-16-Korea-Post-Halves-Household-Lending-as-Samsung-Life-Fire-Post-Record,no-alt,,,
https://ailens.sedaily.ai/news/2026/08/16/2026-08-16-Seoul-Adds-100-000-Homes-Samsung-Locks-In-Genesis-Battery-Deal-August,no-alt,,,
https://ailens.sedaily.ai/news/2026/08/14/2026-08-14-%EC%9D%B4%EB%9E%80-%EB%AC%BC%EA%B0%80-3%EA%B0%9C%EC%9B%94%EC%A7%B8-80-%EA%B8%B0%EC%97%85%EB%93%A4-%EC%99%B8%EC%83%81-%ED%8C%90%EB%A7%A4-%ED%99%95%EC%82%B0,no-alt,,,
https://ailens.sedaily.ai/news/2026/08/14/2026-08-14-%ED%8E%B8%EC%9D%98%EC%A0%90-%EB%9D%BC%EB%A9%B4%EC%9C%BC%EB%A1%9C-%ED%95%9C-%EB%81%BC-%EB%8C%80%EC%B6%A9-%EB%95%8C%EC%9A%B0%EA%B3%A0-%EB%B0%A5%EA%B0%92-%EB%AC%B4%EC%84%9C%EC%9B%8C-%EC%B9%9C%EA%B5%AC%EB%8F%84-%EC%95%88-%EB%A7%8C%EB%82%98%EC%9A%94,no-alt,,,
https://ailens.sedaily.ai/news/2026/08/14/2026-08-14-%EC%9C%A0%EA%B0%80-%ED%95%98%EB%9D%BD%EC%97%90-%EB%8F%84%EB%A7%A4%EB%AC%BC%EA%B0%80%EB%8F%84-%EC%99%84%ED%99%94-S-P500-%EC%B5%9C%EA%B3%A0%EC%B9%98-%EB%98%90-%EA%B2%BD%EC%8B%A0,no-alt,,,
https://ailens.sedaily.ai/news/2026/08/14/2026-08-14-%EC%82%BC%EC%84%B1%EC%A0%84%EC%9E%90-%EC%95%A0%ED%94%8C%EB%8F%84-AI-%EC%95%88%EA%B2%BD-%EC%B6%9C%EC%82%AC%ED%91%9C-%EB%8D%98%EC%A1%8C%EB%8A%94%EB%8D%B0-%EC%A0%90%EC%A0%90-%EC%BB%A4%EC%A7%80%EB%8A%94-%EC%82%AC%EB%B2%95-%EB%A6%AC%EC%8A%A4%ED%81%AC,no-alt,,,
https://ailens.sedaily.ai/news/2026/08/14/2026-08-14-%EC%98%AC%ED%95%B4-%EA%B0%80%EA%B3%84%EB%8C%80%EC%B6%9C-%EA%B3%B5%EA%B8%89-%EC%97%AC%EB%A0%A5-30%E5%85%86-%EC%A6%9D%EC%95%A1-%EC%A3%BC%ED%83%9D%EA%B8%88%EC%9C%B5-%EC%88%A8%ED%86%B5,no-alt,,,
https://ailens.sedaily.ai/news/2026/08/14/2026-08-14-%EC%86%8D%EB%B3%B4-%ED%8A%B8%EB%9F%BC%ED%94%84-%EC%99%B8%EA%B5%AD-%EC%A1%B0%EC%84%A0%EC%86%8C%EC%84%9C-%ED%95%A8%EC%A0%95-2%EC%B2%99%EA%B9%8C%EC%A7%80-%EA%B1%B4%EC%A1%B0-%EC%A1%B0%EA%B1%B4%EB%B6%80-%ED%97%88%EC%9A%A9,no-alt,,,
https://ailens.sedaily.ai/news/2026/08/14/2026-08-14-%ED%80%B8-%EC%97%98%EB%A6%AC%EC%9E%90%EB%B2%A0%EC%8A%A4-%EC%9A%B0%EC%8A%B9%EC%9E%90-%ED%8C%8C%EA%B0%80%EB%85%B8-%EC%A0%84%EC%84%A4%EC%9D%98-%EC%B9%B4%EC%9E%98%EC%8A%A4-%EB%93%A4%EA%B3%A0-%EB%82%B4%ED%95%9C,no-alt,,,
https://ailens.sedaily.ai/news/2026/08/14/2026-08-14-%EA%B5%AC%EA%B8%80-%EA%B2%80%EC%83%89%EC%97%90-%EC%83%98-%EC%98%AC%ED%8A%B8%EB%A8%BC-%EC%98%A4%ED%94%88AI-CEO-%EC%82%AC%EB%A7%9D-%EC%98%A4%EB%A5%98-%EC%86%8C%EB%8F%99,no-alt,,,
https://ailens.sedaily.ai/news/2026/08/14/2026-08-14-%EB%85%B8%ED%8B%B8%EB%9F%AC%EC%8A%A4-%EA%B4%80%EC%84%B8-52-5-%ED%8F%AC%EB%93%9C-2030%EB%85%84%EB%B6%80%ED%84%B0-%E4%B8%AD-%EC%83%9D%EC%82%B0-%EC%A0%91%EA%B3%A0-%E7%BE%8E%EB%A1%9C,no-alt,,,
https://ailens.sedaily.ai/news/2026/08/14/2026-08-14-%EB%AF%B8%EA%B5%AD%E7%99%BC-%EB%B0%98%EB%8F%84%EC%B2%B4-%EB%9E%A0%EB%A6%AC%EC%97%90-%EC%82%BC%EC%84%B1%EA%B7%B8%EB%A3%B9-%EC%8B%9C%EC%B4%9D-2000%EC%A1%B0-%ED%83%88%ED%99%98,no-alt,,,
https://ailens.sedaily.ai/news/2026/08/14/2026-08-14-%EC%B9%B4%EC%B9%B4%EC%98%A4%EB%A7%B5-%EB%8F%85%EB%8F%84-%EC%9D%B8%EC%A6%9D-%EB%95%90-815%EC%9B%90-%EA%B8%B0%EB%B6%80-%EA%B4%91%EB%B3%B5%EC%A0%88-%EC%BA%A0%ED%8E%98%EC%9D%B8-%EC%A7%84%ED%96%89,no-alt,,,
https://ailens.sedaily.ai/news/2026/08/14/2026-08-14-%EB%8C%80%EB%8F%99%EA%B7%B8%EB%A3%B9-%EB%A0%88%EC%9D%B8%EB%B3%B4%EC%9A%B0%EB%A1%9C%EB%B3%B4%ED%8B%B1%EC%8A%A4%EC%99%80-%EB%86%8D%EC%97%85-%EB%A1%9C%EB%B4%87-%EC%95%A0%EA%B7%B8%EB%A1%9C%EC%9D%B4%EB%93%9C-%EA%B3%B5%EB%8F%99-%EA%B0%9C%EB%B0%9C-%EC%B6%94%EC%A7%84,no-alt,,,
https://ailens.sedaily.ai/news/2026/08/14/2026-08-14-%ED%99%98%EC%9C%A8-%EC%9C%A0%EA%B0%80-%ED%95%98%EB%9D%BD%EC%97%90-%EC%88%98%EC%9E%85%EB%AC%BC%EA%B0%80-2%EA%B0%9C%EC%9B%94%EC%A7%B8-%ED%95%98%EB%9D%BD-%EC%88%98%EC%B6%9C%EB%AC%BC%EA%B0%80%EB%8A%94-28%EB%85%84%EB%A7%8C-%EC%B5%9C%EA%B3%A0%ED%8F%AD,no-alt,,,
https://ailens.sedaily.ai/news/2026/08/14/2026-08-14-%EB%B0%B1%EC%95%85%EA%B4%80-%E4%B8%AD-%EB%9D%BC%EB%B2%A8%EA%B0%88%EC%9D%B4%EB%A1%9C-%EA%B4%80%EC%84%B8-%ED%9A%8C%ED%94%BC-%EA%B2%BD%EA%B8%B0%EB%8F%84-%EB%B0%98%EB%8F%84%EC%B2%B4-%EB%B2%A8%ED%8A%B8-%EC%A7%80%EB%AA%A9,no-alt,,,
https://ailens.sedaily.ai/news/2026/08/14/2026-08-14-%ED%98%84%EB%8C%80%EC%B0%A8-%EC%82%BC%EC%84%B1-%EC%83%9D%EC%A1%B4-%EB%8F%99%EB%A7%B9-%EC%98%81%EC%97%AD-%ED%99%95%EC%9E%A5-%EB%B0%B0%ED%84%B0%EB%A6%AC-%EC%9E%90%EC%9C%A8%EC%A3%BC%ED%96%89%EC%B9%A9-IoT-%EB%A1%9C%EB%B4%87%EA%B9%8C%EC%A7%80,no-alt,,,
https://ailens.sedaily.ai/news/2026/08/13/2026-08-13-4%EC%96%B5-%EB%B9%84%EC%95%84%ED%8C%8C%ED%8A%B8-%EC%B2%AD%EB%85%84-%EC%A0%95%EC%B1%85%EB%8C%80%EC%B6%9C%EC%97%90-%EC%98%A4%ED%94%BC%EC%8A%A4%ED%85%94%EB%A7%8C-%EC%82%AC%EB%9D%BC%EB%8A%94-%EA%B1%B0%EB%83%90-%EB%83%89%EB%8B%B4,no-alt,,,
https://ailens.sedaily.ai/news/2026/08/13/2026-08-13-%E6%9D%8E%EB%8C%80%ED%86%B5%EB%A0%B9-%EC%84%A0%ED%83%9D%EC%A0%81-%EB%AA%A8%EB%B3%91%EC%A0%9C-%EB%8F%84%EC%9E%85-%EB%82%B4%EB%85%84-%EC%A0%9C%EB%8F%84-%EC%8B%9C%ED%96%89-%EC%98%88%EC%A0%95,no-alt,,,
https://ailens.sedaily.ai/news/2026/08/13/2026-08-13-%EC%B2%A0%EA%B0%95-%EC%84%9D%ED%99%94-AI-%EB%B0%98%EB%8F%84%EC%B2%B4-%ED%8A%B9%EC%88%98%EB%A1%9C-%EB%B6%88%ED%99%A9-%EB%9A%AB%EC%97%88%EB%8B%A4,no-alt,,,
https://ailens.sedaily.ai/news/2026/08/13/2026-08-13-%EC%82%BC%EC%84%B1%EC%83%9D%EB%AA%85-%ED%99%94%EC%9E%AC-%EC%8B%A4%EC%A0%81-%EB%82%A0%EC%95%98%EB%8B%A4-%EB%82%98%EB%9E%80%ED%9E%88-%EC%83%81%EB%B0%98%EA%B8%B0-%EC%B5%9C%EB%8C%80-%EC%88%9C%EC%9D%B5,no-alt,,,
https://ailens.sedaily.ai/news/2026/08/13/2026-08-13-%ED%95%B4%EC%B9%98%ED%85%8D-%EC%B2%AD%EC%95%BD-%EA%B2%BD%EC%9F%81%EB%A5%A0-25%EB%8C%80-1-%EC%A6%9D%EA%B1%B0%EA%B8%88-739%EC%96%B5-%EC%9C%A0%EC%9E%85,no-alt,,,
https://ailens.sedaily.ai/news/2026/08/13/2026-08-13-%EC%8A%A4%ED%8E%98%EC%9D%B4%EC%8A%A4X-%EA%B7%B8%EB%A1%9D-%EC%9E%AC%ED%8F%89%EA%B0%80%EC%97%90-%EC%9A%B0%EC%A3%BCETF%EB%8F%84-%EB%96%B4%EB%8B%A4,no-alt,,,
https://ailens.sedaily.ai/news/2026/08/13/2026-08-12-N-%EC%84%B1%EA%B3%BC%EA%B8%89-%EB%85%BC%EB%9E%80-%EC%82%BC%EC%A0%84%ED%95%98%EB%8B%89-%EB%85%B8%EC%A1%B0-%EB%AD%89%EC%B9%9C%EB%8B%A4,no-alt,,,
https://ailens.sedaily.ai/news/2026/08/13/2026-08-12-%EC%B2%AD%EA%B3%84%EC%B2%9C%EC%84%9C-%EC%BA%94%EB%A7%A5%EC%A3%BC-%EB%A7%88%EC%8B%9C%EB%A9%B4-%EA%B3%BC%ED%83%9C%EB%A3%8C-10%EB%A7%8C%EC%9B%90,no-alt,,,
https://ailens.sedaily.ai/news/2026/08/13/2026-08-12-%ED%98%81%EC%8B%A0-%EB%AF%B8%EB%A3%AC-%EC%9C%A0%EB%9F%BD%E8%BB%8A-%EC%82%BC%ED%82%A4%EB%8A%94-%E4%B8%AD-%EA%B3%B5%EA%B8%89%EB%A7%9D-%ED%88%AC%EC%9E%90-2-5%EB%B0%B0-%EB%8A%98%EB%A0%B8%EB%8B%A4,no-alt,,,
https://ailens.sedaily.ai/news/2026/08/13/2026-08-13-UCL-%EC%9A%B0%EC%8A%B9%ED%8C%80-PSG-UEL-%EC%9A%B0%EC%8A%B9-%EC%95%A0%EC%8A%A4%ED%84%B4-%EB%B9%8C%EB%9D%BC-%EC%A0%9C%EC%95%95-%EC%8A%88%ED%8D%BC%EC%BB%B5-2%EC%97%B0%ED%8C%A8,no-alt,,,
https://ailens.sedaily.ai/news/2026/08/13/2026-08-13-%EC%82%BC%EC%A0%84-%EB%8C%80%EC%8B%A0-%EC%82%BC%EC%84%B1%EC%A0%84%EA%B8%B0-%EB%AA%A8%EA%B1%B4%EC%8A%A4%ED%83%A0%EB%A6%AC-%ED%86%B1%ED%94%BD-%EA%B5%90%EC%B2%B4-%EB%AA%A9%ED%91%9C%EA%B0%80-262%EB%A7%8C-%EC%9B%90%EC%9C%BC%EB%A1%9C,no-alt,,,
https://ailens.sedaily.ai/news/2026/08/13/2026-08-12-%EC%84%9C%EC%9A%B8%EC%8B%9C-%EC%A3%BC%EB%A7%90-%EA%B3%B5%ED%9C%B4%EC%9D%BC-%ED%95%9C%EA%B0%95%EB%B2%84%EC%8A%A4-%EC%9A%94%EA%B8%88-%EC%9D%B8%EC%83%81-%EA%B2%80%ED%86%A0-%EB%AC%B4%EB%A3%8C-%EC%85%94%ED%8B%80%EC%9D%80-%EC%A2%85%EB%A3%8C,no-alt,,,
https://ailens.sedaily.ai/news/2026/08/13/2026-08-13-%EA%B0%80%EC%9D%84-%EB%82%A0%EC%94%A8-%EB%84%88%EB%AC%B4-%EC%A2%8B%EC%95%84-%ED%96%88%EB%8A%94%EB%8D%B0-%ED%83%9C%ED%92%8D-13%EA%B0%9C-%EB%82%A8%EC%95%98%EB%8B%A4-%EC%95%84%EC%8B%9C%EC%95%84%EC%97%90-%EC%97%AD%EB%8C%80%EA%B8%89-%ED%83%9C%ED%92%8D-%EC%8B%9C%EC%A6%8C-%EC%98%A8%EB%8B%A4,no-alt,,,
https://ailens.sedaily.ai/news/2026/08/13/2026-08-12-%EC%98%A4%EB%8A%98-%EB%B0%A4-%EB%B3%84%EB%98%A5%EB%B3%84-%EC%8B%9C%EA%B0%84%EB%8B%B9-100%EA%B0%9C-%EC%8F%9F%EC%95%84%EC%A7%91%EB%8B%88%EB%8B%A4,no-alt,,,
https://ailens.sedaily.ai/news/2026/08/13/2026-08-12-%EA%B8%B0%EC%95%84-6%EB%85%84-%EB%A7%8C%EC%97%90-%ED%8C%8C%EC%97%85-%EC%9C%84%EA%B8%B0-%ED%98%84%EB%8C%80%EC%B0%A8%EA%B7%B8%EB%A3%B9-%ED%95%98%ED%88%AC-%EB%B9%84%EC%83%81,no-alt,,,
https://ailens.sedaily.ai/news/2026/08/13/2026-08-13-%EC%A0%95%EA%B8%B0%EC%84%A0-%EB%B9%8C%EA%B2%8C%EC%9D%B4%EC%B8%A0-SMR-%EA%B9%90%EB%B6%80-7%EA%B0%9C%EC%9B%94-%EB%A7%8C%EC%97%90-%EB%8B%A4%EC%8B%9C-%EB%A7%8C%EB%82%9C%EB%8B%A4,no-alt,,,
https://ailens.sedaily.ai/news/2026/08/13/2026-08-12-%EA%B9%80%EC%8A%B9%EC%97%B0-%ED%95%9C%ED%99%94-%ED%9A%8C%EC%9E%A5-%EC%9E%84%EC%A7%81%EC%9B%90-6-9%EB%A7%8C-%EB%AA%85%EC%97%90-%EB%B3%B4%EC%96%91%EC%8B%9D-%EC%84%A0%EB%AC%BC,no-alt,,,
https://ailens.sedaily.ai/news/2026/08/13/2026-08-12-%EB%84%A5%EC%8A%A8-PC-%EC%98%A4%EB%B2%84%EC%9B%8C%EC%B9%98-%EA%B5%AD%EB%82%B4-%EC%84%9C%EB%B9%84%EC%8A%A4-%EC%8B%A4%EC%8B%9C,no-alt,,,
https://ailens.sedaily.ai/news/2026/08/13/2026-08-12-%EC%82%BC%EC%A0%84%EB%8B%89%EC%8A%A4-7-%EB%8C%80-%EA%B8%89%EB%93%B1-%EC%BD%94%EC%8A%A4%ED%94%BC-23%EB%B2%88%EC%A7%B8-%EB%A7%A4%EC%88%98-%EC%82%AC%EC%9D%B4%EB%93%9C%EC%B9%B4,no-alt,,,
https://ailens.sedaily.ai/news/2026/08/13/2026-08-12-%ED%95%98%EB%82%98%EC%B9%B4%EB%93%9C-%EB%82%98%EB%9D%BC%EC%82%AC%EB%9E%91%EC%B9%B4%EB%93%9C-%EA%B4%91%EB%B3%B5%EC%A0%88-%EB%A7%9E%EC%95%84-%EC%9D%B4%EB%B2%A4%ED%8A%B8,no-alt,,,
https://ailens.sedaily.ai/news/2026/08/13/2026-08-12-%EC%84%B1%EA%B3%BC%EA%B8%89-%EC%A3%BC%EC%8B%9D-%EB%A7%90%EA%B3%A0-%ED%98%84%EA%B8%88%EC%9C%BC%EB%A1%9C-%EB%8B%AC%EB%9D%BC-1%EB%A7%8C8000%EB%AA%85-%EB%AA%A8%EC%9C%BC%EB%8A%94-SK%ED%95%98%EC%9D%B4%EB%8B%89%EC%8A%A4-%EC%83%88-%EB%85%B8%EC%A1%B0-%EB%9C%AC%EB%8B%A4,no-alt,,,
https://ailens.sedaily.ai/news/2026/08/13/2026-08-12-%EC%B9%B4%EB%93%9C%EB%B9%9A-%EB%82%B4%EA%B3%A0-%EC%A7%80%EC%9D%B8%EC%97%90%EA%B2%8C-%EC%86%90-%EB%B2%8C%EB%A0%A4-%EC%83%9D%ED%99%9C%EB%B9%84-%EB%8C%80%EB%8A%94-%E7%BE%8E-%EA%B0%80%EC%A0%95%EB%93%A4,no-alt,,,
https://ailens.sedaily.ai/news/2026/08/13/2026-08-12-%EC%82%B4-%EB%B9%BC%EB%A0%A4%EA%B3%A0-%EB%A8%B9%EC%97%88%EB%8A%94%EB%8D%B0-%EC%B2%B4%EC%A7%80%EB%B0%A9-%ED%8F%AD%ED%83%84-%EB%8B%A4%EC%9D%B4%EC%96%B4%ED%8A%B8-%EC%8B%9D%EB%8B%A8-%EB%92%A4%ED%9D%94%EB%93%A0-%EC%9D%B4-%EC%8B%9D%ED%92%88,no-alt,,,
https://ailens.sedaily.ai/news/2026/08/13/2026-08-13-%ED%95%9C%EA%B0%95%EC%97%90-8m-%EB%B6%89%EC%9D%80-%EA%B8%B0%EB%A6%B0%EC%9D%B4-%EC%98%A8%EB%8B%A4-%EC%84%9C%EC%9A%B8%EA%B1%B0%EB%A6%AC%EC%98%88%EC%88%A0%EC%B6%95%EC%A0%9C-9%EC%9B%94-%EA%B0%9C%EB%A7%89,no-alt,,,
https://ailens.sedaily.ai/news/2026/08/13/2026-08-12-%EC%9B%94%EA%B0%80-%EB%92%A4%ED%9D%94%EB%93%A0-25%EC%84%B8-%EC%B2%9C%EC%9E%AC%EA%B0%80-%EC%93%B8%EC%96%B4%EB%8B%B4%EC%9D%80-%EC%9D%B4-%EC%A2%85%EB%AA%A9,no-alt,,,
https://ailens.sedaily.ai/news/2026/08/13/2026-08-13-%ED%98%84%EB%8C%80%EC%B0%A8-%ED%9A%8C%EC%9E%A5%EC%9D%B4-%EC%A7%81%EC%A0%91-%EC%BD%94%EB%94%A9-%EA%B3%B5%EB%B6%80%ED%95%9C-%EC%9D%B4%EC%9C%A0-IT%EA%B8%B0%EC%97%85%EB%B3%B4%EB%8B%A4-%EB%8D%94-IT%EA%B8%B0%EC%97%85-%EA%B0%99%EA%B2%8C,no-alt,,,
https://ailens.sedaily.ai/news/2026/08/13/2026-08-12-%E5%8C%97-%ED%95%9C%EB%AF%B8%ED%9B%88%EB%A0%A8-%EC%95%9E%EB%91%90%EA%B3%A0-6%EC%9D%BC%EB%A7%8C%EC%97%90-%EB%98%90-%ED%83%84%EB%8F%84%EB%AF%B8%EC%82%AC%EC%9D%BC-700km-%EC%9D%B4%EC%83%81-%EB%B9%84%ED%96%89,no-alt,,,
https://ailens.sedaily.ai/news/2026/08/13/2026-08-13-AI%EA%B0%80-BTS%EB%8F%84-%EC%9D%B4%EA%B2%BC%EB%8B%A4%EA%B3%A0-AI-%EC%9E%91%EA%B3%A1-%EC%95%B1-%EC%88%98%EB%85%B8-%EB%AA%B8%EA%B0%92-50%EC%96%B5-%E5%BC%97-%EB%84%98%EA%B2%BC%EB%8B%A4,no-alt,,,
https://ailens.sedaily.ai/news/2026/08/13/2026-08-13-%EB%89%B4%EC%9A%95-%EC%A6%9D%EC%8B%9C-%EB%AC%B4%EB%82%9C%ED%95%9C-CPI%EC%97%90-%EB%B3%B4%ED%95%A9-AI-%EC%9D%B8%ED%94%84%EB%9D%BC-%ED%98%B8%EC%8B%A4%EC%A0%81-%EB%B0%98%EB%8F%84%EC%B2%B4%EC%A3%BC-%EA%B0%95%EC%84%B8,no-alt,,,
https://ailens.sedaily.ai/news/2026/08/13/2026-08-12-%EC%8B%A0%EC%9E%85-%EC%B1%84%EC%9A%A9%EB%AC%B8-%EB%8B%A4%EC%8B%9C-%EC%97%B4%EB%A6%AC%EB%82%98-%EC%83%81%EB%B0%98%EA%B8%B0-%EC%8B%A0%EC%9E%85-%EA%B3%B5%EA%B3%A0-13-%EC%A6%9D%EA%B0%80,no-alt,,,
https://ailens.sedaily.ai/news/2026/08/13/2026-08-12-%EA%B5%AC%EA%B4%91%EB%AA%A8-%EC%A0%A0%EC%8A%A8-%ED%99%A9-%ED%9A%8C%EB%8F%99-%EA%B8%B0%EB%8C%80%EC%97%90-LG%EC%A0%84%EC%9E%90-11-%EA%B8%89%EB%93%B1-20%EB%A7%8C-%EC%9B%90-%ED%9A%8C%EB%B3%B5,no-alt,,,
https://ailens.sedaily.ai/news/2026/08/12/2026-08-12-SK%ED%95%98%EC%9D%B4%EB%8B%89%EC%8A%A4-19%EC%A1%B0-%EB%B2%A0%ED%8C%85-%EB%82%B8%EB%93%9C-%EA%B3%B5%EA%B8%89%EB%A7%9D-%EB%8C%80%ED%99%95%EC%9E%A5-2,no-alt,,,
https://ailens.sedaily.ai/news/2026/08/12/2026-08-12-%EC%B9%B4%EC%B9%B4%EC%98%A4%EB%B1%85%ED%81%AC-%EC%A3%BC%EB%8B%B4%EB%8C%80-%EC%A0%91%EC%88%98%EA%B0%80-%EB%A7%88%EA%B0%90%EB%90%98%EA%B8%B0%EA%B9%8C%EC%A7%80-%EA%B1%B8%EB%A6%B0-%EC%8B%9C%EA%B0%84,no-alt,,,
https://ailens.sedaily.ai/news/2026/08/11/2026-08-11-%EC%9A%B0%EB%A6%AC-%EC%95%84%ED%8C%8C%ED%8A%B8-%EB%B3%80%EC%95%95%EA%B8%B0%EB%8A%94-%EB%AA%87-%EC%82%B4%EC%9D%BC%EA%B9%8C-%ED%8F%AD%EC%97%BC-%EC%A0%95%EC%A0%84%EC%9D%98-%EC%A7%84%EC%A7%9C-%EC%9B%90%EC%9D%B8,no-alt,,,
https://ailens.sedaily.ai/news/2026/08/11/2026-08-11-SK%ED%95%98%EC%9D%B4%EB%8B%89%EC%8A%A4-%EC%84%B1%EA%B3%BC%EA%B8%89-%EA%B0%88%EB%93%B1-%ED%86%B5%ED%95%A9%EB%85%B8%EC%A1%B0-%EC%B6%9C%EB%B2%94,no-alt,,,
https://ailens.sedaily.ai/news/2026/08/11/2026-08-11-KAIST-AI-%EB%8D%B0%EC%9D%B4%ED%84%B0%EC%84%BC%ED%84%B0-%EA%B1%B4%EB%A6%BD,no-alt,,,
https://ailens.sedaily.ai/news/2026/08/11/2026-08-11-Chat-GPT%EC%99%80-%ED%95%A8%EA%BB%98%ED%95%98%EB%8A%94-%EC%96%B4%EB%8F%84%EB%B9%84%EC%9D%98-%ED%98%81%EC%8B%A0,no-alt,,,
https://ailens.sedaily.ai/news/2026/08/11/2026-08-11-%EC%8A%A4%ED%83%80%ED%8A%B8%EC%97%85%EA%B3%BC-%EB%8C%80%EA%B8%B0%EC%97%85%EC%9D%98-%ED%98%91%EB%A0%A5-%ED%98%81%EB%AA%85,no-alt,,,
https://ailens.sedaily.ai/news/2026/08/11/2026-08-11-2030%EC%84%B8%EB%8C%80-%EC%97%AC%ED%96%89%EC%9D%98-%EC%83%88%EB%A1%9C%EC%9A%B4-%EC%A0%95%EC%9D%98,no-alt,,,
https://ailens.sedaily.ai/news/2026/08/11/2026-08-11-%EC%A0%95%EB%B6%80%EC%99%80-%EB%AF%BC%EC%A3%BC%EB%8B%B9-%EC%84%B8%EC%A0%9C%EA%B0%9C%ED%8E%B8%EC%95%88%EC%9D%98-%EB%81%9D%EC%9D%80,no-alt,,,
https://ailens.sedaily.ai/news/2026/08/11/2026-08-11-%EB%A1%AF%EB%8D%B0%EC%99%80-HD%ED%98%84%EB%8C%80-%EB%8C%80%EC%82%B0%EA%B3%B5%EC%9E%A5-%EB%8C%80%EB%B3%80%ED%98%81,no-alt,,,
https://ailens.sedaily.ai/news/2026/08/11/2026-08-11-SK%EC%99%80-KKR-%EB%AF%B8%EB%9E%98-%EC%97%90%EB%84%88%EC%A7%80%EC%9D%98-%EC%84%A0%EB%91%90%EC%A3%BC%EC%9E%90,no-alt,,,
https://ailens.sedaily.ai/news/2026/08/11/2026-08-11-%ED%98%84%EB%8C%80%EC%B0%A8-%EC%8B%A0%EC%B0%A8-%EC%9C%84%EA%B8%B0-%ED%8C%8C%EC%97%85%EC%9D%98-%EA%B7%B8%EB%A6%BC%EC%9E%90,no-alt,,,
https://ailens.sedaily.ai/news/2026/08/11/2026-08-11-%EC%BB%A4%EB%B2%84%EB%93%9C%EC%BD%9C-ETF-%EC%A7%80%EA%B8%88-%ED%88%AC%EC%9E%90%ED%95%B4%EC%95%BC-%ED%95%A0%EA%B9%8C,no-alt,,,
https://ailens.sedaily.ai/news/2026/08/11/2026-08-11-%EA%B8%88%EB%A6%AC-%EB%8F%99%EA%B2%B0%EC%97%90%EB%8F%84-%EC%9D%B4%EC%9E%90-%EB%B6%80%EB%8B%B4-%ED%8F%AD%EC%A6%9D,no-alt,,,
https://ailens.sedaily.ai/news/2026/08/11/2026-08-11-%EC%99%B8%EA%B5%AD%EC%9D%B8%EC%9D%98-%EB%B0%98%EB%8F%84%EC%B2%B4-%EB%A7%A4%EB%8F%84-%EA%B7%B8-%EC%9D%B4%EC%9C%A0%EB%8A%94,no-alt,,,
https://ailens.sedaily.ai/news/2026/08/11/2026-08-11-%EC%A0%84%EA%B8%B0%EC%B0%A8-%ED%95%98%EC%9D%B4%EB%B8%8C%EB%A6%AC%EB%93%9C%EB%B3%B4%EB%8B%A4-%EC%8B%B8%EC%A7%84-%EC%9D%B4%EC%9C%A0,no-alt,,,
https://ailens.sedaily.ai/news/2026/08/11/2026-08-11-%EA%B8%88%EC%9C%B5%EC%9C%84%EA%B8%B0-%EC%9D%B4%ED%9B%84-%EC%B5%9C%EB%8C%80-%ED%99%98%EC%9C%A8-%EB%B3%80%EB%8F%99,no-alt,,,
https://ailens.sedaily.ai/news/2026/08/11/2026-08-11-%EA%B8%B0%EC%A4%80%EA%B8%88%EB%A6%AC-%EB%8F%99%EA%B2%B0-%EC%86%8D-%EB%8C%80%EC%B6%9C%EA%B8%88%EB%A6%AC-%EC%83%81%EC%8A%B9%EC%9D%98-%EB%B9%84%EB%B0%80,no-alt,,,
https://ailens.sedaily.ai/news/2026/08/11/2026-08-11-%ED%8B%B1%ED%86%A1%EC%9C%BC%EB%A1%9C-9%EB%B0%B0-%EB%A7%A4%EC%B6%9C-%EB%8B%AC%EC%84%B1-%EB%AF%B8%EC%83%A4-%EB%B6%81%EB%AF%B8-%EC%8B%9C%EC%9E%A5%EC%9D%98-%EC%8B%A0%ED%99%94,no-alt,,,
https://ailens.sedaily.ai/news/2026/08/11/2026-08-11-%EC%8B%A0%EC%A2%85-%EB%B3%B4%EC%9D%B4%EC%8A%A4%ED%94%BC%EC%8B%B1%EC%9D%98-%EB%8D%AB-%EB%8B%B9%EC%8B%A0%EB%8F%84-%EC%9C%84%ED%97%98%ED%95%98%EB%8B%A4,no-alt,,,
https://ailens.sedaily.ai/news/2026/08/10/2026-08-10-%EC%82%BC%EC%84%B1-HBM4-%EC%88%98%EC%9C%A8-80-%ED%99%A9%EA%B8%88-%EC%88%98%EC%9C%A8-%EC%9D%98-%EC%9D%98%EB%AF%B8,no-alt,,,
https://ailens.sedaily.ai/news/2026/08/10/2026-08-10-%EC%A4%91%EA%B5%AD-%EC%B2%AD%EB%85%84-%EC%8B%A4%EC%97%85%EB%A5%A0-20-%EA%B7%B8%EB%A6%AC%EA%B3%A0-%EB%B6%80%EC%A0%95%ED%96%89%EC%9C%84,no-alt,,,
https://ailens.sedaily.ai/news/2026/08/10/2026-08-10-%EA%B2%B0%ED%98%BC-%ED%8E%98%EB%84%90%ED%8B%B0-%EC%A0%95%EB%B6%80%EA%B0%80-%EC%86%90%EB%B3%B8%EB%8B%A4,no-alt,,,
https://ailens.sedaily.ai/news/2026/08/09/2026-08-09-test3,no-alt,,,
https://ailens.sedaily.ai/news/2026/08/09/2026-08-09-131313131313,no-alt,,,
https://ailens.sedaily.ai/news/2026/08/09/2026-08-09-22323,no-alt,,,
https://ailens.sedaily.ai/news/2026/08/09/2026-08-09-verify-nostore-20260809010121,no-alt,,,
https://ailens.sedaily.ai/news/2026/08/09/2026-08-09-3333131313,no-alt,,,
https://ailens.sedaily.ai/news/2026/08/09/2026-08-09,no-alt,,,
https://ailens.sedaily.ai/news/2026/08/09/2026-08-09-11111222,no-alt,,,
https://ailens.sedaily.ai/news/2026/08/09/2026-08-09-333,no-alt,,,
https://ailens.sedaily.ai/news/2026/08/08/2026-08-08-2222,no-alt,,,
https://ailens.sedaily.ai/news/2026/08/08/2026-08-08-22,no-alt,,,
https://ailens.sedaily.ai/news/2026/08/08/2026-08-08-%EC%83%81%ED%88%AC%EC%9D%BC%EA%B9%8C-%EB%86%93%EC%B9%98%EB%8A%94-%EA%B1%B8%EA%B9%8C,no-alt,,,
https://ailens.sedaily.ai/news/2026/08/08/2026-08-08-1%EB%85%84%EC%83%88-PEF-%EA%B7%9C%EC%A0%9C%EB%B2%95-11%EA%B0%9C-%EC%99%B8%EA%B5%AD%EA%B3%84%EB%A7%8C-%EC%9B%83%EB%8A%94%EB%8B%A4,no-alt,,,
https://ailens.sedaily.ai/news/2026/08/08/2026-08-08-%EC%88%A8-%EA%B3%A0%EB%A5%B4%EB%8A%94-%EC%BD%94%EC%8A%A4%ED%94%BC-6300%EC%84%A0-%EC%88%A8%EA%B3%A0%EB%A5%B4%EA%B8%B0-%EC%BD%94%EC%8A%A4%EB%8B%A5-6%EA%B1%B0%EB%9E%98%EC%9D%BC-%EC%97%B0%EC%86%8D-%EC%83%81%EC%8A%B9,no-alt,,,
https://ailens.sedaily.ai/news/2026/08/07/2026-08-07-%EC%A4%91%EA%B5%AD-D%EB%9E%A8-%EC%A0%90%EC%9C%A0%EC%9C%A8%EC%9D%B4-7-%EC%9D%B8%EB%8D%B0-%EC%99%9C-%EC%97%85%EA%B3%84%EA%B0%80-%EA%B8%B4%EC%9E%A5%ED%95%A0%EA%B9%8C%EC%9A%94,no-alt,,,
https://ailens.sedaily.ai/news/2026/08/07/2026-08-07-AI-LENS-%EB%8D%B0%EC%9D%BC%EB%A6%AC,no-alt,,,
https://ailens.sedaily.ai/news/2026/08/07/2026-08-06-%EC%82%BC%EC%84%B1%EC%A0%84%EC%9E%90%EC%99%80-%EC%82%BC%EC%84%B1%EC%A0%84%EC%9E%90%EC%9A%B0-%EB%AD%90%EA%B0%80-%EB%8B%A4%EB%A5%B4%EA%B8%B8%EB%9E%98-%EA%B0%80%EA%B2%A9%EC%9D%B4-%EB%8B%A4%EB%A5%BC%EA%B9%8C,no-alt,,,
https://ailens.sedaily.ai/news/2026/08/07/2026-08-03-%EC%A6%9D%EC%8B%9C%EC%97%90%EB%8F%84-%EC%82%B0%ED%83%80%EA%B0%80-%EC%84%A0%EB%AC%BC%EC%9D%84-%EC%A3%BC%EA%B3%A0-%EA%B0%84%EB%8B%A4-%EC%82%B0%ED%83%80-%EB%9E%A0%EB%A6%AC%EC%9D%98-%EC%A0%95%EC%B2%B4,no-alt,,,
https://ailens.sedaily.ai/news/2026/08/07/2026-08-07-%EC%A3%BC%EA%B0%80%EB%8A%94-%EB%B0%98%ED%86%A0%EB%A7%89%EC%9D%B8%EB%8D%B0-%EC%86%90%ED%95%B4%EA%B0%80-%EC%95%84%EB%8B%88%EB%9D%BC%EA%B3%A0%EC%9A%94-%EC%95%A1%EB%A9%B4%EB%B6%84%ED%95%A0%EC%9D%98-%EC%A7%84%EC%A7%9C-%EC%9D%98%EB%AF%B8,no-alt,,,
https://ailens.sedaily.ai/news/2026/08/07/2026-08-04-%EC%95%84%EC%9D%B8%EC%8A%88%ED%83%80%EC%9D%B8%EC%9D%B4-%EC%9D%B8%EB%A5%98-%EC%B5%9C%EA%B3%A0%EC%9D%98-%EB%B0%9C%EB%AA%85%EC%9D%B4%EB%9D%BC-%EB%B6%80%EB%A5%B8-%EC%9D%B4%EC%9E%90-%EA%B3%84%EC%82%B0%EB%B2%95,no-alt,,,
https://ailens.sedaily.ai/news/2026/08/07/2026-08-05-%ED%95%98%EB%A3%A8-%EB%A7%8C%EC%97%90-%EB%B0%98%ED%86%A0%EB%A7%89-%EB%82%A0-%EC%88%98%EB%8F%84-%EC%9E%88%EB%8A%94-ETF%EA%B0%80-%EC%9E%88%EB%8B%A4%EA%B3%A0,no-alt,,,
https://ailens.sedaily.ai/news/2026/08/07/2026-07-30-%EB%B0%B1%EC%A2%85%EC%9B%90%EC%9D%98-%EC%9D%B4%EB%A6%84%EA%B0%92%EC%9D%B4-%EB%B0%98%ED%86%A0%EB%A7%89-%EB%82%AC%EB%8B%A4-%EB%8D%94%EB%B3%B8%EC%BD%94%EB%A6%AC%EC%95%84-%EC%A3%BC%EA%B0%80%EA%B0%80-%EB%A7%90%ED%95%B4%EC%A3%BC%EB%8A%94-%EA%B2%83,no-alt,,,
https://ailens.sedaily.ai/news/2026/08/07/2026-07-25-10%EB%A7%8C-%EC%A0%84%EC%9E%90-%EA%BF%88%EA%BE%B8%EB%8B%A4-5%EB%A7%8C-%EC%A0%84%EC%9E%90-%EB%A1%9C-%EC%82%BC%EC%84%B1%EC%A0%84%EC%9E%90-%EC%9C%84%EA%B8%B0%EB%A1%A0%EC%9D%98-%EC%8B%A4%EC%B2%B4,no-alt,,,
https://ailens.sedaily.ai/news/2026/08/07/2026-08-06-%EA%B2%BD%EA%B8%B0%EB%8A%94-%EC%8B%9D%EB%8A%94%EB%8D%B0-%EB%AC%BC%EA%B0%80%EB%8A%94-%EC%98%A4%EB%A5%B8%EB%8B%A4-%EB%AF%B8%EA%B5%AD%EC%9D%84-%EB%8D%AE%EC%B9%9C-S%EA%B3%B5%ED%8F%AC-%EC%9D%98-%EC%A0%95%EC%B2%B4,no-alt,,,
https://ailens.sedaily.ai/news/2026/08/07/2026-07-15-%EB%8C%80%ED%86%B5%EB%A0%B9%EC%9D%B4-%EC%97%B0%EC%A4%80-%EC%9D%98%EC%9E%A5%EC%9D%84-%ED%9D%94%EB%93%A4%EC%9E%90-%EC%A3%BC%EC%8B%9D-%EC%B1%84%EA%B6%8C-%EB%8B%AC%EB%9F%AC%EA%B0%80-%EB%8F%99%EC%8B%9C%EC%97%90-%ED%9D%94%EB%93%A4%EB%A0%B8%EB%8B%A4,no-alt,,,
https://ailens.sedaily.ai/news/2026/08/07/2026-08-03-%EB%B9%8C%EB%A0%A4%EC%84%9C-%ED%8C%90%EB%8B%A4-%EA%B3%B5%EB%A7%A4%EB%8F%84-%EB%8B%A4%EC%8B%9C-%EC%97%B4%EB%A6%B0-%EC%8B%9C%EC%9E%A5%EC%9D%98-%EB%91%90-%EC%96%BC%EA%B5%B4,no-alt,,,
https://ailens.sedaily.ai/news/2026/08/07/2026-07-27-6%EC%8B%9C%EA%B0%84%EC%9D%98-%EA%B3%84%EC%97%84%EC%9D%B4-%ED%95%9C%EA%B5%AD-%EA%B2%BD%EC%A0%9C%EC%97%90-%EB%82%A8%EA%B8%B4-%EC%B2%AD%EA%B5%AC%EC%84%9C,no-alt,,,
https://ailens.sedaily.ai/news/2026/08/07/2026-08-05-%EB%B3%B5%EB%A6%AC%EC%9D%98-%EB%A7%88%EB%B2%95%EC%9D%B4-%EB%81%9D%EB%82%9C%EB%8B%A4-TR-ETF-%EC%8B%9C%EB%8C%80%EB%8A%94-%EC%99%9C-%EC%A0%80%EB%AC%BC%EC%97%88%EB%82%98,no-alt,,,
https://ailens.sedaily.ai/news/2026/08/07/2026-08-04-75%EB%85%84-%EB%8F%99%EC%97%85%EC%9D%B4-%EA%B9%A8%EC%A1%8C%EB%8B%A4-%EA%B3%A0%EB%A0%A4%EC%95%84%EC%97%B0-%EA%B2%BD%EC%98%81%EA%B6%8C-%EC%A0%84%EC%9F%81%EC%9D%98-%EC%A0%84%EB%A7%90,no-alt,,,
https://ailens.sedaily.ai/news/2026/08/07/2026-07-21-%ED%95%9C%EA%B5%AD-%EC%A3%BC%EC%8B%9D%EC%9D%80-%ED%8C%94%EA%B3%A0-%ED%95%9C%EA%B5%AD-%EC%B1%84%EA%B6%8C%EC%9D%80-%EC%82%B0%EB%8B%A4-%EC%99%B8%EA%B5%AD%EC%9D%B8%EC%9D%98-%EC%97%87%EA%B0%88%EB%A6%B0-%EC%84%A0%ED%83%9D,no-alt,,,
https://ailens.sedaily.ai/news/2026/08/07/2026-07-31-9%EC%8B%9C%EB%B6%80%ED%84%B0-8%EC%8B%9C%EA%B9%8C%EC%A7%80-%EC%A3%BC%EC%8B%9D-%EA%B1%B0%EB%9E%98-%EC%8B%9C%EA%B0%84%EC%9D%B4-%EB%91%90-%EB%B0%B0%EB%A1%9C-%EB%8A%98%EC%96%B4%EB%82%9C%EB%8B%A4,no-alt,,,
https://ailens.sedaily.ai/news/2026/08/07/2026-07-24-5%EB%B6%84-%EB%A7%8C%EC%97%90-%EC%9A%B0%EC%A3%BC-%EB%82%98%EC%9D%B4%EC%9D%98-72%EC%A1%B0-%EB%B0%B0%EB%A5%BC-%EA%B3%84%EC%82%B0%ED%95%9C%EB%8B%A4%EB%8A%94-%EC%BB%B4%ED%93%A8%ED%84%B0,no-alt,,,
https://ailens.sedaily.ai/news/2026/08/07/2026-08-07-%ED%85%8C%EC%8A%AC%EB%9D%BC%EB%A7%8C-%ED%9D%94%EB%93%A4%EB%A0%B8%EB%8B%A4-%EB%82%98%EB%A8%B8%EC%A7%80-%EB%B9%85%ED%85%8C%ED%81%AC%EB%8A%94-%EC%9B%83%EC%97%88%EB%8B%A4-3%EB%B6%84%EA%B8%B0-%EC%8B%A4%EC%A0%81-%EC%8B%9C%EC%A6%8C-%EB%A6%AC%ED%8F%AC%ED%8A%B8,no-alt,,,
https://ailens.sedaily.ai/news/2026/08/07/2026-07-26-%EC%BD%94%EC%8A%A4%ED%94%BC-%EC%8B%9C%EC%B4%9D%EC%9D%84-%EB%84%98%EC%96%B4%EC%84%A0-%EB%B9%84%ED%8A%B8%EC%BD%94%EC%9D%B8-%EC%96%B4%EB%94%94%EA%B9%8C%EC%A7%80-%EA%B0%80%EB%82%98,no-alt,,,
https://ailens.sedaily.ai/news/2026/08/07/2026-08-02-104-125-%EC%88%AB%EC%9E%90%EB%A1%9C-%EB%B3%B4%EB%8A%94-%EB%AF%B8%EC%A4%91-%EA%B4%80%EC%84%B8-%EC%A0%84%EC%9F%81%EC%9D%98-%ED%8F%AD%EC%A3%BC,no-alt,,,
https://ailens.sedaily.ai/news/2026/08/07/2026-07-28-%EB%AA%A8%EA%B1%B4%EC%8A%A4%ED%83%A0%EB%A6%AC-%EB%B3%B4%EA%B3%A0%EC%84%9C-%ED%95%9C-%EC%9E%A5%EC%97%90-%ED%9D%94%EB%93%A4%EB%A6%B0-K%EB%B0%98%EB%8F%84%EC%B2%B4,no-alt,,,
https://ailens.sedaily.ai/news/2026/08/07/2026-07-17-%EA%B0%80%EC%83%81%EC%9E%90%EC%82%B0-%EA%B1%B0%EB%9E%98%EC%86%8C-%EB%AF%B8%EA%B5%AD-%EC%A6%9D%EC%8B%9C%EC%9D%98-%EC%96%BC%EA%B5%B4-%EC%9D%B4-%EB%90%98%EB%8B%A4,no-alt,,,
https://ailens.sedaily.ai/news/2026/08/07/2026-07-18-%EC%A6%9D%EC%8B%9C%EB%A5%BC-%EB%96%A0%EB%82%9C-%EB%8F%88-%EA%B2%B0%EA%B5%AD-%EC%98%88%EA%B8%88%EA%B3%BC-MMF%EB%A1%9C-%EC%88%A8%EC%97%88%EB%8B%A4,no-alt,,,
https://ailens.sedaily.ai/news/2026/08/07/2026-07-22-24%EB%85%84-%EB%A7%8C%EC%97%90-5000%EB%A7%8C-%EC%9B%90%EC%97%90%EC%84%9C-1%EC%96%B5-%EC%9B%90%EC%9C%BC%EB%A1%9C-%EB%82%B4-%EC%98%88%EA%B8%88%EC%9D%80-%EB%8D%94-%EC%95%88%EC%A0%84%ED%95%B4%EC%A7%88%EA%B9%8C,no-alt,,,
https://ailens.sedaily.ai/news/2026/08/07/2026-07-16-%ED%8E%9C%ED%83%80%EB%8B%90%EC%9D%B4-%EB%B6%80%EB%A5%B8-%EA%B4%80%EC%84%B8-%ED%8F%AD%ED%83%84-%EC%A7%84%EC%A7%9C-%EB%AA%A9%EC%A0%81%EC%9D%80-%EB%A9%94%EC%9D%B4%EB%93%9C-%EC%9D%B8-%EC%95%84%EB%A9%94%EB%A6%AC%EC%B9%B4,no-alt,,,
https://ailens.sedaily.ai/news/2026/08/07/2026-07-14-9%EB%85%84-%EB%A7%8C%EC%97%90-%EB%93%9C%EB%9F%AC%EB%82%9C-%EC%B2%AD%EA%B5%AC%EC%84%9C-%ED%99%88%ED%94%8C%EB%9F%AC%EC%8A%A4%EC%99%80-%EC%82%AC%EB%AA%A8%ED%8E%80%EB%93%9C%EC%9D%98-%EB%AA%85%EC%95%94,no-alt,,,
https://ailens.sedaily.ai/news/2026/08/07/2026-07-29-%EB%AF%B8%EA%B5%AD%EA%B3%BC-%EC%9D%BC%EB%B3%B8-%EB%82%98%EB%9E%80%ED%9E%88-%EA%B5%AD%EC%B1%84-%EA%B8%88%EB%A6%AC-%EC%82%AC%EC%83%81-%EC%B5%9C%EA%B3%A0%EC%B9%98%EB%A5%BC-%EC%B0%8D%EC%9D%80-%EC%9D%B4%EC%9C%A0,no-alt,,,
https://ailens.sedaily.ai/news/2026/08/07/2026-08-01-%EB%B6%95%EC%96%B4%EB%B9%B5%EC%9D%B4-1000%EC%9B%90%EC%9D%B4-%EB%90%9C-%EC%9D%B4%EC%9C%A0-%EB%82%A0%EC%94%A8%EC%97%90%EC%84%9C-%EC%B0%BE%EB%8B%A4,no-alt,,,
https://ailens.sedaily.ai/news/2026/08/07/2026-07-20-%EB%8C%80%EB%A7%8C-%EB%8B%AC%EB%9F%AC%EA%B0%80-%EC%9D%B4%ED%8B%80-%EB%A7%8C%EC%97%90-10-%EB%9B%B0%EC%9E%90-%EC%9B%90%ED%99%94%EB%8F%84-%EB%8D%A9%EB%8B%AC%EC%95%84-%EA%B0%95%EC%84%B8%EB%A5%BC-%ED%83%94%EB%8B%A4,no-alt,,,
https://ailens.sedaily.ai/news/2026/08/07/2026-07-23-18%EB%85%84-%EB%A7%8C%EC%97%90-%ED%95%A9%EC%9D%98%EB%90%9C-%EA%B5%AD%EB%AF%BC%EC%97%B0%EA%B8%88-%EB%8D%94-%EB%82%B4%EA%B3%A0-%EB%8D%94-%EB%B0%9B%EB%8A%94%EB%8B%A4%EB%8A%94-%EA%B2%83%EC%9D%98-%EC%9D%98%EB%AF%B8,no-alt,,,
https://ailens.sedaily.ai/news/2026/08/07/2026-07-19-%EB%AF%B8%EA%B5%AD-M7%EC%9D%B4-%EC%A3%BC%EC%B6%A4%ED%95%9C-%EC%82%AC%EC%9D%B4-%EC%A4%91%EA%B5%AD-T10%EC%9D%B4-%EC%B9%98%EA%B3%A0-%EC%98%AC%EB%9D%BC%EC%99%94%EB%8B%A4,no-alt,,,
https://ailens.sedaily.ai/news/2026/08/07/2026-08-07-%ED%98%84%EB%8C%80%EC%B0%A8-CES%EC%97%90%EC%84%9C-%EB%A1%9C%EB%B4%87-%EA%BA%BC%EB%83%88%EC%8A%B5%EB%8B%88%EB%8B%A4-ft-%EA%B5%AC%EA%B8%80-%EC%86%90%EC%9E%A1%EC%9D%8C,no-alt,,,
https://ailens.sedaily.ai/news/2026/08/07/2026-08-07-%EB%A8%B8%EC%8A%A4%ED%81%AC%EA%B0%80-%EB%B2%A0%EB%84%A4%EC%88%98%EC%97%98%EB%9D%BC%EC%97%90-%EC%8A%A4%ED%83%80%EB%A7%81%ED%81%AC-%EB%AC%B4%EB%A3%8C%EB%A1%9C-%ED%92%80%EC%97%88%EB%8B%A4,no-alt,,,
https://ailens.sedaily.ai/news/2026/08/07/2026-08-07-%EA%B0%95%EB%82%A8-85%EC%96%B5-vs-%EC%B9%A0%EA%B3%A1-1-100%EB%A7%8C%EC%9B%90-773%EB%B0%B0-%EC%B0%A8%EC%9D%B4-%EB%82%98%EB%8A%94-%EB%8C%80%ED%95%9C%EB%AF%BC%EA%B5%AD-%EC%95%84%ED%8C%8C%ED%8A%B8,no-alt,,,
https://ailens.sedaily.ai/news/2026/08/07/2026-08-07-%EB%A7%88%EB%91%90%EB%A1%9C-%EB%8C%80%ED%86%B5%EB%A0%B9-%EC%B2%B4%ED%8F%AC-%EB%8B%A8-3%EC%8B%9C%EA%B0%84-%EC%88%A8%EC%9D%80-%ED%95%B5%EC%8B%AC-%EC%A1%B0%EB%A0%A5%EC%9E%90%EC%9D%98-%EC%A0%95%EC%B2%B4-PLTR,no-alt,,,
https://ailens.sedaily.ai/news/2026/08/07/2026-08-07-Korea-Just-Made-History-And-Wall-Street-Can-t-Look-Away,no-alt,,,
https://ailens.sedaily.ai/news/2026/08/07/2026-08-07-%EB%8C%80%ED%86%B5%EB%A0%B9-%EC%B2%B4%ED%8F%AC-%EC%84%AC-%EB%A7%A4%EC%9E%85-%EA%B5%AD%EB%B0%A9%EB%B9%84-2-000%EC%A1%B0-%ED%8A%B8%EB%9F%BC%ED%94%84%EA%B0%80-%EB%85%B8%EB%A6%AC%EB%8A%94-%EA%B1%B4-%ED%95%98%EB%82%98%EC%98%80%EC%8A%B5%EB%8B%88%EB%8B%A4,no-alt,,,
https://ailens.sedaily.ai/news/2026/08/07/2026-08-07-552%EC%A1%B0-%EC%9B%90%EC%9D%98-%ED%98%84%EA%B8%88-%EC%8B%A4%ED%83%84-%EB%B2%84%ED%95%8F%EC%9D%80-%EC%9D%B4%EB%AF%B8-%EC%97%AD%EB%8C%80%EA%B8%89-%ED%95%98%EB%9D%BD%EC%9E%A5-%EC%9D%84-%EC%98%88%EA%B2%AC%ED%96%88%EB%8B%A4,no-alt,,,
https://ailens.sedaily.ai/news/2026/08/07/2026-08-07-%EC%A0%84%EC%84%B8%EA%B3%84-1%EC%96%B5%EB%AA%85%EC%9D%B4-%EB%B4%A4%EB%8A%94%EB%8D%B0-%EC%A0%9C%EC%9E%91%EC%82%AC%EB%8A%94-%ED%95%98%EC%B2%AD-%EB%84%B7%ED%94%8C%EB%A6%AD%EC%8A%A4%EA%B0%80-%ED%95%9C%EA%B5%AD-%EB%B0%A9%EC%86%A1%EA%B3%84%EB%A5%BC-%EB%A7%9D%EC%B9%98%EB%8A%94-%EB%B0%A9%EB%B2%95,no-alt,,,
https://ailens.sedaily.ai/news/2026/08/05/2026-08-05-%ED%85%8C%EC%8A%AC%EB%9D%BC-%EC%82%AC%EC%97%85-%EB%B6%84%EB%A6%AC%EC%84%A4-%EB%A8%B8%EC%8A%A4%ED%81%AC-%EB%85%BC%EC%9D%98%ED%95%9C-%EC%A0%81-%EC%97%86%EB%8B%A4,no-alt,,,
https://ailens.sedaily.ai/news/2026/08/05/2026-08-04-%EC%82%BC%EC%84%B1%EC%A0%84%EA%B8%B0-AI-MLCC-%EA%B3%B5%EC%9E%A5-%EC%A1%B0%EA%B8%B0%EA%B0%80%EB%8F%99-%EC%97%94%EB%B9%84%EB%94%94%EC%95%84-%EA%B3%B5%EA%B8%89-%EB%8A%98%EB%A6%B0%EB%8B%A4,no-alt,,,
https://ailens.sedaily.ai/news/2026/08/05/2026-08-04-%EC%82%BC%EC%84%B1-HBM-%EA%B3%84%EC%95%BD%EC%9D%98-%EB%B9%84%EB%B0%80-%EA%B0%80%EA%B2%A9-%EB%96%A8%EC%96%B4%EC%A0%B8%EB%8F%84-%EB%B0%A9%EC%96%B4%ED%95%9C%EB%8B%A4,no-alt,,,
https://ailens.sedaily.ai/news/2026/08/05/2026-08-05-AI-%EC%96%B4%EB%94%94%EA%B9%8C%EC%A7%80-%EC%99%94%EB%82%98-%EC%99%80-%EC%84%B1%EB%8A%A5-%EA%B2%A9%EC%B0%A8-2-7-%EB%A1%9C-%EC%A2%81%ED%98%94%EB%8B%A4,no-alt,,,
https://ailens.sedaily.ai/news/2026/08/05/2026-08-05-%EB%B0%98%EB%8F%84%EC%B2%B4-10%EB%85%84-%EC%83%88-4%EB%B0%B0-%EC%84%B1%EC%9E%A5-%EC%82%BC%EC%84%B1-SK-%EC%A0%80%EA%B0%80-%EA%B3%B5%EC%84%B8-%EB%B9%84%EC%83%81,no-alt,,,
https://ailens.sedaily.ai/news/2026/08/05/2026-08-05-%EC%97%94%ED%99%94-%EB%B0%A9%EC%96%B4-%EB%82%98%EC%84%B0%EB%8B%A4-28%EB%85%84-%EB%A7%8C%EC%9D%98-%EA%B3%B5%EB%8F%99-%EA%B0%9C%EC%9E%85-%ED%99%95%EB%8C%80,no-alt,,,
https://ailens.sedaily.ai/news/2026/08/05/2026-08-05-%EC%8A%A4%ED%8E%98%EC%9D%B4%EC%8A%A4X-%EC%83%81%EC%9E%A5-%ED%9B%84%ED%8F%AD%ED%92%8D-33%EC%A1%B0-%EA%B3%B5%EB%A7%A4%EB%8F%84%EC%97%90-%EB%A7%A4%EB%8F%84-%EC%95%95%EB%A0%A5-%EC%BB%A4%EC%A7%84%EB%8B%A4,no-alt,,,
https://ailens.sedaily.ai/news/2026/08/04/2026-08-04-222222222,no-alt,,,
https://ailens.sedaily.ai/news/2026/08/04/2026-08-04-0-%EB%AF%B8%ED%8C%85-%EC%9A%B4%EC%98%81-%EA%B0%80%EC%9D%B4%EB%93%9C-%EC%82%AC%ED%9A%8C%EC%9E%90%EC%9A%A9,no-alt,,,
https://ailens.sedaily.ai/news/2026/08/04/2026-08-04-adadad,no-alt,,,
https://ailens.sedaily.ai/news/2026/08/04/2026-08-04-2222,no-alt,,,
https://ailens.sedaily.ai/news/2026/08/04/2026-08-04-ad,no-alt,,,
