url,og_image,w,h,status
https://ailens.sedaily.ai/culture/2026/10/09/2026-10-09-%EB%8C%80%EC%9E%A5%EC%95%94-%EC%A0%84%EB%A6%BD%EC%84%A0%EC%95%94-%EB%AC%B4%EB%A0%A4-3%EB%B0%B0-%EB%8A%98%EC%97%88%EB%8B%A4-2030-%EC%95%94-%EB%B0%9C%EB%B3%91%EB%A5%A0-%ED%8F%AD%EC%A6%9D%EC%8B%9C%ED%82%A8-%EC%9C%84%ED%97%98%ED%95%9C-%EC%8A%B5%EA%B4%80-%ED%97%AC%EC%8B%9C%ED%83%80%EC%9E%84,https://wimg.sedaily.com/news/cms/2026/10/09/news-p.v1.20261008.d211c860241f4bf38716edd1998386f8_P1.jpg,1200,800,ok
https://ailens.sedaily.ai/news/2026/10/09/2026-10-09-%EC%B9%9C%EB%94%B8-%ED%8F%AD%ED%96%89-%EC%82%B4%ED%95%B4-%ED%9B%84-%EC%9A%B0%EB%A6%AC-%EB%94%B8-%EC%82%B4%EC%95%84%EC%9E%88%EC%96%B4%EC%9A%94-%EC%99%B8%EC%B9%98%EB%8D%98-%EC%97%84%EB%A7%88-%EC%9C%A0%EB%AA%85-%EA%B0%80%EC%88%98%EC%98%80%EB%8B%A4,https://wimg.sedaily.com/news/cms/2026/10/08/news-p.v1.20261008.b0607ca3578445e598630d8ab3fc8ef5_P1.png,1197,704,ok
https://ailens.sedaily.ai/news/2026/10/09/2026-10-09-%EB%B9%9B%EC%9C%BC%EB%A1%9C-%EB%87%8C%EC%84%B8%ED%8F%AC-%EC%BC%9C%EA%B3%A0-%EB%82%A8%EA%B7%B9-%EC%96%BC%EC%9D%8C%EC%9C%BC%EB%A1%9C-%EC%9A%B0%EC%A3%BC-%EA%B4%80%EC%B8%A1-%EC%98%AC%ED%95%B4-%EB%85%B8%EB%B2%A8%EA%B3%BC%ED%95%99%EC%83%81%EC%9D%B4-%EC%A3%BC%EB%AA%A9%ED%95%9C-%EB%B0%9C%EA%B2%AC,https://wimg.sedaily.com/news/cms/2026/10/08/news-p.v1.20261008.b15304bf82054401b17965574f6f0f6e_P1.jpg,709,338,ok
https://ailens.sedaily.ai/international/2026/10/09/2026-10-09-%ED%8A%B8%EB%9F%BC%ED%94%84-%EC%8A%A4%ED%86%A1%EC%BB%A4-AI%EC%A3%BC%EB%A7%8C-%EC%98%A4%EB%A5%B4%EB%8A%94-%EC%A6%9D%EC%8B%9C%EA%B0%80-%EA%B1%B1%EC%A0%95%EC%9D%B8-%EC%8B%9C%EC%9E%A5-%EC%85%80%ED%94%84-%EA%B8%B4%EC%B6%95,https://wimg.sedaily.com/news/cms/2026/10/09/news-p.v1.20261008.f1b1fbfb5a9d431fb03bfc884a81c75e_P1.png,860,573,ok
https://ailens.sedaily.ai/culture/2026/10/09/2026-10-09-%EA%B2%BD%EB%B3%B5%EA%B6%81-%EA%B4%80%EB%9E%8C%EB%A3%8C-%EC%9D%B8%EC%83%81-%EB%8A%A6%EC%B6%B0%EC%A7%88-%EB%93%AF-%EC%9D%B8%EC%83%81%EC%9D%80-%EB%8B%B9%EC%97%B0-%EB%A8%BC%EC%A0%80-%EC%84%9C%EB%B9%84%EC%8A%A4-%EA%B0%9C%EC%84%A0,https://wimg.sedaily.com/news/cms/2026/10/09/news-p.v1.20261009.5b09f9b4cc6f46029f2d8324cce80e19_P1.jpg,1200,800,ok
https://ailens.sedaily.ai/international/2026/10/09/2026-10-09-%EC%84%9C%EB%A5%98%EC%B2%A0%EC%9D%B4-%EB%B2%BD%EC%9C%BC%EB%A1%9C-%EB%82%A0%EC%95%84%EA%B0%94%EB%8B%A4-%EB%B2%A0%EC%84%A0%ED%8A%B8-%EC%9E%AC%EB%AC%B4%EB%B6%80-%EB%96%A0%EB%82%9C-%EA%B3%A0%EC%9C%84%EC%A7%81-7%EB%AA%85-%EA%B8%80%EB%A1%9C%EB%B2%8C-%EB%AA%A8%EB%8B%9D-%EB%B8%8C%EB%A6%AC%ED%95%91,https://wimg.sedaily.com/news/cms/2026/10/08/news-p.v1.20261008.60353ef4be394cb7b31aca8dd2810f3c_P1.jpg,496,245,ok
https://ailens.sedaily.ai/international/2026/10/09/2026-10-09-%ED%8A%B8%EB%9F%BC%ED%94%84-11%EC%9B%94-3%EC%9D%BC-%EC%A4%91%EA%B0%84%EC%84%A0%EA%B1%B0-%EC%A0%84%EA%B9%8C%EC%A7%80-%EC%9D%B4%EB%9E%80-%EA%B3%B5%EA%B2%A9-%EC%95%88-%ED%95%B4,https://wimg.sedaily.com/news/cms/2026/10/09/rcv.YNA.20261009.PAP20261009015101009_P1.jpg,1200,800,ok
https://ailens.sedaily.ai/international/2026/10/09/2026-10-09-UN%EB%8C%80%EC%82%AC-%EC%A7%80%EB%A2%B0-%EB%A7%A4%EC%84%A4-%EC%82%AC%EA%B3%BC%ED%95%98%EB%9D%BC-%EB%9F%AC-%EA%B5%B0%EC%82%AC-%ED%98%91%EB%A0%A5%EB%8F%84-%EC%A4%91%EB%8B%A8%ED%95%B4%EC%95%BC,https://wimg.sedaily.com/news/cms/2026/10/09/news-p.v1.20261009.f0b46470dee54a66a4f6d701ade2730e_P1.png,500,322,ok
https://ailens.sedaily.ai/international/2026/10/09/2026-10-09-%EB%A7%88%EC%9D%B4%ED%81%AC%EB%A1%A0-%ED%8C%8C%EC%97%85-%EC%9C%84%EA%B8%B0%EC%97%90%EB%8F%84-%EB%AA%A9%ED%91%9C%EA%B0%80-43-%EC%83%81%ED%96%A5-%EB%A7%88%EC%BC%93%EB%AC%B4%EB%B2%84,https://wimg.sedaily.com/news/cms/2026/10/08/rcv.YNA.20261007.PRU20261007225301009_P1.jpg,1200,800,ok
https://ailens.sedaily.ai/international/2026/10/09/2026-10-09-%EB%89%B4%EC%9A%95%EC%97%B0%EC%9D%80-%ED%8A%B8%EB%9F%BC%ED%94%84-%EA%B4%80%EC%84%B8%EA%B0%80-%EC%86%8C%EB%B9%84%EC%9E%AC-%EB%AC%BC%EA%B0%80-2-9-P-%EC%98%AC%EB%A0%A4,https://wimg.sedaily.com/news/cms/2026/10/09/rcv.YNA.20261008.PRU20261008276901009_P1.jpg,1200,800,ok
https://ailens.sedaily.ai/news/2026/10/09/2026-10-09-%EB%8A%99%ED%81%AC%ED%81%AC-%EB%8A%94-%EC%95%8C%EC%95%84%EB%8F%84-%EC%82%AC%ED%9D%98-%EC%9D%80-%EB%AA%A8%EB%A5%B8%EB%8B%A4-%EC%8B%A0%EC%A1%B0%EC%96%B4-%ED%99%8D%EC%88%98-%EC%86%8D-10%EB%8C%80-%EB%AC%B8%ED%95%B4%EB%A0%A5-%EA%B8%89%EB%9D%BD,https://wimg.sedaily.com/news/cms/2026/10/08/news-p.v1.20261008.8c13a706d20740c5a271af7521a545d0_P1.png,1200,800,ok
https://ailens.sedaily.ai/news/2026/10/09/2026-10-09-%EC%9D%B4%ED%99%94%EC%98%81-%EA%B0%80%EC%84%9D%EB%B0%A9-%EC%9A%94%EA%B5%AC%EC%97%90-%EC%B6%A9%EB%8F%8C-%EB%8C%80%ED%86%B5%EB%A0%B9-%EC%98%A5%EC%A4%91-%ED%98%91%EB%B0%95,https://wimg.sedaily.com/news/cms/2026/10/08/news-p.v1.20261008.83fd784a49434a6fb250ce12dd4a6e4f_P1.jpg,1200,832,ok
https://ailens.sedaily.ai/finance/2026/10/09/2026-10-09-%EB%B3%B4%EC%95%88-%EA%B0%95%ED%99%94-%EB%82%98%EC%84%A0-%EC%B9%B4%EB%93%9C%EC%97%85%EA%B3%84-%EB%B9%84%EC%94%A8-%EC%9A%B0%EB%A6%AC%EB%A7%8C-%EC%9D%B8%EB%A0%A5-%EC%A4%84%EC%98%80%EB%8B%A4,https://wimg.sedaily.com/news/cms/2026/10/08/news-p.v1.20260522.671f40910a05454f88493604b5cce788_P1.jpg,386,93,ok
https://ailens.sedaily.ai/news/2026/10/09/2026-10-09-%ED%8F%AC%EB%A1%9C-%EC%86%A1%ED%99%98-%EA%B0%88%EB%93%B1%EC%97%90-%EC%A3%BC%EC%9A%B0%ED%81%AC%EB%9D%BC-%EB%8C%80%EC%82%AC-%EC%86%8C%ED%99%98-18%EB%85%84-%EB%A7%8C%EC%97%90-%EC%B4%88%EA%B0%95%EC%88%98,https://wimg.sedaily.com/news/cms/2026/10/08/rcv.YNA.20261008.PYH2026100815620001300_P1.jpg,1200,862,ok
https://ailens.sedaily.ai/international/2026/10/09/2026-10-09-%EC%98%A4%ED%94%88AI-%EB%A7%A4%EC%B6%9C-%EB%B6%80%EC%A7%84%EC%97%90-%EB%B0%98%EB%8F%84%EC%B2%B4%EC%A3%BC-%EA%B8%89%EB%9D%BD-%EB%8C%80%EC%9D%B4%EB%9E%80-%EA%B3%B5%EA%B2%A9-%EA%B0%80%EB%8A%A5%EC%84%B1%EC%97%90-%EC%9C%A0%EA%B0%80-4-%EB%8D%B0%EC%9D%BC%EB%A6%AC%EA%B5%AD%EC%A0%9C%EA%B8%88%EC%9C%B5,https://wimg.sedaily.com/news/cms/2026/10/09/news-p.v1.20260615.76c71600b75e4b46b1058cdb2fa432c2_P1.png,1001,722,ok
https://ailens.sedaily.ai/news/2026/10/09/2026-10-09-%EC%A7%80%ED%9C%98%EB%B6%80-%EA%B3%B5%EB%B0%B1%EC%97%90-%EB%AF%B8%EC%A0%9C%EC%82%AC%EA%B1%B4-%EC%9D%B4%EA%B4%80%EB%8F%84-%EC%8A%A4%ED%86%B1-%EC%88%98%EC%82%AC-%EA%B3%B5%EB%B0%B1-%EB%B9%84%EC%83%81%EB%93%B1,https://wimg.sedaily.com/news/cms/2026/10/08/news-p.v1.20261008.270f4155dfd446e9b4240d2c0402e1a9_P1.jpg,1200,508,ok
https://ailens.sedaily.ai/finance/2026/10/09/2026-10-09-%EC%97%84%EB%A7%88-%EA%B5%AC%ED%95%98%EB%A0%A4%EB%8B%A4-%EC%88%A8%EC%A1%8C%EB%8A%94%EB%8D%B0-%EB%B3%B4%ED%97%98%EA%B8%88-0%EC%9B%90-15%EC%84%B8-%EB%AF%B8%EB%A7%8C-%EC%9E%AC%EB%82%9C%EB%B3%B4%ED%97%98-%EC%82%AC%EA%B0%81%EC%A7%80%EB%8C%80-%EC%97%86%EC%95%A4%EB%8B%A4,https://wimg.sedaily.com/news/cms/2026/10/08/news-p.v1.20261008.d3a1f6bdc48f41e6946167db7f8284a1_P1.png,1200,800,ok
https://ailens.sedaily.ai/news/2026/10/09/2026-10-09-%EC%A0%95%EB%B6%80-%EC%9B%A8%EC%8A%A4%ED%8C%85%ED%95%98%EC%9A%B0%EC%8A%A4-IPO%EC%8B%9C-%ED%99%A9%EA%B8%88%EC%A3%BC-%ED%99%95%EB%B3%B4-%EA%B2%BD%EC%98%81%EC%B0%B8%EC%97%AC%EC%97%90-%EA%B1%B8%EB%A6%BC%EB%8F%8C-Pick%EC%BD%94%EB%85%B8%EB%AF%B8,https://wimg.sedaily.com/news/cms/2026/10/08/news-p.v1.20260916.0e67bbb29163441a9dafdf857525499b_P1.jpg,1200,800,ok
https://ailens.sedaily.ai/property/2026/10/09/2026-10-09-%EA%B0%95%EB%82%A8-%EC%A7%91%EA%B0%92-%EB%82%99%ED%8F%AD-%EC%A4%84%EA%B3%A0-%EC%A4%91%EC%A0%80%EA%B0%80-%EA%B8%88%EA%B4%80%EA%B5%AC-%EC%83%81%EC%8A%B9%EC%84%B8-%EA%B0%95%ED%99%94-%EC%A7%91%EC%8A%90%EB%9E%AD,https://wimg.sedaily.com/news/cms/2026/10/08/news-g.v1.20261008.b663e2625fa1462888fe0671a8370478_P1.jpg,1200,956,ok
https://ailens.sedaily.ai/property/2026/10/09/2026-10-09-%EA%B3%B5%EA%B3%B5%EA%B8%B0%EC%97%AC-%EB%B6%80%EB%8B%B4-%EC%A4%84%EC%97%AC-%EC%9A%A9%EB%8F%84%EB%B3%80%EA%B2%BD-%EC%9C%A0%EB%8F%84-%EC%A0%95%EB%B6%80-%EA%B3%B5%EA%B8%89-%EC%86%8D%EB%8F%84%EC%A0%84,https://wimg.sedaily.com/news/cms/2026/10/08/news-g.v1.20261008.0fcd494f69324ca2ab4bde74fb2accb2_P1.jpg,1200,686,ok
https://ailens.sedaily.ai/markets/2026/10/09/2026-10-09-%EB%8F%99%EC%96%91-%EC%B2%9C%EC%9D%BC%EA%B3%A0%EC%86%8D-%EA%B8%89%EB%93%B1-%EB%8B%A4%EC%8B%9C-%EB%B6%88%EB%B6%99%EC%9D%80-%EC%84%9C%EC%9A%B8%EA%B3%A0%ED%84%B0-%EC%9E%AC%EA%B0%9C%EB%B0%9C-%ED%85%8C%EB%A7%88-%EC%BD%94%EC%A3%BC%EB%B6%80,https://wimg.sedaily.com/news/cms/2026/10/08/rcv.YNA.20260923.PYH2026092308440001300_P1.jpg,1200,925,ok
https://ailens.sedaily.ai/industry/2026/10/09/2026-10-09-%ED%95%9C%EA%B8%80-%EC%8D%A8%EC%95%BC-%EC%A7%84%EC%A7%9C-K%ED%91%B8%EB%93%9C-%EC%8B%9D%ED%92%88%EC%97%85%EA%B3%84-%ED%95%B4%EC%99%B8%EC%84%9C-%ED%95%9C%EA%B8%80-%EB%A7%88%EC%BC%80%ED%8C%85,https://wimg.sedaily.com/news/cms/2026/10/08/news-p.v1.20261008.0b7bf698ec904c09b59c1335a8ac9bad_P1.jpg,960,1280,ok
https://ailens.sedaily.ai/finance/2026/10/09/2026-10-09-%EC%82%BC%EC%84%B1%EC%9B%94%EB%A0%9B%EC%97%90-USDC-%ED%83%91%EC%9E%AC-%EA%B2%B0%EC%A0%9C%EB%8F%84-%EC%B6%94%EC%A7%84,https://wimg.sedaily.com/news/cms/2026/10/08/news-p.v1.20261008.db9df5368ac14a5b9b35c37b4a6bba6b_P1.jpg,1200,900,ok
https://ailens.sedaily.ai/news/2026/10/09/2026-10-09-%EC%83%81%EC%86%8D-%EA%B3%A0%EB%A0%B9%EB%86%8D-%EC%9E%84%EB%8C%80%EC%B0%A8-%EB%86%8D%EC%A7%80-%EC%A0%84%EC%88%98%EC%A1%B0%EC%82%AC-%EC%B2%98%EB%B6%84-%EC%A0%9C%EC%99%B8,https://wimg.sedaily.com/news/cms/2026/10/08/rcv.YNA.20261008.PYH2026100808810001300_P1.jpg,1200,800,ok
https://ailens.sedaily.ai/markets/2026/10/09/2026-10-09-%EB%8B%A8%EB%8F%85-%EA%B8%80%EB%A1%9C%EB%B2%8C-%EB%A0%88%EC%A0%80%EA%B8%B0%EC%97%85-%ED%81%B4%EB%9F%BD%EB%A9%94%EB%93%9C-%ED%9C%98%EB%8B%89%EC%8A%A4%EC%A4%91%EC%95%99-%EC%9D%B8%EC%88%98-%EA%B2%80%ED%86%A0-%EC%8B%9C%EA%B7%B8%EB%84%90,https://wimg.sedaily.com/news/cms/2026/10/08/news-p.v1.20261008.5aa94efcbd5d45b58ae62404549277d0_P1.png,1165,723,ok
https://ailens.sedaily.ai/industry/2026/10/09/2026-10-09-%EC%82%BC%EC%84%B1-%EC%98%AC%ED%95%B4-%EC%9D%B4%EC%9D%B5-370%EC%A1%B0-%EA%B8%80%EB%A1%9C%EB%B2%8C-1%EC%9C%84-%EC%99%95%EC%A2%8C-%EB%93%B1%EA%B7%B9,https://wimg.sedaily.com/news/cms/2026/10/08/news-p.v1.20261007.938c79056c634a7298dbc74e58100d70_P1.png,700,502,ok
https://ailens.sedaily.ai/news/2026/10/09/2026-10-09-CPTPP-%EC%97%B0%EB%82%B4-%EA%B0%80%EC%9E%85%EC%8B%A0%EC%B2%AD-%EC%95%88%ED%95%9C%EB%8B%A4,https://wimg.sedaily.com/news/cms/2026/10/08/news-p.v1.20261008.a15bab65b12c428ba891296ffe8477ca_P1.jpg,1200,833,ok
https://ailens.sedaily.ai/markets/2026/10/08/2026-10-08-%EC%82%BC%EC%84%B1%EC%A0%84%EC%9E%90-%EB%B6%84%EA%B8%B0-%EC%98%81%EC%97%85%EC%9D%B5-107%EC%A1%B0%EB%9D%BC%EA%B3%A0-%EA%B5%AD%EB%82%B4-%EC%B2%AB-100%EC%A1%B0-%EB%8F%8C%ED%8C%8C,https://wimg.sedaily.com/news/cms/2026/10/08/news-p.v1.20261008.0b4d52a019df412ba43cd3b81b27a37c_P1.png,658,438,ok
https://ailens.sedaily.ai/industry/2026/10/08/2026-10-08-%EC%83%81%ED%8F%90-%EC%9C%84%EA%B8%B0-%EC%A2%85%EB%AA%A9%EC%9D%B4-%EC%A4%84%EC%A4%84%EC%9D%B4-%EC%83%81%ED%95%9C%EA%B0%80%EB%9D%BC%EA%B3%A0,https://wimg.sedaily.com/news/cms/2026/10/08/news-p.v1.20260802.9b52bd17df7e4999b3dedd0d425a7a6c_P1.jpg,640,425,ok
https://ailens.sedaily.ai/markets/2026/10/08/2026-10-08-20%EB%85%84-%EB%AC%B6%EC%9C%BC%EB%A9%B4-162-%EB%9D%BC%EA%B3%A0-%EA%B5%AD%EC%B1%84-%EC%B2%AD%EC%95%BD-15%EC%9D%BC%EA%B9%8C%EC%A7%80,https://wimg.sedaily.com/news/cms/2026/10/08/news-p.v1.20261008.6b09161a2f454aa1bf62bbc4651a25b3_P1.png,1200,936,ok
https://ailens.sedaily.ai/markets/2026/10/08/2026-10-08-%EC%94%A8%EC%A0%A0-3%EB%B6%84%EA%B8%B0-%EC%98%81%EC%97%85%EC%9D%B4%EC%9D%B5-93-%EB%8A%98%EC%96%B4%EB%82%9C%EB%8B%A4%EA%B3%A0-%EC%9C%A0%EB%9F%BD-%ED%9C%B4%EA%B0%80%EC%B2%A0%EC%9D%B8%EB%8D%B0,https://wimg.sedaily.com/news/cms/2026/10/08/news-p.v1.20260807.30c72ebba7254f6cbc48d18c0b3b5720_P1.jpg,1200,503,ok
https://ailens.sedaily.ai/finance/2026/10/08/2026-10-08-KB%EA%B8%88%EC%9C%B5%EC%9D%B4-US%EB%B1%85%ED%81%AC%EB%B3%B4%EB%8B%A4-%EB%86%92%EB%8B%A4%EA%B3%A0-%EC%84%A4%EB%AC%B8-%EB%B9%BC%EA%B3%A0-%EC%88%AB%EC%9E%90%EB%A7%8C-%EB%B4%A4%EB%8D%94%EB%8B%88,https://wimg.sedaily.com/news/cms/2026/10/07/news-g.v1.20261007.c5dcd7021ef84721b4a4c2e625b8792c_P1.jpg,1200,479,ok
https://ailens.sedaily.ai/international/2026/10/08/2026-10-08-%EC%97%B0%EC%A4%80-%EC%9D%98%EC%82%AC%EB%A1%9D-%EC%97%B4%EC%96%B4%EB%B3%B4%EB%8B%88-%EC%B6%94%EA%B0%80-%EC%9D%B8%EC%83%81%EC%9D%80-%EC%97%B0%EB%82%B4-%EC%9D%BC-%EB%BF%90-10%EC%9B%94%EC%9D%80-%EC%95%84%EB%8B%88%EB%9D%BC%EA%B3%A0,https://wimg.sedaily.com/news/cms/2026/10/08/news-p.v1.20261008.5ec877786f364708a2986ebc0149643a_P1.jpg,1200,800,ok
https://ailens.sedaily.ai/industry/2026/10/08/2026-10-08-%EB%9D%BC%EB%84%A4%EC%A6%88-%EC%98%A8%EB%9D%BC%EC%9D%B8%EB%AA%B0%EC%9D%B4-%EB%AC%B8%EC%9D%84-%EB%8B%AB%EC%95%98%EB%8B%A4%EA%B3%A0-%EC%95%84%EB%AA%A8%EB%A0%88%EC%9D%98-%EC%95%84%EC%8B%9C%EC%95%84-%EC%A7%80%EB%8F%84-%EB%8B%A4%EC%8B%9C-%EA%B7%B8%EB%A6%AC%EA%B8%B0,https://wimg.sedaily.com/news/cms/2026/10/07/news-p.v1.20261007.777f52bfbf6947cdadf6280ff86c86e2_P1.png,1158,228,ok
https://ailens.sedaily.ai/industry/2026/10/08/2026-10-08-%EA%B9%80%EC%9E%A5-%EC%95%88-%ED%95%98%EA%B8%B0%EB%A1%9C-%ED%96%88%EB%8B%A4%EA%B3%A0-%EC%86%8C%EC%9A%A9%EB%9F%89-%EA%B9%80%EC%B9%98%EA%B0%80-39-%EB%8D%94-%ED%8C%94%EB%A0%B8%EC%96%B4%EC%9A%94,https://wimg.sedaily.com/news/cms/2026/10/08/news-p.v1.20261006.56dd5e3ae4e04dcb883dfea246281ba0_P1.jpg,1200,800,ok
https://ailens.sedaily.ai/international/2026/10/08/2026-10-08-%EB%AF%B8%EA%B5%AD-%EC%B7%A8%EC%97%85-%EC%B2%AB-%EA%B4%80%EB%AC%B8%EC%97%90-9-380%EB%A7%8C-%EC%9B%90%EC%9D%B4-%EB%B6%99%EC%97%88%EB%8B%A4%EA%B3%A0,https://wimg.sedaily.com/news/cms/2026/10/08/news-p.v1.20261008.579212d717d34fe293802e69cb0f919d_P1.jpg,1200,800,ok
https://ailens.sedaily.ai/international/2026/10/08/2026-10-08-%ED%95%9C%EA%B5%AD%EB%8F%84-%EC%84%9C%EB%AA%85%ED%95%9C-15%EA%B0%9C%EA%B5%AD-%EA%B3%B5%EB%8F%99%EC%84%B1%EB%AA%85-%EC%A4%91%EA%B5%AD-%EC%9D%B4%EB%A6%84%EC%9D%80-%EB%B9%A0%EC%A1%8C%EB%8B%A4%EA%B3%A0,https://wimg.sedaily.com/news/cms/2026/10/08/news-p.v1.20261008.36cbd604b6d44fe4b5cfdfb3669ff861_P1.jpg,1200,800,ok
https://ailens.sedaily.ai/industry/2026/10/08/2026-10-08-%EB%A6%AC%EC%82%AC-%EC%88%98-%ED%9A%8C%EC%9E%A5-%EC%82%BC%EC%84%B1%EC%97%90%EC%84%A0-3%EC%8B%9C%EA%B0%84-%EC%8B%9D%EC%82%AC%ED%96%88%EB%8B%A4%EA%B3%A0,https://wimg.sedaily.com/news/cms/2026/10/07/news-p.v1.20261007.468d6870d7324bb8bdcc76aae6f32635_P1.jpg,1200,900,ok
https://ailens.sedaily.ai/culture/2026/10/08/2026-10-08-%EC%9C%84%EA%B3%A0%EB%B9%84%EB%B3%B4%EB%8B%A4-30-%EC%8B%BC-%EB%B9%84%EB%A7%8C-%EC%A3%BC%EC%82%AC-%EC%9D%B4%EB%8B%AC-%EB%82%98%EC%98%A8%EB%8B%A4%EA%B3%A0,https://wimg.sedaily.com/news/cms/2026/10/07/news-g.v1.20261007.a28c0060cdd5463b9b4fb2166dc9a16d_P1.jpg,1200,570,ok
https://ailens.sedaily.ai/international/2026/10/08/2026-10-08-SK%ED%95%98%EC%9D%B4%EB%8B%89%EC%8A%A4-%EC%86%90%EC%9E%90%ED%9A%8C%EC%82%AC-%EB%AF%B8%EA%B5%AD-%EC%A6%9D%EC%8B%9C-%EB%8D%B0%EB%B7%94-%EC%A4%80%EB%B9%84%ED%95%9C%EB%8B%A4%EA%B3%A0,https://wimg.sedaily.com/news/cms/2026/10/08/news-p.v1.20261008.55ebef08de0846be8cd84815a7e980f5_P1.jpg,1200,800,ok
https://ailens.sedaily.ai/news/2026/10/08/2026-10-08-%EB%B3%91%EC%9B%90-%EC%A7%84%EB%A3%8C-%EC%98%81%EC%83%81-80%EA%B1%B4%EC%9D%B4-%ED%95%B4%EC%99%B8-%EC%9D%8C%EB%9E%80%EC%82%AC%EC%9D%B4%ED%8A%B8%EC%97%90-%EB%96%A0-%EC%9E%88%EC%97%88%EB%8B%A4%EA%B3%A0,https://wimg.sedaily.com/news/cms/2026/10/07/news-p.v1.20261007.30073e3978e3463aa0a6b72c166aa15f_P1.png,750,500,ok
https://ailens.sedaily.ai/news/2026/10/08/2026-10-08-%EC%9C%A4-%EC%A0%84-%EB%8C%80%ED%86%B5%EB%A0%B9-1%EC%8B%AC-%EC%9C%A0%EC%A3%84%EA%B0%80-%ED%95%AD%EC%86%8C%EC%8B%AC%EC%97%90%EC%84%9C-%EB%92%A4%EC%A7%91%ED%98%94%EB%8B%A4%EA%B3%A0,https://wimg.sedaily.com/news/cms/2026/10/07/news-g.v1.20261007.c5fc7956d09049cab0982dd2c5601890_P1.jpg,1200,663,ok
https://ailens.sedaily.ai/news/2026/10/08/2026-10-08-%EA%B8%B0%EC%B4%88%EC%97%B0%EA%B8%88-2%EB%A7%8C-7-270%EC%9B%90-%EC%95%88-%EB%B0%9B%EB%8A%94-%EA%B1%B0-%EC%95%84%EB%8B%88%EC%97%88%EC%96%B4,https://wimg.sedaily.com/news/cms/2026/10/08/rcv.YNA.20261007.PYH2026100710310001300_P1.jpg,1200,878,ok
https://ailens.sedaily.ai/news/2026/10/08/2026-10-08-%EC%84%9C%EC%9A%B8-%ED%98%BC%EC%9E%90-%EC%82%AC%EB%8A%94-%EC%A7%91-%EC%A7%91-%EC%9E%88%EA%B3%A0-%EC%97%86%EA%B3%A0%EA%B0%80-%EC%98%88%EC%88%9C%EC%95%84%ED%99%89%EC%97%94-3-6%EB%B0%B0-%EC%B0%A8%EC%9D%B4,https://wimg.sedaily.com/news/cms/2026/10/08/news-p.v1.20261007.27ea7e85fcda44dea47b9bc8c96c5d23_P1.jpg,1200,726,ok
https://ailens.sedaily.ai/markets/2026/10/08/2026-10-08-%EA%B8%B0%EC%95%84-%EB%85%B8%EC%A1%B0%EC%9B%90-5000%EB%AA%85-%EA%B0%9C%EC%9D%B8%EC%A0%95%EB%B3%B4-%EA%B5%90%EC%9C%A1-%EC%97%85%EC%B2%B4-%EC%84%9C%EB%B2%84%EC%97%90%EC%84%9C-%EC%83%88%EB%82%98%EA%B0%94%EB%8B%A4%EA%B3%A0,https://wimg.sedaily.com/news/cms/2026/10/07/rcv.YNA.20261005.PYH2026100504580001300_P2.jpg,500,297,ok
https://ailens.sedaily.ai/property/2026/10/08/2026-10-08-25%EC%96%B5-%EB%84%98%EB%8A%94-%EC%95%84%ED%8C%8C%ED%8A%B8-%EA%B2%BD%EB%A7%A4%EC%97%90%EC%84%9C-%EA%B0%90%EC%A0%95%EA%B0%80%EB%B3%B4%EB%8B%A4-5%EC%96%B5-%EB%B9%A0%EC%A1%8C%EB%8B%A4%EA%B3%A0,https://wimg.sedaily.com/news/cms/2026/10/07/news-g.v1.20261007.90c41affa7414858bf2189b916eccf34_P1.jpg,1200,687,ok
https://ailens.sedaily.ai/property/2026/10/08/2026-10-08-%EC%98%AC%ED%95%B4-%EC%B0%A9%EA%B3%B5-%EB%AA%A9%ED%91%9C-100-%EB%AA%BB-%EC%B1%84%EC%9A%B4%EB%8B%A4-%EA%B5%AD%ED%86%A0%EB%B6%80-%EC%9E%A5%EA%B4%80%EC%9D%B4-%EC%B2%98%EC%9D%8C-%EC%9D%B8%EC%A0%95%ED%95%9C-32-4,https://wimg.sedaily.com/news/cms/2026/10/07/news-p.v1.20261007.be9f7f2d79b9406c8917eb702d78ff76_P1.jpg,1200,764,ok
https://ailens.sedaily.ai/finance/2026/10/08/2026-10-08-15%EB%85%84-%EB%B2%84%ED%8B%B0%EB%8D%98-%EC%84%A0%EB%B0%95%EC%99%95-3938%EC%96%B5-%EC%9B%90-%EC%99%84%EB%82%A9%ED%95%98%EA%B8%B0%EB%A1%9C-%ED%96%88%EB%8B%A4%EA%B3%A0,https://wimg.sedaily.com/news/cms/2026/10/08/news-p.v1.20261008.b587c5ad020b4c028aa6eb0f1ea03ad9_P1.jpg,517,410,ok
https://ailens.sedaily.ai/news/2026/10/08/2026-10-08-%EC%A0%95%EC%9C%A0-1-2%EC%9C%84%EA%B0%80-4%EB%85%84%EA%B0%84-%EA%B0%80%EA%B2%A9%EC%9D%84-%EC%A3%BC%EA%B3%A0%EB%B0%9B%EC%95%98%EB%8B%A4%EA%B3%A0,https://wimg.sedaily.com/news/cms/2026/10/07/rcv.NEWS1.NEWS1.20261007.2026-10-07T120000_1008146673_INDUSTRY_I_P1.jpg,1200,720,ok
https://ailens.sedaily.ai/industry/2026/10/08/2026-10-08-10%EB%85%84%EA%B0%84-1000%EC%A1%B0%EC%9B%90-%EB%85%B9%EC%83%89%EB%8C%80%EC%A0%84%ED%99%98-%ED%8C%90-%EC%A7%9C%EB%9F%AC-%EB%82%98%EC%84%A0%EB%8B%A4%EA%B3%A0,https://wimg.sedaily.com/news/cms/2026/10/08/rcv.YNA.20261007.PYH2026100717450001300_P1.jpg,1200,841,ok
https://ailens.sedaily.ai/international/2026/10/08/2026-10-08-AI-%EA%B2%BD%EC%9F%81%EC%9D%98-%EC%9E%A3%EB%8C%80%EA%B0%80-GPU%EC%97%90%EC%84%9C-%EA%B8%B0%EA%B0%80%EC%99%80%ED%8A%B8%EB%A1%9C-%EB%84%98%EC%96%B4%EA%B0%94%EB%8B%A4%EA%B3%A0,https://wimg.sedaily.com/news/cms/2026/10/07/news-p.v1.20261007.b80428e8170d4adbb2600f74572dd471_P1.jpg,700,467,ok
https://ailens.sedaily.ai/markets/2026/10/08/2026-10-08-%EA%B3%B5%EB%AA%A8%EA%B0%80%EA%B9%8C%EC%A7%80-%EB%B0%80%EB%A6%B0-%ED%95%98%EC%9D%B4%EB%B8%8C-BTS%EB%A7%8C-%EA%B8%B0%EB%8B%A4%EB%A6%AC%EB%8A%94-%EC%A3%BC%EA%B0%80%EB%9D%BC%EA%B3%A0,https://wimg.sedaily.com/news/cms/2026/10/07/news-p.v1.20261002.83fcb650fbdb4a9e9cfb1c4be68f3ba2_P1.jpg,1200,800,ok
https://ailens.sedaily.ai/markets/2026/10/08/2026-10-08-%EC%8B%A0%EC%84%B8%EA%B3%84%EA%B0%80-%EC%9B%8C%EB%84%88%EB%B8%8C%EB%9D%BC%EB%8D%94%EC%8A%A4%EC%97%90-1%EC%A1%B0-4000%EC%96%B5%EC%9D%84-%EB%84%A3%EB%8A%94%EB%8B%A4%EA%B3%A0,https://wimg.sedaily.com/news/cms/2026/10/07/news-p.v1.20260107.d90e3bf3fd514dd6a402969a0b44dd7d_P1.jpg,1200,418,ok
https://ailens.sedaily.ai/industry/2026/10/08/2026-10-08-HLB-%EB%8B%B4%EA%B4%80%EC%95%94-%EC%8B%A0%EC%95%BD-%EB%AF%B8%EA%B5%AD-%EB%8B%A4%EC%9D%8C%EC%9D%80-%EC%9C%A0%EB%9F%BD%EC%9D%B4%EB%9D%BC%EA%B3%A0,https://wimg.sedaily.com/news/cms/2026/10/07/news-p.v1.20261007.e28f8d13f6a44c5c8e6533478598e680_P1.jpg,971,791,ok
https://ailens.sedaily.ai/industry/2026/10/08/2026-10-08-%EC%82%BC%EC%84%B1%EC%A0%84%EC%9E%90-%EB%B6%84%EA%B8%B0-%EC%98%81%EC%97%85%EC%9D%B4%EC%9D%B5-100%EC%A1%B0-%EB%8F%8C%ED%8C%8C-%EC%9D%B4%EC%9D%B5%EB%A5%A0%EC%9D%B4-55-%EB%9D%BC%EA%B3%A0,https://wimg.sedaily.com/news/cms/2026/10/08/news-p.v1.20261008.6232181beeb14ae78ee3eb4b0a39ef89_P1.png,603,334,ok
https://ailens.sedaily.ai/industry/2026/10/08/2026-10-08-%EB%85%B8%EC%82%AC-%EC%8B%B8%EC%9A%B0%EB%8A%94-%EB%8F%99%EC%95%88-%EC%A3%BC%EA%B0%80%EB%A7%8C-%EB%82%B4%EB%A0%A4%EA%B0%94%EB%8B%A4%EA%B3%A0,https://wimg.sedaily.com/news/cms/2026/10/07/news-p.v1.20261007.b61ce17d7dd34d65bae5a56d835993cc_P1.jpg,240,266,ok
https://ailens.sedaily.ai/industry/2026/10/08/2026-10-08-%EA%B0%80%EB%8F%99%EB%A5%A0-16-%EA%B9%8C%EC%A7%80-%EB%96%A8%EC%96%B4%EC%A7%84-%EA%B3%B5%EC%9E%A5-%EC%B2%AB-%EC%88%98%EC%A3%BC%EB%A1%9C-%EB%8B%A4%EC%8B%9C-%EB%8F%8C%EC%95%84%EA%B0%84%EB%8B%A4%EA%B3%A0,https://wimg.sedaily.com/news/cms/2026/10/07/news-p.v1.20261007.c5f82aaad6014b34a6007240e4af60d9_P1.jpeg,860,573,ok
https://ailens.sedaily.ai/markets/2026/10/08/2026-10-08-%ED%9C%B4%EC%A0%A4%EC%9D%B4-%ED%98%BC%EC%9E%90-%EB%8B%A4-%EC%95%88-%ED%95%9C%EB%8B%A4-%EA%B3%A0-%EC%84%A0%EC%96%B8%ED%95%9C-%EC%9D%B4%EC%9C%A0-%EC%98%81%EC%97%85%EC%9D%B4%EC%9D%B5%EB%A5%A0-40-7,https://wimg.sedaily.com/news/cms/2026/10/07/ams.001.photo.202609141722500750197627_P1.jpg,1200,800,ok
https://ailens.sedaily.ai/markets/2026/10/08/2026-10-08-%EB%85%B8%EB%AC%B4%EB%9D%BC-%EC%9E%A1%EC%9D%84-%EC%88%98%EB%8F%84-%EC%9E%88%EA%B2%A0%EB%8B%A4-%EB%8A%94-%EB%A7%90-%EA%B9%80%EB%82%A8%EA%B5%AC-%ED%9A%8C%EC%9E%A5%EC%9D%B4-%EA%BA%BC%EB%83%88%EB%8B%A4%EA%B3%A0,https://wimg.sedaily.com/news/cms/2026/10/07/news-p.v1.20261007.db54fa50c1a74b70a4a9870e5a9f20aa_P1.jpg,1200,900,ok
https://ailens.sedaily.ai/news/2026/10/08/2026-10-08-%ED%98%9C%EC%84%B1%EC%9D%98-%EC%9E%AC%EB%A3%8C%EA%B0%80-%EB%A7%8C%EB%93%A4%EC%96%B4%EC%A7%80%EB%8A%94-%EC%88%9C%EA%B0%84-%EC%84%B8%EA%B3%84-%EC%B5%9C%EC%B4%88%EB%A1%9C-%EC%B0%8D%ED%98%94%EB%8B%A4%EA%B3%A0,https://wimg.sedaily.com/news/cms/2026/10/07/news-p.v1.20261006.55968f8b434e421489c546ef0ab9077b_P1.png,734,994,ok
https://ailens.sedaily.ai/industry/2026/10/08/2026-10-08-LG-%EC%B4%88%EC%9D%B8%EC%A2%85%EC%97%90-%EC%95%A0%ED%94%8C-%EC%84%A4%EA%B3%84%EA%B0%80-%EB%93%A4%EC%96%B4%EA%B0%84%EB%8B%A4%EA%B3%A0,https://wimg.sedaily.com/news/cms/2026/10/07/news-p.v1.20260917.6d7eb3be8f9d4a1588618819203bc061_P1.jpg,600,400,ok
https://ailens.sedaily.ai/finance/2026/10/08/2026-10-08-AI%EB%81%BC%EB%A6%AC-%EC%95%8C%EC%95%84%EC%84%9C-%EA%B2%B0%EC%A0%9C%ED%95%9C%EB%8B%A4%EA%B3%A0-x402-%EA%B1%B0%EB%9E%98-99-3-%EA%B0%80-%EC%9D%B4-%EC%BD%94%EC%9D%B8,https://wimg.sedaily.com/news/cms/2026/10/07/news-p.v1.20261007.e5efb5e6205748ae8ccc30a769ac9732_P1.jpg,1200,900,ok
https://ailens.sedaily.ai/news/2026/10/08/2026-10-08-53%EB%85%84%EC%A7%B8-%EC%9D%B4%EC%96%B4%EC%A7%84-%EB%B3%91%EC%97%AD%ED%8A%B9%EB%A1%80-2040%EB%85%84%EC%97%90-%EC%82%AC%EB%9D%BC%EC%A7%84%EB%8B%A4%EA%B3%A0,https://wimg.sedaily.com/news/cms/2026/10/07/news-p.v1.20261007.44a8f4dc8c0e43eeaed986ca3843e71d_P1.jpg,1200,800,ok
https://ailens.sedaily.ai/finance/2026/10/08/2026-10-08-10%EB%85%84%EA%B0%84-1000%EC%A1%B0-%EC%9B%90-%EC%A0%84%EA%B8%B0%EC%B0%A8-%EB%B0%B0%ED%84%B0%EB%A6%AC%EC%97%90-%EB%8B%A4-%EC%8F%9F%EB%8A%94%EB%8B%A4%EA%B3%A0,https://wimg.sedaily.com/news/cms/2026/10/07/news-p.v1.20261007.f2eaa01a72744a5b899727beff012ea3_P1.jpg,1200,764,ok
https://ailens.sedaily.ai/news/2026/10/07/2026-10-07-%EA%B0%99%EC%9D%80-%EC%97%AC%EB%A1%A0%EC%A1%B0%EC%82%AC-58%ED%9A%8C-%EB%B6%80%EB%B6%80%EC%9D%98-%ED%8C%90%EA%B2%B0%EC%9D%B4-%EA%B0%88%EB%A0%B8%EB%8B%A4%EA%B3%A0,https://wimg.sedaily.com/news/cms/2026/10/06/news-p.v1.20260911.d6f874fc718544a8a2652985ccd40fec_P1.jpg,500,333,ok
https://ailens.sedaily.ai/property/2026/10/07/2026-10-07-10-%EC%88%98%EC%9D%B5-%EC%9E%A5%EB%8B%B4%ED%95%98%EB%8D%98-%EA%B3%B5%EA%B8%B0%EC%97%85-%ED%88%AC%EC%9E%90-290%EC%96%B5-%EB%82%A0%EB%A0%B8%EB%8B%A4%EA%B3%A0,https://wimg.sedaily.com/news/cms/2026/10/07/news-p.v1.20261005.977bcc5a4ec6472db521b71ccd281db2_P1.jpg,1200,800,ok
https://ailens.sedaily.ai/property/2026/10/07/2026-10-07-%EB%A7%88%ED%8F%AC-%EC%8B%A0%EC%B6%95-84-%EC%9E%85%EC%A3%BC%EA%B6%8C-31%EC%96%B58000%EB%A7%8C-%EC%9B%90-%EA%B0%95%EB%82%A8-%EA%B0%80%EA%B2%A9%ED%91%9C%EC%99%80-%EA%B2%B9%EC%B3%A4%EB%8B%A4%EA%B3%A0,https://wimg.sedaily.com/news/cms/2026/10/06/news-p.v1.20260819.1d4f50aa4ade4e268412693779f7da87_P1.jpg,1200,800,ok
https://ailens.sedaily.ai/property/2026/10/07/2026-10-07-%EC%B2%AD%EC%95%BD-%EA%B2%BD%EC%9F%81%EB%A5%A0-%EB%B0%98%ED%86%A0%EB%A7%89%EC%9D%B4%EB%9D%BC%EA%B3%A0-%EC%84%9C%EC%9A%B8%EC%9D%80-63%EB%8C%80-1%EC%9D%B4%EC%97%88%EB%84%A4%EC%9A%94,https://wimg.sedaily.com/news/cms/2026/10/06/rcv.NEWS1.NEWS1.20261005.2026-10-05T143158_1008143006_REALESTATE_I_P1.jpg,1200,833,ok
https://ailens.sedaily.ai/property/2026/10/07/2026-10-07-%EA%B3%B5%EA%B3%B5%EC%9E%84%EB%8C%80-%EC%A4%91%ED%98%95-%ED%8F%89%ED%98%95-%EC%98%AC%ED%95%B4-100%EC%B1%84-%EC%A4%91-4%EC%B1%84%EB%BF%90%EC%9D%B4%EB%9D%BC%EA%B3%A0,https://wimg.sedaily.com/news/cms/2026/10/06/news-p.v1.20251230.8507b785d8964ca8a228bca34235005b_P1.png,567,288,ok
https://ailens.sedaily.ai/industry/2026/10/07/2026-10-07-15%EB%85%84-%ED%82%A4%EC%9A%B4-%EB%B0%98%EB%8F%84%EC%B2%B4-%EC%9D%B8%EB%A0%A5%EC%9D%B4-2-9%EB%85%84-%EB%A7%8C%EC%97%90-%EB%96%A0%EB%82%9C-%EC%9D%B4%EC%9C%A0-%EB%AD%90%EA%B8%B8%EB%9E%98,https://wimg.sedaily.com/news/cms/2026/10/07/news-p.v1.20261006.27ce0d594f134ad5836276101a480d41_P1.png,762,482,ok
https://ailens.sedaily.ai/finance/2026/10/07/2026-10-07-%EA%B8%B0%EC%97%85%EC%9D%80%ED%96%89-%EC%A2%80%EB%B9%84%EA%B8%B0%EC%97%85-%EB%8C%80%EC%B6%9C-4%EB%85%84-%EC%83%88-15%EC%A1%B0-%EB%8A%98%EC%97%88%EB%8B%A4%EA%B3%A0,https://wimg.sedaily.com/news/cms/2026/10/06/news-g.v1.20261006.bfb54b045f034d05862724bcc105d077_P1.jpg,1200,511,ok
https://ailens.sedaily.ai/news/2026/10/07/2026-10-07-%EC%96%B4%EB%A8%B8%EB%8B%88-%ED%86%B5%EC%9E%A5%EC%97%90-%EB%93%A4%EC%96%B4%EC%98%AC-%EA%B8%B0%EC%B4%88%EC%97%B0%EA%B8%88-1%EC%9B%94%EC%97%94-%EA%B7%B8%EB%8C%80%EB%A1%9C%EB%9D%BC%EA%B3%A0,https://wimg.sedaily.com/news/cms/2026/10/07/news-p.v1.20261006.952b582103e94eb68275bed67f110c83_P1.jpg,1200,983,ok
https://ailens.sedaily.ai/industry/2026/10/07/2026-10-07-%ED%95%B4%EC%99%B8-%EA%B1%B0%EB%9E%98%EC%86%8C%EB%A1%9C-%EC%BD%94%EC%9D%B8-%EB%B3%B4%EB%82%B4%EB%A9%B4-%EC%9D%B4%EC%A0%9C-%ED%95%9C%EA%B5%AD%EC%9D%80%ED%96%89%EC%97%90-%EA%B8%B0%EB%A1%9D%EC%9D%B4-%EB%82%A8%EB%8A%94%EB%8B%A4%EA%B3%A0,https://wimg.sedaily.com/news/cms/2026/10/07/news-p.v1.20260109.d4d3cf12741f43ccb0c141de91a88452_P1.jpg,1200,800,ok
https://ailens.sedaily.ai/news/2026/10/07/2026-10-07-%EC%9C%A0%ED%95%99%EC%83%9D-35%EB%A7%8C-%EB%AA%85-%EC%8B%9C%EB%8C%80-%EC%9D%B4%EC%A0%9C-%ED%95%9C%EA%B5%AD%EC%96%B4-%EC%8B%A4%EB%A0%A5%EC%9C%BC%EB%A1%9C-%EB%B9%84%EC%9E%90%EA%B0%80-%EA%B0%88%EB%A6%B0%EB%8B%A4%EA%B3%A0,https://wimg.sedaily.com/news/cms/2026/10/07/news-p.v1.20261007.79578f2b7bce4db19f6a356a7b5e4828_P1.png,540,331,ok
https://ailens.sedaily.ai/news/2026/10/07/2026-10-07-%EC%9A%B0%EB%A6%AC-%EB%8F%99%EB%84%A4%EA%B0%80-%EC%9D%B8%EA%B5%AC%EA%B0%90%EC%86%8C%EC%A7%80%EC%97%AD%EC%97%90%EC%84%9C-%EB%B9%A0%EC%A1%8C%EB%8B%A4%EA%B3%A0,https://wimg.sedaily.com/news/cms/2026/10/07/rcv.YNA.20261007.PYH2026100706310001300_P1.jpg,1200,745,ok
https://ailens.sedaily.ai/news/2026/10/07/2026-10-07-%EC%9D%B8%ED%97%88%EA%B0%80-3%EB%85%84%EC%9D%B4-1%EB%85%84%EC%9C%BC%EB%A1%9C-%EC%A4%84%EC%96%B4%EB%93%A0%EB%8B%A4%EA%B3%A0,https://wimg.sedaily.com/news/cms/2026/10/07/rcv.YNA.20261006.PYH2026100614580001300_P1.jpg,1200,959,ok
https://ailens.sedaily.ai/news/2026/10/07/2026-10-07-%EB%8C%80%EB%B2%95%EC%9B%90%EC%9E%A5%EC%9D%B4-%EC%84%A0%EC%84%9C%EB%A5%BC-%EA%B1%B0%EB%B6%80%ED%96%88%EB%8B%A4%EA%B3%A0-218%EC%9D%BC-%EA%B3%B5%EC%84%9D%EC%9D%98-%EB%B0%A4-11%EC%8B%9C-%EA%B5%AD%EA%B0%90,https://wimg.sedaily.com/news/cms/2026/10/07/news-p.v1.20261006.2260f612af8e48959bf917592ff60675_P1.jpg,1200,752,ok
https://ailens.sedaily.ai/news/2026/10/07/2026-10-07-%EA%B5%90%ED%9A%8C-%EA%B5%90%EC%A0%81%EB%B6%80%EA%B0%80-%ED%95%B4%EC%99%B8-%EC%84%9C%EB%B2%84%EC%97%90%EC%84%9C-%EB%B0%9C%EA%B2%AC%EB%90%90%EB%8B%A4%EA%B3%A0,https://wimg.sedaily.com/news/cms/2026/10/06/news-p.v1.20261006.d6ad8077f6dd4497aa88df93fc89b3ee_P1.png,658,431,ok
https://ailens.sedaily.ai/news/2026/10/07/2026-10-07-%ED%95%B4%ED%82%B9-IP-28%EA%B0%9C-%EC%A4%91-%EC%83%81%EB%8B%B9%EC%88%98%EA%B0%80-%EC%84%B8%ED%83%81%EC%9A%A9-%EC%9D%B4%EC%97%88%EB%8B%A4%EA%B3%A0,https://wimg.sedaily.com/news/cms/2026/10/07/news-p.v1.20260916.f8ae162fec8c4a5e91ac9d4a4317eec6_P1.png,640,427,ok
https://ailens.sedaily.ai/finance/2026/10/07/2026-10-07-AI-%ED%95%B4%EC%BB%A4%EB%8A%94-72%EB%B6%84%EC%97%90-%EB%9A%AB%EB%8A%94%EB%8D%B0-%EB%B3%B4%EC%95%88-%EC%9D%B8%EB%A0%A5%EC%9D%80-19%EB%AA%85%EC%9D%B4%EB%9D%BC%EA%B3%A0,https://wimg.sedaily.com/news/cms/2026/10/06/news-g.v1.20261006.e589ee3394e843daafc6bc1074e17a4d_P1.jpg,1200,536,ok
https://ailens.sedaily.ai/finance/2026/10/07/2026-10-07-%EB%B3%B4%EC%95%88-%EC%A0%90%EA%B2%80%EC%9A%A9-AI%EA%B0%80-%EC%9D%80%ED%96%89%EC%9D%84-%ED%84%B8%EC%97%88%EB%8B%A4%EA%B3%A0,https://wimg.sedaily.com/news/cms/2026/10/07/news-p.v1.20261007.f91e16aa50664c31827406aacd425d6a_P1.jpg,1200,783,ok
https://ailens.sedaily.ai/markets/2026/10/07/2026-10-07-%EA%B8%B0%EC%95%84-%EB%85%B8%EC%A1%B0%EC%9B%90-5000%EB%AA%85-%EC%A0%95%EB%B3%B4-%EA%B5%90%EC%9C%A1%EC%97%85%EC%B2%B4-%EC%84%9C%EB%B2%84%EC%97%90%EC%84%9C-%EC%83%88%EC%96%B4%EB%82%98%EA%B0%94%EB%8B%A4%EA%B3%A0,https://wimg.sedaily.com/news/cms/2026/10/07/rcv.YNA.20261005.PYH2026100504580001300_P2.jpg,500,297,ok
https://ailens.sedaily.ai/industry/2026/10/07/2026-10-07-LG%EC%A0%84%EC%9E%90-3%EB%B6%84%EA%B8%B0-%EB%88%84%EC%A0%81-%EC%98%81%EC%97%85%EC%9D%B4%EC%9D%B5-4%EC%A1%B0-%EB%84%98%EA%B2%BC%EB%8B%A4%EA%B3%A0,https://wimg.sedaily.com/news/cms/2026/10/07/news-p.v1.20261002.d3f7e8ef2aec49ef992af96713f61a35_P1.jpg,500,288,ok
https://ailens.sedaily.ai/industry/2026/10/07/2026-10-07-%EC%82%BC%EC%84%B1%EC%A0%84%EC%9E%90-%ED%95%9C-%EB%B6%84%EA%B8%B0%EC%97%90-100%EC%A1%B0-%EB%B2%88%EB%8B%A4%EA%B3%A0-%EC%A7%80%EB%82%9C%ED%95%B4-1%EB%85%84%EC%B9%98%EC%9D%98-%EB%91%90-%EB%B0%B0,https://wimg.sedaily.com/news/cms/2026/10/07/rcv.YNA.20260730.PYH2026073011600006100_P1.jpg,1200,723,ok
https://ailens.sedaily.ai/markets/2026/10/07/2026-10-07-%EC%84%9C%ED%95%99%EA%B0%9C%EB%AF%B8-%ED%86%B5%EC%9E%A5%EC%9D%B4-4%EA%B0%9C%EC%9B%94-%EB%A7%8C%EC%97%90-%EB%8B%A4%EC%8B%9C-2000%EC%96%B5-%EB%8B%AC%EB%9F%AC-%EB%84%98%EA%B2%BC%EB%8B%A4%EB%84%A4%EC%9A%94,https://wimg.sedaily.com/news/cms/2026/10/07/news-p.v1.20260206.ba17f06af815406bb39403857915cc3b_P1.png,1024,1024,ok
https://ailens.sedaily.ai/markets/2026/10/07/2026-10-07-%EC%82%BC%EC%84%B1%EC%A0%84%EC%9E%90-3%EB%B6%84%EA%B8%B0%EB%A7%8C%EC%9C%BC%EB%A1%9C-%EC%9E%91%EB%85%84-1%EB%85%84%EC%B9%98-%EB%91%90-%EB%B0%B0-%EB%B2%88%EB%8B%A4%EA%B3%A0,https://wimg.sedaily.com/news/cms/2026/10/07/news-p.v1.20261006.811446d29e464791bc1d3258fae54e64_P1.jpg,1200,674,ok
https://ailens.sedaily.ai/markets/2026/10/07/2026-10-07-%EC%A6%9D%EA%B6%8C%EC%82%AC-%EA%B0%90%EC%82%AC%EB%93%A4-%EB%B6%88%EB%9F%AC%EB%AA%A8%EC%9D%80-%EA%B8%88%EA%B0%90%EC%9B%90-%EA%B8%B0%EB%B3%B8%EC%A1%B0%EC%B0%A8-%EC%95%88-%EC%A7%80%ED%82%A8%EB%8B%A4-%EA%B3%A0-%EC%A7%88%ED%83%80,https://wimg.sedaily.com/news/cms/2026/10/07/news-p.v1.20261007.d627654e96ea44d9a3d8d6e4d631060d_P1.png,600,400,ok
https://ailens.sedaily.ai/international/2026/10/07/2026-10-07-%EC%82%BC%EC%84%B1-%EB%B0%98%EB%8F%84%EC%B2%B4%EC%97%90-%EA%B0%80%EC%8A%A4-%EB%84%A3%EB%8A%94-%EA%B7%B8-%ED%9A%8C%EC%82%AC-7%EB%85%84-%EB%A7%8C%EC%97%90-3%EB%B0%B0%EB%A1%9C-%EB%9B%B0%EC%97%88%EB%8B%A4%EA%B3%A0,https://wimg.sedaily.com/news/cms/2026/10/06/news-p.v1.20260511.639fbb207dc744828e7bcb6273e2819f_P1.jpg,640,427,ok
https://ailens.sedaily.ai/industry/2026/10/07/2026-10-07-%EC%BD%94%EC%8A%A4%EB%8B%A5-2%EC%9C%84-%EC%9E%90%EB%A6%AC-%EB%B0%B0%ED%84%B0%EB%A6%AC%EC%97%90%EC%84%9C-%EB%B0%98%EB%8F%84%EC%B2%B4-%EC%9E%A5%EB%B9%84%EB%A1%9C-%EB%84%98%EC%96%B4%EA%B0%94%EB%8B%A4%EA%B3%A0,https://wimg.sedaily.com/news/cms/2026/10/06/news-p.v1.20260518.7404bf3941b8411f970a1ae573e7b1d2_P1.jpg,860,322,ok
https://ailens.sedaily.ai/industry/2026/10/07/2026-10-07-%EB%A1%AF%EB%8D%B0%EB%B0%B1%ED%99%94%EC%A0%90-%EC%99%B8%EA%B5%AD%EC%9D%B8-%EB%A7%A4%EC%B6%9C-1%EC%A1%B0-%EB%AA%85%EB%8F%99%EB%A7%8C%EC%9D%98-%EC%9D%BC%EC%9D%B4-%EC%95%84%EB%8B%88%EC%97%88%EB%84%A4%EC%9A%94,https://wimg.sedaily.com/news/cms/2026/10/06/news-p.v1.20261006.044b44e7d6e64c85b23585cda34008c2_P1.jpg,1200,900,ok
https://ailens.sedaily.ai/industry/2026/10/07/2026-10-07-%EC%8B%A0%EC%84%B8%EA%B3%84%EA%B0%80-%ED%95%B4%EB%A6%AC%ED%8F%AC%ED%84%B0%EB%A5%BC-%EC%83%80%EB%8B%A4%EA%B3%A0-1%EC%A1%B0-3596%EC%96%B5%EC%9D%98-%EB%8B%A4%EC%9D%8C-%EC%9E%A5%EB%A9%B4,https://wimg.sedaily.com/news/cms/2026/10/06/rcv.YNA.20260922.PAP20260922037301009_P1.jpg,1200,800,ok
https://ailens.sedaily.ai/industry/2026/10/07/2026-10-07-%EC%82%BC%EC%84%B1-SK-%EC%83%81%EB%8C%80-%EB%AF%B8%EA%B5%AD-%ED%8A%B9%ED%97%88-%EC%86%8C%EC%86%A1-7%EA%B0%9C%EC%9B%94-%EB%A7%8C%EC%97%90-%EC%97%AD%EB%8C%80-%EC%B5%9C%EB%8B%A4-%EB%84%98%EC%97%88%EB%8B%A4%EA%B3%A0,https://wimg.sedaily.com/news/cms/2026/10/06/news-g.v1.20261006.0f4e4553e28342e4be417987d573c8cb_P1.jpg,1200,504,ok
https://ailens.sedaily.ai/industry/2026/10/07/2026-10-07-%EC%85%80%ED%8A%B8%EB%A6%AC%EC%98%A8-%EB%AF%B8%EA%B5%AD%EC%97%90%EC%84%9C-%EC%B5%9C%EC%B4%88-%EC%9E%90%EB%A6%AC-%EC%9E%A1%EC%95%98%EB%8B%A4%EA%B3%A0,https://wimg.sedaily.com/news/cms/2026/10/06/news-p.v1.20261006.e15016ee93cf4d84afe21669459e8bf6_P1.jpg,745,496,ok
https://ailens.sedaily.ai/markets/2026/10/07/2026-10-07-100%EB%85%84-%EB%90%9C-%EB%8F%99%EB%AC%BC%EC%8B%9C%ED%97%98-%EC%84%9C%EC%9A%B8%EC%97%90%EC%84%9C-%EA%B8%B0%EC%A4%80%EC%9D%B4-%EB%B0%94%EB%80%90%EB%8B%A4%EA%B3%A0,https://wimg.sedaily.com/news/cms/2026/10/06/news-p.v1.20260930.242e9b89fc8849929e5b0134d1bb5969_P2.png,496,585,ok
https://ailens.sedaily.ai/markets/2026/10/07/2026-10-07-%ED%82%A4%ED%8A%B8%EB%A3%A8%EB%8B%A4-%EB%A7%8C%EB%93%A4%EB%8D%98-%EC%82%BC%EC%84%B1%EB%B0%94%EC%9D%B4%EC%98%A4-%EC%9D%B4%EB%B2%88%EC%97%94-%EB%A7%88%EC%9A%B4%EC%9E%90%EB%A1%9C%EB%9D%BC%EA%B3%A0,https://wimg.sedaily.com/news/cms/2026/10/06/news-g.v1.20261006.2bfcc0ca7c054e9889c63593693cf789_P1.jpg,1200,429,ok
https://ailens.sedaily.ai/markets/2026/10/07/2026-10-07-%EC%82%BC%EC%84%B1%EB%B0%94%EC%9D%B4%EC%98%A4-%EA%B8%80%EB%A1%9C%EB%B2%8C-1%EC%9C%84-%ED%95%AD%EC%95%94%EC%A0%9C-%EC%A3%BC%EC%82%AC-%EB%B0%94%EA%BE%B8%EA%B8%B0-%EC%97%90-%EB%93%A4%EC%96%B4%EA%B0%94%EB%84%A4%EC%9A%94,https://wimg.sedaily.com/news/cms/2026/10/06/news-p.v1.20261006.dc1d7c76bb3f4c49abb13adf29aa6288_P1.png,632,461,ok
https://ailens.sedaily.ai/news/2026/10/07/2026-10-07-%EB%8C%80%EB%B2%95%EC%9B%90%EC%9E%A5%EC%9D%B4-%EC%A4%80%EB%B9%84%ED%95%B4%EC%98%A8-%EC%9E%90%EB%A3%8C%EB%A5%BC-%EA%BA%BC%EB%83%88%EB%8B%A4%EA%B3%A0,https://wimg.sedaily.com/news/cms/2026/10/06/news-p.v1.20261006.3e936315271a420ca67141ff50c11d0f_P1.jpg,1200,651,ok
https://ailens.sedaily.ai/markets/2026/10/07/2026-10-07-%EA%B8%88%EB%A6%AC%EB%8F%84-%EC%B5%9C%EA%B3%A0-%EB%82%98%EC%8A%A4%EB%8B%A5%EB%8F%84-%EC%B5%9C%EA%B3%A0-%EB%91%98%EC%9D%B4-%EA%B0%99%EC%9D%B4-%EA%B0%80%EB%8F%84-%EB%90%98%EB%8A%94-%EA%B1%B0%EB%9D%BC%EA%B3%A0,https://wimg.sedaily.com/news/cms/2026/10/06/rcv.YNA.20261005.PAF20261005211801009_P1.jpg,err,<urlopen error [Errno 8] noden,ok
https://ailens.sedaily.ai/finance/2026/10/07/2026-10-07-%ED%95%B4%ED%82%B9%EC%97%90-%EB%9A%AB%EB%A6%AC%EB%8A%94-%EC%8B%9C%EA%B0%84-285%EB%B6%84-72%EB%B6%84-%EA%B7%B8%EB%9F%B0%EB%8D%B0-%EB%B3%B4%EC%95%88-%EC%9D%B8%EB%A0%A5%EC%9D%80-%EA%B7%B8%EB%8C%80%EB%A1%9C%EB%84%A4%EC%9A%94,https://sedaily-mbti-cms-media-dev.s3.us-east-1.amazonaws.com/media/frontpage-auto/20098677-webtoon-cut001.webp,1824,1822,ok
https://ailens.sedaily.ai/industry/2026/10/07/2026-10-07-7%EA%B0%9C%EC%9B%94-%EB%A7%8C%EC%97%90-%EC%9E%91%EB%85%84-%EA%B8%B0%EB%A1%9D-%EB%84%98%EC%97%88%EB%8B%A4%EA%B3%A0-%EB%B0%98%EB%8F%84%EC%B2%B4-%ED%8A%B9%ED%97%88-%EC%86%8C%EC%86%A1-18%EA%B1%B4,https://wimg.sedaily.com/news/cms/2026/10/06/news-p.v1.20260825.32fc85dc51d346268e3ad48ca448eddf_P1.png,640,427,ok
https://ailens.sedaily.ai/news/2026/10/06/2026-10-06-%EC%A1%B0%ED%9D%AC%EB%8C%80-%EB%8C%80%EB%B2%95%EC%9B%90%EC%9E%A5-%EA%B5%AD%EA%B0%90%EC%9E%A5%EC%97%90%EC%84%9C-%EC%84%A0%EC%84%9C-%EC%95%88-%ED%96%88%EB%8B%A4%EA%B3%A0,https://wimg.sedaily.com/news/cms/2026/10/06/rcv.YNA.20261006.PYH2026100605830001301_P1.jpg,1200,800,ok
https://ailens.sedaily.ai/property/2026/10/06/2026-10-06-%EB%B6%84%EC%96%91%EC%9D%80-34-%EB%8A%98%EC%97%88%EB%8A%94%EB%8D%B0-%EC%B2%AD%EC%95%BD%EC%9E%90%EB%8A%94-26-6-%EC%A4%84%EC%97%88%EB%8B%A4%EA%B3%A0,https://wimg.sedaily.com/news/cms/2026/10/06/rcv.NEWS1.NEWS1.20261005.2026-10-05T143158_1008143006_REALESTATE_I_P1.jpg,1200,833,ok
https://ailens.sedaily.ai/industry/2026/10/06/2026-10-06-%EC%9B%90%EC%A0%84-%EB%A9%88%EC%B6%94%EB%8A%94-%ED%9A%9F%EC%88%98%EB%A5%BC-%EC%A4%84%EC%9D%B8%EB%8B%A4%EA%B3%A0-%EC%A0%84%EA%B8%B0-%EB%8D%94-%EB%BD%91%EC%95%84%EB%82%B4%EB%8A%94-24%EA%B0%9C%EC%9B%94-%EA%B3%84%ED%9A%8D,https://wimg.sedaily.com/news/cms/2026/10/06/news-p.v1.20260921.0d90ccb1fc1d493cab73909811c76921_P1.jpg,1200,900,ok
https://ailens.sedaily.ai/news/2026/10/06/2026-10-06-%EC%A0%84%EC%B2%B4-%EC%9E%90%EC%82%B4%EC%9D%80-%EC%A4%84%EC%97%88%EB%8A%94%EB%8D%B0-10%EB%8C%80%EB%A7%8C-%EB%8A%98%EC%97%88%EB%8B%A4%EA%B3%A0,https://wimg.sedaily.com/news/cms/2026/10/06/news-p.v1.20261006.7b1bdd075e96474ab833db3aecfe4cfb_P1.png,1200,800,ok
https://ailens.sedaily.ai/property/2026/10/06/2026-10-06-%EC%A0%84%EC%84%B8%EC%82%AC%EA%B8%B0-%EB%B3%B4%EC%A6%9D%EA%B8%88-%EC%B5%9C%EC%86%8C-3%EB%B6%84%EC%9D%98-1%EC%9D%80-%EB%B0%9B%EB%8A%94%EB%8B%A4%EA%B3%A0,https://wimg.sedaily.com/news/cms/2026/10/06/news-p.v1.20260929.8105c6dff1d84f52aa81848d4b95a520_P1.jpg,1200,1331,ok
https://ailens.sedaily.ai/industry/2026/10/06/2026-10-06-%EC%82%BC%EC%84%B1SDI-%ED%95%98%EB%A3%A8-7-75-%EB%9B%B0%EC%97%88%EB%8B%A4%EA%B3%A0-%EB%B0%B0%ED%84%B0%EB%A6%AC%EC%A3%BC-%EC%A0%84%EC%B2%B4%EA%B0%80-%EB%93%A4%EC%8D%A9,https://wimg.sedaily.com/news/cms/2026/10/06/news-p.v1.20260824.eda279892cc348d99b47257afb996328_P1.png,860,394,ok
https://ailens.sedaily.ai/industry/2026/10/06/2026-10-06-%EC%9D%80%ED%96%89-7%EA%B3%B3-%ED%84%B8%EB%A6%AC%EC%9E%90-%EC%95%88%EB%9E%A9-%EC%A3%BC%EA%B0%80-21-%EC%9E%A5-%EC%97%B4%EA%B8%B0%EB%8F%84-%EC%A0%84%EC%97%90,https://wimg.sedaily.com/news/cms/2026/10/06/news-p.v1.20260729.9a77a1cfbd0442c0a197cb7905c4b78e_P1.jpg,500,200,ok
https://ailens.sedaily.ai/international/2026/10/06/2026-10-06-%EA%B5%AD%EC%A0%9C-%EC%9C%A0%EB%A1%9C%ED%99%94-1-1161%EB%8B%AC%EB%9F%AC-17%EA%B0%9C%EC%9B%94-%EB%A7%8C%EC%97%90-%EA%B0%80%EC%9E%A5-%EC%8B%BC-%EA%B0%92%EC%9D%B4-%EB%90%90%EB%8B%A4%EA%B3%A0,https://wimg.sedaily.com/news/cms/2026/10/05/news-p.v1.20261005.39cfbf7a480740d5a542b0589e86dfed_P1.jpg,1200,800,ok
https://ailens.sedaily.ai/international/2026/10/06/2026-10-06-%EA%B5%AD%EC%A0%9C-%ED%98%B8%EB%A5%B4%EB%AC%B4%EC%A6%88-%ED%95%B4%ED%98%91-%EC%85%94%ED%8B%80-%EC%9A%B4%ED%95%AD-1%ED%9A%8C%EC%97%90-4%EC%B2%9C%EB%A7%8C-%EB%8B%AC%EB%9F%AC%EC%94%A9-%EC%93%B0%EA%B3%A0-%EC%9E%88%EB%8B%A4%EA%B3%A0,https://wimg.sedaily.com/news/cms/2026/10/05/news-p.v1.20261005.c1ece5a79c874ca8ba8c2371ca624ada_P1.jpg,720,405,ok
https://ailens.sedaily.ai/industry/2026/10/06/2026-10-06-%EC%82%B0%EC%97%85-K%EB%B7%B0%ED%8B%B0-%EC%95%BD%EA%B5%AD-%EC%A7%84%EC%B6%9C-%EC%A1%B0%EC%84%A0%EB%AF%B8%EB%85%80%EA%B0%80-%EB%B8%8C%EB%9D%BC%EC%A7%88-%EC%95%BD%EA%B5%AD-600%EA%B3%B3%EC%97%90-%EB%93%A4%EC%96%B4%EA%B0%94%EB%8B%A4%EA%B3%A0,https://wimg.sedaily.com/news/cms/2026/10/05/news-p.v1.20261004.cc2c178a54984c80a1d69f58d635e8b2_P1.jpg,1000,1360,ok
https://ailens.sedaily.ai/industry/2026/10/06/2026-10-06-%EC%82%B0%EC%97%85-%EC%98%81%EC%9C%A0%EC%95%84%EC%9A%A9%ED%92%88-%ED%94%84%EB%A6%AC%EB%AF%B8%EC%97%84%ED%99%94-%EC%82%B0%EC%96%91%EB%B6%84%EC%9C%A0-%EB%A7%A4%EC%B6%9C%EC%9D%B4-%ED%95%9C-%ED%95%B4-%EB%A7%8C%EC%97%90-%EB%91%90-%EB%B0%B0-%EB%84%98%EA%B2%8C-%EB%9B%B0%EC%97%88%EB%8B%A4%EA%B3%A0,https://wimg.sedaily.com/news/cms/2026/10/05/news-p.v1.20261005.af152f409ad84953870be89a9f8609de_P1.png,700,467,ok
https://ailens.sedaily.ai/international/2026/10/06/2026-10-06-%EA%B5%AD%EC%A0%9C-%EB%B0%A9%EC%82%B0-%EC%8A%A4%ED%83%80%ED%8A%B8%EC%97%85-%ED%88%AC%EC%9E%90-%EB%B0%98%EB%85%84-%EB%A7%8C%EC%97%90-408%EC%96%B5-%EB%8B%AC%EB%9F%AC%EA%B0%80-%EB%AA%B0%EB%A0%B8%EB%8B%A4%EA%B3%A0,https://wimg.sedaily.com/news/cms/2026/10/05/news-p.v1.20261005.3a5cc718dcbc4e559db30ae0e87c2466_P1.jpg,1200,800,ok
https://ailens.sedaily.ai/finance/2026/10/06/2026-10-06-%EA%B8%88%EC%9C%B5-%EC%A0%80%EC%B6%95%EC%9D%80%ED%96%89-%EB%B3%B4%EC%95%88-%EC%9D%B8%EC%A6%9D-1-000%EB%A7%8C-%EB%AA%85-%EC%A0%95%EB%B3%B4-%EB%8B%A4%EB%A3%A8%EB%8A%94%EB%8D%B0-%EB%B0%9B%EC%9D%80-%EA%B3%B3%EC%9D%B4-0%EA%B3%B3%EC%9D%B4%EB%9D%BC%EA%B3%A0,https://wimg.sedaily.com/news/cms/2026/10/05/news-g.v1.20261005.fb3e6faf20604793aa6be8ecb5e0c289_P1.jpg,638,638,ok
https://ailens.sedaily.ai/property/2026/10/06/2026-10-06-%EB%B6%80%EB%8F%99%EC%82%B0-LH-%EA%B0%80%EB%A1%9C%EC%A3%BC%ED%83%9D-%EB%AA%A8%EC%95%84%ED%83%80%EC%9A%B4-%EC%84%9C%EC%9A%B8%EC%97%90%EC%84%9C%EB%A7%8C-1%EB%A7%8C-%EA%B0%80%EA%B5%AC%EA%B0%80-%EC%9B%80%EC%A7%81%EC%9D%B4%EA%B3%A0-%EC%9E%88%EA%B1%B0%EB%93%A0%EC%9A%94,https://wimg.sedaily.com/news/cms/2026/10/05/news-g.v1.20261005.b72ae75fca9844828980c52e8179fa6b_P1.jpg,1200,555,ok
https://ailens.sedaily.ai/property/2026/10/06/2026-10-06-%EB%B6%80%EB%8F%99%EC%82%B0-%EC%A0%84%EC%9A%A9-59-%EC%99%80-84-%EA%B0%80%EA%B2%A9-%EA%B2%A9%EC%B0%A8-%EC%96%B4%EB%8A%90-%EB%8B%A8%EC%A7%80%EB%8A%94-350%EB%A7%8C-%EC%9B%90%EA%B9%8C%EC%A7%80-%EC%A2%81%ED%98%80%EC%A1%8C%EB%8B%A4%EA%B3%A0,https://wimg.sedaily.com/news/cms/2026/10/05/news-p.v1.20260929.623aafa7804f44f8ac32ee9baa7c7da2_P1.png,844,473,ok
https://ailens.sedaily.ai/property/2026/10/06/2026-10-06-%EB%B6%80%EB%8F%99%EC%82%B0-%EC%84%9C%EC%9A%B8-%EA%B0%AD%ED%88%AC%EC%9E%90-%EC%9D%98%EC%8B%AC%EA%B1%B0%EB%9E%98-67-8-%EA%B0%90%EC%86%8C-20%EB%8C%80-%EB%B9%84%EC%A4%91%EB%A7%8C-%EB%91%90-%EB%B0%B0%EB%A1%9C-%EB%8A%98%EC%97%88%EB%8B%A4%EA%B3%A0,https://wimg.sedaily.com/news/cms/2026/10/05/news-g.v1.20261005.accf8c00e54e429eb44efbde05a14db6_P1.jpg,1200,751,ok
https://ailens.sedaily.ai/news/2026/10/06/2026-10-06-%EA%B2%BD%EC%A0%9C-%EC%99%B8%ED%99%98%EB%B3%B4%EC%9C%A0%EC%95%A1-%EA%B0%90%EC%86%8C-%EC%A0%84%ED%99%98-%EB%8C%80%EB%AF%B8%ED%88%AC%EC%9E%90-24%EC%96%B5-%EB%8B%AC%EB%9F%AC%EA%B0%80-%ED%86%B5%EC%9E%A5%EC%97%90%EC%84%9C-%EB%B9%A0%EC%A0%B8%EB%82%98%EA%B0%94%EB%8B%A4,https://wimg.sedaily.com/news/cms/2026/10/05/news-p.v1.20260805.896a00829ef3493bad4f0941b685dbe3_P1.jpg,1200,856,ok
https://ailens.sedaily.ai/news/2026/10/06/2026-10-06-%EA%B8%88%EC%9C%B5-%EB%86%8D%EC%A7%80%EB%8B%B4%EB%B3%B4%EB%8C%80%EC%B6%9C-18-%EA%B0%90%EC%86%8C-%EC%A0%84%EC%88%98%EC%A1%B0%EC%82%AC-%EC%8B%9C%EC%9E%91%ED%95%9C-%EB%92%A4%EC%97%90-%EB%B2%8C%EC%96%B4%EC%A7%84-%EC%9D%BC%EC%9D%B4%EB%9D%BC%EA%B3%A0,https://wimg.sedaily.com/news/cms/2026/10/06/news-p.v1.20261005.dca36127e7d84bfc8c119b8dd1c7c3ac_P1.jpg,1200,740,ok
https://ailens.sedaily.ai/news/2026/10/06/2026-10-06-%EA%B8%88%EC%9C%B5-%EA%B8%88%EA%B0%92-26-%ED%95%98%EB%9D%BD-1%EC%9B%94-%EA%B3%A0%EC%A0%90%EC%97%90-%EC%82%B0-%EC%82%AC%EB%9E%8C%EC%9D%80-%EC%A7%80%EA%B8%88-%EC%96%B4%EB%96%BB%EA%B2%8C-%EB%90%98%EB%82%98%EC%9A%94,https://wimg.sedaily.com/news/cms/2026/10/06/news-p.v1.20261005.d89854062c6a42818110e0e1dd09a613_P1.png,400,247,ok
https://ailens.sedaily.ai/news/2026/10/06/2026-10-06-%EA%B2%BD%EC%A0%9C-%EB%8B%A4%EC%86%8C%EB%B9%84-%EA%B0%80%EA%B3%B5%EC%8B%9D%ED%92%88-%EA%B0%80%EA%B2%A9-26%EA%B0%9C-%EC%A4%91-24%EA%B0%9C%EA%B0%80-1%EB%85%84-%EB%A7%8C%EC%97%90-%EC%98%AC%EB%9E%90%EB%8B%A4%EB%8B%88%EC%9A%94,https://wimg.sedaily.com/news/cms/2026/10/06/news-p.v1.20261004.a34ad2ab7446412e8b3e3af8bd007d4c_P1.jpg,1200,829,ok
https://ailens.sedaily.ai/news/2026/10/06/2026-10-06-%EC%A0%95%EC%B9%98-2026-%EA%B5%AD%EC%A0%95%EA%B0%90%EC%82%AC-%EC%8B%9C%EC%9E%91-25%EC%9D%BC%EA%B0%84-846%EA%B3%B3%EC%9D%B4-%EB%B6%88%EB%A0%A4-%EB%82%98%EA%B0%91%EB%8B%88%EB%8B%A4,https://wimg.sedaily.com/news/cms/2026/10/05/news-p.v1.20261002.e1099acfc2e64e2c9755193cca669b39_P1.jpg,1200,884,ok
https://ailens.sedaily.ai/news/2026/10/06/2026-10-06-%EC%82%B0%EC%97%85-%EC%9B%A8%EC%8A%A4%ED%8C%85%ED%95%98%EC%9A%B0%EC%8A%A4-%EB%A1%9C%EC%97%B4%ED%8B%B0-%EC%9E%AC%EC%9A%94%EA%B5%AC-%ED%95%A9%EC%9D%98-%EB%81%9D%EB%82%9C-%EC%A4%84-%EC%95%8C%EC%95%98%EB%8D%98-%EC%A1%B0%EA%B1%B4%EC%9D%B4-%EB%8B%A4%EC%8B%9C-%EC%97%B4%EB%A0%B8%EC%8A%B5%EB%8B%88%EB%8B%A4,https://wimg.sedaily.com/news/cms/2026/10/06/news-p.v1.20260916.0e67bbb29163441a9dafdf857525499b_P1.jpg,1200,800,ok
https://ailens.sedaily.ai/markets/2026/10/06/2026-10-06-%EA%B8%88%EC%9C%B5-%ED%9A%8C%EC%82%AC%EC%B1%84-%EB%B0%9C%ED%96%89-%EA%B0%90%EC%86%8C-3%EB%B6%84%EA%B8%B0-%EC%8B%9C%EC%9E%A5%EC%9D%B4-1%EB%85%84-%EB%A7%8C%EC%97%90-43-%EC%A4%84%EC%97%88%EB%8B%A4%EA%B3%A0,https://wimg.sedaily.com/news/cms/2026/10/04/news-p.v1.20260907.a86fc72fda2d4e11af4e26bc9af71d3e_P1.jpg,1200,800,ok
https://ailens.sedaily.ai/markets/2026/10/06/2026-10-06-%EA%B8%88%EC%9C%B5-3%EB%B6%84%EA%B8%B0-IPO-%EB%A6%AC%EA%B7%B8%ED%85%8C%EC%9D%B4%EB%B8%94-%EC%82%BC%EC%84%B1%EC%A6%9D%EA%B6%8C%EC%9D%B4-%EB%B9%853%EB%A5%BC-%EC%B2%98%EC%9D%8C-%EC%A0%9C%EC%B3%A4%EB%8B%A4%EA%B3%A0,https://wimg.sedaily.com/news/cms/2026/10/04/news-p.v1.20260923.76a49beb7df34b1b9e008deb45451e62_P1.jpg,1200,800,ok
https://ailens.sedaily.ai/industry/2026/10/06/2026-10-06-%EC%82%B0%EC%97%85-LG%EC%A0%84%EC%9E%90-%EB%8D%B0%EC%9D%B4%ED%84%B0%EC%84%BC%ED%84%B0-%EC%B9%A0%EB%9F%AC-%EC%9E%A5%EA%B8%B0%EA%B3%84%EC%95%BD-5GW%EB%A5%BC-%ED%95%9C-%EB%B2%88%EC%97%90-%EC%9E%A1%EC%95%98%EB%8B%A4%EA%B3%A0,https://wimg.sedaily.com/news/cms/2026/10/05/news-p.v1.20261005.e7fda4f67e6241b8a39fa664d627c27d_P1.png,700,391,ok
https://ailens.sedaily.ai/industry/2026/10/06/2026-10-06-%EC%82%B0%EC%97%85-%EA%B8%B0%EC%95%84-3%EB%B6%84%EA%B8%B0-%ED%8C%90%EB%A7%A4-84%EB%A7%8C%EB%8C%80-1962%EB%85%84-%EC%9D%B4%ED%9B%84-%EA%B0%80%EC%9E%A5-%EB%A7%8E%EC%9D%B4-%ED%8C%94%EC%95%98%EB%8B%A4%EA%B3%A0,https://wimg.sedaily.com/news/cms/2026/10/05/news-p.v1.20261005.5c535038323d41a686b8c7031ea6751c_P1.jpg,1200,675,ok
https://ailens.sedaily.ai/industry/2026/10/06/2026-10-06-%EC%82%B0%EC%97%85-AI-%EC%A0%84%EB%A0%A5-%EC%88%98%EC%9A%94-%EC%95%8C%EA%B3%A0%EB%A6%AC%EC%A6%98%EB%B3%B4%EB%8B%A4-%EC%A0%84%EA%B8%B0%EA%B0%80-%EB%A8%BC%EC%A0%80-%EB%A7%89%ED%9E%8C%EB%8B%A4%EA%B3%A0,https://wimg.sedaily.com/news/cms/2026/10/05/news-p.v1.20261002.32c7a33ddcba47acb08f54241474e0e9_P3.jpg,300,386,ok
https://ailens.sedaily.ai/industry/2026/10/06/2026-10-06-%EC%82%B0%EC%97%85-%ED%9C%B4%EC%9D%B4%EB%85%B8-%EB%A9%94%EB%AA%A8%EC%BA%90%EC%8A%A4%ED%8A%B8-%EC%83%9D%EC%B2%B4%EC%8B%A0%ED%98%B8%EB%A1%9C-%EC%8B%AC%EC%A0%95%EC%A7%80%EB%A5%BC-%EB%AF%B8%EB%A6%AC-%EC%95%8C%EB%A0%A4%EC%A3%BC%EA%B2%A0%EB%8B%A4%EB%8A%94-%EC%A0%9C%ED%92%88%EC%9D%B4-%EB%82%B4%EB%85%84%EC%97%90-%EB%82%98%EC%98%A8%EB%8B%A4%EA%B3%A0,https://wimg.sedaily.com/news/cms/2026/10/05/news-p.v1.20261001.49a14f47da5c4f858a416ebb1dfab753_P1.jpg,1200,788,ok
https://ailens.sedaily.ai/markets/2026/10/06/2026-10-06-%EA%B8%88%EC%9C%B5-%EA%B3%B5%EB%AA%A8%EC%A3%BC-%EC%B2%AD%EC%95%BD-%EC%9D%BC%EC%A0%95-%EC%9D%B4%EB%B2%88-%EC%A3%BC%EC%97%90-%EC%97%AC%EC%84%AF-%EA%B3%B3%EC%9D%B4-%ED%95%9C%EA%BA%BC%EB%B2%88%EC%97%90-%EB%AA%B0%EB%A0%B8%EB%84%A4%EC%9A%94,https://wimg.sedaily.com/news/cms/2026/10/05/news-p.v1.20261005.cbf1e324acb44a0ba385a42fbdee61ec_P1.png,805,402,ok
https://ailens.sedaily.ai/markets/2026/10/06/2026-10-06-%EA%B2%BD%EC%A0%9C-%EC%BD%94%EC%8A%A4%ED%94%BC-7000%EC%84%A0-8%EC%9D%BC-%EC%82%BC%EC%84%B1%EC%A0%84%EC%9E%90-%EC%8B%A4%EC%A0%81-%ED%95%98%EB%82%98%EC%97%90-%EA%B1%B8%EB%A0%B8%EC%8A%B5%EB%8B%88%EB%8B%A4,https://wimg.sedaily.com/news/cms/2026/10/05/rcv.YNA.20261002.PYH2026100217270001300_P1.jpg,1200,757,ok
https://ailens.sedaily.ai/markets/2026/10/06/2026-10-06-%EA%B8%88%EC%9C%B5-%EB%8B%A8%EC%9D%BC%EC%A2%85%EB%AA%A9-%EB%A0%88%EB%B2%84%EB%A6%AC%EC%A7%80-ETF-20%EC%A3%BC-%EB%8B%A8%EC%9C%84-%EC%A7%80%EA%B8%88-10%EC%A3%BC-%EB%93%A4%EA%B3%A0-%EC%9E%88%EC%9C%BC%EB%A9%B4-%EB%AA%BB-%ED%8C%8C%EB%82%98%EC%9A%94,https://wimg.sedaily.com/news/cms/2026/10/05/news-p.v1.20261005.52518d589d18408c863d71489bebc516_P1.jpg,600,400,ok
https://ailens.sedaily.ai/markets/2026/10/06/2026-10-06-%EC%82%B0%EC%97%85-%EC%A4%91%EA%B5%AD-%EC%9E%84%ED%94%8C%EB%9E%80%ED%8A%B8-2%EC%B0%A8-%EC%9E%85%EC%B0%B0-%EC%9D%B4%EB%B2%88%EC%97%94-%EA%B0%80%EA%B2%A9%EB%A7%8C-%EB%B3%B4%EC%A7%80-%EC%95%8A%EB%8A%94%EB%8B%A4,https://wimg.sedaily.com/news/cms/2026/10/05/news-g.v1.20261005.86f8323fe0df49f39dc871057aa809ac_P1.jpg,1200,687,ok
https://ailens.sedaily.ai/finance/2026/10/06/2026-10-06-%EA%B8%88%EC%9C%B5-%EC%A0%80%EC%B6%95%EC%9D%80%ED%96%89-ISMS-P-%EC%9D%B8%EC%A6%9D-79%EA%B3%B3-%EC%A0%84%EB%B6%80-%ED%95%98%EB%82%98%EB%8F%84-%EC%97%86%EB%8B%A4%EB%8B%88%EC%9A%94,https://wimg.sedaily.com/news/cms/2026/10/05/news-p.v1.20261005.0fa95fbed7a84fd68b33c278e1aa533b_P1.png,860,547,ok
https://ailens.sedaily.ai/news/2026/10/06/2026-10-06-%EC%A0%95%EC%B9%98-%EA%B5%AD%EC%A0%95%EA%B0%90%EC%82%AC-2026-%EC%9F%81%EC%A0%90-25%EC%9D%BC-%EB%8F%99%EC%95%88-%EB%AC%B4%EC%97%87%EC%9D%84-%EB%94%B0%EC%A0%B8-%EB%AC%BB%EB%8A%94%EB%8B%A4%EA%B3%A0,https://sedaily-mbti-cms-media-dev.s3.us-east-1.amazonaws.com/media/frontpage-auto/20098188-webtoon-cut001.webp,1824,1822,ok
https://ailens.sedaily.ai/industry/2026/10/06/2026-10-06-%EC%82%B0%EC%97%85-%EC%82%BC%EC%84%B1%EC%A0%84%EC%9E%90-%EB%B2%A0%ED%8A%B8%EB%82%A8-%ED%85%8C%EC%8A%A4%ED%8A%B8-%ED%8C%B9-%EB%A9%94%EB%AA%A8%EB%A6%AC-%EB%A7%88%EC%A7%80%EB%A7%89-%EA%B2%80%EC%82%AC%EB%A5%BC-%EB%82%98%EB%9D%BC-%EB%B0%96%EC%9C%BC%EB%A1%9C-%EC%98%AE%EA%B8%B0%EB%8B%A4,https://wimg.sedaily.com/news/cms/2026/10/05/news-p.v1.20261002.73eb5bb1eaa44cc886ba626ba0950505_P1.png,920,518,ok
https://ailens.sedaily.ai/markets/2026/10/05/2026-10-05-%EA%B8%88%EC%9C%B5-M-A-%EB%A6%AC%EA%B7%B8%ED%85%8C%EC%9D%B4%EB%B8%94-9%EA%B0%9C%EC%9B%94-%EB%A7%8C%EC%97%90-%EC%9E%91%EB%85%84-1%EB%85%84%EC%B9%98%EB%A5%BC-%EB%84%98%EA%B2%BC%EB%8B%A4%EA%B3%A0,https://wimg.sedaily.com/news/cms/2026/10/04/news-p.v1.20261004.67d1e4ac79834fe4865f3a064dab4e18_P1.jpg,860,396,ok
https://ailens.sedaily.ai/markets/2026/10/05/2026-10-05-%EA%B8%88%EC%9C%B5-%EB%B0%98%EB%8F%84%EC%B2%B4-ETF-%EB%A6%AC%EB%B0%B8%EB%9F%B0%EC%8B%B1-10%EC%9B%94-8%EC%9D%BC-%ED%95%98%EB%A3%A8%EC%97%90-%EB%AA%B0%EB%A6%B0%EB%8B%A4%EA%B3%A0,https://wimg.sedaily.com/news/cms/2026/10/05/news-p.v1.20260920.66b9ce9ba209410f9b9d69d52ee3bbf3_P1.jpg,1200,674,ok
https://ailens.sedaily.ai/markets/2026/10/05/2026-10-05-%EA%B8%88%EC%9C%B5-%EB%A7%A4%EB%8F%84%EB%8C%80%EA%B8%88%EB%8B%B4%EB%B3%B4%EB%8C%80%EC%B6%9C-%EA%B8%88%EB%A6%AC-%EC%97%B0-7-95-%EB%A5%BC-5-%EA%B9%8C%EC%A7%80-%EB%82%B4%EB%A6%B0%EB%8B%A4%EA%B3%A0,https://wimg.sedaily.com/news/cms/2026/10/05/news-p.v1.20260930.8e4d191f2eab4491afa733d42c1f32b1_P1.jpg,1200,1800,ok
https://ailens.sedaily.ai/markets/2026/10/05/2026-10-05-%EA%B8%88%EC%9C%B5-%EC%BD%94%EC%8A%A4%EB%8B%A5-%EB%A6%AC%ED%8F%AC%ED%8A%B8-%EA%B0%90%EC%86%8C-%EB%82%B4%EA%B0%80-%EB%8B%B4%EC%9D%80-%EC%A2%85%EB%AA%A9%EC%9D%80-%EC%95%84%EB%AC%B4%EB%8F%84-%EC%95%88-%EB%B3%B4%EA%B3%A0-%EC%9E%88%EB%8B%A4%EA%B3%A0,https://wimg.sedaily.com/news/cms/2026/10/05/news-p.v1.20261005.08e4779ff33243f49817c6d0c08e93e0_P1.png,600,402,ok
https://ailens.sedaily.ai/news/2026/10/05/2026-10-05-%EA%B8%88%EC%9C%B5-%EB%86%8D%EC%A7%80%EB%8B%B4%EB%B3%B4%EB%8C%80%EC%B6%9C-%EA%B8%89%EA%B0%90-%EC%A0%84%EC%88%98%EC%A1%B0%EC%82%AC-%EB%B0%98%EB%85%84-%EB%A7%8C%EC%97%90-%EC%8B%A0%EA%B7%9C-%EC%B7%A8%EA%B8%89%EC%95%A1%EC%9D%B4-18-%EC%A4%84%EC%97%88%EB%8B%A4%EA%B3%A0,https://wimg.sedaily.com/news/cms/2026/10/05/news-p.v1.20261005.dca36127e7d84bfc8c119b8dd1c7c3ac_P1.jpg,1200,740,ok
https://ailens.sedaily.ai/markets/2026/10/05/2026-10-05-%EA%B8%88%EC%9C%B5-3%EB%B6%84%EA%B8%B0-%EC%9D%B8%EC%88%98%EA%B8%88%EC%9C%B5-%EB%A6%AC%EA%B7%B8%ED%85%8C%EC%9D%B4%EB%B8%94-9%EC%9C%84%EC%98%80%EB%8D%98-%EC%9D%80%ED%96%89%EC%9D%B4-%ED%95%9C-%EB%B6%84%EA%B8%B0%EC%97%90-2%EC%9C%84%EB%A1%9C-%EC%98%AC%EB%9D%BC%EC%84%B0%EB%8B%A4%EA%B3%A0,https://wimg.sedaily.com/news/cms/2026/10/05/news-p.v1.20260301.d9825832ae124becb54c3f519e6afe7e_P1.jpg,1200,662,ok
https://ailens.sedaily.ai/markets/2026/10/05/2026-10-05-%EA%B8%88%EC%9C%B5-%EA%B8%88%EC%9C%B5%EA%B6%8C-%EC%97%B0%EC%87%84-%ED%95%B4%ED%82%B9-%EC%A6%9D%EA%B6%8C%EC%82%AC-%EB%B3%B4%EC%95%88%ED%8C%80%EC%9D%80-%EC%97%B0%ED%9C%B4-%EC%82%AC%ED%9D%98%EC%9D%84-%EC%82%AC%EB%AC%B4%EC%8B%A4%EC%97%90%EC%84%9C-%EB%B3%B4%EB%83%88%EC%8A%B5%EB%8B%88%EB%8B%A4,https://wimg.sedaily.com/news/cms/2026/10/05/news-p.v1.20261005.a0a12f9c899f4d58933f725a5c53827b_P1.jpg,600,396,ok
https://ailens.sedaily.ai/news/2026/10/05/2026-10-05-%EC%82%AC%ED%9A%8C-%EC%B0%A8%EA%B7%80%EB%8F%84-%EC%96%B4%EC%84%A0-%EC%A0%84%EB%B3%B5-8%EB%AA%85-%EC%8B%A0%EA%B3%A0%ED%95%98%EA%B3%A0-11%EB%AA%85%EC%9D%B4-%ED%83%80%EA%B3%A0-%EC%9E%88%EC%97%88%EC%8A%B5%EB%8B%88%EB%8B%A4,https://wimg.sedaily.com/news/cms/2026/10/05/rcv.YNA.20261005.PYH2026100501150005600_P1.jpg,1200,686,ok
https://ailens.sedaily.ai/international/2026/10/05/2026-10-05-%EA%B5%AD%EC%A0%9C-%EC%8A%A4%ED%83%80%EB%B2%85%EC%8A%A4-%EC%8B%A0%EC%9E%A5-%EB%A7%A4%EC%9E%A5-%EB%AF%B8-%ED%95%98%EC%9B%90%EC%9D%B4-%EB%8B%B9%EC%9E%A5-%EB%8B%AB%EC%9C%BC%EB%9D%BC%EA%B3%A0-%ED%96%88%EB%8B%A4%EA%B3%A0,https://wimg.sedaily.com/news/cms/2026/10/05/news-p.v1.20261003.27fb48acd0214725bd5b2ec98c31e378_P1.png,1200,873,ok
https://ailens.sedaily.ai/industry/2026/10/05/2026-10-05-%EC%82%B0%EC%97%85-%EB%8B%A5%ED%84%B0%EC%A7%80-%EB%AF%B8%EA%B5%AD-%ED%8B%B1%ED%86%A1%EC%88%8D-%EC%9E%85%EC%A0%90-%EB%A1%9C%EB%A0%88%EC%95%8C%EC%9D%B4-%EC%82%AC%EB%93%A4%EC%9D%B8-K%EB%B7%B0%ED%8B%B0%EA%B0%80-%EB%8B%A4%EC%9D%8C%EC%9C%BC%EB%A1%9C-%EA%B0%84-%EA%B3%B3,https://wimg.sedaily.com/news/cms/2026/10/03/news-p.v1.20261002.ecfb1ff3bacd4fce8558e6e064b37f98_P1.png,270,108,ok
https://ailens.sedaily.ai/international/2026/10/05/2026-10-05-%EA%B5%AD%EC%A0%9C-%EC%A4%91%EA%B5%AD-%ED%95%98%EC%9D%B4%EB%82%9C-%ED%9C%B4%EC%96%91%EC%A7%80-%EA%B2%B0%ED%98%BC%EC%8B%9D-3-600%EB%A7%8C-%EC%9B%90%EC%9D%B4-600%EB%A7%8C-%EC%9B%90%EC%9C%BC%EB%A1%9C-%EC%A4%84%EC%97%88%EB%8B%A4%EA%B3%A0,https://wimg.sedaily.com/news/cms/2026/10/05/news-p.v1.20260928.8444e878a3fe41578a56a777c104d1a3_P1.jpg,1200,800,ok
https://ailens.sedaily.ai/culture/2026/10/05/2026-10-05-%EC%82%AC%ED%9A%8C-%EB%85%B8%EC%9D%B8-%EA%B7%BC%EA%B0%90%EC%86%8C%EC%A6%9D-%EC%9C%A0%EB%B3%91%EB%A5%A0-80%EC%84%B8-%EB%84%98%EC%9C%BC%EB%A9%B4-%EB%84%A4-%EB%AA%85-%EC%A4%91-%ED%95%9C-%EB%AA%85%EC%9D%B4%EB%9D%BC%EA%B3%A0,https://wimg.sedaily.com/news/cms/2026/10/05/news-p.v1.20260928.df209c651f5e4362ba2485d78c7f1dea_P1.png,518,354,ok
https://ailens.sedaily.ai/markets/2026/10/05/2026-10-05-%EC%82%B0%EC%97%85-5%EC%84%B8%EB%8C%80-%EB%94%94-%EC%98%AC-%EB%89%B4-%ED%88%AC%EC%8B%BC-%EA%B3%B5%EA%B0%9C-%EB%AF%B8%EA%B5%AD-%EB%94%9C%EB%9F%AC%EB%93%A4%EC%9D%B4-%EA%B8%B0%EB%8C%80%ED%95%98%EB%8A%94-%EA%B1%B4-%EB%94%94%EC%9E%90%EC%9D%B8%EB%A7%8C%EC%9D%B4-%EC%95%84%EB%8B%88%EA%B1%B0%EB%93%A0%EC%9A%94,https://wimg.sedaily.com/news/cms/2026/10/05/news-p.v1.20261004.f6f0c6783cb642bba44bcce54363baea_P1.jpg,1200,1500,ok
https://ailens.sedaily.ai/news/2026/10/05/2026-10-05-%EC%82%AC%ED%9A%8C-%EB%A7%88%EC%95%BD-%EC%A0%9C%EC%A1%B0-%EB%B0%80%EC%88%98-%EA%B2%80%EA%B1%B0-33-8-%EC%A6%9D%EA%B0%80-%EA%B2%BD%EC%B0%B0%EC%9D%B4-%ED%88%AC%EC%95%BD%EC%9E%90-%EB%8C%80%EC%8B%A0-%EC%AB%93%EB%8A%94-%EC%AA%BD,https://wimg.sedaily.com/news/cms/2026/10/04/news-p.v1.20260928.4a3e78f583df4230b5ff06c6ba814498_P1.png,860,516,ok
https://ailens.sedaily.ai/news/2026/10/05/2026-10-05-%EA%B8%88%EC%9C%B5-%EC%9D%98%EA%B2%B0%EA%B6%8C-%EC%9C%84%EC%9E%84%EA%B3%BC-5-%EB%B3%B4%EA%B3%A0-%EC%9D%98%EB%AC%B4-%EC%9C%84%EC%9E%84%EC%9E%A5-%EB%AA%A8%EC%95%84%EB%8F%84-%EA%B3%B5%EB%8F%99%EB%B3%B4%EC%9C%A0%EC%9E%90%EB%8A%94-%EC%95%84%EB%8B%88%EB%9D%BC%EA%B3%A0,https://wimg.sedaily.com/news/cms/2026/10/04/news-p.v1.20261001.c7f1005c44214ab1abfdbb7b1e7943b5_P1.jpg,640,449,ok
https://ailens.sedaily.ai/news/2026/10/05/2026-10-05-%EC%A0%95%EC%B9%98-%EC%A4%91%EC%88%98%EC%B2%AD%EC%9E%A5-%ED%9B%84%EB%B3%B4%EC%9E%90-%EC%9D%B8%EC%84%A0-%EA%B0%88%EB%93%B1-%EB%8C%80%ED%86%B5%EB%A0%B9%EA%B3%BC-%EA%B2%BD%EA%B8%B0%EC%A7%80%EC%82%AC%EA%B0%80-%EB%B0%A4%EC%83%88-SNS%EB%A1%9C-%EC%A3%BC%EA%B3%A0%EB%B0%9B%EB%8B%A4,https://wimg.sedaily.com/news/cms/2026/10/05/news-p.v1.20260929.bfc1b3781f6c45ae90bb3ee339c4931a_P1.jpg,1172,1626,ok
https://ailens.sedaily.ai/news/2026/10/05/2026-10-05-%EC%A0%95%EC%B9%98-%EB%A6%AC%EC%96%BC%EB%AF%B8%ED%84%B0-10%EC%9B%94-1%EC%A3%BC-%EC%A7%80%EC%A7%80%EC%9C%A8-0-5-%ED%8F%AC%EC%9D%B8%ED%8A%B8-%EB%82%B4%EB%A0%B8%EB%8A%94%EB%8D%B0-%EC%A4%91%EB%8F%84%EC%B8%B5%EC%9D%80-%ED%98%BC%EC%9E%90-%EC%98%AC%EB%9E%90%EB%8B%A4%EA%B3%A0,https://wimg.sedaily.com/news/cms/2026/10/05/news-p.v1.20261002.59da4b4ac4534f81984337a7b0ff63e9_P1.jpg,1200,723,ok
https://ailens.sedaily.ai/news/2026/10/05/2026-10-05-%EC%A0%95%EC%B9%98-%EC%A4%91%EC%88%98%EC%B2%AD%EC%9E%A5-%EC%9D%B8%EC%84%A0-%EB%85%BC%EB%9E%80-%EB%8C%80%ED%86%B5%EB%A0%B9%EC%9D%B4-%EC%82%AC%EC%8B%AC-%EB%B2%84%EB%A0%A4%EB%9D%BC-%EB%9D%BC%EA%B3%A0-%ED%95%9C-%EA%B2%81%EB%8B%88%EB%8B%A4,https://wimg.sedaily.com/news/cms/2026/10/05/news-p.v1.20261002.a4e7590be64c4343a27e73b41c9ecc13_P1.jpg,1200,528,ok
https://ailens.sedaily.ai/news/2026/10/05/2026-10-05-%EC%A0%95%EC%B9%98-%EC%9D%B4%EC%9E%AC%EB%AA%85-%EB%8C%80%ED%86%B5%EB%A0%B9-%EB%AC%B4%EA%B7%B9%ED%8C%8C-%EB%B0%9C%EC%96%B8-%EB%8C%80%EC%83%81%EC%9D%84-%EB%B0%9D%ED%9E%88%EC%A7%80-%EC%95%8A%EC%95%98%EC%8A%B5%EB%8B%88%EB%8B%A4,https://wimg.sedaily.com/news/cms/2026/10/05/news-p.v1.20261005.a6ab700e07ea44b296fb59c8df53e299_P1.jpg,1200,852,ok
https://ailens.sedaily.ai/international/2026/10/05/2026-10-05-%EA%B5%AD%EC%A0%9C-%ED%83%88%EC%84%9D%EC%9C%A0%EC%9D%98-%EC%97%AD%EC%84%A4-%EC%A0%95%EC%A0%9C%EB%8A%A5%EB%A0%A5-%EB%A8%BC%EC%A0%80-%EC%A4%84%EC%9D%B8-%EB%82%98%EB%9D%BC%EA%B0%80-%EB%8D%94-%ED%9D%94%EB%93%A4%EB%A0%B8%EB%8B%A4%EB%8B%88%EC%9A%94,https://wimg.sedaily.com/news/cms/2026/10/05/rcv.YNA.20261003.PRU20261003313301009_P1.jpg,1200,800,ok
https://ailens.sedaily.ai/news/2026/10/05/2026-10-05-%EA%B8%88%EC%9C%B5-%EB%AF%B8%EC%84%B1%EB%85%84%EC%9E%90-%EC%98%88%EC%A0%81%EA%B8%88-10%EC%A1%B0-1%EC%96%B5-%EB%84%98%EA%B2%8C-%EA%B0%80%EC%A7%84-%EC%95%84%EC%9D%B4%EA%B0%80-2-595%EB%AA%85%EC%9D%B4%EB%9D%BC%EA%B3%A0,https://wimg.sedaily.com/news/cms/2026/10/05/news-p.v1.20261005.13c52b6aa5f24326b0c528e9c251ec77_P1.jpg,1200,800,ok
https://ailens.sedaily.ai/markets/2026/10/05/2026-10-05-%EA%B8%88%EC%9C%B5-IPO-%EC%8B%9C%EA%B0%80%EC%B4%9D%EC%95%A1-1000%EC%96%B5-%EC%9B%90-%EA%B8%B0%EC%A4%80-1%EB%85%84-%EB%A7%8C%EC%97%90-%ED%9D%94%EB%93%A4%EB%A6%AC%EA%B1%B0%EB%93%A0%EC%9A%94,https://wimg.sedaily.com/news/cms/2026/10/05/news-p.v1.20261002.b1b7d08a8f6b4487b5ac513ba16814b4_P1.jpg,600,396,ok
https://ailens.sedaily.ai/markets/2026/10/05/2026-10-05-%EA%B8%88%EC%9C%B5-%EC%99%B8%EA%B5%AD%EC%9D%B8-%EC%BD%94%EC%8A%A4%ED%94%BC-%EC%88%9C%EB%A7%A4%EB%8F%84-20%EC%A1%B0-85-%EA%B0%80-%EB%B0%98%EB%8F%84%EC%B2%B4-%EB%91%90-%EC%A2%85%EB%AA%A9%EC%97%90-%EB%AA%B0%EB%A0%B8%EB%8B%A4%EA%B3%A0,https://wimg.sedaily.com/news/cms/2026/10/05/rcv.YNA.20261002.PYH2026100217620001300_P1.jpg,1200,738,ok
https://ailens.sedaily.ai/industry/2026/10/05/2026-10-05-%EC%82%B0%EC%97%85-%EB%B7%94%ED%8E%98-%EB%A7%A4%EC%9E%A5-%EB%8B%A4%EC%8B%9C-%EB%8A%98%EB%A6%B0%EB%8B%A4-%EC%BD%94%EB%A1%9C%EB%82%98-%EB%95%8C-50%EA%B3%B3%EA%B9%8C%EC%A7%80-%EC%A4%84%EC%97%88%EB%8D%98-%EA%B7%B8-%EB%B8%8C%EB%9E%9C%EB%93%9C%EA%B0%80-120%EA%B3%B3,https://wimg.sedaily.com/news/cms/2026/10/02/news-p.v1.20261002.9d6a5659d4b54c33900bf368175862a8_P1.jpg,1200,674,ok
https://ailens.sedaily.ai/industry/2026/10/05/2026-10-05-%EC%82%B0%EC%97%85-%EA%B8%B0%EC%95%84-%EC%98%81%EA%B5%AD-%ED%8C%90%EB%A7%A4-2%EC%9C%84-%EC%95%84%EC%9A%B0%EB%94%94-%ED%8F%AC%EB%93%9C%EA%B9%8C%EC%A7%80-%EC%A0%9C%EC%B3%A4%EB%8B%A4%EA%B3%A0,https://wimg.sedaily.com/news/cms/2026/10/05/news-p.v1.20261005.329b9a9aeea74f7a9575e1dfc5947967_P1.jpg,1200,800,ok
https://ailens.sedaily.ai/industry/2026/10/05/2026-10-05-%EC%82%B0%EC%97%85-%EB%B6%81%EB%AF%B8-AI-%EB%8D%B0%EC%9D%B4%ED%84%B0%EC%84%BC%ED%84%B0-%EB%B3%80%EC%95%95%EA%B8%B0-%EC%88%98%EC%A3%BC-%ED%95%9C-%EB%8B%AC%EC%97%90-3-865%EC%96%B5-%EC%9B%90%EC%94%A9-%EB%93%A4%EC%96%B4%EC%98%A8%EB%8B%A4%EB%8B%88%EC%9A%94,https://wimg.sedaily.com/news/cms/2026/10/05/news-p.v1.20261003.951ca65a6ae84673bf302811afd6e329_P1.jpg,1200,899,ok
https://ailens.sedaily.ai/industry/2026/10/05/2026-10-05-%EC%82%B0%EC%97%85-%EB%B0%98%EB%8F%84%EC%B2%B4-%ED%81%B4%EB%9F%AC%EC%8A%A4%ED%84%B0-%EC%A7%80%EB%B0%A9-%EB%B6%84%EC%82%B0-%EB%B6%80%EC%A7%80%EB%A7%8C-%EC%9E%88%EC%9C%BC%EB%A9%B4-%EB%90%98%EB%8A%94-%EA%B2%8C-%EC%95%84%EB%8B%88%EB%9D%BC%EA%B3%A0,https://wimg.sedaily.com/news/cms/2026/10/02/news-p.v1.20260724.8100928bbb5e45b0bc89924ecf204597_P1.jpg,1200,1800,ok
https://ailens.sedaily.ai/news/2026/10/05/2026-10-05-%EC%82%AC%ED%9A%8C-%EC%96%B4%EB%A6%B0%EC%9D%B4%EC%A7%91-%EB%B3%B4%EC%A1%B0%EA%B8%88-%EB%B6%80%EC%A0%95%EC%88%98%EA%B8%89-7%EC%9D%BC-%EC%A0%84-%ED%86%B5%EC%A7%80-%EC%97%86%EC%9D%B4-%EB%93%A4%EC%9D%B4%EB%8B%A5%EC%B3%90%EB%8F%84-%EA%B4%9C%EC%B0%AE%EB%8B%A4%EA%B3%A0,https://wimg.sedaily.com/news/cms/2026/10/02/news-p.v1.20260105.105b88ea8b944227a43393fffd8f64ca_P1.jpeg,500,375,ok
https://ailens.sedaily.ai/international/2026/10/05/2026-10-05-%EA%B5%AD%EC%A0%9C-%EC%86%8C%EB%B2%84%EB%A6%B0-AI-%EC%A3%BC%EA%B6%8C-%EC%99%84%EC%A0%84-%EC%9E%90%EB%A6%BD%ED%95%9C-%EB%82%98%EB%9D%BC%EA%B0%80-%ED%95%98%EB%82%98%EB%8F%84-%EC%97%86%EB%8B%A4%EA%B3%A0,https://wimg.sedaily.com/news/cms/2026/10/05/rcv.YNA.20260930.PAP20260930079101009_P1.jpg,1200,800,ok
https://ailens.sedaily.ai/property/2026/10/05/2026-10-05-%EB%B6%80%EB%8F%99%EC%82%B0-%EC%84%9C%EC%9A%B8-%EC%95%84%ED%8C%8C%ED%85%94-%EA%B0%80%EA%B2%A9-%EC%83%81%EC%8A%B9-%EC%A4%91%EB%8C%80%ED%98%95%EB%A7%8C-0-96-%EC%98%AC%EB%9E%90%EB%8B%A4%EA%B3%A0,https://wimg.sedaily.com/news/cms/2026/10/02/rcv.YNA.20260813.PYH2026081316330001300_P1.jpg,1200,763,ok
https://ailens.sedaily.ai/news/2026/10/05/2026-10-05-%EC%82%AC%ED%9A%8C-2040%EB%85%84-%ED%98%84%EC%97%AD%EB%B3%91-13%EB%A7%8C-%EB%AA%85-%EA%B0%90%EC%B6%95-%EC%9D%B4%EB%B3%91-%EA%B3%84%EA%B8%89%EC%9D%B4-%EC%97%86%EC%96%B4%EC%A7%84%EB%8B%A4%EA%B3%A0,https://wimg.sedaily.com/news/cms/2026/10/02/news-p.v1.20260920.7c7557506cde45b98c43a39f75c45cae_P1.jpg,601,406,ok
https://ailens.sedaily.ai/property/2026/10/05/2026-10-05-%EB%B6%80%EB%8F%99%EC%82%B0-%EC%9E%AC%EA%B0%9C%EB%B0%9C-%EB%8F%99%EC%9D%98%EC%9C%A8-70-%EC%99%84%ED%99%94-%EC%97%AC%EC%95%BC%EA%B0%80-%ED%95%9C-%EB%8B%AC%EC%97%90-%EC%9D%B4-%EB%B2%95%EB%A7%8C-%EB%8B%A4%EC%84%AF-%EA%B0%9C%EB%A5%BC-%EB%83%88%EB%8B%A4%EA%B3%A0,https://wimg.sedaily.com/news/cms/2026/10/04/news-p.v1.20261004.cae7b72f66da45a9bb1071a31ab95817_P1.jpg,1200,800,ok
https://ailens.sedaily.ai/news/2026/10/04/2026-10-04-%EC%82%AC%ED%9A%8C-%ED%98%84%EC%A7%81-%EA%B2%BD%EC%B0%B0%EA%B4%80-%EB%94%A5%ED%8E%98%EC%9D%B4%ED%81%AC-%EA%B5%AC%EC%86%8D-%EB%8F%99%EC%A2%85-%EC%A0%84%EB%A0%A5-%EC%9E%88%EB%8A%94%EB%8D%B0%EB%8F%84-%EC%9E%84%EC%9A%A9%EB%90%90%EB%8B%A4%EA%B3%A0,https://wimg.sedaily.com/news/cms/2026/10/04/rcv.YNA.20261002.PYH2026100205180005300_P1.jpg,1200,747,ok
https://ailens.sedaily.ai/news/2026/10/04/2026-10-04-%EC%82%AC%ED%9A%8C-%EB%B9%84%EC%83%81%EC%9E%A5%EC%A3%BC%EC%8B%9D-%EB%AC%BC%EB%82%A9-%EA%B1%B0%EB%B6%80-%EC%9E%90%EC%82%B0-%EB%A7%8E%EC%9D%80-%ED%9A%8C%EC%82%AC-%EC%A3%BC%EC%8B%9D%EB%8F%84-%EC%95%88-%EB%B0%9B%EC%95%84%EC%A4%80%EB%8B%A4%EA%B3%A0,https://wimg.sedaily.com/news/cms/2026/10/02/news-p.v1.20260105.31eb2717b35e4bc2b806490c0a75e2d4_P1.jpg,670,436,ok
https://ailens.sedaily.ai/news/2026/10/04/2026-10-04-%EC%82%AC%ED%9A%8C-%EB%85%B8%EC%A1%B0-%EC%B2%AD%EB%85%84-%EA%B0%84%EB%B6%80-%EC%95%BC%EA%B7%BC%EC%88%98%EB%8B%B9-%EB%AC%BC%EC%96%B4%EB%B3%B4%EB%8B%88-%ED%99%A9%EB%8B%B9%ED%95%9C-%ED%91%9C%EC%A0%95%EC%9D%B4-%EB%8F%8C%EC%95%84%EC%99%94%EB%8B%A4%EA%B3%A0,https://wimg.sedaily.com/news/cms/2026/10/02/rcv.NEWSIS.NEWSIS.20260922.NISI20260922_0021450711_P1.jpg,1200,800,ok
https://ailens.sedaily.ai/news/2026/10/04/2026-10-04-%EC%82%AC%ED%9A%8C-%EC%82%AC%EC%A0%95%EA%B8%B0%EA%B4%80-%EC%88%98%EC%9E%A5-%EA%B3%B5%EB%B0%B1-%EC%84%B8-%EA%B8%B0%EA%B4%80%EC%9D%B4-%EB%8F%99%EC%8B%9C%EC%97%90-%EB%8C%80%ED%96%89-%EC%B2%B4%EC%A0%9C%EB%9D%BC%EA%B3%A0,https://wimg.sedaily.com/news/cms/2026/10/03/news-p.v1.20261003.966e50487eb242ceb8ea58cff182f7d0_P1.jpg,1200,858,ok
https://ailens.sedaily.ai/markets/2026/10/04/2026-10-04-%EC%82%B0%EC%97%85-%EB%A0%8C%ED%84%B8-%EC%97%85%EC%B2%B4-%EC%82%AC%EB%AA%A8%ED%8E%80%EB%93%9C-%EC%9D%B8%EC%88%98-%EC%A0%95%EC%88%98%EA%B8%B0%EB%8F%84-%EB%A0%8C%ED%84%B0%EC%B9%B4%EB%8F%84-%EC%A3%BC%EC%9D%B8%EC%9D%B4-%EB%B0%94%EB%80%8C%EC%97%88%EB%8B%A4%EA%B3%A0,https://wimg.sedaily.com/news/cms/2026/10/03/news-g.v1.20260617.f8d957298dc04fd7945e78ba134bf163_P1.jpg,1200,627,ok
https://ailens.sedaily.ai/industry/2026/10/04/2026-10-04-%EC%82%B0%EC%97%85-%ED%8E%AB%ED%91%B8%EB%93%9C-%EC%8B%9C%EC%9E%A5-2%EC%A1%B0-5000%EC%96%B5-%EC%A0%95%EB%B6%80%EB%8A%94-%EA%B5%AD%EC%82%B0%EC%9D%B4-%EC%96%BC%EB%A7%88%EC%9D%B8%EC%A7%80-%EB%AA%A8%EB%A5%B8%EB%8B%A4%EA%B3%A0,https://wimg.sedaily.com/news/cms/2026/10/04/news-p.v1.20261004.4b9bb87d92994ff5bef6e820365bcde4_P1.jpg,1200,863,ok
https://ailens.sedaily.ai/industry/2026/10/04/2026-10-04-%EC%82%B0%EC%97%85-LCC-%EC%A4%91%EA%B5%AD-%EB%85%B8%EC%84%A0-%ED%99%95%EB%8C%80-%ED%95%9C-%EB%8B%AC%EC%97%90%EB%A7%8C-%EC%A4%91%EA%B5%AD%EC%9D%B8-83%EB%A7%8C-%EB%AA%85%EC%9D%B4-%EB%93%A4%EC%96%B4%EC%99%94%EB%8B%A4%EA%B3%A0,https://wimg.sedaily.com/news/cms/2026/10/02/news-p.v1.20261002.fba329cd470d4c71a9092e2a45188cca_P1.jpg,1200,752,ok
https://ailens.sedaily.ai/industry/2026/10/04/2026-10-04-%EA%B2%BD%EC%A0%9C-%EB%94%94%EC%A7%80%ED%84%B8-%EC%98%A8%EB%88%84%EB%A6%AC%EC%83%81%ED%92%88%EA%B6%8C-%ED%95%A0%EC%9D%B8%EC%9C%A8-7-%EC%97%90%EC%84%9C-5-%EB%A1%9C-%EB%82%B4%EB%A0%A4%EA%B0%84%EB%8B%A4%EB%8B%88%EC%9A%94,https://wimg.sedaily.com/news/cms/2026/10/03/rcv.YNA.20260923.PYH2026092310690006100_P1.jpg,1200,869,ok
https://ailens.sedaily.ai/news/2026/10/04/2026-10-04-%EA%B2%BD%EC%A0%9C-%EC%98%A8%EB%88%84%EB%A6%AC%EC%83%81%ED%92%88%EA%B6%8C-%EA%B2%B0%EC%A0%9C-%EC%8F%A0%EB%A6%BC-%EA%B0%80%EB%A7%B9%EC%A0%90%EC%9D%80-80-%EB%8A%98%EC%97%88%EB%8A%94%EB%8D%B0-%EB%8F%88%EC%9D%80-1-%EB%A1%9C-%EA%B0%84%EB%8B%A4%EA%B3%A0,https://wimg.sedaily.com/news/cms/2026/10/02/news-p.v1.20260920.65ac0a53768f452398f35ffcc5b825ad_P1.jpg,1200,696,ok
https://ailens.sedaily.ai/news/2026/10/04/2026-10-04-%EA%B5%AD%EC%A0%9C-%EC%9D%B4%EC%A7%80%EC%8A%A4%ED%95%A8-CEC-%EC%88%98%EC%B6%9C-%EA%B1%B0%EB%B6%80-%ED%98%B8%EC%A3%BC-%EC%9D%BC%EB%B3%B8%EC%9D%80-%EB%8B%AC%EA%B3%A0-%EC%9A%B0%EB%A6%AC%EB%A7%8C-%EB%AA%BB-%EB%8B%AC%EC%95%98%EB%8B%A4%EA%B3%A0,https://wimg.sedaily.com/news/cms/2026/10/04/news-p.v1.20261001.a0235807d4b24238a308d2efd2f06433_P1.jpg,1200,796,ok
https://ailens.sedaily.ai/news/2026/10/04/2026-10-04-%EC%A0%95%EC%B9%98-2%EB%85%84-%EC%B0%A8-%EA%B5%AD%EC%A0%95%EA%B0%90%EC%82%AC-6%EC%9D%BC-%EC%B2%AB%EB%82%A0%EB%B6%80%ED%84%B0-%EB%A9%88%EC%B6%B0-%EC%84%A4-%EC%88%98%EB%8F%84-%EC%9E%88%EB%8B%A4%EA%B3%A0,https://wimg.sedaily.com/news/cms/2026/10/04/news-p.v1.20260930.1eb466f24e5847be8999975c9ff73b0e_P1.jpg,1200,651,ok
https://ailens.sedaily.ai/industry/2026/10/04/2026-10-04-%EA%B8%88%EC%9C%B5-%EA%B8%88%EC%9C%B5%EA%B6%8C-%ED%95%B4%ED%82%B9-6%EA%B3%B3-%EB%82%B4-%EA%B3%84%EC%A2%8C-%EC%A0%95%EB%B3%B4%EB%8F%84-%EA%B7%B8-%EC%95%88%EC%97%90-%EC%9E%88%EC%97%88%EB%83%90%EA%B3%A0,https://wimg.sedaily.com/news/cms/2026/10/04/rcv.NEWSIS.NEWSIS.20260921.NISI20260921_0021448978_P1.jpg,1200,895,ok
https://ailens.sedaily.ai/industry/2026/10/04/2026-10-04-%EC%82%B0%EC%97%85-%ED%95%9C%EA%B5%AD%ED%98%95-%EC%9B%90%EC%A0%84-APR-1400-%EB%AF%B8%EA%B5%AD-%EC%A7%84%EC%B6%9C-%EB%A7%89%ED%98%80-%EC%9E%88%EB%8D%98-%EB%AC%B8%EC%9D%B4-2%EA%B8%B0%EB%A7%8C%ED%81%BC-%EC%97%B4%EB%A0%B8%EC%8A%B5%EB%8B%88%EB%8B%A4,https://wimg.sedaily.com/news/cms/2026/10/04/news-p.v1.20261004.e49099d8f86e4e3cb070cb187ba1a6e0_P1.jpg,1200,714,ok
https://ailens.sedaily.ai/international/2026/10/04/2026-10-04-%EA%B5%AD%EC%A0%9C-%EB%8C%80%EB%AF%B8-%ED%88%AC%EC%9E%90-2-000%EC%96%B5-%EB%8B%AC%EB%9F%AC-%EC%83%81%ED%95%9C-%ED%8A%B8%EB%9F%BC%ED%94%84%EA%B0%80-7%EC%96%B5-%EB%8B%AC%EB%9F%AC%EB%A5%BC-%EB%84%98%EA%B2%A8-%EB%B6%88%EB%A0%80%EB%8B%A4%EA%B3%A0,https://wimg.sedaily.com/news/cms/2026/10/04/rcv.YNA.20261004.PEP20261004071301009_P1.jpg,1200,800,ok
https://ailens.sedaily.ai/culture/2026/10/04/2026-10-04-%EC%82%AC%ED%9A%8C-%EB%B3%B4%EA%B1%B4%EC%9D%98%EB%A3%8C%EC%9D%B8%EB%A0%A5-%EB%B3%B4%EC%88%98-%EC%A1%B0%EC%82%AC-%EC%9D%98%EC%82%AC-%ED%8F%89%EA%B7%A0%EC%9D%B4-2%EC%96%B5-8518%EB%A7%8C-%EC%9B%90%EC%9D%B4%EB%9D%BC%EA%B3%A0,https://wimg.sedaily.com/news/cms/2026/10/04/news-p.v1.20260929.53f184aa138e4cd5baf43112d144ff0e_P1.jpg,1200,803,ok
https://ailens.sedaily.ai/international/2026/10/04/2026-10-04-%EA%B5%AD%EC%A0%9C-%EC%95%8C%EB%9E%98%EC%8A%A4%EC%B9%B4-LNG-%ED%88%AC%EC%9E%90-%ED%95%A9%EC%9D%98-%EC%95%88-%ED%95%98%EB%A9%B4-2%EB%B0%B0-%EC%B2%AD%EA%B5%AC%ED%95%9C%EB%8B%A4%EA%B3%A0,https://wimg.sedaily.com/news/cms/2026/10/04/rcv.YNA.20261003.PAP20261003081301009_P1.jpg,1200,800,ok
https://ailens.sedaily.ai/markets/2026/10/04/2026-10-04-%EA%B8%88%EC%9C%B5-%EC%BD%94%EC%8A%A4%EB%8B%A5-ETF-%EC%88%98%EC%9D%B5%EB%A5%A0-1%EC%9C%84-%EB%8F%88%EC%9D%80-%EC%A0%95%EB%B0%98%EB%8C%80%EB%A1%9C-%ED%9D%98%EB%A0%80%EB%8B%A4%EA%B3%A0,https://wimg.sedaily.com/news/cms/2026/10/04/news-p.v1.20261002.3c265a245d39453f89df490d8bfc9ce1_P1.png,1042,492,ok
https://ailens.sedaily.ai/property/2026/10/04/2026-10-04-%EB%B6%80%EB%8F%99%EC%82%B0-%EA%B4%91%EB%AA%85-%EC%A7%91%EA%B0%92-%EC%83%81%EC%8A%B9%EB%A5%A0-15-53-%EB%B0%98%EB%8F%84%EC%B2%B4-%ED%8A%B9%EC%88%98-%EC%88%98%EC%9B%90-%EC%98%81%ED%86%B5%EC%9D%84-%EC%95%9E%EC%A7%88%EB%A0%80%EB%8B%A4%EA%B3%A0,https://wimg.sedaily.com/news/cms/2026/10/02/news-p.v1.20260814.8f411c05d1fa4c3d881d275b93af36af_P1.jpg,1200,867,ok
https://ailens.sedaily.ai/news/2026/10/04/2026-10-04-%EA%B2%BD%EC%A0%9C-%EC%82%BC%EC%84%B1%EC%A0%84%EC%9E%90-3%EB%B6%84%EA%B8%B0-%EC%8B%A4%EC%A0%81-%EB%B0%9C%ED%91%9C-%EC%98%81%EC%97%85%EC%9D%B4%EC%9D%B5-110%EC%A1%B0-%EC%9B%90%EC%9D%B4-%EA%B1%B8%EB%A6%B0-%EC%A3%BC%EB%9D%BC%EA%B3%A0,https://wimg.sedaily.com/news/cms/2026/10/03/news-p.v1.20261001.989e7fe28c6145e49023b4ccb187b2bb_P1.png,860,598,ok
https://ailens.sedaily.ai/news/2026/10/04/2026-10-04-%EA%B2%BD%EC%A0%9C-9%EC%9B%94-%EC%83%9D%ED%99%9C%EB%AC%BC%EA%B0%80-%EA%B3%BC%EC%9D%BC%EC%9D%80-%EB%82%B4%EB%A0%B8%EB%8A%94%EB%8D%B0-%EC%B1%84%EC%86%8C%EB%8A%94-%EC%A4%84%EC%A4%84%EC%9D%B4-%EC%98%AC%EB%9E%90%EB%8B%A4,https://wimg.sedaily.com/news/cms/2026/10/03/news-p.v1.20261001.7a7f1e174f0547f2bfe3e194a1ef10bf_P1.jpg,1200,811,ok
https://ailens.sedaily.ai/markets/2026/10/03/2026-10-03-%EB%8B%A8%EA%B8%B0-4359%EB%85%84-%EA%B0%9C%EC%B2%9C%EC%A0%88-%EC%95%A0%EA%B5%AD%ED%88%AC%EC%9E%90%ED%8E%80%EB%93%9C-%EC%84%B1%EA%B3%BC%EB%8A%94-%EB%A7%88%EC%BC%93%EC%8B%9C%EA%B7%B8%EB%84%90,https://wimg.sedaily.com/news/cms/2026/10/03/news-p.v1.20261002.f9a78dda6807494e9e7bcba5f45d67aa_P1.jpg,1000,560,ok
https://ailens.sedaily.ai/markets/2026/10/03/2026-10-03-%EC%82%B0%EC%97%85-%EC%82%BC%EC%84%B1%EC%A0%84%EC%9E%90-3%EB%B6%84%EA%B8%B0-%EC%8B%A4%EC%A0%81-%EC%A0%84%EB%A7%9D-%EC%98%81%EC%97%85%EC%9D%B4%EC%9D%B5%EC%9D%B4-100%EC%A1%B0%EB%A5%BC-%EB%84%98%EA%B8%B4%EB%8B%A4%EB%84%A4%EC%9A%94,https://wimg.sedaily.com/news/cms/2026/10/03/news-p.v1.20261003.6c7477f55ad0440aafdfc2d19cd12268_P1.png,640,445,ok
https://ailens.sedaily.ai/markets/2026/10/03/2026-10-03-%EA%B8%88%EC%9C%B5-%EC%9D%98%EB%AC%B4%EA%B3%B5%EA%B0%9C%EB%A7%A4%EC%88%98-%EC%A0%95%EB%AC%B4%EC%9C%84%EC%95%88-%EB%8C%80%EC%A3%BC%EC%A3%BC%EB%A7%8C-%EB%8B%A4-%ED%8C%94%EA%B3%A0-%EB%82%98%EB%8A%94-10-%EB%A7%8C-%ED%8C%94-%EC%88%98-%EC%9E%88%EB%8B%A4%EA%B3%A0,https://wimg.sedaily.com/news/cms/2026/10/03/news-p.v1.20260210.e6419e83967d482aa1dd51ca3f85c322_P1.jpg,1200,800,ok
https://ailens.sedaily.ai/news/2026/10/03/2026-10-03-%EC%82%AC%ED%9A%8C-%ED%97%8C%EC%9E%AC%EC%86%8C%EC%9E%A5-%EB%B0%B0%EC%9A%B0%EC%9E%90-%EC%97%AC%EB%B9%84-1-031%EB%A7%8C-%EC%9B%90-%EA%B4%80%EB%A1%80%EB%9D%BC%EA%B3%A0-%ED%95%98%EB%84%A4%EC%9A%94,https://wimg.sedaily.com/news/cms/2026/10/03/rcv.YNA.20260310.PYH2026031001910001300_P1.jpg,1200,822,ok
https://ailens.sedaily.ai/news/2026/10/03/2026-10-03-%EC%82%AC%ED%9A%8C-%EC%9A%B8%EC%82%B0-%EC%B6%95%EC%A0%9C-%ED%8F%90%EC%A7%80-%EC%9D%98%EA%B2%AC-20%EA%B0%9C-%ED%96%89%EC%82%AC%EA%B0%80-%EB%AA%A9%EB%A1%9D%EC%97%90-%EC%98%AC%EB%9E%90%EC%8A%B5%EB%8B%88%EB%8B%A4,https://wimg.sedaily.com/news/cms/2026/10/02/news-p.v1.20251227.c490088338384da891576c5e5faa202d_P1.jpg,609,278,ok
https://ailens.sedaily.ai/news/2026/10/03/2026-10-03-%EA%B5%AD%EC%A0%9C-%EB%B6%81%ED%95%9C%EA%B5%B0-%ED%8F%AC%EB%A1%9C-%EC%86%A1%ED%99%98-%EB%85%BC%EB%9E%80-%EB%8C%80%ED%86%B5%EB%A0%B9%EC%9D%B4-%EC%B6%94%EA%B0%80-%EC%A1%B0%EC%B9%98-%EC%93%B0%EA%B8%B0%EA%B9%8C%EC%A7%80-%EA%B0%94%EB%8B%A4%EA%B3%A0,https://wimg.sedaily.com/news/cms/2026/10/02/news-p.v1.20261002.818863b7cde349e88799cd92f6e69501_P1.jpg,1200,752,ok
https://ailens.sedaily.ai/markets/2026/10/03/2026-10-03-%EC%82%B0%EC%97%85-%ED%98%84%EB%8C%80%EC%B0%A8-%EA%B5%AD%EB%82%B4-%ED%8C%90%EB%A7%A4-%EA%B8%89%EA%B0%90-%EC%B0%A8%EA%B0%80-%EC%95%88-%ED%8C%94%EB%A6%B0-%EA%B2%8C-%EC%95%84%EB%8B%88%EB%9D%BC-%EB%AA%BB-%EB%A7%8C%EB%93%A0-%EA%B1%B0%EB%9D%BC%EA%B3%A0,https://wimg.sedaily.com/news/cms/2026/10/02/news-p.v1.20261002.799c670a1c5642a1b43e1debbafdc739_P1.jpg,1200,800,ok
https://ailens.sedaily.ai/news/2026/10/03/2026-10-03-%EA%B2%BD%EC%A0%9C-%EA%B3%B5%EC%A0%95%EC%9C%84-%EC%A7%91%ED%96%89%EC%A0%95%EC%A7%80-%EC%9D%B8%EC%9A%A9%EB%A5%A0-79-5-%EA%B3%BC%EC%A7%95%EA%B8%88-%EC%97%B4-%EA%B1%B4-%EC%A4%91-%EC%97%AC%EB%8D%9F-%EA%B1%B4%EC%9D%B4-%EB%A9%88%EC%B6%B0-%EC%84%B0%EB%8B%A4%EA%B3%A0,https://wimg.sedaily.com/news/cms/2026/10/03/news-p.v1.20260630.e002ca2ad116438c9d922617bba76188_P1.png,640,360,ok
https://ailens.sedaily.ai/finance/2026/10/03/2026-10-03-%EA%B8%88%EC%9C%B5-%EA%B8%88%EC%9C%B5%EC%86%8C%EB%93%9D-2-000%EB%A7%8C-%EC%9B%90-%EA%B8%B0%EC%A4%80-%EB%84%98%EA%B2%A8%EB%8F%84-%EC%84%B8%EA%B8%88%EC%9D%B4-%EC%95%88-%EB%8A%98-%EC%88%98-%EC%9E%88%EB%8B%A4%EB%8B%88%EC%9A%94,https://wimg.sedaily.com/news/cms/2026/10/03/news-p.v1.20261003.a20fea06a9a54dd68d91f96d2f7206eb_P3.jpg,300,400,ok
https://ailens.sedaily.ai/news/2026/10/03/2026-10-03-%EC%A0%95%EC%B9%98-%EC%B0%A8%EA%B8%B0-%EB%8C%80%ED%86%B5%EB%A0%B9-%EC%A0%81%ED%95%A9%EB%8F%84-%EB%AC%B4%EC%86%8C%EC%86%8D-%EC%9D%98%EC%9B%90%EC%9D%B4-1%EC%9C%84%EB%A1%9C-%EC%98%AC%EB%9D%BC%EC%84%B0%EB%84%A4%EC%9A%94,https://wimg.sedaily.com/news/cms/2026/10/03/news-p.v1.20261002.ef91ea1b5cb244d7b93df3aad5d81d4c_P1.png,1200,1376,ok
https://ailens.sedaily.ai/news/2026/10/03/2026-10-03-%EC%A0%95%EC%B9%98-%EB%B6%81%ED%95%9C-%ED%83%84%EB%8F%84%EB%AF%B8%EC%82%AC%EC%9D%BC-%EB%B0%9C%EC%82%AC-%EA%B8%B4%EC%9E%A5-%EC%99%84%ED%99%94-%EB%A9%94%EC%8B%9C%EC%A7%80-%ED%95%98%EB%A3%A8-%EB%92%A4%EC%97%90-%EB%82%A0%EC%95%84%EC%99%94%EB%8B%A4%EA%B3%A0,https://wimg.sedaily.com/news/cms/2026/10/03/rcv.NEWS1.NEWS1.20260922.2026-09-22T063248_1008119769_NK_I_P1.jpg,837,1000,ok
https://ailens.sedaily.ai/industry/2026/10/03/2026-10-03-%EC%83%9D%ED%99%9C-%EA%B0%9C%EC%B2%9C%EC%A0%88-%ED%95%9C%EA%B8%80%EB%82%A0-%EC%97%B0%ED%9C%B4-%EC%9C%A0%ED%86%B5%EA%B0%80-%ED%96%89%EC%82%AC-%EB%B0%B1%ED%99%94%EC%A0%90-1%EC%B8%B5%EC%97%90-%ED%95%9C%EB%B3%B5-%ED%96%89%EB%A0%AC%EB%8B%A8%EC%9D%B4-%EC%A7%80%EB%82%98%EA%B0%84%EB%8B%A4,https://wimg.sedaily.com/news/cms/2026/10/03/news-p.v1.20261002.d1e83fd75f4b4b6890746ad632c075ba_P1.jpg,1200,800,ok
https://ailens.sedaily.ai/industry/2026/10/03/2026-10-03-%EC%82%B0%EC%97%85-%EB%A1%AF%EB%8D%B0%EB%B0%B1%ED%99%94%EC%A0%90-%EC%A0%9C%EB%8B%88-%EA%B8%B0%EC%9A%A9-10%EB%85%84-%EB%8F%99%EC%95%88-%EC%82%AC%EB%9D%BC%EC%A1%8C%EB%8D%98-%EB%B0%B1%ED%99%94%EC%A0%90-%EB%AA%A8%EB%8D%B8%EC%9D%B4-%EB%8F%8C%EC%95%84%EC%99%94%EB%84%A4%EC%9A%94,https://wimg.sedaily.com/news/cms/2026/10/02/news-p.v1.20261002.52148057516f430188603205dd925341_P1.jpg,1200,675,ok
https://ailens.sedaily.ai/industry/2026/10/03/2026-10-03-%EC%9E%A5%EB%A1%B1-%EC%86%8D-%ED%8F%AC%EC%BC%93%EB%AA%AC-%EC%B9%B4%EB%93%9C-%EA%BA%BC%EB%83%88%EB%8B%A4-%EC%A4%91%EA%B3%A0%EA%B1%B0%EB%9E%98-%EC%88%98%EC%A7%91-%EC%97%B4%ED%92%8D-%EB%9C%AC%EB%8B%A4,https://wimg.sedaily.com/news/cms/2026/10/03/news-p.v1.20261002.e87a25c9bba347969f57aea3cca9ba16_P1.jpg,864,1423,ok
https://ailens.sedaily.ai/industry/2026/10/03/2026-10-03-%EC%82%AC%ED%9A%8C-%EC%A4%91%EC%A6%9D-%EA%B7%BC%EB%AC%B4%EB%A0%A5%EC%A6%9D-%EC%A1%B0%EA%B8%B0-%EC%8B%A0%ED%98%B8-%EB%A3%A8%ED%91%B8%EC%8A%A4-%EC%95%93%EB%8A%94-%EC%82%AC%EB%9E%8C%EC%9D%B4-4-87%EB%B0%B0-%EB%8D%94-%EA%B2%AA%EC%97%88%EB%8B%A4%EA%B3%A0,https://wimg.sedaily.com/news/cms/2026/10/01/news-p.v1.20260930.22195eeb837b4057b4345a2813d6b884_P1.jpg,1200,539,ok
https://ailens.sedaily.ai/markets/2026/10/03/2026-10-03-%EA%B8%88%EC%9C%B5-%EC%A6%9D%EA%B6%8C%EC%82%AC-%EC%A0%84%EC%82%B0%EC%82%AC%EA%B3%A0-113%EA%B1%B4-%EB%82%B4%EA%B0%80-%EC%A1%B0%ED%9A%8C-%EB%AA%BB-%ED%95%9C-%EA%B7%B8-1%EB%B6%84%EB%8F%84-%EB%B0%B0%EC%83%81-%EB%8C%80%EC%83%81%EC%9D%B4%EB%9D%BC%EA%B3%A0,https://wimg.sedaily.com/news/cms/2026/10/03/news-p.v1.20261002.b1b7d08a8f6b4487b5ac513ba16814b4_P1.jpg,600,396,ok
https://ailens.sedaily.ai/markets/2026/10/03/2026-10-03-%EA%B8%88%EC%9C%B5-%EC%8B%9C%EC%B4%9D-%EB%AF%B8%EB%8B%AC-%EC%83%81%EC%9E%A5%ED%8F%90%EC%A7%80-%EB%B2%95%EC%9B%90%EC%9D%B4-%EB%91%90-%EA%B3%B3%EC%9D%84-%EB%A8%BC%EC%A0%80-%EB%A9%88%EC%B6%B0-%EC%84%B8%EC%9B%A0%EB%8B%A4,https://wimg.sedaily.com/news/cms/2026/10/03/news-p.v1.20261002.b1b7d08a8f6b4487b5ac513ba16814b4_P1.jpg,600,396,ok
https://ailens.sedaily.ai/news/2026/10/03/2026-10-03-%EB%AC%B8%ED%99%94-%EC%98%81%ED%99%94-%EC%95%94%EC%82%B4%EC%9E%90-%EB%93%A4-%EB%85%BC%EB%9E%80-%EC%9C%A0%EC%A1%B1%EC%9D%B4-%EC%95%84%EC%A7%81-%EC%82%B4%EC%95%84-%EC%9E%88%EB%8A%94-%EC%82%AC%EA%B1%B4%EC%9D%84-%EC%96%B4%EB%94%94%EA%B9%8C%EC%A7%80-%EB%8B%A4%EB%A3%B0-%EC%88%98-%EC%9E%88%EB%82%98,https://wimg.sedaily.com/news/cms/2026/10/02/rcv.YNA.20261002.PYH2026100202630001300_P1.jpg,1200,759,ok
https://ailens.sedaily.ai/news/2026/10/03/2026-10-03-%EC%82%AC%ED%9A%8C-%EC%9C%A0%EC%95%84-%EB%A0%88%EB%B2%A8%ED%85%8C%EC%8A%A4%ED%8A%B8-%EA%B8%88%EC%A7%80-%EC%8B%9C%ED%97%98%EC%9D%B4-%EC%97%86%EC%96%B4%EC%A1%8C%EB%8A%94%EB%8D%B0-%EC%99%9C-%EB%8D%94-%EC%96%B4%EB%A0%A4%EC%9B%8C%EC%A1%8C%EB%8B%A4%EA%B3%A0,https://wimg.sedaily.com/news/cms/2026/10/02/news-p.v1.20261002.f64f43ad01fb4e649eb794823d90ae30_P1.jpg,640,441,ok
https://ailens.sedaily.ai/international/2026/10/03/2026-10-03-%EA%B5%AD%EC%A0%9C-%EB%B6%81%ED%95%9C%EA%B5%B0-%EB%B0%B0%EC%B9%98-%EC%A7%80%EC%97%AD-%ED%99%95%EB%8C%80-%EC%BF%A0%EB%A5%B4%EC%8A%A4%ED%81%AC-%EB%B0%96%EC%9C%BC%EB%A1%9C%EB%8F%84-%EC%93%B8-%EC%88%98-%EC%9E%88%EB%8B%A4%EA%B3%A0,https://wimg.sedaily.com/news/cms/2026/10/02/news-p.v1.20261002.2e3a15c3261341729401a54567a96281_P1.png,1200,675,ok
https://ailens.sedaily.ai/international/2026/10/03/2026-10-03-%EC%82%B0%EC%97%85-%EA%B0%80%EC%86%94%EB%A6%B0%EC%B0%A8-%EC%A0%90%EC%9C%A0%EC%9C%A8-49-100%EB%85%84-%EB%A7%8C%EC%97%90-%EC%B2%98%EC%9D%8C-%EC%A0%88%EB%B0%98-%EC%95%84%EB%9E%98%EB%A1%9C-%EB%82%B4%EB%A0%A4%EA%B0%94%EB%8B%A4%EB%8B%88%EC%9A%94,https://wimg.sedaily.com/news/cms/2026/10/02/rcv.YNA.20260918.PGT20260918000201009_P1.jpg,1200,800,ok
https://ailens.sedaily.ai/property/2026/10/03/2026-10-03-%EB%B6%80%EB%8F%99%EC%82%B0-%EB%B6%84%EB%8B%B9-%ED%95%9C%EC%86%94123-%EC%9E%AC%EA%B1%B4%EC%B6%95-90-%EB%8C%80-%EB%8F%99%EC%9D%98%EC%9C%A8-%EB%B0%9B%EA%B3%A0%EB%8F%84-%EC%95%84%EC%A7%81-%EC%A7%80%EC%A0%95%EC%9D%B4-%EC%95%84%EB%8B%88%EB%9D%BC%EA%B3%A0,https://wimg.sedaily.com/news/cms/2026/10/03/news-p.v1.20261002.3226fec4866a459dac1352c176226b79_P1.jpg,1200,943,ok
https://ailens.sedaily.ai/property/2026/10/03/2026-10-03-%EB%B6%80%EB%8F%99%EC%82%B0-%EB%B9%84%EC%95%84%ED%8C%8C%ED%8A%B8-%EC%9D%B8%ED%97%88%EA%B0%80-77-%EA%B8%89%EA%B0%90-%EC%A0%84%EC%9B%94%EC%84%B8-%EA%B5%AC%ED%95%A0-%EC%A7%91%EC%9D%B4-%EC%A4%84%EC%96%B4%EB%93%A0-%EC%9D%B4%EC%9C%A0,https://wimg.sedaily.com/news/cms/2026/10/03/news-g.v1.20261002.cf7cb9b4c46a48eb98020b9dc86e0183_P1.jpg,1200,551,ok
https://ailens.sedaily.ai/property/2026/10/03/2026-10-03-%EC%82%AC%ED%9A%8C-%EC%B2%AD%EB%85%84-%EC%9B%94%EC%84%B8-%EC%84%A0%ED%83%9D-%EC%A7%91-%EC%82%B4-%EB%8F%88%EC%9D%84-%EC%A3%BC%EC%8B%9D%EC%97%90-%EB%84%A3%EB%8A%94-%EC%82%AC%EB%9E%8C%EB%93%A4%EC%9D%B4-%EC%83%9D%EA%B2%BC%EB%8B%A4%EA%B3%A0,https://wimg.sedaily.com/news/cms/2026/10/03/news-p.v1.20261003.f3e7ea79a361441bac0b67711f49c74c_P1.jpg,1200,800,ok
https://ailens.sedaily.ai/international/2026/10/03/2026-10-03-%EA%B5%AD%EC%A0%9C-%EC%A4%91%EA%B5%AD-%EC%84%9D%EC%9C%A0%EC%A0%9C%ED%92%88-%EC%88%98%EC%B6%9C-%EC%A4%91%EB%8B%A8-%EA%B8%B0%EB%A6%84%EA%B0%92%EA%B3%BC-%EA%B8%88%EB%A6%AC%EA%B0%80-%EA%B0%99%EC%9D%80-%EB%82%A0-%EC%9B%80%EC%A7%81%EC%98%80%EB%8B%A4%EA%B3%A0,https://wimg.sedaily.com/news/cms/2026/10/02/news-g.v1.20261002.b1d172b836d14ec18cdd734f02b47e22_P1.jpg,640,648,ok
https://ailens.sedaily.ai/international/2026/10/03/2026-10-03-%EA%B5%AD%EC%A0%9C-G7-%EB%B9%84%EC%B6%95%EC%9C%A0-1%EC%96%B5-%EB%B0%B0%EB%9F%B4-%EB%B0%A9%EC%B6%9C-%ED%8A%B8%EB%9F%BC%ED%94%84%EA%B0%80-%EC%B5%9C%ED%9B%84%ED%86%B5%EC%B2%A9-%EB%B3%B4%EB%82%B8-%EB%81%9D%EC%97%90,https://wimg.sedaily.com/news/cms/2026/10/03/rcv.YNA.20261003.PRU20261002448001009_P1.jpg,1200,675,ok
https://ailens.sedaily.ai/international/2026/10/03/2026-10-03-%EA%B5%AD%EC%A0%9C-%EB%AF%B8%EA%B5%AD-9%EC%9B%94-%EA%B3%A0%EC%9A%A9-2%EB%A7%8C-9000%EB%AA%85-%EC%9D%B4-%EC%88%AB%EC%9E%90-%ED%95%98%EB%82%98%EC%97%90-%EB%82%98%EC%8A%A4%EB%8B%A5%EC%9D%B4-%EC%82%AC%EC%83%81-%EC%B5%9C%EA%B3%A0%EB%A5%BC-%EC%B0%8D%EB%8B%A4,https://wimg.sedaily.com/news/cms/2026/10/03/rcv.YNA.20261002.PRU20261002137901009_P1.jpg,1200,800,ok
https://ailens.sedaily.ai/international/2026/10/03/2026-10-03-%EA%B5%AD%EC%A0%9C-%EC%95%8C%EB%9E%98%EC%8A%A4%EC%B9%B4-LNG-500%EC%96%B5-%EB%8B%AC%EB%9F%AC-%ED%88%AC%EC%9E%90-%EC%95%88-%ED%95%98%EB%A9%B4-%EB%91%90-%EB%B0%B0%EB%A1%9C-%EC%98%AC%EB%A6%AC%EA%B2%A0%EB%8B%A4%EA%B3%A0,https://wimg.sedaily.com/news/cms/2026/10/03/rcv.YNA.20261003.PUP20261003003701009_P1.jpg,1200,800,ok
https://ailens.sedaily.ai/news/2026/10/03/2026-10-03-%EA%B2%BD%EC%A0%9C-9%EC%9B%94-%EC%86%8C%EB%B9%84%EC%9E%90%EB%AC%BC%EA%B0%80-2-9-%EC%88%AB%EC%9E%90%EB%8A%94-%EB%82%B4%EB%A0%A4%EA%B0%94%EB%8A%94%EB%8D%B0-%EC%B2%B4%EA%B0%90%EC%9D%80-%EA%B7%B8%EB%8C%80%EB%A1%9C%EB%9D%BC%EA%B3%A0,https://wimg.sedaily.com/news/cms/2026/10/03/rcv.NEWS1.NEWS1.20261002.2026-10-02T141355_1008139653_INDUSTRY_I_P1.jpg,1200,845,ok
https://ailens.sedaily.ai/markets/2026/10/03/2026-10-03-%EC%A6%9D%EA%B6%8C-%EA%B3%A0%EB%A0%A4%EC%95%84%EC%97%B0-%EC%9C%A0%EC%83%81%EC%A6%9D%EC%9E%90-%EC%88%98%EC%82%AC-%EC%82%AC%EA%B1%B4%EC%9D%B4-%EB%8B%A4%EB%A5%B8-%EA%B8%B0%EA%B4%80%EC%9C%BC%EB%A1%9C-%EB%84%98%EC%96%B4%EA%B0%88-%EC%88%98-%EC%9E%88%EB%8B%A4%EA%B3%A0,https://wimg.sedaily.com/news/cms/2026/10/03/news-p.v1.20260928.5d18f785aa0f49bbb844286142823b16_P1.jpg,860,307,ok
https://ailens.sedaily.ai/markets/2026/10/03/2026-10-03-%EC%82%B0%EC%97%85-%EC%A4%91%EA%B5%AD-%EC%84%9D%EC%9C%A0%EC%A0%9C%ED%92%88-%EC%88%98%EC%B6%9C-%EC%A4%91%EB%8B%A8-%EC%A0%95%EC%9C%A0%EC%A3%BC%EA%B0%80-%ED%95%98%EB%A3%A8%EC%97%90-11-%EB%9B%B0%EC%97%88%EB%8B%A4%EA%B3%A0,https://wimg.sedaily.com/news/cms/2026/10/02/news-p.v1.20261002.90387fa9e35444b08cdbc17fb8e2d159_P1.png,1200,796,ok
https://ailens.sedaily.ai/markets/2026/10/03/2026-10-03-%EA%B8%88%EC%9C%B5-3%EB%B6%84%EA%B8%B0-M-A-%EA%B1%B0%EB%9E%98%EC%95%A1-15%EC%A1%B0-9%EA%B0%9C%EC%9B%94-%EB%A7%8C%EC%97%90-%EC%9E%91%EB%85%84-%ED%95%9C-%ED%95%B4%EB%A5%BC-%EB%84%98%EC%96%B4%EC%84%B0%EB%8B%A4%EA%B3%A0,https://wimg.sedaily.com/news/cms/2026/10/02/news-p.v1.20260930.37bafaf9c9f54be1a61ecc48c254e489_P1.jpg,670,401,ok
https://ailens.sedaily.ai/finance/2026/10/03/2026-10-03-%EA%B8%88%EC%9C%B5-5-%EB%84%98%EB%8A%94-%EC%A3%BC%EB%8B%B4%EB%8C%80-1%EB%85%84%EB%8F%84-%EC%95%88-%EB%8F%BC-%EB%B9%84%EC%A4%91%EC%9D%B4-22%EB%B0%B0%EB%A1%9C-%EB%8A%98%EC%97%88%EB%8B%A4%EA%B3%A0,https://wimg.sedaily.com/news/cms/2026/10/02/news-p.v1.20260921.e9798c558c434bdfb20a3bbabbb58d7f_P1.jpg,640,427,ok
https://ailens.sedaily.ai/markets/2026/10/03/2026-10-03-%EA%B8%88%EC%9C%B5-%EC%8B%9C%EA%B0%80%EC%B4%9D%EC%95%A1-%EB%AF%B8%EB%8B%AC-%EC%83%81%EC%9E%A5%ED%8F%90%EC%A7%80-%EB%B2%95%EC%9B%90%EC%9D%B4-%EA%B7%9C%EC%A0%95-%EC%9E%90%EC%B2%B4%EB%A5%BC-%EB%A9%88%EC%B6%B0-%EC%84%B8%EC%9B%A0%EC%8A%B5%EB%8B%88%EB%8B%A4,https://wimg.sedaily.com/news/cms/2026/10/02/news-p.v1.20261002.eb02689f4f764b11a3fbe38032602104_P1.jpg,640,425,ok
https://ailens.sedaily.ai/finance/2026/10/03/2026-10-03-%EA%B8%88%EC%9C%B5-%EC%9D%80%ED%96%89-%ED%95%B4%ED%82%B9-%EC%A0%95%EB%B3%B4-%EC%9C%A0%EC%B6%9C-%EC%9D%BC%EC%A3%BC%EC%9D%BC-%EC%82%AC%EC%9D%B4-%EC%97%AC%EC%84%AF-%EA%B3%B3%EC%9D%B4-%EA%B3%B5%EA%B2%A9%EB%B0%9B%EC%95%98%EB%8B%A4%EA%B3%A0,https://wimg.sedaily.com/news/cms/2026/10/02/news-p.v1.20261002.059193252228452a8969019c9cea585e_P1.png,500,333,ok
https://ailens.sedaily.ai/news/2026/10/03/2026-10-03-%EA%B8%88%EC%9C%B5-%EC%8A%A4%EC%BD%94%ED%94%843-%EA%B3%B5%EC%8B%9C-%EB%A9%B4%EC%A0%9C-%EC%A0%80%ED%83%84%EC%86%8C-%EC%97%85%EC%A2%85-%EC%A0%84%EC%B2%B4%EB%A1%9C-%EB%84%93%ED%9E%88%EA%B2%A0%EB%8B%A4%EA%B3%A0,https://sedaily-mbti-cms-media-dev.s3.us-east-1.amazonaws.com/media/frontpage-auto/20097719-webtoon-cut001.webp,1824,1956,ok
https://ailens.sedaily.ai/markets/2026/10/02/2026-10-02-%EC%82%B0%EC%97%85-%EB%8D%94%ED%9C%B4%EC%8B%9D-%ED%94%84%EB%A6%ACIPO-650%EC%96%B5-%EB%8F%99%EB%84%A4-%EB%AA%A8%ED%85%94-%EA%B3%A0%EC%B3%90-2028%EB%85%84-%EC%83%81%EC%9E%A5%EA%B9%8C%EC%A7%80-%EA%B0%84%EB%8B%A4,https://wimg.sedaily.com/news/cms/2026/10/02/news-p.v1.20261002.c02ac6a1274148468920a3076a250b62_P1.jpg,500,482,ok
https://ailens.sedaily.ai/markets/2026/10/02/2026-10-02-%EC%82%B0%EC%97%85-%EC%82%BC%EC%84%B1%EC%A0%84%EC%9E%90-%EC%9E%90%EC%82%AC%EC%A3%BC-%EB%A7%A4%EC%9E%85-%EC%A1%B0%EA%B8%B0-%EC%99%84%EB%A3%8C-%EC%A7%80%EC%88%98%EB%A5%BC-%EB%B0%9B%EC%B9%98%EB%8D%98-%EC%86%90%EC%9D%B4-%EB%A8%BC%EC%A0%80-%EB%A9%88%EC%B6%98%EB%8B%A4,https://wimg.sedaily.com/news/cms/2026/10/02/news-p.v1.20261002.6932147b7b464c569b7f8ff43ca218c2_P1.jpg,860,598,ok
https://ailens.sedaily.ai/markets/2026/10/02/2026-10-02-%EA%B8%88%EC%9C%B5-%EC%BD%94%EC%8A%A4%ED%94%BC-7000%EC%84%A0-%ED%83%88%ED%99%98-%EC%97%B0%ED%9C%B4-%EC%95%9E%EB%91%90%EA%B3%A0-%EC%99%9C-%EB%B2%88%EB%B2%88%EC%9D%B4-%EB%B0%80%EB%A0%A4%EB%82%98%EB%82%98%EC%9A%94,https://wimg.sedaily.com/news/cms/2026/10/02/rcv.YNA.20261002.PYH2026100202730001300_P1.jpg,1200,742,ok
https://ailens.sedaily.ai/markets/2026/10/02/2026-10-02-%EA%B8%88%EC%9C%B5-%EC%82%AC%EB%AA%A8%EC%9A%B4%EC%9A%A9%EC%82%AC-430%EA%B3%B3-%ED%95%9C-%EA%B3%B3%EC%97%90-%EC%A7%81%EC%9B%90%EC%9D%B4-%ED%8F%89%EA%B7%A0-14%EB%AA%85%EB%BF%90%EC%9D%B4%EB%9D%BC%EA%B3%A0,https://wimg.sedaily.com/news/cms/2026/10/02/news-p.v1.20261002.048f67bdd96845caaeaa6ca0d60ba6aa_P1.png,600,400,ok
https://ailens.sedaily.ai/industry/2026/10/02/2026-10-02-%EC%82%B0%EC%97%85-%EA%B0%80%EC%A0%84-%EA%B0%80%EA%B5%AC-%EC%BC%80%EC%96%B4-%EC%84%9C%EB%B9%84%EC%8A%A4-%ED%99%95%EB%8C%80-%EC%93%B0%EB%8D%98-%EB%83%89%EC%9E%A5%EA%B3%A0-%EC%88%98%EB%A6%AC%EB%B9%84%EB%8F%84-%EB%B0%9B%EC%9D%84-%EC%88%98-%EC%9E%88%EB%8B%A4%EA%B3%A0,https://wimg.sedaily.com/news/cms/2026/10/01/news-p.v1.20261001.c66be05df48a49628c587bfe8c4e8934_P1.jpg,1200,762,ok
https://ailens.sedaily.ai/industry/2026/10/02/2026-10-02-%EC%82%B0%EC%97%85-%EA%B5%AD%EA%B2%BD%EC%A0%88-%EC%9C%A0%EC%BB%A4-%ED%8A%B9%EC%88%98-%ED%95%9C%EA%B5%AD%EC%9D%B4-%EC%A4%91%EA%B5%AD%EC%9D%B8-%EC%97%AC%ED%96%89%EC%A7%80-1%EC%9C%84%EB%A1%9C-%EA%BC%BD%ED%98%94%EB%8B%A4%EA%B3%A0,https://wimg.sedaily.com/news/cms/2026/10/01/rcv.YNA.20260920.PYH2026092008720001300_P1.jpg,1200,800,ok
https://ailens.sedaily.ai/news/2026/10/02/2026-10-02-%EC%82%AC%ED%9A%8C-%EC%A4%91%EB%8C%80%EB%B2%94%EC%A3%84%EC%88%98%EC%82%AC%EC%B2%AD-%EA%B0%9C%EC%B2%AD-%EC%B2%AD%EC%9E%A5-%EC%9E%90%EB%A6%AC%EA%B0%80-%EB%B9%88-%EC%B1%84%EB%A1%9C-%EB%AC%B8%EC%9D%84-%EC%97%B4%EC%97%88%EB%8B%A4%EA%B3%A0,https://wimg.sedaily.com/news/cms/2026/10/01/news-p.v1.20261001.e3209d796cf94ac98b398c7ac5707283_P1.jpg,1200,695,ok
https://ailens.sedaily.ai/news/2026/10/02/2026-10-02-%EC%A0%95%EC%B9%98-%EA%B9%80%EC%97%AC%EC%A0%95-%EB%8B%B4%ED%99%94-%EC%86%8D%EB%8F%84-2015%EB%85%84%EC%97%94-%EB%82%98%ED%9D%98%EC%9D%B4%EC%97%88%EB%8A%94%EB%8D%B0-%EC%9D%B4%EB%B2%88%EC%97%94-%ED%95%98%EB%A3%A8%EC%98%80%EB%8B%A4%EA%B3%A0,https://wimg.sedaily.com/news/cms/2026/10/01/rcv.YNA.20261001.PYH2026100119710006500_P1.jpg,1200,632,ok
https://ailens.sedaily.ai/news/2026/10/02/2026-10-02-%EC%A0%95%EC%B9%98-%EA%B5%AD%EA%B5%B0%EC%9D%98-%EB%82%A0-%EA%B8%B0%EB%85%90%EC%82%AC-%EC%A7%80%EB%A2%B0%EB%9D%BC%EB%8A%94-%EB%8B%A8%EC%96%B4%EA%B0%80-%ED%95%9C-%EB%B2%88%EB%8F%84-%EC%95%88-%EB%82%98%EC%99%94%EB%8B%A4%EA%B3%A0,https://wimg.sedaily.com/news/cms/2026/10/01/news-p.v1.20261001.77a0fd54832942debd85b0ba0dccbb58_P1.jpg,1200,844,ok
https://ailens.sedaily.ai/news/2026/10/02/2026-10-02-%EC%82%B0%EC%97%85-%EA%B0%95%EC%9B%90%EB%9E%9C%EB%93%9C-%EC%8A%AC%EB%A1%AF%EB%A8%B8%EC%8B%A0-%EC%82%AC%EC%97%85-6%EB%85%84%EC%A7%B8-%EC%A0%81%EC%9E%90%EC%9D%B8%EB%8D%B0-%EB%88%84%EC%A0%81-148%EC%96%B5%EC%9D%B4%EB%9D%BC%EA%B3%A0,https://wimg.sedaily.com/news/cms/2026/10/01/news-p.v1.20260304.ab9c390000f54e3da13eba5c322c408b_P1.jpg,1200,765,ok
https://ailens.sedaily.ai/finance/2026/10/02/2026-10-02-%EA%B2%BD%EC%A0%9C-%EC%9D%B8%EC%A0%81%EC%9A%A9%EC%97%AD-%EC%9B%90%EC%B2%9C%EC%A7%95%EC%88%98%EC%84%B8%EC%9C%A8-%EC%9D%B8%ED%95%98-%EC%9B%94-4%EB%A7%8C-1-000%EC%9B%90%EC%9D%B4-%EB%AF%B8%EB%A6%AC-%EC%95%88-%EB%B9%A0%EC%A0%B8%EB%82%98%EA%B0%84%EB%8B%A4%EA%B3%A0,https://wimg.sedaily.com/news/cms/2026/10/02/news-p.v1.20261002.3cdd1cd0ae1d496d9f4504595c76faae_P1.jpg,1200,650,ok
https://ailens.sedaily.ai/property/2026/10/02/2026-10-02-%EB%B6%80%EB%8F%99%EC%82%B0-LH-%EB%A7%A4%EC%9E%85%EC%9E%84%EB%8C%80-%EA%B3%B5%EC%8B%A4-8%EB%85%84-1%EA%B0%9C%EC%9B%94-%EB%8F%99%EC%95%88-%EB%B9%84%EC%96%B4-%EC%9E%88%EB%8D%98-%EC%A7%91%EB%8F%84-%EC%9E%88%EB%8B%A4%EA%B3%A0,https://wimg.sedaily.com/news/cms/2026/10/01/news-p.v1.20260427.0915c83200c8468a87d27363cdc16841_P1.png,860,573,ok
https://ailens.sedaily.ai/property/2026/10/02/2026-10-02-%EB%B6%80%EB%8F%99%EC%82%B0-%EC%84%9C%EC%9A%B8-%EC%A7%91%EA%B0%92-%EC%97%B0%ED%8F%89%EA%B7%A0-9-6-%EC%97%AD%EB%8C%80-%EC%A0%95%EB%B6%80-%EC%A4%91-%EA%B0%80%EC%9E%A5-%EB%86%92%EB%8B%A4%EA%B3%A0,https://wimg.sedaily.com/news/cms/2026/10/01/news-p.v1.20260914.913924ec2f0f40d3a08b73092f4515a2_P1.png,1200,748,ok
https://ailens.sedaily.ai/international/2026/10/02/2026-10-02-%EA%B5%AD%EC%A0%9C-%EB%8C%80%EB%AF%B8%ED%88%AC%EC%9E%90-1%ED%98%B8-%EC%82%AC%EC%97%85-233%EC%96%B5-%EB%8B%AC%EB%9F%AC%EA%B0%80-%EB%B0%9C%EC%A0%84%EC%86%8C%EB%A1%9C-%EA%B0%84%EB%8B%A4%EA%B3%A0,https://wimg.sedaily.com/news/cms/2026/10/01/rcv.YNA.20261001.PEP20261001077701009_P1.jpg,1200,800,ok
https://ailens.sedaily.ai/international/2026/10/02/2026-10-02-%EA%B5%AD%EC%A0%9C-%EB%AF%B8%EA%B5%AD-10%EB%85%84%EB%AC%BC-%EA%B5%AD%EC%B1%84-%EA%B8%88%EB%A6%AC-5-345-%EC%A3%BC%ED%83%9D%EB%8C%80%EC%B6%9C-%EA%B8%88%EB%A6%AC%EA%B9%8C%EC%A7%80-%EB%81%8C%EC%96%B4%EC%98%AC%EB%A0%B8%EB%8B%A4%EA%B3%A0,https://wimg.sedaily.com/news/cms/2026/10/02/rcv.YNA.20260925.PRU20260925217901009_P1.jpg,1200,800,ok
https://ailens.sedaily.ai/international/2026/10/02/2026-10-02-%EA%B5%AD%EC%A0%9C-%EB%AF%B8%EA%B5%AD-%EA%B5%AD%EC%B1%84-10%EB%85%84%EB%AC%BC-5-306-%ED%95%98%EB%A3%A8-%EC%82%AC%EC%9D%B4-%EC%8B%9C%EC%9E%A5-%EC%A0%84%EB%A7%9D%EC%9D%B4-%EB%91%90-%EB%B2%88-%EB%92%A4%EC%A7%91%ED%98%94%EB%8B%A4%EA%B3%A0,https://wimg.sedaily.com/news/cms/2026/10/01/news-p.v1.20260722.c8363b5c3a6c4ff58e698184f6bcaaa9_P1.jpg,860,577,ok
https://ailens.sedaily.ai/international/2026/10/02/2026-10-02-%EA%B5%AD%EC%A0%9C-%EB%AF%B8%EA%B5%AD-%EC%A3%BC%EB%8B%B4%EB%8C%80-%EA%B8%88%EB%A6%AC-7-28-%ED%95%9C-%EC%A3%BC%EC%97%90-0-25-%ED%8F%AC%EC%9D%B8%ED%8A%B8-%EB%9B%B0%EC%97%88%EB%8B%A4%EA%B3%A0,https://wimg.sedaily.com/news/cms/2026/10/02/news-p.v1.20261002.42db18ecbc0342b5b49dcdf0c2a7f287_P1.png,658,451,ok
https://ailens.sedaily.ai/property/2026/10/02/2026-10-02-%EB%B6%80%EB%8F%99%EC%82%B0-%EC%84%9C%EC%9A%B8-%EC%A7%80%EB%B0%A9-%EC%A7%91%EA%B0%92-%EA%B2%A9%EC%B0%A8-20%EB%85%84-%EB%A7%8C%EC%97%90-3-5%EB%B0%B0%EC%97%90%EC%84%9C-5%EB%B0%B0%EB%A1%9C-%EB%B2%8C%EC%96%B4%EC%A1%8C%EB%8B%A4%EA%B3%A0,https://wimg.sedaily.com/news/cms/2026/10/01/news-p.v1.20260809.81bc698b93ce41a99f4c62d842ae61c7_P1.jpg,1200,800,ok
https://ailens.sedaily.ai/property/2026/10/02/2026-10-02-%EB%B6%80%EB%8F%99%EC%82%B0-15%EC%96%B5-%EC%9D%B4%ED%95%98-%EC%A3%BC%EB%8B%B4%EB%8C%80-%ED%95%9C%EB%8F%84-%EC%B6%95%EC%86%8C%EB%A1%A0-LH-%EC%82%AC%EC%9E%A5%EC%9D%B4-%EB%A8%BC%EC%A0%80-%EA%BA%BC%EB%83%88%EB%8B%A4%EA%B3%A0,https://wimg.sedaily.com/news/cms/2026/10/01/rcv.NEWS1.NEWS1.20260930.2026-09-30T164902_1008135256_POLITICS_I_P1.jpg,1200,876,ok
https://ailens.sedaily.ai/news/2026/10/02/2026-10-02-%EC%82%B0%EC%97%85-%EA%B8%B0%EC%97%85%ED%88%AC%EC%9E%90-%EA%B7%9C%EC%A0%9C-%EC%99%84%ED%99%94-40%EA%B0%9C%EC%9B%94-%EA%B1%B8%EB%A6%B4-%EC%A0%88%EC%B0%A8%EB%A5%BC-12%EA%B0%9C%EC%9B%94%EB%A1%9C-%EC%A4%84%EC%9D%B8%EB%8B%A4%EA%B3%A0,https://wimg.sedaily.com/news/cms/2026/10/01/news-p.v1.20261001.99be923149f44ac0aad5836989f28df0_P1.jpg,1200,892,ok
https://ailens.sedaily.ai/finance/2026/10/02/2026-10-02-%EA%B8%88%EC%9C%B5-%EC%8B%A0%ED%95%9C%EC%9D%80%ED%96%89-%EA%B0%9C%EC%9D%B8%EC%A0%95%EB%B3%B4-%EC%9C%A0%EC%B6%9C-%EB%8C%80%EC%B6%9C-%EC%8B%A0%EC%B2%AD%EB%A7%8C-%ED%95%98%EA%B3%A0-%EC%95%88-%EB%B0%9B%EC%95%98%EC%96%B4%EB%8F%84-%ED%8F%AC%ED%95%A8%EB%90%90%EB%8B%A4%EA%B3%A0,https://wimg.sedaily.com/news/cms/2026/10/01/news-p.v1.20261001.95e03326e700400db5ad93bac358a015_P1.png,640,414,ok
https://ailens.sedaily.ai/international/2026/10/02/2026-10-02-%EC%82%B0%EC%97%85-%EB%A7%88%EC%9D%B4%ED%81%AC%EB%A1%A0-%EB%8D%B0%EC%9D%B4%ED%84%B0%EC%84%BC%ED%84%B0-%EB%A7%A4%EC%B6%9C-1%EB%85%84-%EB%A7%8C%EC%97%90-11%EB%B0%B0%EB%A1%9C-%EB%9B%B0%EB%8B%A4,https://wimg.sedaily.com/news/cms/2026/10/01/rcv.YNA.20260917.PAF20260917239501009_P1.jpg,1200,800,ok
https://ailens.sedaily.ai/property/2026/10/02/2026-10-02-%EB%B6%80%EB%8F%99%EC%82%B0-%EC%84%9C%EC%9A%B8-%EC%95%84%ED%8C%8C%ED%8A%B8%EA%B0%92-86%EC%A3%BC-%EC%97%B0%EC%86%8D-%EC%83%81%EC%8A%B9-%EA%B8%B0%EB%A1%9D-%EC%84%B8%EC%9A%B4-%EC%A3%BC%EC%97%90-%EA%B0%95%EB%82%A8%EC%9D%80-%EB%96%A8%EC%96%B4%EC%A7%80%EB%8B%A4,https://wimg.sedaily.com/news/cms/2026/10/01/rcv.YNA.20261001.PYH2026100119580001300_P1.jpg,1200,789,ok
https://ailens.sedaily.ai/markets/2026/10/02/2026-10-02-%EA%B8%88%EC%9C%B5-10%EC%9B%94-%EA%B5%AD%EA%B3%A0%EC%B1%84-%EB%B0%9C%ED%96%89-%EC%B6%95%EC%86%8C-%EC%84%B8%EA%B8%88%EC%9D%B4-%EB%8D%94-%EA%B1%B7%ED%98%80%EC%84%9C-%EB%82%98%EB%9D%BC%EA%B0%80-%EB%B9%9A%EC%9D%84-%EB%8D%9C-%EB%82%B8%EB%8B%A4%EA%B3%A0,https://wimg.sedaily.com/news/cms/2026/10/02/rcv.YNA.20260930.PYH2026093001870001300_P1.jpg,1200,920,ok
https://ailens.sedaily.ai/markets/2026/10/02/2026-10-02-%EA%B8%88%EC%9C%B5-%EA%B2%BD%EC%B0%B0%EA%B3%B5%EC%A0%9C%ED%9A%8C-PEF-%EC%B6%94%EA%B0%80-%EC%B6%9C%EC%9E%90-%EC%97%B0%EB%A7%90%EC%97%90-1%EC%A1%B0-%EB%84%98%EB%8A%94-%EB%8F%88%EC%9D%B4-%ED%95%9C%EA%BA%BC%EB%B2%88%EC%97%90-%ED%92%80%EB%A6%B0%EB%8B%A4%EA%B3%A0,https://wimg.sedaily.com/news/cms/2026/10/01/news-p.v1.20251230.1b4a180afbe5476da704c5ff4446789b_P1.jpg,640,480,ok
https://ailens.sedaily.ai/industry/2026/10/02/2026-10-02-%EC%82%B0%EC%97%85-%EC%99%84%EC%84%B1%EC%B0%A8-5%EA%B0%9C%EC%82%AC-9%EC%9B%94-%EB%82%B4%EC%88%98-%ED%8C%90%EB%A7%A4-1%EB%85%84-%EB%A7%8C%EC%97%90-2%EB%A7%8C-5%EC%B2%9C-%EB%8C%80%EA%B0%80-%EC%82%AC%EB%9D%BC%EC%A1%8C%EB%8B%A4%EA%B3%A0,https://wimg.sedaily.com/news/cms/2026/10/01/news-p.v1.20261001.309d1094725245a3862d41b6603dff82_P1.jpg,600,366,ok
https://ailens.sedaily.ai/industry/2026/10/02/2026-10-02-%EC%82%B0%EC%97%85-%EC%9B%94%EA%B0%84-%EC%88%98%EC%B6%9C-1200%EC%96%B5-%EB%8B%AC%EB%9F%AC-%EC%9D%BC%EB%B3%B8%EB%8F%84-%EB%AA%BB-%EB%B0%9F%EC%9D%80-%EA%B3%A0%EC%A7%80%EB%A5%BC-%EB%84%98%EB%8A%94%EB%8B%A4,https://wimg.sedaily.com/news/cms/2026/10/01/news-p.v1.20261001.270df26e1496481abdd46bef87be4562_P1.jpeg,1200,855,ok
https://ailens.sedaily.ai/industry/2026/10/02/2026-10-02-%EC%82%AC%ED%9A%8C-%EB%85%B8%EB%9E%80%EB%B4%89%ED%88%AC%EB%B2%95-%ED%86%B5%ED%95%A9%EA%B5%90%EC%84%AD-100-%EC%9E%90%ED%9A%8C%EC%82%AC%EB%8F%84-%EC%82%AC%EC%9A%A9%EC%9E%90%EA%B0%80-%EC%95%84%EB%8B%88%EB%9D%BC%EA%B3%A0,https://wimg.sedaily.com/news/cms/2026/10/01/news-p.v1.20261001.17f58fd473fb43d1a08bc1ff4c1fae9b_P1.jpg,500,244,ok
https://ailens.sedaily.ai/industry/2026/10/02/2026-10-02-%EC%82%B0%EC%97%85-%EB%B0%98%EB%A0%A4%EB%8F%99%EB%AC%BC-%EB%A7%9E%EC%B6%A4-%EC%B6%94%EC%B2%9C-%EC%84%9C%EB%B9%84%EC%8A%A4-10%EA%B0%80%EA%B5%AC-%EC%A4%91-3%EA%B0%80%EA%B5%AC%EA%B0%80-%EC%93%B0%EB%8A%94-%EC%8B%9C%EC%9E%A5%EC%9D%B4-%EB%90%90%EB%84%A4%EC%9A%94,https://wimg.sedaily.com/news/cms/2026/10/01/news-p.v1.20261001.bcd18d3adbc944939308e979d6571ee2_P1.png,1200,900,ok
https://ailens.sedaily.ai/markets/2026/10/02/2026-10-02-%EC%82%B0%EC%97%85-%EB%8C%80%EB%AF%B8-%ED%88%AC%EC%9E%90-2000%EC%96%B5-%EB%8B%AC%EB%9F%AC-%EC%9B%90%EC%A0%84%EC%A3%BC-%EC%83%81%ED%95%9C%EA%B0%80%EA%B9%8C%EC%A7%80-%EB%B0%80%EC%96%B4%EC%98%AC%EB%A6%B0-%EB%91%90-%EA%B8%80%EC%9E%90,https://wimg.sedaily.com/news/cms/2026/10/01/rcv.YNA.20261001.PYH2026100119440001300_P1.jpg,1200,800,ok
https://ailens.sedaily.ai/markets/2026/10/02/2026-10-02-%EA%B8%88%EC%9C%B5-%EC%97%A0%EC%8A%A4%ED%83%81%EC%97%90%EC%84%9C-%EB%A7%B5%EC%8A%A4%EB%A1%9C-%EC%93%B0%EB%8D%98-%EC%A3%BC%EC%8B%9D-%EC%95%B1-%EC%9D%B4%EB%A6%84%EC%9D%B4-%EB%B0%94%EB%80%8C%EC%97%88%EB%8B%A4%EA%B3%A0,https://wimg.sedaily.com/news/cms/2026/10/01/news-p.v1.20261001.72a25f61b62e4e82a3002df0d1fdd55b_P1.png,1200,800,ok
https://ailens.sedaily.ai/markets/2026/10/02/2026-10-02-%EC%82%B0%EC%97%85-%ED%94%84%EB%A1%9C%ED%85%8C%EC%98%A4%EB%AF%B9%EC%8A%A4-%EC%8B%A0%EC%95%BD-%EA%B0%9C%EB%B0%9C-%EC%95%BD%EC%9D%B4-%EC%99%9C-%EB%93%A3%EB%8A%94%EC%A7%80%EB%A5%BC-%EB%8B%A8%EB%B0%B1%EC%A7%88%EB%A1%9C-%EC%A6%9D%EB%AA%85%ED%95%9C%EB%8B%A4,https://wimg.sedaily.com/news/cms/2026/10/01/news-p.v1.20260921.bebc2e435d4140828afb8b458adbca2e_P1.jpg,1200,800,ok
https://ailens.sedaily.ai/international/2026/10/02/2026-10-02-%EA%B5%AD%EC%A0%9C-2-000%EC%96%B5-%EB%8B%AC%EB%9F%AC-%EB%8C%80%EB%AF%B8-%ED%88%AC%EC%9E%90-%ED%99%95%EC%A0%95-%EC%A0%95%EB%B6%80%EB%8A%94-%EC%9D%B4%EC%A0%9C-%EC%8B%9C%EC%9E%91-%EC%9D%B4%EB%9D%BC%EA%B3%A0,https://wimg.sedaily.com/news/cms/2026/10/01/rcv.YNA.20261001.PAF20261001082101009_P1.jpg,1200,800,ok
https://ailens.sedaily.ai/news/2026/10/02/2026-10-02-%EC%A0%95%EC%B9%98-%EC%B2%AD%EC%99%80%EB%8C%80-2%EA%B8%B0-%EA%B2%BD%EC%A0%9C%ED%8C%80-%ED%95%9C-%EB%8B%AC-%EB%A7%8C%EC%97%90-%EB%B9%88%EC%9E%90%EB%A6%AC%EB%A5%BC-%EB%8B%A4-%EB%A9%94%EC%9B%A0%EC%8A%B5%EB%8B%88%EB%8B%A4,https://wimg.sedaily.com/news/cms/2026/10/01/rcv.NEWS1.NEWS1.20261001.2026-10-01T152221_1008137438_POLITICS_I_P1.jpg,1200,779,ok
https://ailens.sedaily.ai/property/2026/10/02/2026-10-02-%EB%B6%80%EB%8F%99%EC%82%B0-LH-%EC%82%AC%EC%9E%A5-%EC%A3%BC%EB%8B%B4%EB%8C%80-%ED%95%9C%EB%8F%84-%EC%B6%95%EC%86%8C-%EC%A3%BC%EC%9E%A5-6%EC%96%B5-%EC%9B%90%EC%9D%B4-%EB%84%88%EB%AC%B4-%EB%A7%8E%EB%8B%A4%EA%B3%A0,https://wimg.sedaily.com/news/cms/2026/10/01/rcv.NEWS1.NEWS1.20260930.2026-09-30T164902_1008135256_POLITICS_I_P1.jpg,1200,876,ok
https://ailens.sedaily.ai/property/2026/10/02/2026-10-02-%EC%82%B0%EC%97%85-%EC%98%81%EA%B4%91-%EB%82%99%EC%9B%94%ED%95%B4%EC%83%81%ED%92%8D%EB%A0%A5-%EB%8B%A8%EC%A7%80-%ED%95%98%EB%82%98%EA%B0%80-%EA%B8%B0%EC%A1%B4-%EA%B5%AD%EB%82%B4-%ED%95%B4%EC%83%81%ED%92%8D%EB%A0%A5-%EC%A0%84%EC%B2%B4%EB%A5%BC-%EB%94%B0%EB%9D%BC%EC%9E%A1%EB%8B%A4,https://wimg.sedaily.com/news/cms/2026/10/01/news-p.v1.20260930.3d0ac00bb5474c6886054816e34da953_P1.jpg,1200,712,ok
https://ailens.sedaily.ai/markets/2026/10/01/2026-10-01-%EC%82%B0%EC%97%85-%EC%82%BC%EB%9D%BD%EC%97%B4%EC%B2%98%EB%A6%AC-%EB%A7%A4%EA%B0%81-%EB%A7%A4%EB%AC%BC%EB%A1%9C-%EB%82%98%EC%99%94%EB%8B%A4%EB%8A%94%EB%8D%B0-%ED%9A%8C%EC%82%AC%EB%8A%94-%EC%95%84%EB%8B%88%EB%9D%BC%EA%B3%A0,https://wimg.sedaily.com/news/cms/2026/10/01/news-p.v1.20260930.f60b1a9943084a05b5d1971c31d424e4_P1.png,693,390,ok
https://ailens.sedaily.ai/news/2026/10/01/2026-10-01-%EC%82%AC%ED%9A%8C-%EB%B3%80%ED%98%91-%EC%9E%90%EC%9C%A8%EA%B7%9C%EC%A0%9C-%EC%A0%90%EA%B2%80-%EA%B7%9C%EC%B9%99-%EC%A7%80%ED%82%A8-%EC%8A%A4%ED%83%80%ED%8A%B8%EC%97%85%EB%A7%8C-%EC%86%90%ED%95%B4-%EB%B3%B8%EB%8B%A4%EA%B3%A0,https://wimg.sedaily.com/news/cms/2026/10/01/news-p.v1.20261001.3bb2cbeb0447441cb171a3b734cecfa6_P1.jpg,1200,859,ok
https://ailens.sedaily.ai/markets/2026/10/01/2026-10-01-%EA%B8%88%EC%9C%B5-%ED%8F%AC%EC%8A%A4%EC%BD%94-%EC%9A%B0%EB%A6%AC%EA%B8%88%EC%9C%B5-%EB%B8%94%EB%A1%9D%EB%94%9C-10%EB%85%84-%EB%93%A4%EA%B3%A0-%EC%9E%88%EB%8D%98-%EC%A7%80%EB%B6%84%EC%9D%84-%ED%95%98%EB%A3%A8-%EC%95%84%EC%B9%A8%EC%97%90-%EB%8B%A4-%ED%8C%94%EC%95%98%EB%8B%A4%EA%B3%A0,https://wimg.sedaily.com/news/cms/2026/10/01/news-p.v1.20260211.7263e8b6793b4bfe8c0f85481e085780_P1.jpg,720,749,ok
https://ailens.sedaily.ai/markets/2026/10/01/2026-10-01-%EA%B8%88%EC%9C%B5-%ED%95%9C%EA%B5%AD%ED%88%AC%EC%9E%90%EC%A6%9D%EA%B6%8C-%EC%B9%B4%EC%B9%B4%EC%98%A4-MOU-%EC%95%84%EC%A7%81-%EC%83%81%ED%92%88%EB%8F%84-%EB%82%A0%EC%A7%9C%EB%8F%84-%EC%97%86%EB%8A%94-%ED%98%91%EC%95%BD%EC%9D%B4%EA%B1%B0%EB%93%A0%EC%9A%94,https://wimg.sedaily.com/news/cms/2026/10/01/news-p.v1.20261001.3e1a034f3ccc423abf5e5d8e73de6470_P1.jpg,1200,574,ok
https://ailens.sedaily.ai/markets/2026/10/01/2026-10-01-%EA%B8%88%EC%9C%B5-%EA%B5%AD%EA%B3%A0%EC%B1%84-3%EB%85%84%EB%AC%BC-4-1-%EA%B0%9C%EC%9D%B8%EC%9D%B4-%ED%95%9C-%EB%8B%AC%EC%97%90-4%EC%A1%B0-%EC%9B%90%EC%9D%84-%EB%8B%B4%EC%95%98%EB%8B%A4%EA%B3%A0,https://wimg.sedaily.com/news/cms/2026/10/01/news-p.v1.20261001.03e2fe418b904b38a91b84e3c5b71fbf_P1.jpg,1200,800,ok
https://ailens.sedaily.ai/finance/2026/10/01/2026-10-01-%EA%B8%88%EC%9C%B5-%ED%95%98%EB%82%98%EA%B8%88%EC%9C%B5-%EC%B2%AD%EB%9D%BC-HQ-%EB%AA%85%EB%8F%99-%EB%96%A0%EB%82%98-%EC%9D%B8%EC%B2%9C%EC%9C%BC%EB%A1%9C-4-000%EB%AA%85%EC%9D%B4-%EB%AA%A8%EC%9D%B8%EB%8B%A4,https://wimg.sedaily.com/news/cms/2026/09/30/news-p.v1.20260930.0c3a427916844711a2fa41bb7d1a6cae_P1.jpg,1200,900,ok
https://ailens.sedaily.ai/news/2026/10/01/2026-10-01-%EC%82%B0%EC%97%85-AI-%EB%8D%B0%EC%9D%B4%ED%84%B0%EC%84%BC%ED%84%B0-%EA%B2%BD%EC%A0%9C%ED%9A%A8%EA%B3%BC-100MW-%ED%95%9C-%EA%B3%B3%EC%97%90-3%EC%A1%B05000%EC%96%B5%EC%9D%B4%EB%9D%BC%EA%B3%A0,https://wimg.sedaily.com/news/cms/2026/09/30/news-p.v1.20260209.18f3288133c24d359ad1b81d199623a4_P1.jpg,1200,800,ok
https://ailens.sedaily.ai/international/2026/10/01/2026-10-01-%EA%B5%AD%EC%A0%9C-%EB%AF%B8%EA%B5%AD-%EB%8D%B0%EC%9D%B4%ED%84%B0%EC%84%BC%ED%84%B0-%EB%B0%98%EB%8C%80-%EC%9A%B4%EB%8F%99-%EC%A3%BC%EB%AF%BC-75-%EA%B0%80-%EB%B0%98%EB%8C%80%ED%95%98%EC%9E%90-%EC%A7%81%EC%A0%91-%EC%B6%9C%EB%A7%88%ED%95%98%EB%8B%A4,https://wimg.sedaily.com/news/cms/2026/09/30/news-p.v1.20260927.9d1be358d5174262b34a0c012778d608_P1.jpg,1200,900,ok
https://ailens.sedaily.ai/news/2026/10/01/2026-10-01-%EC%A0%95%EC%B9%98-%EB%8C%80%ED%98%B8%EA%B9%80%EC%A2%85%EC%84%9C%ED%95%A8-%EC%A7%84%EC%88%98-%EC%9D%B4%EC%A7%80%EC%8A%A4%ED%95%A8-6%EC%B2%99-%EC%A4%91-%EB%A7%88%EC%A7%80%EB%A7%89-%EB%B0%B0%EA%B0%80-%EB%AC%BC%EC%97%90-%EB%96%B4%EC%8A%B5%EB%8B%88%EB%8B%A4,https://wimg.sedaily.com/news/cms/2026/09/30/news-p.v1.20260930.e51a498c3a89418e81c67571993056d0_P1.jpg,1200,628,ok
https://ailens.sedaily.ai/news/2026/10/01/2026-10-01-%EC%82%AC%ED%9A%8C-1%EC%8B%AC-%ED%98%95%EC%82%AC%EC%9E%AC%ED%8C%90-%EC%A7%80%EC%97%B0-2%EB%85%84-%EB%84%98%EA%B2%8C-%EC%9E%AC%ED%8C%90%EB%B0%9B%EB%8A%94-%ED%94%BC%EA%B3%A0%EC%9D%B8%EC%9D%B4-4-843%EB%AA%85%EC%9D%B4%EB%9D%BC%EA%B3%A0,https://wimg.sedaily.com/news/cms/2026/09/30/news-p.v1.20260929.857a3745b5484ff49ea2092d316fb82c_P1.jpg,640,449,ok
https://ailens.sedaily.ai/international/2026/10/01/2026-10-01-%EA%B5%AD%EC%A0%9C-%EC%98%81%EA%B5%AD-%ED%8A%B8%EB%A6%AC%ED%94%8C-%EB%9D%BD-%EC%97%B0%EA%B8%88-%EA%B0%9C%ED%98%81-%EA%B3%B5%EC%95%BD-%EB%92%A4%EC%A7%91%EA%B3%A0-2030%EB%85%84%EB%B6%80%ED%84%B0-%EC%86%8D%EB%8F%84-%EC%A1%B0%EC%A0%88%ED%95%9C%EB%8B%A4%EA%B3%A0,https://wimg.sedaily.com/news/cms/2026/09/30/rcv.YNA.20260930.PUP20260930000401009_P1.jpg,1200,849,ok
https://ailens.sedaily.ai/international/2026/10/01/2026-10-01-%EA%B5%AD%EC%A0%9C-%EC%95%8C%EB%9E%98%EC%8A%A4%EC%B9%B4-LNG-500%EC%96%B5-%EB%8B%AC%EB%9F%AC-%EB%AF%B8%EA%B5%AD%EC%9D%B4-%EB%A8%BC%EC%A0%80-%EB%B0%9C%ED%91%9C%ED%96%88%EB%8B%A4%EA%B3%A0,https://wimg.sedaily.com/news/cms/2026/10/01/news-p.v1.20261001.71d8eac3f019460fb239a0eac6e549da_P1.jpg,1200,800,ok
https://ailens.sedaily.ai/news/2026/10/01/2026-10-01-%EA%B5%AD%EC%A0%9C-%EB%8B%A4%EC%95%BC%EB%8B%88-2%EC%B0%A8-ISDS-%EC%A0%84%EB%B6%80-%EC%8A%B9%EC%86%8C-7-700%EC%96%B5-%EC%B2%AD%EA%B5%AC%EA%B0%80-%EA%B7%B8%EB%8C%80%EB%A1%9C-%EA%B8%B0%EA%B0%81%EB%90%90%EB%8B%A4%EA%B3%A0,https://wimg.sedaily.com/news/cms/2026/09/30/news-p.v1.20260930.8c03bc2708bd41dc9b023db5c8fef50c_P1.jpg,1200,800,ok
https://ailens.sedaily.ai/industry/2026/10/01/2026-10-01-%EC%82%B0%EC%97%85-%EB%8C%80%ED%95%9C%ED%95%AD%EA%B3%B5-%EC%98%81%EC%A2%85-MRO-%ED%81%B4%EB%9F%AC%EC%8A%A4%ED%84%B0-%EC%97%94%EC%A7%84-%EC%A0%95%EB%B9%84%EA%B0%80-88%EB%8C%80%EC%97%90%EC%84%9C-502%EB%8C%80%EB%A1%9C-%EB%8A%98%EC%96%B4%EB%82%9C%EB%8B%A4,https://wimg.sedaily.com/news/cms/2026/10/01/news-p.v1.20261001.a423a6657b5e49c19be7b3985d424266_P1.jpg,1200,849,ok
https://ailens.sedaily.ai/industry/2026/10/01/2026-10-01-%EC%82%B0%EC%97%85-%ED%85%8C%EC%8A%AC%EB%9D%BC-%EC%84%9C%EB%B9%84%EC%8A%A4%EC%84%BC%ED%84%B0-1%EA%B3%B3%EB%8B%B9-1-619%EB%8C%80-%EA%B3%A0%EC%B9%98%EB%A0%A4%EB%A9%B4-%EC%96%BC%EB%A7%88%EB%82%98-%EA%B8%B0%EB%8B%A4%EB%A0%A4%EC%95%BC-%ED%95%B4%EC%9A%94,https://wimg.sedaily.com/news/cms/2026/09/30/news-p.v1.20260930.7b47cbeab68a4d879d032186eb0ba0de_P1.jpg,1200,675,ok
https://ailens.sedaily.ai/news/2026/10/01/2026-10-01-%EC%82%B0%EC%97%85-%EB%8C%80%ED%95%9C%ED%95%AD%EA%B3%B5-%EC%95%84%EC%8B%9C%EC%95%84%EB%82%98-%ED%86%B5%ED%95%A9-%EA%B5%AD%EB%82%B4%EC%84%A0-%EC%A3%BC-541%ED%9A%8C%EC%97%90%EC%84%9C-%ED%95%9C-%ED%8E%B8%EB%8F%84-%EC%95%88-%EB%8A%98%EC%96%B4%EB%82%9C%EB%8B%A4%EA%B3%A0,https://wimg.sedaily.com/news/cms/2026/09/30/rcv.NEWS1.NEWS1.20260911.2026-09-11T154221_1008101761_SOCIETY_I_P1.jpg,1200,726,ok
https://ailens.sedaily.ai/international/2026/10/01/2026-10-01-%EC%82%B0%EC%97%85-%EB%A7%88%EC%9D%B4%ED%81%AC%EB%A1%A0-%EC%82%AC%EC%83%81-%EC%B5%9C%EB%8C%80-%EC%8B%A4%EC%A0%81-%EB%A7%A4%EC%B6%9C%EC%9D%B4-1%EB%85%84-%EB%A7%8C%EC%97%90-5%EB%B0%B0%EB%A1%9C-%EB%9B%B0%EC%97%88%EB%8B%A4%EA%B3%A0,https://wimg.sedaily.com/news/cms/2026/10/01/news-p.v1.20261001.472bdf21aca04bf4b442e9ff71481b5f_P1.png,828,552,ok
https://ailens.sedaily.ai/international/2026/10/01/2026-10-01-%EA%B5%AD%EC%A0%9C-%EB%AF%B8%EA%B5%AD-%EA%B5%AD%EC%B1%84-30%EB%85%84%EB%AC%BC-%EA%B8%88%EB%A6%AC-5-65-%EC%A3%BC%EB%8B%B4%EB%8C%80%EA%B0%80-7-%EB%A5%BC-%EB%84%98%EC%97%88%EB%8B%A4%EA%B3%A0,https://wimg.sedaily.com/news/cms/2026/10/01/news-p.v1.20261001.1a2a69e8b7ee498c992c843fce81da0d_P1.png,1200,675,ok
https://ailens.sedaily.ai/news/2026/10/01/2026-10-01-%EA%B2%BD%EC%A0%9C-%EC%99%B8%ED%99%98%EB%8B%B9%EA%B5%AD-%EB%8B%AC%EB%9F%AC-%EC%88%9C%EB%A7%A4%EB%8F%84-7%EA%B0%9C-%EB%B6%84%EA%B8%B0-%EB%82%B4%EB%82%B4-%EB%8B%AC%EB%9F%AC%EB%A5%BC-%ED%8C%94%EA%B3%A0-%EC%9E%88%EC%97%88%EB%8B%A4%EA%B3%A0,https://wimg.sedaily.com/news/cms/2026/09/30/rcv.NEWS1.NEWS1.20260930.2026-09-30T140853_1008133678_FINANCE-STOCK_I_P1.jpg,1200,836,ok
https://ailens.sedaily.ai/property/2026/10/01/2026-10-01-%EB%B6%80%EB%8F%99%EC%82%B0-%EC%84%9C%EC%9A%B8-%EC%9D%B8%ED%97%88%EA%B0%80-604-%EA%B8%89%EC%A6%9D-%EC%9E%85%EC%A3%BC%EB%8A%94-2028%EB%85%84%EB%B6%80%ED%84%B0%EB%9D%BC%EA%B3%A0,https://wimg.sedaily.com/news/cms/2026/09/30/news-g.v1.20260930.18f689bd93c14100a91801b086303e79_P1.jpg,628,595,ok
https://ailens.sedaily.ai/property/2026/10/01/2026-10-01-%EB%B6%80%EB%8F%99%EC%82%B0-%EC%84%9C%EC%9A%B8-%EB%8F%84%EC%8B%AC%EB%B3%B5%ED%95%A9%EC%82%AC%EC%97%85-%ED%9B%84%EB%B3%B4%EC%A7%80-11%EA%B3%B3-%EC%84%9C%EC%B4%88-%EC%86%A1%ED%8C%8C%EA%B0%80-%EC%B2%98%EC%9D%8C-%EB%93%A4%EC%96%B4%EA%B0%94%EB%8B%A4%EA%B3%A0,https://wimg.sedaily.com/news/cms/2026/09/30/news-g.v1.20260930.739dde2b8fc74868b22d11e27d9dce38_P1.jpg,1200,530,ok
https://ailens.sedaily.ai/finance/2026/10/01/2026-10-01-%EA%B8%88%EC%9C%B5-%EA%B8%B0%EC%97%85-%EC%98%88%EA%B8%88%EA%B8%88%EB%A6%AC-4-%EB%8F%8C%ED%8C%8C-%EB%82%B4-%EB%8C%80%EC%B6%9C-%EC%9D%B4%EC%9E%90%EA%B0%80-%EB%A8%BC%EC%A0%80-%EC%98%A4%EB%A5%B8%EB%8B%A4%EA%B3%A0,https://wimg.sedaily.com/news/cms/2026/09/30/news-g.v1.20260930.b545569395244ec39630dd7f2a3699f2_P1.jpg,1200,510,ok
https://ailens.sedaily.ai/industry/2026/10/01/2026-10-01-%EA%B2%BD%EC%A0%9C-8%EC%9B%94-%EC%82%B0%EC%97%85%ED%99%9C%EB%8F%99%EB%8F%99%ED%96%A5-%ED%8A%B8%EB%A6%AC%ED%94%8C-%EA%B0%90%EC%86%8C-%EC%9E%90%EB%8F%99%EC%B0%A8-%EA%B3%B5%EC%9E%A5%EC%9D%B4-%EB%A9%88%EC%B6%B0-%EC%9E%88%EB%8D%98-%EB%8B%AC%EC%9D%B4%EC%97%88%EB%8B%A4%EA%B3%A0,https://wimg.sedaily.com/news/cms/2026/10/01/rcv.NEWS1.NEWS1.20260923.2026-09-23T165302_1008124206_INDUSTRY_I_P1.jpg,1200,719,ok
https://ailens.sedaily.ai/international/2026/10/01/2026-10-01-%EA%B5%AD%EC%A0%9C-%EB%8C%80%EB%AF%B8-%EC%A0%84%EB%9E%B5%ED%88%AC%EC%9E%90-2-000%EC%96%B5-%EB%8B%AC%EB%9F%AC-%EB%82%A8%EC%9D%80-%ED%95%9C%EB%8F%84%EA%B0%80-577%EC%96%B5-%EB%8B%AC%EB%9F%AC%EB%BF%90%EC%9D%B4%EB%9D%BC%EA%B3%A0,https://wimg.sedaily.com/news/cms/2026/10/01/rcv.YNA.20260922.PYH2026092205450001300_P1.jpg,1200,800,ok
https://ailens.sedaily.ai/international/2026/10/01/2026-10-01-%EA%B5%AD%EC%A0%9C-%EB%8C%80%EB%AF%B8-%EC%A0%84%EB%9E%B5%ED%88%AC%EC%9E%90-1%ED%98%B8-%ED%85%8D%EC%82%AC%EC%8A%A4-%EB%B0%9C%EC%A0%84%EC%86%8C%EB%B6%80%ED%84%B0-%EC%9B%90%EC%A0%84-8%EA%B8%B0%EA%B9%8C%EC%A7%80-%ED%95%9C-%EB%B2%88%EC%97%90-%EB%B0%9C%ED%91%9C%EB%90%98%EB%8B%A4,https://wimg.sedaily.com/news/cms/2026/10/01/rcv.YNA.20261001.PUP20261001008501009_P1.jpg,1200,800,ok
https://ailens.sedaily.ai/markets/2026/10/01/2026-10-01-%EC%82%B0%EC%97%85-%EB%91%90%EC%82%B0-%ED%95%98%EC%9D%B4%EC%97%91%EC%8B%9C%EC%97%84-%EB%82%98%EC%8A%A4%EB%8B%A5-%EC%83%81%EC%9E%A5-%EB%91%90%EC%82%B0-%EC%A3%BC%EC%A3%BC%EB%8A%94-%EC%9D%B4-%EA%B2%B0%EC%A0%95%EC%9D%84-%EB%B3%BC-%EC%88%98-%EC%9E%88%EB%8B%A4%EA%B3%A0,https://wimg.sedaily.com/news/cms/2026/09/30/news-p.v1.20260930.5299aa6829d147f0929dd5aa9603e2a3_P1.jpg,600,202,ok
https://ailens.sedaily.ai/industry/2026/10/01/2026-10-01-%EC%82%B0%EC%97%85-SK%EC%9D%B4%EB%85%B8%EB%B2%A0%EC%9D%B4%EC%85%98-E-S-LNG-%EB%B0%B8%EB%A5%98%EC%B2%B4%EC%9D%B8-%EA%B0%80%EC%8A%A4%EC%A0%84%EB%B6%80%ED%84%B0-%EB%B0%9C%EC%A0%84%EC%86%8C%EA%B9%8C%EC%A7%80-%EB%8B%A4-%EA%B0%96%EC%B6%94%EB%A9%B4-%EB%AD%90%EA%B0%80-%EB%8B%AC%EB%9D%BC%EC%A7%80%EB%82%98%EC%9A%94,https://wimg.sedaily.com/news/cms/2026/09/30/news-p.v1.20260930.ec4d9d2540924c1ba297d823152b4baf_P1.jpg,1200,675,ok
https://ailens.sedaily.ai/industry/2026/10/01/2026-10-01-%EC%82%B0%EC%97%85-%ED%8C%8C%EC%9A%B4%EB%93%9C%EB%A6%AC-2%EC%9C%84-%EC%82%BC%EC%84%B1%EC%A0%84%EC%9E%90-%EC%A0%90%EC%9C%A0%EC%9C%A8%EC%9D%B4-4-%EB%9D%BC%EA%B3%A0,https://wimg.sedaily.com/news/cms/2026/09/30/news-p.v1.20260930.f48d95fe4d834e9ba050cfd864542ac0_P1.png,1200,692,ok
https://ailens.sedaily.ai/industry/2026/10/01/2026-10-01-%EC%82%AC%ED%9A%8C-%EB%9D%BC%EB%8F%88-%EB%A7%A4%ED%8A%B8%EB%A6%AC%EC%8A%A4-%ED%9A%8C%EC%88%98%EC%9C%A8-244%EA%B0%9C-%EC%A4%91-12%EA%B0%9C%EB%A7%8C-%EB%8F%8C%EC%95%84%EC%99%94%EB%8B%A4%EA%B3%A0,https://wimg.sedaily.com/news/cms/2026/09/30/news-p.v1.20260930.c497c0efe0b444e585edae749b41bf3a_P1.jpg,1200,800,ok
https://ailens.sedaily.ai/industry/2026/10/01/2026-10-01-%EC%82%B0%EC%97%85-%EB%85%B8%EB%A1%9C%EB%B0%94%EC%9D%B4%EB%9F%AC%EC%8A%A4-%EB%B0%B1%EC%8B%A0-%EA%B0%9C%EB%B0%9C-%EC%95%84%EC%A7%81-%EC%84%B8%EC%83%81%EC%97%90-%ED%95%98%EB%82%98%EB%8F%84-%EC%97%86%EB%8B%A4%EB%8B%88%EC%9A%94,https://wimg.sedaily.com/news/cms/2026/09/30/news-p.v1.20260930.cfbfc686fb6b48509141b2d6b2886eb3_P1.jpeg,550,402,ok
https://ailens.sedaily.ai/markets/2026/10/01/2026-10-01-%EA%B2%BD%EC%A0%9C-%EC%BD%94%EC%8A%A4%ED%94%BC-3%EB%B6%84%EA%B8%B0-%EC%84%B1%EC%A0%81-%EC%84%B8%EA%B3%84-%EC%A3%BC%EC%9A%94-%EC%A6%9D%EC%8B%9C-%EC%A4%91-%EA%BC%B4%EC%B0%8C%EC%98%80%EB%8B%A4%EA%B3%A0,https://wimg.sedaily.com/news/cms/2026/09/30/rcv.YNA.20260930.PYH2026093024460001300_P1.jpg,1200,784,ok
https://ailens.sedaily.ai/markets/2026/10/01/2026-10-01-%EC%82%B0%EC%97%85-10%EC%9B%94-%EC%A0%9C%EC%95%BD-%EB%B0%94%EC%9D%B4%EC%98%A4-%EC%9D%B4%EB%B2%A4%ED%8A%B8-%EB%84%A4-%ED%9A%8C%EC%82%AC-%EA%B2%B0%EA%B3%BC%EA%B0%80-%ED%95%9C-%EB%8B%AC-%EC%95%88%EC%97%90-%EB%AA%B0%EB%A0%A4-%EB%82%98%EC%98%A8%EB%8B%A4,https://wimg.sedaily.com/news/cms/2026/09/30/news-g.v1.20260930.168916f229ac432ca2be04e1d2d3ede5_P1.jpg,1200,686,ok
https://ailens.sedaily.ai/news/2026/10/01/2026-10-01-%EC%A0%95%EC%B9%98-DMZ-%EC%A7%80%EB%A2%B0-%ED%8F%AD%EB%B0%9C-%EC%A0%95%EC%A0%84%ED%98%91%EC%A0%95-%EC%9C%84%EB%B0%98-%EA%B5%B0%EC%9D%B4-%EC%B2%98%EC%9D%8C%EC%9C%BC%EB%A1%9C-%EB%B6%81%ED%95%9C%EC%9D%84-%EC%A7%80%EB%AA%A9%ED%96%88%EC%8A%B5%EB%8B%88%EB%8B%A4,https://wimg.sedaily.com/news/cms/2026/09/30/rcv.YNA.20260930.PYH2026093006940001301_P1.jpg,1200,801,ok
https://ailens.sedaily.ai/finance/2026/10/01/2026-10-01-%EA%B2%BD%EC%A0%9C-%EC%B4%88%EA%B3%BC%EC%84%B8%EC%88%98-63%EC%A1%B0-%EB%82%98%EB%9E%8F%EB%B9%9A-%EB%8A%98%EB%A6%AC%EB%8A%94-%EC%86%8D%EB%8F%84%EA%B0%80-%EB%8B%AC%EB%9D%BC%EC%A7%84%EB%8B%A4%EA%B3%A0,https://wimg.sedaily.com/news/cms/2026/09/30/news-p.v1.20260930.103f34f12aa34964a19a549e0ec3786a_P1.jpg,1200,920,ok
https://ailens.sedaily.ai/news/2026/10/01/2026-10-01-%EC%A0%95%EC%B9%98-%EB%8C%80%ED%98%B8%EA%B9%80%EC%A2%85%EC%84%9C%ED%95%A8-%EC%A7%84%EC%88%98-19%EB%85%84-%EB%A7%8C%EC%97%90-%EA%B5%AD%EC%82%B0-%EC%9D%B4%EC%A7%80%EC%8A%A4%ED%95%A8-6%EC%B2%99%EC%9D%B4-%EB%8B%A4-%EC%B0%BC%EC%8A%B5%EB%8B%88%EB%8B%A4,https://wimg.sedaily.com/news/cms/2026/09/30/news-p.v1.20260930.d2ebf85634bf4bce85c89db588ee8149_P1.jpg,1200,730,ok
https://ailens.sedaily.ai/finance/2026/10/01/2026-10-01-%EA%B8%88%EC%9C%B5-%EA%B8%B0%EC%97%85-%EC%98%88%EA%B8%88%EA%B8%88%EB%A6%AC-4-%EB%8F%8C%ED%8C%8C-%EB%8B%A4%EC%9D%8C-%EC%B0%A8%EB%A1%80%EB%8A%94-%EB%82%B4-%EB%8C%80%EC%B6%9C%EA%B8%88%EB%A6%AC%EB%9D%BC%EA%B3%A0,https://wimg.sedaily.com/news/cms/2026/09/30/rcv.YNA.20260812.PYH2026081210620001300_P1.jpg,1200,579,ok
https://ailens.sedaily.ai/markets/2026/09/30/2026-09-30-%EC%83%81%EB%B0%98%EA%B8%B0-%EC%98%81%EC%97%85%EC%9D%B4%EC%9D%B5-103%EC%96%B5-%EC%9E%91%EB%85%84-%ED%95%9C-%ED%95%B4%EC%B9%98%EB%A5%BC-%EC%9D%B4%EB%AF%B8-%EB%84%98%EC%97%88%EC%8A%B5%EB%8B%88%EB%8B%A4,https://wimg.sedaily.com/news/cms/2026/09/30/news-p.v1.20260930.999db47ccb5d4adc942baaded02ed678_P1.jpg,598,798,ok
https://ailens.sedaily.ai/property/2026/09/30/2026-09-30-%EC%84%9C%EC%B4%88-%EC%86%A1%ED%8C%8C%EC%97%90-%EC%B2%98%EC%9D%8C-%EB%93%A4%EC%96%B4%EC%98%A8-%EA%B3%B5%EA%B3%B5%EC%A3%BC%ED%83%9D-%ED%9B%84%EB%B3%B4%EC%A7%80-%EC%B0%A9%EA%B3%B5%EC%9D%80-2030%EB%85%84-%ED%95%98%EB%B0%98%EA%B8%B0%EC%9E%85%EB%8B%88%EB%8B%A4,https://wimg.sedaily.com/news/cms/2026/09/30/news-p.v1.20260921.38e5bf53a2b54b2fa36d57b0e897064a_P1.jpg,471,362,ok
https://ailens.sedaily.ai/finance/2026/09/30/2026-09-30-63%EC%A1%B0-2-000%EC%96%B5-%EC%9B%90%EC%9D%B4-%EB%8D%94-%EA%B1%B7%ED%98%94%EC%8A%B5%EB%8B%88%EB%8B%A4-%EC%A0%95%EB%B6%80%EB%8A%94-%EC%9D%B4-%EB%8F%88%EC%9C%BC%EB%A1%9C-%EB%B9%9A%EC%9D%84-%EB%A8%BC%EC%A0%80-%EC%A4%84%EC%9E%85%EB%8B%88%EB%8B%A4,https://wimg.sedaily.com/news/cms/2026/09/30/news-p.v1.20260930.5c7557b57c03400cbdd933637d862e4f_P1.jpg,1200,793,ok
https://ailens.sedaily.ai/finance/2026/09/30/2026-09-30-%EB%B0%98%EB%85%84-%EB%A7%8C%EC%97%90-63%EC%A1%B0%EA%B0%80-%EB%8D%94-%EA%B1%B7%ED%9E%8C%EB%8B%A4%EA%B3%A0,https://wimg.sedaily.com/news/cms/2026/09/30/news-p.v1.20260930.278bff7adffc4aaf9bb989acbee5ab78_P1.jpg,600,361,ok
https://ailens.sedaily.ai/industry/2026/09/30/2026-09-30-%EC%9E%90%EB%8F%99%EC%B0%A8-%EA%B3%B5%EC%9E%A5%EC%9D%B4-5%EC%9D%BC-%EC%89%AC%EC%97%88%EB%8D%94%EB%8B%88-%EB%82%98%EB%9D%BC-%EC%A0%84%EC%B2%B4-%EC%83%9D%EC%82%B0%EC%9D%B4-%ED%9D%94%EB%93%A4%EB%A0%B8%EC%8A%B5%EB%8B%88%EB%8B%A4,https://wimg.sedaily.com/news/cms/2026/09/30/rcv.NEWS1.NEWS1.20260923.2026-09-23T165305_1008124207_INDUSTRY_I_P1.jpg,1200,749,ok
https://ailens.sedaily.ai/markets/2026/09/30/2026-09-30-KKR%EC%9D%B4-3%EB%85%84-%EB%A7%8C%EC%97%90-%EC%9A%B8%EC%82%B0-%ED%84%B0%EB%AF%B8%EB%84%90%EC%9D%84-%EB%82%B4%EB%86%93%EC%95%98%EC%8A%B5%EB%8B%88%EB%8B%A4-%EC%82%AC%EB%8A%94-%EC%AA%BD%EB%8F%84-%EB%98%90-%EB%8B%A4%EB%A5%B8-%EC%82%AC%EB%AA%A8%ED%8E%80%EB%93%9C%EC%9E%85%EB%8B%88%EB%8B%A4,https://wimg.sedaily.com/news/cms/2026/09/30/news-p.v1.20260212.38e4d18c1c084a08ae2b3ed52bf6978c_P1.jpg,302,69,ok
https://ailens.sedaily.ai/international/2026/09/30/2026-09-30-%EC%A0%80%EC%9E%84%EA%B8%88-%EB%85%B8%EB%8F%99%EC%9E%90%EA%B0%80-%EC%A7%81%EC%97%85%EC%9D%84-%EB%B0%94%EA%BF%94%EC%95%BC-%ED%95%A0-%ED%99%95%EB%A5%A0-%EA%B3%A0%EC%9E%84%EA%B8%88%EC%9D%98-8%EB%B0%B0%EB%9D%BC%EA%B3%A0,https://wimg.sedaily.com/news/cms/2026/09/29/news-p.v1.20260929.dd69c876f9ee492c974ebedbc607eb91_P1.jpg,1200,628,ok
https://ailens.sedaily.ai/markets/2026/09/30/2026-09-30-30%EB%85%84%EB%AC%BC-%EA%B8%88%EB%A6%AC-5-612-%EC%9D%B8%EB%8D%B0-%EC%82%BC%EC%84%B1%EC%A0%84%EC%9E%90%EB%8A%94-%EC%98%AC%EB%9E%90%EC%8A%B5%EB%8B%88%EB%8B%A4,https://wimg.sedaily.com/news/cms/2026/09/30/news-p.v1.20260930.147b566a8daf472197fd71e3f7894380_P1.jpeg,640,170,ok
https://ailens.sedaily.ai/news/2026/09/30/2026-09-30-%EB%8C%80%ED%86%B5%EB%A0%B9-%EC%A7%80%EC%A7%80%EC%9C%A8%EC%9D%80-0-6-p-%EB%82%B4%EB%A0%B8%EB%8A%94%EB%8D%B0-%EC%A0%95%EB%8B%B9-%EA%B2%A9%EC%B0%A8%EB%8A%94-9-6-p-%EC%A4%84%EC%97%88%EC%8A%B5%EB%8B%88%EB%8B%A4,https://wimg.sedaily.com/news/cms/2026/09/30/news-p.v1.20260930.eb1f87b492f74fb7a2243ea840dc0fe5_P1.jpg,1200,800,ok
https://ailens.sedaily.ai/markets/2026/09/30/2026-09-30-%EC%86%90%EC%8B%A4-%EB%82%98%EB%A9%B4-%EC%A0%95%EB%B6%80-%EB%8F%88%EC%9D%B4-%EB%A8%BC%EC%A0%80-%EA%B9%8E%EC%9E%85%EB%8B%88%EB%8B%A4-%EA%B7%B8-%ED%8F%AD%EC%9D%B4-23-3-%EA%B9%8C%EC%A7%80-%EB%8A%98%EC%97%88%EC%8A%B5%EB%8B%88%EB%8B%A4,https://wimg.sedaily.com/news/cms/2026/09/30/news-p.v1.20260930.4fa95d66f14444bcb38d6911c631d6f6_P1.jpg,1200,891,ok
https://ailens.sedaily.ai/news/2026/09/30/2026-09-30-2%EA%B0%9C%EC%9B%94-%EC%95%88%EC%97%90-%EB%81%9D%EB%82%B4%EB%9D%BC%EB%8A%94-%EA%B7%9C%EC%A0%95%EC%9D%B8%EB%8D%B0-15-7%EA%B0%9C%EC%9B%94%EC%9D%B4-%EA%B1%B8%EB%A0%B8%EB%8B%A4%EA%B3%A0,https://wimg.sedaily.com/news/cms/2026/09/29/news-p.v1.20260929.9d0bf9d05dc9443c964208ef38e26c3e_P1.jpg,1200,816,ok
https://ailens.sedaily.ai/markets/2026/09/30/2026-09-30-%EB%AA%A8%ED%9A%8C%EC%82%AC%EA%B0%80-%EB%93%A4%EA%B3%A0-%EC%9E%88%EB%8D%98-%EC%9E%90%ED%9A%8C%EC%82%AC-%EC%A7%80%EB%B6%84%EC%9D%84-%EC%9D%BC%EB%B0%98%EC%A3%BC%EC%A3%BC%EC%97%90%EA%B2%8C-%EA%B7%B8%EB%8C%80%EB%A1%9C-%EB%82%98%EB%88%A0%EC%A3%BC%EA%B8%B0%EB%A1%9C-%ED%96%88%EC%8A%B5%EB%8B%88%EB%8B%A4-%EC%9E%84%EC%8B%9C%EC%A3%BC%EC%A3%BC%EC%B4%9D%ED%9A%8C-%ED%8A%B9%EB%B3%84%EA%B2%B0%EC%9D%98%EA%B9%8C%EC%A7%80-%EA%B1%B0%EC%B3%A4%EC%8A%B5,https://wimg.sedaily.com/news/cms/2026/09/30/news-p.v1.20260930.08b8bf3107cb4397a13c5a9761c05b18_P1.png,800,600,ok
https://ailens.sedaily.ai/culture/2026/09/30/2026-09-30-30%EB%8C%80-%EB%82%A8%EC%84%B1-10%EB%AA%85-%EC%A4%91-6%EB%AA%85-1%EB%85%84-%EB%A7%8C%EC%97%90-%EB%B9%84%EB%A7%8C%EC%9C%BC%EB%A1%9C-%EB%84%98%EC%96%B4%EA%B0%94%EC%8A%B5%EB%8B%88%EB%8B%A4,https://wimg.sedaily.com/news/cms/2026/09/30/news-p.v1.20260930.4c6a3661bf054db19206a5a18d180fac_P1.png,1200,648,ok
https://ailens.sedaily.ai/news/2026/09/30/2026-09-30-%EC%9E%90%EC%84%9D-%ED%95%98%EB%82%98%EA%B0%80-%EB%B6%99%EC%96%B4-%EC%9E%88%EC%97%88%EC%8A%B5%EB%8B%88%EB%8B%A4-%EB%AC%B8%EC%9D%80-%EC%97%B4%EB%A0%A4-%EC%9E%88%EB%8A%94%EB%8D%B0-%EA%B8%B0%EA%B3%84%EB%8A%94-%EB%A9%88%EC%B6%94%EC%A7%80-%EC%95%8A%EC%95%98%EC%8A%B5%EB%8B%88%EB%8B%A4,https://wimg.sedaily.com/news/cms/2026/09/29/news-p.v1.20260929.13d053c3d59f4fa18d0bc177d40078d3_P1.jpg,1196,444,ok
https://ailens.sedaily.ai/finance/2026/09/30/2026-09-30-%ED%95%99%EC%9E%90%EA%B8%88-130%EB%A7%8C-%EC%9B%90-%EC%97%B0%EC%B2%B4%ED%96%88%EB%8D%94%EB%8B%88-%EC%9E%A5%ED%95%99%EC%9E%AC%EB%8B%A8%EC%9D%B4-%EC%9D%B4%EC%9D%98%EC%A0%9C%EA%B8%B0%ED%95%98%EB%A9%B4-%EB%B6%80%EB%8F%99%EC%9D%98%ED%95%98%EA%B2%A0%EB%8B%A4-%EA%B3%A0-%ED%96%88%EC%8A%B5%EB%8B%88%EB%8B%A4,https://wimg.sedaily.com/news/cms/2026/09/29/news-p.v1.20260225.4add30ee23534f8593321680aa771eb3_P1.jpg,1200,800,ok
https://ailens.sedaily.ai/finance/2026/09/30/2026-09-30-%EC%9D%B8%ED%84%B0%EB%84%B7%EB%B1%85%ED%82%B9-%EC%9D%B4%EC%9A%A9%EC%9E%90-2%EC%96%B5-3437%EB%A7%8C-%EB%AA%85-%EB%8C%80%EC%B6%9C-%EC%8B%A0%EC%B2%AD%EC%9D%80-%EC%99%9C-%EC%A4%84%EC%97%88%EC%9D%84%EA%B9%8C%EC%9A%94,https://wimg.sedaily.com/news/cms/2026/09/29/news-p.v1.20260925.378eac222d524d3dbca45213dfdce617_P1.jpg,1200,649,ok
https://ailens.sedaily.ai/international/2026/09/30/2026-09-30-%EC%A4%91%EA%B5%AD-%EC%A0%95%EB%B6%80%EA%B0%80-%EB%82%B4-%EB%8C%80%EC%B6%9C-%EC%9D%B4%EC%9E%90-1-%ED%8F%AC%EC%9D%B8%ED%8A%B8%EB%A5%BC-5%EB%85%84%EA%B0%84-%EB%82%B4%EC%A3%BC%EA%B8%B0%EB%A1%9C-%ED%96%88%EC%8A%B5%EB%8B%88%EB%8B%A4,https://wimg.sedaily.com/news/cms/2026/09/29/news-p.v1.20260929.d38f9b97805e49d8850bea755ac80cff_P1.png,860,573,ok
https://ailens.sedaily.ai/news/2026/09/30/2026-09-30-%EB%95%85%EA%B0%92%EC%9D%80-34-%EB%82%B4%EB%A0%B8%EB%8A%94%EB%8D%B0-%EC%82%B4-%EC%82%AC%EB%9E%8C%EC%9D%B4-%EC%97%86%EC%8A%B5%EB%8B%88%EB%8B%A4,https://wimg.sedaily.com/news/cms/2026/09/30/news-p.v1.20260929.1ea49b001a7e48f59d6e7bb85632b074_P1.jpg,1200,511,ok
https://ailens.sedaily.ai/property/2026/09/30/2026-09-30-%EC%84%9C%EC%9A%B8-%EC%95%84%ED%8C%8C%ED%8A%B8-%EC%A0%84%EC%84%B8-%EB%91%98-%EC%A4%91-%ED%95%9C-%EB%AA%85%EC%9D%80-%EA%B7%B8-%EC%A7%91%EC%97%90-%EA%B7%B8%EB%83%A5-%EB%82%A8%EC%95%98%EC%8A%B5%EB%8B%88%EB%8B%A4,https://wimg.sedaily.com/news/cms/2026/09/30/rcv.YNA.20260927.PYH2026092708100001300_P1.jpg,1200,799,ok
https://ailens.sedaily.ai/international/2026/09/30/2026-09-30-%EC%9C%A0%EA%B0%80%EB%8A%94-%ED%95%9C-%EB%8B%AC-%EB%A7%8C%EC%97%90-%EC%B5%9C%EC%A0%80%EC%9D%B8%EB%8D%B0-%EC%A3%BC%EA%B0%80%EB%8A%94-%EC%99%9C-%EC%95%88-%EC%98%AC%EB%9E%90%EC%9D%84%EA%B9%8C%EC%9A%94,https://wimg.sedaily.com/news/cms/2026/09/30/rcv.YNA.20260930.PRU20260930095701009_P1.jpg,1200,800,ok
https://ailens.sedaily.ai/international/2026/09/30/2026-09-30-%ED%8A%B8%EB%9F%BC%ED%94%84-%EB%8C%80%ED%86%B5%EB%A0%B9%EC%9D%B4-CEO-12%EB%AA%85%EC%9D%84-%EB%B6%88%EB%9F%AC-%EB%AA%A8%EC%9D%80-%EB%92%A4-%EC%83%88-%EA%B7%9C%EC%A0%9C%EB%8A%94-%EC%97%86%EB%8B%A4%EA%B3%A0-%ED%96%88%EC%8A%B5%EB%8B%88%EB%8B%A4,https://wimg.sedaily.com/news/cms/2026/09/30/news-p.v1.20260930.fbbf53d116f04b3ab8a1edbccccd74d7_P1.jpg,897,1144,ok
https://ailens.sedaily.ai/international/2026/09/30/2026-09-30-%EB%A7%A4%EC%B6%9C-46%EC%96%B5-%EB%8B%AC%EB%9F%AC%EC%9D%B8%EB%8D%B0-%EC%95%9E%EC%9C%BC%EB%A1%9C-%EA%B0%9A%EC%95%84%EC%95%BC-%ED%95%A0-%EB%8F%88%EC%9D%B4-5-180%EC%96%B5-%EB%8B%AC%EB%9F%AC%EC%9E%85%EB%8B%88%EB%8B%A4,https://wimg.sedaily.com/news/cms/2026/09/29/news-p.v1.20260929.ef2aa1eabe344ac9902ec8ebe03a7872_P1.jpg,860,559,ok
https://ailens.sedaily.ai/news/2026/09/30/2026-09-30-%EC%A7%80%EB%A2%B0-4%EB%B0%9C%EC%9D%B4-%EC%A7%81%EA%B2%BD-4m-%EC%95%88%EC%97%90-%EB%AA%B0%EB%A0%A4-%EC%9E%88%EC%97%88%EC%8A%B5%EB%8B%88%EB%8B%A4,https://wimg.sedaily.com/news/cms/2026/09/29/news-p.v1.20260929.cf99a174991c4928865083003899f468_P1.jpg,1200,804,ok
https://ailens.sedaily.ai/news/2026/09/30/2026-09-30-%ED%98%B8%EB%82%A8-%ED%83%9C%EC%96%91%EA%B4%91-1%EB%85%84-3%EA%B0%9C%EC%9B%94-%EB%A7%8C%EC%97%90-%EB%B2%88%ED%98%B8%ED%91%9C%EA%B0%80-%EB%8B%A4%EC%8B%9C-%EC%9B%80%EC%A7%81%EC%9E%85%EB%8B%88%EB%8B%A4,https://wimg.sedaily.com/news/cms/2026/09/30/rcv.NEWS1.NEWS1.20260929.2026-09-29T134456_1008131677_SOCIETY_I_P1.jpg,1200,677,ok
https://ailens.sedaily.ai/property/2026/09/30/2026-09-30-%EC%84%9C%EC%9A%B8-%EC%9D%B8%ED%97%88%EA%B0%80-7%EB%B0%B0-%EB%8A%98%EC%97%88%EB%8A%94%EB%8D%B0-%EC%95%84%ED%8C%8C%ED%8A%B8-%EC%82%AC%EB%8A%94-%EC%82%AC%EB%9E%8C%EC%9D%80-30-%EC%A4%84%EC%97%88%EC%8A%B5%EB%8B%88%EB%8B%A4,https://wimg.sedaily.com/news/cms/2026/09/29/news-p.v1.20260929.5f87a039fbe741eeab17dd2054ee3cd2_P1.png,1200,817,ok
https://ailens.sedaily.ai/property/2026/09/30/2026-09-30-8-000%EA%B1%B4%EC%9D%B4%EB%8D%98-%EC%84%9C%EC%9A%B8-%EC%95%84%ED%8C%8C%ED%8A%B8-%EA%B1%B0%EB%9E%98%EA%B0%80-%EC%84%9D-%EB%8B%AC-%EB%A7%8C%EC%97%90-3-466%EA%B1%B4%EC%9C%BC%EB%A1%9C-%EB%82%B4%EB%A0%A4%EC%95%89%EC%95%98%EC%8A%B5%EB%8B%88%EB%8B%A4-2026%EB%85%84-4%EC%9B%94%EA%B3%BC-5%EC%9B%94,https://wimg.sedaily.com/news/cms/2026/09/29/rcv.YNA.20260920.PYH2026092011150001300_P1.jpg,1200,672,ok
https://ailens.sedaily.ai/property/2026/09/30/2026-09-30-%EC%A0%84%EC%84%B8-5-91-%EC%9B%94%EC%84%B8-5-65-%EB%A7%A4%EB%A7%A4-7-52-%EC%84%9C%EC%9A%B8%EC%97%90%EC%84%9C-%EB%8F%84%EB%A7%9D%EA%B0%88-%EA%B3%B3%EC%9D%B4-%EC%97%86%EC%96%B4%EC%A1%8C%EC%8A%B5%EB%8B%88%EB%8B%A4,https://wimg.sedaily.com/news/cms/2026/09/29/rcv.YNA.20260901.PYH2026090115170001300_P1.jpg,1200,800,ok
https://ailens.sedaily.ai/property/2026/09/30/2026-09-30-%EB%93%B1%EB%A1%9D%EC%9E%84%EB%8C%80-%EC%95%84%ED%8C%8C%ED%8A%B8-%EB%82%B4%EB%85%84-%EB%A7%90%EA%B9%8C%EC%A7%80-%EC%95%88-%ED%8C%94%EB%A9%B4-%EC%A4%91%EA%B3%BC%EA%B0%80-%EB%8F%8C%EC%95%84%EC%98%B5%EB%8B%88%EB%8B%A4,https://wimg.sedaily.com/news/cms/2026/09/30/rcv.YNA.20260927.PYH2026092708080001300_P1.jpg,1200,774,ok
https://ailens.sedaily.ai/international/2026/09/30/2026-09-30-%ED%95%9C%EA%B5%AD%EC%9D%B4-%EC%B6%94%ED%9B%84-%ED%98%91%EC%9D%98-%EB%9D%BC%EA%B3%A0-%ED%95%9C-%EC%82%AC%EC%97%85%EC%9D%84-%EB%B0%B1%EC%95%85%EA%B4%80%EC%9D%B4-%EB%A8%BC%EC%A0%80-%EB%B0%9C%ED%91%9C%ED%95%A0-%EC%88%98-%EC%9E%88%EC%8A%B5%EB%8B%88%EB%8B%A4,https://wimg.sedaily.com/news/cms/2026/09/30/rcv.YNA.20260930.PRU20260930102501009_P1.jpg,1200,800,ok
https://ailens.sedaily.ai/markets/2026/09/30/2026-09-30-1-500%EC%96%B5%EC%97%90-%EC%82%AC%EC%84%9C-2-000%EC%96%B5%EC%97%90-%ED%8C%9D%EB%8B%88%EB%8B%A4-4%EB%85%84-%EC%82%AC%EC%9D%B4-SK%EC%97%90%EC%BD%94%ED%94%8C%EB%9E%9C%ED%8A%B8%EA%B0%80-%EB%B0%94%EA%BE%BC-%EA%B2%83,https://wimg.sedaily.com/news/cms/2026/09/29/news-p.v1.20260929.61521fe282d842e08a5c9c56d053ae13_P1.png,738,255,ok
https://ailens.sedaily.ai/markets/2026/09/30/2026-09-30-3%EB%85%84%EB%A7%88%EB%8B%A4-%EB%B0%94%EB%80%8C%EB%8A%94-%ED%8C%90%EC%82%AC%EC%97%90%EA%B2%8C-%ED%9A%8C%EC%82%AC%EB%B2%95-%EC%9E%AC%ED%8C%90%EC%9D%84-%EB%A7%A1%EA%B2%A8%EB%8F%84-%EB%90%A0%EA%B9%8C%EC%9A%94,https://wimg.sedaily.com/news/cms/2026/09/29/news-p.v1.20260929.7ed230d68096402c91d72abb818bed35_P1.jpeg,1200,900,ok
https://ailens.sedaily.ai/industry/2026/09/30/2026-09-30-%EC%9E%A5%EB%B0%94%EA%B5%AC%EB%8B%88%EC%97%90-%EB%8B%B4%EC%9D%84-%EA%B2%8C-%EC%A4%84%EC%96%B4%EB%93%A0-%EA%B2%8C-%EC%95%84%EB%8B%88%EB%9D%BC-%EB%A7%88%ED%8A%B8%EA%B0%80-%EB%A7%A4%EB%8C%80%EB%A5%BC-%EB%B0%94%EA%BF%A8%EC%8A%B5%EB%8B%88%EB%8B%A4,https://wimg.sedaily.com/news/cms/2026/09/29/news-p.v1.20260929.ce0ff291a83643e884aff4b8507d3a87_P1.jpg,1200,800,ok
https://ailens.sedaily.ai/industry/2026/09/30/2026-09-30-%EB%8C%80%EA%B8%B0%EC%97%85-%EC%A0%88%EB%B0%98%EC%9D%B4-%ED%95%98%EB%B0%98%EA%B8%B0-%EC%B1%84%EC%9A%A9-%EA%B3%84%ED%9A%8D%EC%9D%84-%EC%84%B8%EC%9B%A0%EC%8A%B5%EB%8B%88%EB%8B%A4-%EA%B3%B5%EC%B1%84%EB%8F%84-%EB%8F%8C%EC%95%84%EC%98%B5%EB%8B%88%EB%8B%A4,https://wimg.sedaily.com/news/cms/2026/09/29/news-p.v1.20260708.d0c8d1acb4564c6d85822f9b0796fceb_P1.jpg,1200,675,ok
https://ailens.sedaily.ai/industry/2026/09/30/2026-09-30-%EA%B0%80%EA%B2%A9%EC%9D%84-%EB%82%AE%EC%B6%94%EB%A0%A4%EA%B3%A0-%EC%9A%A9%EB%9F%89%EC%9D%84-%EC%A4%84%EC%98%80%EB%8A%94%EB%8D%B0-%EB%8B%A8%EA%B0%80%EB%8A%94-%EB%8D%94-%EC%98%AC%EB%9D%BC%EA%B0%94%EC%8A%B5%EB%8B%88%EB%8B%A4,https://wimg.sedaily.com/news/cms/2026/09/29/news-p.v1.20260929.a163bbc060f943c5b5d429fb0b7c6536_P1.jpg,620,443,ok
https://ailens.sedaily.ai/industry/2026/09/30/2026-09-30-5%EC%9B%94%EC%97%90-%EC%84%9C%EB%A5%98%EB%A5%BC-%EB%84%A3%EC%97%88%EA%B3%A0-%EC%97%B0%EB%A7%90%EC%97%90-%EB%AC%BC%EA%B1%B4%EC%9D%B4-%EB%82%98%EC%98%B5%EB%8B%88%EB%8B%A4,https://wimg.sedaily.com/news/cms/2026/09/29/news-p.v1.20260922.23841e89a02146b7b54fd89f4eb97249_P1.jpg,1200,917,ok
https://ailens.sedaily.ai/markets/2026/09/30/2026-09-30-%EC%83%81%ED%95%9C%EA%B0%80-%EB%8B%A4%EC%9D%8C%EB%82%A0-%EC%95%84%EC%B9%A8%EC%97%90-%EC%82%B0-%EC%82%AC%EB%9E%8C%EC%9D%80-%EA%B7%B8%EB%82%A0-%EC%98%A4%ED%9B%84%EC%97%90-15-%EC%9E%83%EC%97%88%EC%8A%B5%EB%8B%88%EB%8B%A4,https://wimg.sedaily.com/news/cms/2026/09/29/news-p.v1.20260929.190e76ed74bd4b30803a5e811f0e0e76_P1.png,860,452,ok
https://ailens.sedaily.ai/industry/2026/09/30/2026-09-30-%EC%A0%84%EC%84%A0-%ED%95%98%EB%82%98-%EC%95%88-%EA%B9%94%EA%B3%A0-%ED%98%B8%EB%82%A8-%EC%86%A1%EC%A0%84-%EC%9A%A9%EB%9F%89%EC%9D%B4-72-%EB%8A%98%EC%96%B4%EB%82%A9%EB%8B%88%EB%8B%A4,https://wimg.sedaily.com/news/cms/2026/09/29/news-p.v1.20260929.bebf0c79f85b48bb90bfaf181daf7f67_P1.jpg,1200,826,ok
https://ailens.sedaily.ai/property/2026/09/30/2026-09-30-%EC%84%9C%EC%9A%B8-%EC%A0%84%EC%84%B8-%EB%91%90-%EA%B1%B4-%EC%A4%91-%ED%95%9C-%EA%B1%B4%EC%9D%80-%EA%B7%B8%EB%83%A5-%EC%97%AC%EA%B8%B0-%EC%82%B4%EA%B2%A0%EC%8A%B5%EB%8B%88%EB%8B%A4,https://sedaily-mbti-cms-media-dev.s3.us-east-1.amazonaws.com/media/frontpage-auto/20096201-webtoon-cut001.png,1216,832,ok
https://ailens.sedaily.ai/news/2026/09/30/2026-09-30-%EC%B9%B4%EC%B9%B4%EC%98%A4%EB%A9%A4%EB%B2%84%EC%8B%AD-10%EC%9B%94-1%EC%9D%BC-%EB%AC%B8%EC%9D%84-%EC%97%AC%EB%8A%94%EB%8D%B0-%EB%AC%B4%EB%A3%8C-%EB%B0%B0%EC%86%A1%EC%9D%B4-%EC%97%86%EC%8A%B5%EB%8B%88%EB%8B%A4,https://wimg.sedaily.com/news/cms/2026/09/29/news-p.v1.20260821.a9f94246340d4ddb8069b888bc8ac088_P1.jpg,1200,800,ok
https://ailens.sedaily.ai/markets/2026/09/30/2026-09-30-3%EC%96%B5-%EB%8B%AC%EB%9F%AC-%EC%A1%B0%EB%8B%AC%ED%95%98%EB%A0%A4%EB%8D%98-%EB%A1%AF%EB%8D%B0%EB%A0%8C%ED%83%88-%ED%95%9C-%EB%8B%AC-%EB%84%98%EA%B2%8C-%EB%A9%88%EC%B6%B0-%EC%9E%88%EC%8A%B5%EB%8B%88%EB%8B%A4,https://wimg.sedaily.com/news/cms/2026/09/29/news-p.v1.20260916.3c16982ae38440afbede5cfffc454712_P1.png,438,246,ok
https://ailens.sedaily.ai/markets/2026/09/29/2026-09-29-%EC%A3%BC%EA%B4%80%EC%82%AC-%ED%95%98%EB%82%98%EB%A5%BC-%EB%B9%BC%EB%9D%BC%EB%8A%94-%EA%B5%AC%EB%91%90-%EC%A7%80%EC%B9%A8%EC%97%90-3%EC%96%B5-%EB%8B%AC%EB%9F%AC%EA%B0%80-%ED%95%9C-%EB%8B%AC%EC%A7%B8-%EB%A9%88%EC%B7%84%EC%8A%B5%EB%8B%88%EB%8B%A4,https://wimg.sedaily.com/news/cms/2026/09/29/news-p.v1.20260916.3c16982ae38440afbede5cfffc454712_P1.png,438,246,ok
https://ailens.sedaily.ai/international/2026/09/29/2026-09-29-%EC%82%AC%EC%9A%B0%EB%94%94-%EC%86%A1%EC%9C%A0%EA%B4%80%EC%9D%B4-18%EC%9D%BC-%EB%A7%8C%EC%97%90-%EB%8B%A4%EC%8B%9C-%EB%8F%8C%EA%B8%B0-%EC%8B%9C%EC%9E%91%ED%96%88%EC%8A%B5%EB%8B%88%EB%8B%A4,https://wimg.sedaily.com/news/cms/2026/09/29/rcv.YNA.20260924.PAP20260924189801009_P1.jpg,1200,779,ok
https://ailens.sedaily.ai/property/2026/09/29/2026-09-29-%EC%A0%84%EC%9A%A9-84-%EA%B3%B5%EA%B3%B5%EC%9E%84%EB%8C%80%EC%97%90-3-4%EB%B2%A0%EC%9D%B4-6%EB%85%84-%EC%82%B4%EB%A9%B4-20%EB%85%84%EA%B9%8C%EC%A7%80,https://wimg.sedaily.com/news/cms/2026/09/29/news-p.v1.20260928.fc4f256dba09454aab408f4c6151e8de_P1.jpg,1200,800,ok
https://ailens.sedaily.ai/news/2026/09/29/2026-09-29-7%EB%B2%88-%EB%B0%9B%EC%9D%80-%EC%82%AC%EB%9E%8C%EB%8F%84-%EC%9E%88%EC%8A%B5%EB%8B%88%EB%8B%A4-%EC%8B%A4%EC%97%85%EA%B8%89%EC%97%AC-%ED%9A%9F%EC%88%98-%EC%A0%9C%ED%95%9C%EC%9D%B4-%EC%97%86%EA%B1%B0%EB%93%A0%EC%9A%94,https://wimg.sedaily.com/news/cms/2026/09/29/news-p.v1.20260929.4c34272a4d8f44d394f876ad8b9ed218_P1.jpg,1200,800,ok
https://ailens.sedaily.ai/news/2026/09/29/2026-09-29-%EA%B5%AD%EA%B3%A0%EC%B1%84-3%EB%85%84%EB%AC%BC%EC%9D%B4-4-1-%EB%A5%BC-%EB%84%98%EC%9D%80-%EB%8B%A4%EC%9D%8C-%EB%82%A0-%EC%A0%95%EB%B6%80%EA%B0%80-%EC%A6%89%EC%8B%9C-%EB%9D%BC%EA%B3%A0-%EB%A7%90%ED%96%88%EC%8A%B5%EB%8B%88%EB%8B%A4,https://wimg.sedaily.com/news/cms/2026/09/29/rcv.YNA.20260929.PYH2026092904970001300_P1.jpg,1200,928,ok
https://ailens.sedaily.ai/markets/2026/09/29/2026-09-29-900%EB%AA%85%EC%9D%B4-%ED%95%9C-%ED%98%B8%ED%85%94%EC%97%90-%EB%AA%A8%EC%97%AC-%EA%B0%99%EC%9D%80-%EB%AC%B8%EC%9E%A5%EC%9D%84-%EC%86%8C%EB%A6%AC-%EB%82%B4-%EC%9D%BD%EC%97%88%EC%8A%B5%EB%8B%88%EB%8B%A4,https://wimg.sedaily.com/news/cms/2026/09/29/news-p.v1.20260929.373a45d156a14126b3ea283d06749706_P1.jpg,1152,768,ok
https://ailens.sedaily.ai/markets/2026/09/29/2026-09-29-%EB%AF%B8%EA%B5%AD%EC%9D%B4-%EC%9D%B4%EB%9E%80-%EC%A0%9C%EC%95%88%EC%9D%84-%EA%B1%B0%EC%A0%88%ED%95%9C-%EB%8B%A4%EC%9D%8C-%EB%82%A0-%EC%BD%94%EC%8A%A4%ED%94%BC%EA%B0%80-6-845%EB%A1%9C-%EB%82%B4%EB%A0%A4%EC%95%89%EC%95%98%EC%8A%B5%EB%8B%88%EB%8B%A4,https://wimg.sedaily.com/news/cms/2026/09/29/news-p.v1.20260929.79f244b0baa74382abd8cd40f753644e_P1.png,1200,545,ok
https://ailens.sedaily.ai/news/2026/09/29/2026-09-29-%EC%8B%9C%ED%96%89%EB%B6%80%ED%84%B0-%EB%B0%98%EB%85%84-%EC%9E%AC%ED%8C%90%EC%86%8C%EC%9B%90-2-310%EA%B1%B4-%EC%A4%91-%ED%9A%8C%EB%B6%80%EB%90%9C-%EA%B1%B4-19%EA%B1%B4%EC%9E%85%EB%8B%88%EB%8B%A4,https://wimg.sedaily.com/news/cms/2026/09/28/rcv.NEWS1.NEWS1.20260325.2026-03-25T151906_1007817302_SOCIETY_I_P1.jpg,1200,837,ok
https://ailens.sedaily.ai/markets/2026/09/29/2026-09-29-%EC%82%BC%EC%84%B1-6%EA%B0%9C%EC%82%AC%EA%B0%80-%EA%B0%99%EC%9D%80-%EB%82%A0-%EB%AF%B8%EA%B5%AD-AI-%EC%9D%B8%ED%94%84%EB%9D%BC-%ED%9A%8C%EC%82%AC%EC%97%90-1%EC%A1%B0-3-600%EC%96%B5-%EC%9B%90%EC%9D%84-%EA%B1%B8%EC%97%88%EC%8A%B5%EB%8B%88%EB%8B%A4,https://wimg.sedaily.com/news/cms/2026/09/29/news-p.v1.20260212.38e4d18c1c084a08ae2b3ed52bf6978c_P1.jpg,302,69,ok
https://ailens.sedaily.ai/news/2026/09/29/2026-09-29-156%EB%A7%8C-%EB%AA%85%EC%9D%B4-%EB%B3%B8-%EC%98%81%ED%99%94-%ED%95%9C-%ED%8E%B8%EC%9D%B4-%EA%B5%AD%EC%A0%95%EA%B0%90%EC%82%AC-%EC%A6%9D%EC%9D%B8%EC%84%9D%EA%B9%8C%EC%A7%80-%EA%B0%94%EC%8A%B5%EB%8B%88%EB%8B%A4,https://wimg.sedaily.com/news/cms/2026/09/28/rcv.YNA.20260928.PYH2026092816260001301_P1.jpg,1200,800,ok
https://ailens.sedaily.ai/markets/2026/09/29/2026-09-29-%EC%84%B1%EC%9D%B8-5%EB%AA%85-%EC%A4%91-1%EB%AA%85%EC%9D%B4-%EC%9D%B4-%EA%B3%84%EC%A2%8C%EB%A5%BC-%EA%B0%96%EA%B3%A0-%EC%9E%88%EC%8A%B5%EB%8B%88%EB%8B%A4,https://wimg.sedaily.com/news/cms/2026/09/29/news-p.v1.20260929.324569b196fe408c8541ed525e2f65a3_P1.jpeg,620,413,ok
https://ailens.sedaily.ai/news/2026/09/29/2026-09-29-%EB%AC%B4%EC%86%8C%EC%86%8D-%ED%95%9C%EB%8F%99%ED%9B%88-8%EC%9D%BC-%EB%8F%99%EC%95%88-%ED%8E%98%EC%9D%B4%EC%8A%A4%EB%B6%81-%EA%B8%80-80%EC%97%AC-%EA%B1%B4%EC%9D%84-%EC%98%AC%EB%A0%B8%EC%8A%B5%EB%8B%88%EB%8B%A4,https://wimg.sedaily.com/news/cms/2026/09/28/rcv.NEWS1.NEWS1.20260924.2026-09-24T165110_1008125187_POLITICS_I_P1.jpg,1200,1426,ok
https://ailens.sedaily.ai/markets/2026/09/29/2026-09-29-%EB%8F%99%EC%95%84%EB%A6%AC%EC%97%90%EC%84%9C-%EB%A7%8C%EB%82%9C-%EC%82%AC%EC%9D%B4-5%EB%85%84%EA%B0%84-%ED%95%9C-%EB%B0%A9%ED%96%A5%EC%9C%BC%EB%A1%9C-%EC%9B%80%EC%A7%81%EC%98%80%EC%8A%B5%EB%8B%88%EB%8B%A4,https://wimg.sedaily.com/news/cms/2026/09/29/news-p.v1.20260929.36eb0a6a0dbe44c088405e2fd5b6a69b_P1.png,1041,563,ok
https://ailens.sedaily.ai/news/2026/09/29/2026-09-29-%EB%B9%84%EA%B3%B5%EA%B0%9C%EC%98%80%EB%8B%A4-vs-%EC%95%BD%EC%86%8D-%EC%95%88-%ED%96%88%EB%8B%A4-%EC%A0%A4%EB%A0%8C%EC%8A%A4%ED%82%A4-%EC%97%B0%EC%84%A4-%EB%8B%B7%EC%83%88-%EB%92%A4-%EB%8C%80%EC%82%AC%EB%8C%80%EB%A6%AC%EA%B0%80-%EC%99%B8%EA%B5%90%EB%B6%80%EB%A1%9C-%EB%B6%88%EB%A0%A4%EC%99%94%EC%8A%B5%EB%8B%88%EB%8B%A4,https://wimg.sedaily.com/news/cms/2026/09/28/rcv.YNA.20260924.PAF20260924038801009_P1.jpg,1200,800,ok
https://ailens.sedaily.ai/property/2026/09/29/2026-09-29-%EC%A7%80%EB%B0%A9%EC%97%90%EC%84%9C-%EB%AA%BB-%ED%8C%8C%EB%8A%94-%EC%A7%91%EC%9D%B4-6%EB%A7%8C-7-223%EA%B0%80%EA%B5%AC-%EA%B7%B8%EB%9E%98%EC%84%9C-%EC%84%9C%EC%9A%B8%EB%A1%9C-%EC%98%AC%EB%9D%BC%EC%99%94%EC%8A%B5%EB%8B%88%EB%8B%A4,https://wimg.sedaily.com/news/cms/2026/09/28/news-g.v1.20260928.a5caac6de05440d6bd2a6d011997a56e_P1.jpg,1200,648,ok
https://ailens.sedaily.ai/property/2026/09/29/2026-09-29-%EB%B0%98%EC%A7%80%ED%95%98-70-%EC%98%80%EB%8D%98-%EC%97%B0%EB%A6%BD-15%EC%B8%B5-%EC%95%84%ED%8C%8C%ED%8A%B8%EB%A1%9C-%EC%98%AC%EB%9D%BC%EC%84%B0%EC%8A%B5%EB%8B%88%EB%8B%A4,https://wimg.sedaily.com/news/cms/2026/09/28/rcv.NEWSIS.NEWSIS.20260928.NISI20260928_0021462138_P1.jpg,1200,914,ok
https://ailens.sedaily.ai/property/2026/09/29/2026-09-29-3%EA%B8%B0-%EC%8B%A0%EB%8F%84%EC%8B%9C-%EA%B3%84%EC%96%91%EC%97%90-%EC%B2%98%EC%9D%8C-%EB%93%A4%EC%96%B4%EC%84%9C%EB%8A%94-%EB%AF%BC%EA%B0%84-%EC%95%84%ED%8C%8C%ED%8A%B8-%EA%B7%B8%EB%9F%B0%EB%8D%B0-84-%EA%B0%80-7%EC%96%B5-%EC%9B%90%EB%8C%80-%EC%A4%91%EB%B0%98%EC%9D%B4%EB%9D%BC%EA%B3%A0,https://wimg.sedaily.com/news/cms/2026/09/28/news-g.v1.20260928.7532d7029b674001a78f000ceb28f098_P1.jpg,1200,685,ok
https://ailens.sedaily.ai/industry/2026/09/29/2026-09-29-9%EA%B0%9C%EC%9B%94-%EC%83%88-2-720%EC%96%B5-%EC%9B%90-%EB%B0%94%EC%9D%B4%EC%98%A4-%EA%B8%B0%EC%97%85%EB%93%A4%EC%9D%B4-CB-%ED%88%AC%EC%9E%90%EC%9E%90%EC%97%90%EA%B2%8C-%EB%8F%8C%EB%A0%A4%EC%A4%80-%EB%8F%88%EC%9E%85%EB%8B%88%EB%8B%A4,https://wimg.sedaily.com/news/cms/2026/09/28/news-g.v1.20260928.1b888836bac74b55be7f290504482027_P1.jpg,1200,501,ok
https://ailens.sedaily.ai/international/2026/09/29/2026-09-29-1996%EB%85%84-%EC%B2%AB-%ED%95%B4%EC%99%B8-%EB%A7%A4%EC%9E%A5%EC%9D%84-%EC%97%B4%EC%97%88%EB%8D%98-%EC%9D%BC%EB%B3%B8-%EC%8A%A4%ED%83%80%EB%B2%85%EC%8A%A4%EA%B0%80-4%EC%A1%B0-%EC%9B%90%EC%97%90-%EB%82%B4%EB%86%93%EC%8A%B5%EB%8B%88%EB%8B%A4,https://wimg.sedaily.com/news/cms/2026/09/28/rcv.YNA.20260422.PAP20260422002301009_P1.jpg,1200,800,ok
https://ailens.sedaily.ai/finance/2026/09/29/2026-09-29-%ED%8F%89%EA%B0%80%EB%B0%9B%EB%8A%94-%EC%AA%BD%EC%9D%B4-%ED%8F%89%EA%B0%80%ED%95%98%EB%8A%94-%EC%AA%BD%EC%97%90-20%EC%96%B5%EC%9D%84-%EB%83%88%EC%8A%B5%EB%8B%88%EB%8B%A4,https://wimg.sedaily.com/news/cms/2026/09/29/news-g.v1.20260928.37df3dcd9bee4d53b2e1359bd84b40f0_P1.jpg,1200,597,ok
https://ailens.sedaily.ai/international/2026/09/29/2026-09-29-%EC%A7%91%EA%B0%92-%EC%98%AC%EB%A6%B0-%EB%B2%94%EC%9D%B8%EC%9C%BC%EB%A1%9C-%EC%9B%94%EC%8A%A4%ED%8A%B8%EB%A6%AC%ED%8A%B8-%EB%8C%80%EC%8B%A0-%EC%82%AC%EB%AA%A8%ED%8E%80%EB%93%9C%EA%B0%80-%EC%A7%80%EB%AA%A9%EB%90%90%EC%8A%B5%EB%8B%88%EB%8B%A4,https://wimg.sedaily.com/news/cms/2026/09/28/rcv.YNA.20260917.PAP20260917214001009_P1.jpg,1200,800,ok
https://ailens.sedaily.ai/international/2026/09/29/2026-09-29-70%EB%85%84-%EC%82%B0-%EC%A7%91%EC%97%90%EC%84%9C-%EB%93%A4%EA%B2%83%EC%97%90-%EC%8B%A4%EB%A0%A4-%EB%82%98%EC%98%A8-87%EC%84%B8-%EB%A7%88%EB%93%9C%EB%A6%AC%EB%93%9C%EA%B0%80-%EB%A9%88%EC%B7%84%EC%8A%B5%EB%8B%88%EB%8B%A4,https://wimg.sedaily.com/news/cms/2026/09/29/news-p.v1.20260928.47db5ae9af904fb09d257288e7eb3057_P1.jpg,1200,800,ok
https://ailens.sedaily.ai/finance/2026/09/29/2026-09-29-%EA%B5%AD%EA%B3%A0%EC%B1%84-%EA%B8%88%EB%A6%AC%EB%8A%94-1-4-%ED%8F%AC%EC%9D%B8%ED%8A%B8-%EC%98%AC%EB%9E%90%EB%8A%94%EB%8D%B0-%EC%A0%80%EC%B6%95%EB%B3%B4%ED%97%98-%EC%9D%B4%EC%9C%A8%EC%9D%80-%EB%82%B4%EB%A0%A4%EA%B0%94%EC%8A%B5%EB%8B%88%EB%8B%A4,https://wimg.sedaily.com/news/cms/2026/09/28/news-p.v1.20260928.616dadce413c4a4799de577589d6cc3d_P1.png,1080,810,ok
https://ailens.sedaily.ai/finance/2026/09/29/2026-09-29-%EC%98%A8%EC%B2%B4%EC%9D%B8-%EB%B3%B4%EC%9C%A0%EB%8A%94-%EC%84%B8%EA%B3%84-2%EC%9C%84%EC%9D%B8%EB%8D%B0-%EA%B3%BC%EC%84%B8-%EC%A4%80%EB%B9%84%EB%8A%94-%EC%95%84%EC%A7%81-%EA%B3%A0%EC%8B%9C-%EB%8B%A8%EA%B3%84%EC%9E%85%EB%8B%88%EB%8B%A4,https://wimg.sedaily.com/news/cms/2026/09/28/news-p.v1.20260928.44db60a9290f4f6bb5065dbb2849a3f9_P1.png,640,425,ok
https://ailens.sedaily.ai/industry/2026/09/29/2026-09-29-%EC%A7%80%EA%B8%88-CPTPP%EC%97%90-%EA%B0%80%EC%9E%85%ED%95%98%EB%A9%B4-%EC%9A%B0%EB%A6%AC-%EC%88%98%EC%B6%9C%EC%9D%98-%EA%B0%80%EC%9E%A5-%ED%81%B0-%EC%8B%9C%EC%9E%A5%EC%9D%B4-%EB%AC%B8%EC%9D%84-%EC%97%BD%EB%8B%88%EB%8B%A4,https://wimg.sedaily.com/news/cms/2026/09/29/rcv.YNA.20260715.PYH2026071505970005100_P1.jpg,1200,707,ok
https://ailens.sedaily.ai/international/2026/09/29/2026-09-29-B-1-%ED%8F%AD%EA%B2%A9%EA%B8%B0%EA%B9%8C%EC%A7%80-%EB%9D%84%EC%9B%A0%EB%8A%94%EB%8D%B0-%EB%82%A8%EC%9D%80-%EA%B1%B4-%EB%91%90-%EB%8B%AC%EC%9D%B4%EB%9D%BC%EA%B3%A0,https://wimg.sedaily.com/news/cms/2026/09/29/rcv.YNA.20260926.PEP20260926023001009_P1.jpg,1200,800,ok
https://ailens.sedaily.ai/international/2026/09/29/2026-09-29-%EC%A0%84%EC%9E%90%EB%A0%88%EC%9D%B8%EC%A7%80%EC%99%80-%EC%88%98%EC%88%A0%EB%A1%9C%EB%B4%87%EC%9D%B4-%EA%B0%99%EC%9D%80-%EB%82%A0-%EA%B4%80%EC%84%B8%ED%91%9C%EC%97%90%EC%84%9C-%EB%82%B4%EB%A0%A4%EC%99%94%EC%8A%B5%EB%8B%88%EB%8B%A4,https://wimg.sedaily.com/news/cms/2026/09/28/news-p.v1.20260928.5698703e8dce4ecf9e137b2644fc5f5d_P1.jpg,700,467,ok
https://ailens.sedaily.ai/news/2026/09/29/2026-09-29-%EC%A0%84%EA%B5%AD-%EC%83%81%EA%B0%80-8%EA%B3%B3-%EC%A4%91-1%EA%B3%B3%EC%9D%B4-%EB%B9%84%EC%97%88%EC%8A%B5%EB%8B%88%EB%8B%A4-7%EB%B6%84%EA%B8%B0-%EC%97%B0%EC%86%8D%EC%9E%85%EB%8B%88%EB%8B%A4,https://wimg.sedaily.com/news/cms/2026/09/29/news-p.v1.20260928.047d68c0fb7041c5bcf9ab2f81c5eb81_P1.png,526,336,ok
https://ailens.sedaily.ai/international/2026/09/29/2026-09-29-%EC%9E%90%EB%8F%99%EC%B0%A8-%EC%83%9D%EC%82%B0-%EC%8B%AC%EB%A6%AC%EA%B0%80-%ED%95%9C-%EB%8B%AC%EC%97%90-22%ED%8F%AC%EC%9D%B8%ED%8A%B8-%EB%B9%A0%EC%A1%8C%EC%8A%B5%EB%8B%88%EB%8B%A4,https://wimg.sedaily.com/news/cms/2026/09/28/rcv.NEWS1.NEWS1.20260724.2026-07-24T112025_1008023571_ECONOMY_I_P1.jpg,1200,585,ok
https://ailens.sedaily.ai/industry/2026/09/29/2026-09-29-%EB%B0%98%EB%B3%B5-%EB%8B%B4%ED%95%A9-%EC%9D%B4%EB%B2%88%EC%97%94-%EA%B3%BC%EC%A7%95%EA%B8%88%EC%9D%B4-%EC%95%84%EB%8B%88%EB%9D%BC-%EC%82%AC%EC%97%85%EA%B6%8C%EC%9D%84-%EA%B1%B4%EB%93%9C%EB%A6%BD%EB%8B%88%EB%8B%A4,https://wimg.sedaily.com/news/cms/2026/09/29/news-p.v1.20260928.2d530352c57842ea8542debf35be9b29_P1.png,1200,675,ok
https://ailens.sedaily.ai/industry/2026/09/29/2026-09-29-%EC%84%9C%EB%B2%84-%EB%8C%80%EC%88%98%EB%8A%94-%EC%86%8C%EC%88%98%EC%A0%90%EA%B9%8C%EC%A7%80-%EC%95%84%EB%8A%94%EB%8D%B0-AI-%EC%97%90%EC%9D%B4%EC%A0%84%ED%8A%B8-%EC%88%98%EB%8A%94-%EC%B6%94%EC%B8%A1%EC%9C%BC%EB%A1%9C-%EB%8B%B5%ED%95%A9%EB%8B%88%EB%8B%A4,https://wimg.sedaily.com/news/cms/2026/09/28/news-p.v1.20260928.ddaa77de2d3c435e8780cbd39cdc5a74_P1.png,1200,675,ok
https://ailens.sedaily.ai/industry/2026/09/29/2026-09-29-%EB%9F%B0%EB%8D%98-%EC%B1%84%EB%A7%81-%ED%81%AC%EB%A1%9C%EC%8A%A4-%EB%A1%9C%EB%93%9C-%EB%8F%84%EB%B3%B4-5%EB%B6%84-%EC%95%88%EC%97%90-K%EB%B7%B0%ED%8B%B0-%EB%A7%A4%EC%9E%A5%EC%9D%B4-%EC%84%B8-%EA%B3%B3%EC%9E%85%EB%8B%88%EB%8B%A4,https://wimg.sedaily.com/news/cms/2026/09/28/news-p.v1.20260928.0eaf0cf4a29549e984115632c03586cb_P1.jpg,1200,479,ok
https://ailens.sedaily.ai/industry/2026/09/29/2026-09-29,https://wimg.sedaily.com/news/cms/2026/09/28/rcv.YNA.20260927.PYH2026092703430005100_P1.jpg,1200,779,ok
https://ailens.sedaily.ai/industry/2026/09/29/2026-09-29-%EB%B0%9C%ED%9A%A8-%EB%91%90-%EB%8B%AC-%EC%A0%84%EC%9D%B8%EB%8D%B0-%EB%AF%B8%EA%B5%AD-%ED%83%9C%EC%96%91%EA%B4%91-%EB%AA%A8%EB%93%88-%EA%B0%80%EA%B2%A9%EC%9D%B4-%EB%B2%8C%EC%8D%A8-40-%EC%98%AC%EB%9E%90%EC%8A%B5%EB%8B%88%EB%8B%A4,https://wimg.sedaily.com/news/cms/2026/09/29/news-g.v1.20260928.49795fe6cda14e56b14f0e281aa86787_P1.jpg,1200,940,ok
https://ailens.sedaily.ai/markets/2026/09/29/2026-09-29-%EC%BD%94%EC%8A%A4%ED%94%BC%EB%8A%94-191%ED%8F%AC%EC%9D%B8%ED%8A%B8-%EB%B9%A0%EC%A7%84-%EB%82%A0-%EB%A9%94%EB%A6%AC%EC%B8%A0%EA%B8%88%EC%9C%B5%EC%A7%80%EC%A3%BC%EB%A7%8C-5-57-%EC%98%AC%EB%9E%90%EC%8A%B5%EB%8B%88%EB%8B%A4,https://wimg.sedaily.com/news/cms/2026/09/28/news-p.v1.20260107.9e7d046581ef469eb27cc224163acfb3_P1.jpg,640,427,ok
https://ailens.sedaily.ai/markets/2026/09/29/2026-09-29-%EC%A0%84%EB%AC%B8%EC%9D%98-2%EB%AA%85%EC%9D%B4-%EB%B3%B4%EB%8D%98-%EA%B2%83%EC%9D%84-%EC%9D%B4%EC%A0%9C-AI%EC%99%80-1%EB%AA%85%EC%9D%B4-%EB%B4%85%EB%8B%88%EB%8B%A4,https://wimg.sedaily.com/news/cms/2026/09/28/news-g.v1.20260928.d4e2968b89044dc5a283b01574508020_P1.jpg,635,518,ok
https://ailens.sedaily.ai/finance/2026/09/29/2026-09-29-0-25-%ED%8F%AC%EC%9D%B8%ED%8A%B8-%EB%82%B4%EB%A0%A4%EA%B0%94%EB%8A%94%EB%8D%B0-%EB%B3%B4%ED%97%98%EB%A3%8C%EB%8A%94-10-%EC%98%A4%EB%A6%85%EB%8B%88%EB%8B%A4,https://wimg.sedaily.com/news/cms/2026/09/28/news-p.v1.20260927.539d6f8e6cfe4ad997d9651ee0c4344b_P1.png,697,429,ok
https://ailens.sedaily.ai/international/2026/09/28/2026-09-28-%EC%8A%B9%EC%84%A0-%EB%AA%85%EB%B6%80-131%EB%AA%85-%EA%B5%AC%EC%A1%B0%EB%90%9C-%EC%82%AC%EB%9E%8C%EC%9D%80-172%EB%AA%85%EC%9D%B4%EC%97%88%EC%8A%B5%EB%8B%88%EB%8B%A4,https://wimg.sedaily.com/news/cms/2026/09/28/rcv.YNA.20260918.PAF20260918171501009_P1.jpg,1200,800,ok
https://ailens.sedaily.ai/news/2026/09/28/2026-09-28-DMZ-%ED%8F%AD%EB%B0%9C-%ED%98%84%EC%9E%A5%EC%97%90-%EC%9E%88%EB%8D%98-%EB%B3%91%EB%A0%A5-%EC%84%9C%EB%A1%9C-%EB%8B%A4%EB%A5%B8-%EB%A7%90%EC%9D%84-%ED%95%98%EA%B3%A0-%EC%9E%88%EC%8A%B5%EB%8B%88%EB%8B%A4,https://wimg.sedaily.com/news/cms/2026/09/28/news-p.v1.20260928.6c6b7ce0c35545498166420bc54df82d_P1.jpg,720,405,ok
https://ailens.sedaily.ai/news/2026/09/28/2026-09-28-%EC%97%B0%ED%9C%B4-%EB%81%9D%EB%82%98%EA%B3%A0-%EC%97%B4%EC%96%B4%EB%B3%B4%EB%8B%88-3%EB%85%84%EB%AC%BC-%EA%B8%88%EB%A6%AC%EA%B0%80-4-%EB%A5%BC-%EB%84%98%EC%97%88%EC%8A%B5%EB%8B%88%EB%8B%A4,https://wimg.sedaily.com/news/cms/2026/09/28/rcv.YNA.20260928.PYH2026092802630001300_P1.jpg,1200,691,ok
https://ailens.sedaily.ai/news/2026/09/28/2026-09-28-%EC%97%B0%ED%9C%B4-%EC%89%AC%EB%8A%94-%EB%8F%99%EC%95%88-%EA%B5%AD%EA%B3%A0%EC%B1%84-3%EB%85%84%EB%AC%BC%EC%9D%B4-3%EB%85%84-10%EA%B0%9C%EC%9B%94-%EB%A7%8C%EC%9D%98-%EC%B5%9C%EA%B3%A0%EC%B9%98%EB%A1%9C-%EC%98%AC%EB%9D%BC%EC%84%B0%EC%8A%B5%EB%8B%88%EB%8B%A4,https://wimg.sedaily.com/news/cms/2026/09/28/rcv.YNA.20260928.PYH2026092802630001300_P1.jpg,1200,691,ok
https://ailens.sedaily.ai/finance/2026/09/28/2026-09-28-%EB%B3%B4%ED%97%98%EA%B8%88-%EC%95%88-%EC%A3%BC%EA%B1%B0%EB%82%98-%EB%8D%9C-%EC%A4%80-%EA%B2%8C-961%EA%B1%B4-4%EA%B0%9C-%ED%9A%8C%EC%82%AC%EA%B0%80-%EA%B7%B8%EC%A4%91-86-5-%EB%A5%BC-%EC%B0%A8%EC%A7%80%ED%95%A9%EB%8B%88%EB%8B%A4,https://wimg.sedaily.com/news/cms/2026/09/28/news-p.v1.20260928.027ca3b117b1411c8aa755f8a2ef2c11_P1.jpg,1200,644,ok
https://ailens.sedaily.ai/finance/2026/09/28/2026-09-28-%EB%B3%B4%ED%97%98%EA%B8%88-%EC%95%88-%EC%A4%80-%EA%B2%8C-961%EA%B1%B4-%EA%B7%B8%EB%9F%B0%EB%8D%B0-1%EA%B1%B4-%ED%8F%89%EA%B7%A0%EC%9D%B4-57%EB%A7%8C-%EC%9B%90%EC%9E%85%EB%8B%88%EB%8B%A4,https://wimg.sedaily.com/news/cms/2026/09/28/news-p.v1.20260928.027ca3b117b1411c8aa755f8a2ef2c11_P1.jpg,1200,644,ok
https://ailens.sedaily.ai/finance/2026/09/28/2026-09-28-%EB%82%B4%EB%85%84-4%EC%9B%94-%EC%9D%80%ED%96%89-%EB%AC%B8-%EC%95%9E%EC%97%90%EC%84%9C-30%EB%B6%84-%EB%8D%94-%EA%B8%B0%EB%8B%A4%EB%A6%BD%EB%8B%88%EB%8B%A4,https://wimg.sedaily.com/news/cms/2026/09/28/news-p.v1.20260928.5dbf20d72671422fbbf5526252c0c248_P1.png,860,502,ok
https://ailens.sedaily.ai/property/2026/09/28/2026-09-28-%EA%B0%95%EB%82%A8%EC%9D%80-%EB%82%B4%EB%A0%A4%EA%B0%80%EA%B3%A0-%EB%85%B8%EC%9B%90%EC%9D%80-2-32-%EC%98%AC%EB%9E%90%EC%8A%B5%EB%8B%88%EB%8B%A4,https://wimg.sedaily.com/news/cms/2026/09/28/rcv.YNA.20260927.PYH2026092708110001300_P1.jpg,1200,728,ok
https://ailens.sedaily.ai/finance/2026/09/28/2026-09-28-%EA%B5%AD%EA%B3%A0%EC%B1%84-%EA%B8%88%EB%A6%AC%EB%8A%94-1-4-%ED%8F%AC%EC%9D%B8%ED%8A%B8-%EC%98%AC%EB%9E%90%EB%8A%94%EB%8D%B0-%EB%82%B4-%EB%B3%B4%ED%97%98-%EC%9D%B4%EC%9C%A8%EC%9D%80-0-05-%ED%8F%AC%EC%9D%B8%ED%8A%B8-%EB%82%B4%EB%A0%A4%EA%B0%94%EC%8A%B5%EB%8B%88%EB%8B%A4,https://wimg.sedaily.com/news/cms/2026/09/28/news-p.v1.20260907.ff9a5c7964eb4ae2ad06c5a18fa8af2f_P1.jpg,1200,784,ok
https://ailens.sedaily.ai/international/2026/09/28/2026-09-28-2028%EB%85%84%EA%B9%8C%EC%A7%80-%EB%A7%A4%EB%85%84-170%EC%96%B5-%EB%8B%AC%EB%9F%AC-%EC%82%AC%EA%B2%A0%EB%8B%A4%EB%8D%94%EB%8B%88-7%EA%B0%9C%EC%9B%94%EA%B0%84-39%EC%96%B5-%EB%8B%AC%EB%9F%AC,https://wimg.sedaily.com/news/cms/2026/09/28/news-p.v1.20260928.eb4e03cdbc1b4bf387af3601555b3c14_P1.jpg,1200,800,ok
https://ailens.sedaily.ai/international/2026/09/28/2026-09-28-%EC%A0%9C%EC%A1%B0%EC%97%85%EC%9D%80-6%EC%A1%B0-%EC%9B%90-%EC%96%BB%EA%B3%A0-%EB%86%8D%EC%97%85%EC%9D%80-7-100%EC%96%B5-%EC%9B%90-%EC%9E%83%EC%8A%B5%EB%8B%88%EB%8B%A4,https://wimg.sedaily.com/news/cms/2026/09/28/rcv.YNA.20260906.PYH2026090603530006100_P1.jpg,1200,733,ok
https://ailens.sedaily.ai/industry/2026/09/28/2026-09-28-%EC%9E%90%EC%A7%84%EC%8B%A0%EA%B3%A0%ED%95%B4%EC%84%9C-%EA%B3%BC%EC%A7%95%EA%B8%88-%EA%B9%8E%EC%95%84%EB%8F%84-5%EB%85%84-%EC%95%88%EC%97%90-%EB%98%90-%EA%B1%B8%EB%A6%AC%EB%A9%B4-%EB%AC%B8%EC%9D%84-%EB%8B%AB%EC%8A%B5%EB%8B%88%EB%8B%A4,https://wimg.sedaily.com/news/cms/2026/09/28/rcv.YNA.20260928.PYH2026092801440001300_P1.jpg,1200,641,ok
https://ailens.sedaily.ai/industry/2026/09/28/2026-09-28-CPTPP-%EA%B0%80%EC%9E%85%EA%B5%AD%EC%97%90-%ED%8C%8C%EB%8A%94-%EA%B2%8C-%EB%AF%B8%EA%B5%AD%EB%B3%B4%EB%8B%A4-%EB%A7%8E%EC%8A%B5%EB%8B%88%EB%8B%A4,https://wimg.sedaily.com/news/cms/2026/09/28/rcv.YNA.20260715.PYH2026071505970005100_P1.jpg,1200,707,ok
https://ailens.sedaily.ai/industry/2026/09/28/2026-09-28-2%EC%A3%BC-%EB%A7%8C%EC%97%90-100%EC%96%B5-%EB%8B%AC%EB%9F%AC-%EB%86%8D%EC%88%98%EC%82%B0%EC%8B%9D%ED%92%88-%EC%88%98%EC%B6%9C%EC%9D%B4-CPTPP-%EB%85%BC%EC%9F%81%EC%9D%84-%ED%9D%94%EB%93%AD%EB%8B%88%EB%8B%A4,https://wimg.sedaily.com/news/cms/2026/09/28/rcv.YNA.20260715.PYH2026071505970005100_P1.jpg,1200,707,ok
https://ailens.sedaily.ai/markets/2026/09/28/2026-09-28-CMA-%EA%B3%84%EC%A2%8C%EA%B0%80-4-009%EB%A7%8C-%EA%B0%9C-%EC%9A%B0%EB%A6%AC%EB%82%98%EB%9D%BC-%EC%9D%B8%EA%B5%AC%EB%B3%B4%EB%8B%A4-%EB%A7%8E%EC%95%84%EC%A1%8C%EC%8A%B5%EB%8B%88%EB%8B%A4,https://wimg.sedaily.com/news/cms/2026/09/28/news-p.v1.20260928.2416b25cb9f2400380887ee3e9046d35_P1.png,560,347,ok
https://ailens.sedaily.ai/markets/2026/09/28/2026-09-28-%EA%B3%84%EC%95%BD%EC%84%9C%EC%97%90-%EB%8F%84%EC%9E%A5-%EC%B0%8D%EA%B8%B0-%ED%95%98%EB%A3%A8-%EC%A0%84-%EC%94%A8%EC%8B%B8%EC%9D%B4%ED%8A%B8%EB%8A%94-%EC%9D%B4%EB%AF%B8-%EC%83%81%ED%95%9C%EA%B0%80%EC%98%80%EC%8A%B5%EB%8B%88%EB%8B%A4,https://wimg.sedaily.com/news/cms/2026/09/28/news-p.v1.20260928.ac21fab4b6ca461f8e05364f3c75ffc2_P1.png,960,920,ok
https://ailens.sedaily.ai/markets/2026/09/28/2026-09-28-%EC%97%B0%EB%82%B4-%EB%A7%A4%EA%B0%81%EC%9D%80-%EC%82%AC%EC%8B%A4%EC%83%81-%EC%A0%91%EC%97%88%EC%8A%B5%EB%8B%88%EB%8B%A4-%EB%8C%80%EC%8B%A0-%EC%9E%90%EC%82%AC%EC%A3%BC-%EC%96%98%EA%B8%B0%EA%B0%80-%EB%82%98%EC%98%B5%EB%8B%88%EB%8B%A4,https://wimg.sedaily.com/news/cms/2026/09/28/news-p.v1.20260928.42801d5a754e4b1085fe243927b514ad_P1.jpeg,700,466,ok
https://ailens.sedaily.ai/markets/2026/09/28/2026-09-28-HMM-%EB%A7%A4%EA%B0%81%EC%9D%80-%EB%A9%88%EC%B7%84%EB%8A%94%EB%8D%B0-%EC%A6%9D%EA%B6%8C%EC%82%AC%EB%93%A4%EC%9D%80-%EB%B2%8C%EC%8D%A8-%EC%9B%80%EC%A7%81%EC%9D%B4%EA%B8%B0-%EC%8B%9C%EC%9E%91%ED%96%88%EC%8A%B5%EB%8B%88%EB%8B%A4,https://wimg.sedaily.com/news/cms/2026/09/28/news-p.v1.20260928.42801d5a754e4b1085fe243927b514ad_P1.jpeg,700,466,ok
https://ailens.sedaily.ai/industry/2026/09/28/2026-09-28-%EB%AC%B4%EC%8B%A0%EC%82%AC-%EC%9C%A0%EC%B6%9C-16%EB%A7%8C-%EA%B1%B4%EC%9D%B4-%EB%81%9D%EC%9D%B4-%EC%95%84%EB%8B%88%EC%97%88%EC%8A%B5%EB%8B%88%EB%8B%A4,https://wimg.sedaily.com/news/cms/2026/09/28/news-p.v1.20260928.3b80cd4b1d68494a8575541551d74286_P1.jpg,213,320,ok
https://ailens.sedaily.ai/markets/2026/09/28/2026-09-28-%EB%82%B4-SK%ED%95%98%EC%9D%B4%EB%8B%89%EC%8A%A4%EA%B0%80-4-62-%EB%B9%A0%EC%A7%84-%EB%82%A0-%EC%9C%84%EB%A1%9C-%EC%98%AC%EB%9D%BC%EA%B0%88%EC%88%98%EB%A1%9D-%EB%8D%94-%ED%81%AC%EA%B2%8C-%EB%B9%A0%EC%A1%8C%EC%8A%B5%EB%8B%88%EB%8B%A4,https://wimg.sedaily.com/news/cms/2026/09/28/news-p.v1.20260918.34b35ed7c6264e0a85cc81eba47fd246_P1.png,700,700,ok
https://ailens.sedaily.ai/industry/2026/09/28/2026-09-28-%EA%B7%9C%EC%A0%9C%EB%8A%94-12%EC%9B%94%EC%9D%B8%EB%8D%B0-%EA%B0%80%EA%B2%A9%EC%9D%80-%EB%B2%8C%EC%8D%A8-40-%EC%98%AC%EB%9E%90%EC%8A%B5%EB%8B%88%EB%8B%A4,https://wimg.sedaily.com/news/cms/2026/09/28/news-g.v1.20260928.49795fe6cda14e56b14f0e281aa86787_P1.jpg,1200,940,ok
https://ailens.sedaily.ai/industry/2026/09/28/2026-09-28-%EB%9F%B0%EB%8D%98-%ED%82%B9%EC%8A%A4%ED%81%AC%EB%A1%9C%EC%8A%A4%EB%A5%BC-%EB%94%B0%EB%9D%BC%EA%B0%80%EA%B2%A0%EB%8B%A4%EB%8D%98-6%EA%B3%B3-2%EA%B3%B3%EB%A7%8C-%EB%82%A8%EC%95%98%EC%8A%B5%EB%8B%88%EB%8B%A4,https://sedaily-mbti-cms-media-dev.s3.us-east-1.amazonaws.com/media/mustknow-auto/20095694-webtoon-cut001.png,1216,832,ok
https://ailens.sedaily.ai/industry/2026/09/28/2026-09-28-%EC%9E%90%EA%B8%B0%EC%9E%90%EB%B3%B8%EC%9D%98-43-6-%EB%A5%BC-%ED%95%9C-%EC%A0%9C%ED%92%88%EC%97%90-%EA%B1%B8%EC%97%88%EC%8A%B5%EB%8B%88%EB%8B%A4,https://wimg.sedaily.com/news/cms/2026/09/28/news-p.v1.20260928.8aea63d721ae49848d0c237c00263109_P1.jpg,1200,675,ok
https://ailens.sedaily.ai/markets/2026/09/28/2026-09-28-6-889-74-%EC%BD%94%EC%8A%A4%ED%94%BC%EA%B0%80-7000%EC%84%A0-%EC%95%84%EB%9E%98%EB%A1%9C-%EB%8B%A4%EC%8B%9C-%EB%82%B4%EB%A0%A4%EC%95%89%EC%95%98%EC%8A%B5%EB%8B%88%EB%8B%A4-%EA%B7%B8%EB%9F%B0%EB%8D%B0-%EB%8D%94-%EC%A1%B0%EC%9A%A9%ED%95%9C-%EC%88%AB%EC%9E%90%EB%8A%94-0-50-%EC%9E%85%EB%8B%88%EB%8B%A4,https://wimg.sedaily.com/news/cms/2026/09/28/rcv.YNA.20260928.PYH2026092818580001300_P1.jpg,1200,969,ok
https://ailens.sedaily.ai/markets/2026/09/28/2026-09-28-1%EC%96%B5-1-049%EB%A7%8C-%EC%8C%8D%EC%9D%84-%EB%8C%80%EC%A1%B0%ED%96%88%EB%8D%94%EB%8B%88-%EA%B8%B0%EC%82%AC-%EB%9C%AC-%EB%82%A0-%EC%A3%BC%EA%B0%80%EA%B0%80-1-17%EB%B0%B0-%ED%9D%94%EB%93%A4%EB%A0%B8%EC%8A%B5%EB%8B%88%EB%8B%A4,https://wimg.sedaily.com/news/cms/2026/09/28/news-p.v1.20260927.8fefa4d909bc478091e753eee8a030fc_P1.jpg,1200,789,ok
https://ailens.sedaily.ai/markets/2026/09/28/2026-09-28-%EC%97%B0%ED%9C%B4-%EC%97%B4%ED%9D%98-%EC%89%AC%EA%B3%A0-%EB%8F%8C%EC%95%84%EC%98%A8-%EC%B2%AB%EB%82%A0-%EC%BD%94%EC%8A%A4%ED%94%BC%EA%B0%80-191%ED%8F%AC%EC%9D%B8%ED%8A%B8%EB%A5%BC-%EC%9E%83%EC%97%88%EC%8A%B5%EB%8B%88%EB%8B%A4,https://wimg.sedaily.com/news/cms/2026/09/28/rcv.NEWS1.NEWS1.20260928.2026-09-28T155446_1008129913_FINANCE-STOCK_I_P1.jpg,1200,800,ok
https://ailens.sedaily.ai/markets/2026/09/28/2026-09-28-%ED%95%9C%EA%B5%AD%EC%97%90-700%EC%96%B5-%EB%8B%AC%EB%9F%AC-%EB%84%A3%EC%9D%80-%EC%9A%B4%EC%9A%A9%EC%82%AC%EA%B0%80-%EB%B0%B0%EB%8B%B9%EC%84%B8-45-%EB%8A%94-%EB%84%88%EB%AC%B4-%EB%86%92%EB%8B%A4-%EA%B3%A0-%ED%96%88%EC%8A%B5%EB%8B%88%EB%8B%A4,https://wimg.sedaily.com/news/cms/2026/09/28/rcv.YNA.20260928.PYH2026092810590001300_P1.jpg,1200,696,ok
https://ailens.sedaily.ai/news/2026/09/28/2026-09-28-2023%EB%85%84-3%EC%9B%94-17%EC%9D%BC-%EB%8B%B9%EB%8C%80%ED%91%9C%EA%B0%80-%EB%90%9C-%EB%8B%A4%EC%9D%8C-%EB%82%A0-%EA%B0%80%EB%B0%A9-%ED%95%98%EB%82%98%EA%B0%80-%EA%B1%B4%EB%84%A4%EC%A1%8C%EC%8A%B5%EB%8B%88%EB%8B%A4,https://wimg.sedaily.com/news/cms/2026/09/28/news-p.v1.20260928.7586599ebe594d4593799d50ed872984_P1.jpg,500,333,ok
https://ailens.sedaily.ai/industry/2026/09/28/2026-09-28-%EB%8F%99%EB%84%A4%EC%9D%98%EC%9B%90-120%EA%B3%B3-29%EC%9D%BC%EB%B6%80%ED%84%B0-%EC%95%84%ED%94%84%EC%A7%80-%EC%95%8A%EA%B2%8C-%EA%B4%80%EB%A6%AC%ED%95%B4%EC%A3%BC%EB%8A%94-%EA%B3%B3%EC%9D%B4-%EB%90%A9%EB%8B%88%EB%8B%A4,https://wimg.sedaily.com/news/cms/2026/09/28/news-p.v1.20260928.56dc936440df4193803cab342a0d312c_P1.png,1200,800,ok
https://ailens.sedaily.ai/industry/2026/09/28/2026-09-28-2-3-%EB%A1%9C-%EB%B9%8C%EB%A0%A4%EC%84%9C-18-%EB%A1%9C-%EB%B9%8C%EB%A0%A4%EC%A4%AC%EC%8A%B5%EB%8B%88%EB%8B%A4,https://wimg.sedaily.com/news/cms/2026/09/28/9/news-p.v1.20260106.2f96beda57834661a2d622f119080969_P1.png,838,598,ok
https://ailens.sedaily.ai/industry/2026/09/28/2026-09-28-%EB%B9%84%ED%96%89%EA%B8%B0-%ED%95%9C-%EB%8C%80-%ED%8C%8C%EB%8A%94-%EA%B2%8C-%EC%95%84%EB%8B%88%EB%9D%BC-%EA%B3%B5%EC%9E%A5%EC%9D%84-%EC%8B%AC%EA%B2%A0%EB%8B%A4%EB%8A%94-%EC%96%98%EA%B9%81%EB%8B%88%EB%8B%A4,https://wimg.sedaily.com/news/cms/2026/09/28/news-p.v1.20260928.1fe8a25c6e8a43088270f483ded1f909_P1.jpg,1200,800,ok
https://ailens.sedaily.ai/industry/2026/09/28/2026-09-28-%EC%82%BC%EC%84%B1%EB%94%94%EC%8A%A4%ED%94%8C%EB%A0%88%EC%9D%B4%EA%B0%80-%EC%B2%98%EC%9D%8C%EC%9C%BC%EB%A1%9C-LG-%EA%B3%84%EC%97%B4%EC%82%AC-%EC%B9%A9%EC%9D%84-%EB%B0%9B%EC%8A%B5%EB%8B%88%EB%8B%A4,https://wimg.sedaily.com/news/cms/2026/09/28/news-p.v1.20260224.6e44cf3a71644144a49c97af0ef0a336_P1.jpg,640,423,ok
https://ailens.sedaily.ai/industry/2026/09/28/2026-09-28-HJ%EC%A4%91%EA%B3%B5%EC%97%85-%EB%85%B8%EC%82%AC-%ED%8C%8C%EC%97%85-%ED%95%9C-%EB%B2%88-%EC%97%86%EC%9D%B4-4%EA%B0%9C%EC%9B%94-%EB%A7%8C%EC%97%90-%EB%81%9D%EB%83%88%EC%8A%B5%EB%8B%88%EB%8B%A4,https://wimg.sedaily.com/news/cms/2026/09/28/news-p.v1.20260928.a221a378a476438b8b3c09084a925477_P1.jpg,1200,857,ok
https://ailens.sedaily.ai/industry/2026/09/28/2026-09-28-9%EC%9B%94%EC%97%90-%EA%B2%A8%EC%9A%B0-102-%EC%B0%8D%EC%97%88%EB%8A%94%EB%8D%B0-%ED%95%9C-%EB%8B%AC-%EB%A7%8C%EC%97%90-%EB%8B%A4%EC%8B%9C-98-6%EC%9E%85%EB%8B%88%EB%8B%A4,https://wimg.sedaily.com/news/cms/2026/09/28/news-p.v1.20260928.a5885e21702f44d1ae38268fc83d9457_P1.jpg,620,419,ok
https://ailens.sedaily.ai/markets/2026/09/28/2026-09-28-%EC%9C%A0%EB%B0%A9%EC%95%94-%EA%B2%80%EC%A7%84%ED%95%98%EB%8A%94%EB%8D%B0-%EC%9D%98%EC%82%AC-%EB%91%90-%EB%AA%85-%EC%A4%91-%ED%95%9C-%EB%AA%85%EC%9D%B4-AI%EC%9E%85%EB%8B%88%EB%8B%A4,https://wimg.sedaily.com/news/cms/2026/09/28/news-p.v1.20260928.fd8a9414932149cc99d1d3d7b2ef8686_P1.png,1200,675,ok
https://ailens.sedaily.ai/markets/2026/09/28/2026-09-28-15%EB%85%84-%EC%A0%84%EC%97%90-%EC%8B%9C%EC%9E%91%ED%95%9C-%EC%B9%A0%EB%9F%AC-%EC%82%AC%EC%97%85-%EC%97%94%EB%B9%84%EB%94%94%EC%95%84-%EB%AA%A9%EB%A1%9D%EC%97%90-%EC%9D%B4%EB%A6%84%EC%9D%B4-%EC%98%A4%EB%A5%B4%EB%8B%A4,https://wimg.sedaily.com/news/cms/2026/09/28/news-p.v1.20260917.6d7eb3be8f9d4a1588618819203bc061_P1.jpg,600,400,ok
https://ailens.sedaily.ai/markets/2026/09/28/2026-09-28-1866%EC%A1%B0-%EC%9B%90%EC%9D%B4-%EB%90%9C-%EA%B5%AD%EB%AF%BC%EC%97%B0%EA%B8%88-%EB%82%B4%EB%85%84%EB%B6%80%ED%84%B0%EB%8A%94-AI%EA%B0%80-%EB%8C%80%EC%8B%A0-%EB%B4%85%EB%8B%88%EB%8B%A4,https://wimg.sedaily.com/news/cms/2026/09/28/news-p.v1.20260927.fc43267d583a4687adc09bbc2b0cff62_P1.png,620,464,ok
https://ailens.sedaily.ai/markets/2026/09/28/2026-09-28-%EC%97%B0%ED%9C%B4-%EB%81%9D%EB%82%98%EA%B3%A0-%EC%97%B4%EC%96%B4%EB%B3%B4%EB%8B%88-%EC%82%BC%EC%84%B1%EC%A0%84%EC%9E%90-SK%ED%95%98%EC%9D%B4%EB%8B%89%EC%8A%A4%EA%B0%80-%EB%82%98%EB%9E%80%ED%9E%88-4-%EB%B9%A0%EC%A0%B8-%EC%9E%88%EC%8A%B5%EB%8B%88%EB%8B%A4,https://wimg.sedaily.com/news/cms/2026/09/28/rcv.YNA.20260928.PYH2026092802330001300_P1.jpg,1200,779,ok
https://ailens.sedaily.ai/culture/2026/09/28/2026-09-28-1500%EB%A7%8C-%EB%AA%85-%EB%8F%8C%ED%8C%8C-%EC%9E%91%EB%85%84%EB%B3%B4%EB%8B%A4-%EB%91%90-%EB%8B%AC-%EB%B9%A8%EB%9E%90%EC%8A%B5%EB%8B%88%EB%8B%A4,https://wimg.sedaily.com/news/cms/2026/09/28/rcv.YNA.20260920.PYH2026092009100001300_P1.jpg,1200,800,ok
https://ailens.sedaily.ai/industry/2026/09/28/2026-09-28-2007%EB%85%84%EC%97%90%EB%8F%84-%EA%B1%B8%EB%A0%B8%EB%8D%98-%EC%84%A4%ED%83%95%EA%B0%92-%EC%98%AC%ED%95%B4-%EB%98%90-%EA%B1%B8%EB%A0%B8%EC%8A%B5%EB%8B%88%EB%8B%A4,https://wimg.sedaily.com/news/cms/2026/09/28/news-p.v1.20260928.703238449c1348fabaa7c168547b700d_P1.jpg,1200,640,ok
https://ailens.sedaily.ai/news/2026/09/28/2026-09-28-5%EB%85%84-%EC%95%88%EC%97%90-%EB%91%90-%EB%B2%88-%EB%8B%B4%ED%95%A9%ED%95%98%EB%A9%B4-%EC%82%AC%EC%97%85-%EC%9E%90%EC%B2%B4%EB%A5%BC-%EB%AA%BB-%ED%95%98%EA%B2%8C-%EB%90%A9%EB%8B%88%EB%8B%A4,https://wimg.sedaily.com/news/cms/2026/09/28/news-p.v1.20260928.703238449c1348fabaa7c168547b700d_P1.jpg,1200,640,ok
https://ailens.sedaily.ai/markets/2026/09/28/2026-09-28-%EC%98%81%ED%92%8D-MBK%EA%B0%80-%EB%8B%A4%EC%8B%9C-%EC%B5%9C%EC%9C%A4%EB%B2%94-%ED%9A%8C%EC%9E%A5-%ED%87%B4%EC%A7%84%EC%9D%84-%EC%9A%94%EA%B5%AC%ED%95%9C-%EA%B7%BC%EA%B1%B0-%EC%B0%A8%EC%9E%85%EA%B8%88-3-876%EC%96%B5%EC%97%90%EC%84%9C-3%EC%A1%B0-9-966%EC%96%B5,https://wimg.sedaily.com/news/cms/2026/09/28/news-p.v1.20260928.5d18f785aa0f49bbb844286142823b16_P1.jpg,860,307,ok
https://ailens.sedaily.ai/industry/2026/09/28/2026-09-28-%ED%8E%B8%EC%9D%98%EC%A0%90%EC%97%90%EC%84%9C-%EB%A6%BD%EB%B0%A4-%EC%82%AC%EB%8A%94-%EC%82%AC%EB%9E%8C%EC%9D%B4-%EC%9D%B4%EB%A7%8C%ED%81%BC-%EB%8A%98%EC%97%88%EC%8A%B5%EB%8B%88%EB%8B%A4,https://wimg.sedaily.com/news/cms/2026/09/27/news-p.v1.20260927.fa37f258ab95431399d1a4339c977e22_P1.png,1200,800,ok
https://ailens.sedaily.ai/industry/2026/09/28/2026-09-28-%EB%8C%80%EC%9B%85%EC%A0%9C%EC%95%BD-%EC%95%8C%EC%95%BD-%EC%84%A4%EA%B3%84%EB%A5%BC-AI%EC%97%90-%EB%A7%A1%EA%B8%B0%EA%B2%A0%EB%8B%A4%EA%B3%A0-%EC%84%A0%EC%96%B8%ED%95%9C-%EB%82%A0,https://wimg.sedaily.com/news/cms/2026/09/28/news-p.v1.20260928.72fb873ba5a949e7b04157f895b15f26_P1.png,620,394,ok
https://ailens.sedaily.ai/industry/2026/09/28/2026-09-28-2%EB%85%84-%EB%A7%8C%EC%97%90-%EB%8B%A4%EC%8B%9C-%EB%A7%8C%EB%93%A4%EA%B8%B0%EB%A1%9C-%ED%95%9C-%EA%B8%B0%EC%B9%A8%EC%95%BD-%EA%B7%B8%EB%8F%99%EC%95%88-%EC%84%B1%EC%9D%B8%EC%9D%80-%EC%96%B4%EB%94%94%EB%A1%9C-%EA%B0%94%EC%9D%84%EA%B9%8C,https://wimg.sedaily.com/news/cms/2026/09/28/news-p.v1.20260928.814638416c5a45da814151947386768f_P1.png,1200,982,ok
https://ailens.sedaily.ai/industry/2026/09/28/2026-09-28-%ED%99%98%EC%9C%A8%EC%9D%80-%EB%82%B4%EB%A0%A4%EA%B0%94%EB%8A%94%EB%8D%B0-%EC%A0%84%EB%A7%9D%EC%B9%98%EB%8A%94-30-%EC%98%AC%EB%9D%BC%EA%B0%94%EB%8B%A4%EA%B3%A0,https://wimg.sedaily.com/news/cms/2026/09/28/news-p.v1.20260928.283420189b524297959e7e13488778eb_P1.jpg,1200,675,ok
https://ailens.sedaily.ai/markets/2026/09/28/2026-09-28-%EC%9B%90%ED%99%94%EA%B0%80-200%EC%9B%90-%EB%82%B4%EB%A0%A4%EC%98%A4%EC%9E%90-%ED%95%AD%EA%B3%B5%EC%A3%BC%EC%99%80-%ED%95%B4%EC%9A%B4%EC%A3%BC%EA%B0%80-%EC%84%9C%EB%A1%9C-%EB%8B%A4%EB%A5%B8-%EB%B0%A9%ED%96%A5%EC%9C%BC%EB%A1%9C-%EC%9B%80%EC%A7%81%EC%98%80%EC%8A%B5%EB%8B%88%EB%8B%A4,https://wimg.sedaily.com/news/cms/2026/09/27/news-p.v1.20260920.06e1dc47ae4043a291ba701c8da51d29_P1.jpg,1200,757,ok
https://ailens.sedaily.ai/markets/2026/09/28/2026-09-28-%EA%B4%80%EC%84%B8-%EB%B0%9C%ED%91%9C-%ED%95%9C-%EB%8B%AC-%EB%A7%8C%EC%97%90-%EB%AF%B8%EA%B5%AD-%ED%83%9C%EC%96%91%EA%B4%91-%EB%AA%A8%EB%93%88%EA%B0%92%EC%9D%B4-41-%EB%9B%B0%EC%97%88%EC%8A%B5%EB%8B%88%EB%8B%A4,https://wimg.sedaily.com/news/cms/2026/09/28/news-p.v1.20260710.c86dd28b93684370acb32d00ac57ebad_P1.jpg,1200,587,ok
https://ailens.sedaily.ai/markets/2026/09/28/2026-09-28-FDA-%EC%8A%B9%EC%9D%B8-%ED%95%98%EB%82%98%EC%97%90-%EC%83%81%ED%95%9C%EA%B0%80-HLB-%EC%A3%BC%EA%B0%80%EB%8A%94-%EC%99%9C-%EC%9D%B4%EB%A0%87%EA%B2%8C-%EC%9B%80%EC%A7%81%EC%9D%BC%EA%B9%8C%EC%9A%94,https://wimg.sedaily.com/news/cms/2026/09/28/news-p.v1.20260924.5ee2b5d2b4404a999aab06acaf2d7725_P1.jpg,1200,630,ok
https://ailens.sedaily.ai/markets/2026/09/28/2026-09-28-%EC%97%B0%ED%9C%B4-%EB%81%9D%EB%82%98%EA%B3%A0-%EC%97%B4%EC%96%B4%EB%B3%B4%EB%8B%88-%EC%BD%94%EC%8A%A4%ED%94%BC%EA%B0%80-7-000%EC%84%A0-%EB%B0%91%EC%9C%BC%EB%A1%9C-%EB%82%B4%EB%A0%A4%EC%99%80-%EC%9E%88%EC%8A%B5%EB%8B%88%EB%8B%A4,https://wimg.sedaily.com/news/cms/2026/09/28/rcv.NEWS1.NEWS1.20260928.2026-09-28T091351_1008128576_FINANCE-STOCK_I_P1.jpg,1200,749,ok
https://ailens.sedaily.ai/international/2026/09/28/2026-09-28-%EA%B0%A4%EB%9F%B0%EB%8B%B9-50%EB%A7%88%EC%9D%BC%EC%9D%B4-34-5%EB%A7%88%EC%9D%BC%EB%A1%9C-%EB%AF%B8%EA%B5%AD%EC%9D%B4-%EC%97%B0%EB%B9%84-%EA%B8%B0%EC%A4%80%EC%9D%84-%EB%90%98%EB%8F%8C%EB%A6%BD%EB%8B%88%EB%8B%A4,https://wimg.sedaily.com/news/cms/2026/09/27/news-p.v1.20260927.0646670180f24e79bed92758e5759c6c_P2.jpg,500,333,ok
https://ailens.sedaily.ai/international/2026/09/28/2026-09-28-%ED%98%B8%EB%A5%B4%EB%AC%B4%EC%A6%88-%ED%95%B4%ED%98%91%EC%9D%B4-%EB%A7%89%ED%9E%88%EC%9E%90-EU%EA%B0%80-27%EA%B0%9C%EA%B5%AD%EC%97%90-%EB%B3%B4%EB%82%B8-%EA%B1%B4-%EC%8B%A4%EB%82%B4-%EC%98%A8%EB%8F%84-%EC%96%98%EA%B8%B0%EC%98%80%EC%8A%B5%EB%8B%88%EB%8B%A4,https://wimg.sedaily.com/news/cms/2026/09/27/news-p.v1.20260927.442cfe9508b7438d8e2d81cfb41a6f02_P1.jpg,1200,800,ok
https://ailens.sedaily.ai/property/2026/09/28/2026-09-28-%EB%86%8D%EC%A7%80-%EC%8B%A0%EA%B3%A0-%ED%8F%AC%EC%83%81%EA%B8%88-%EC%9E%91%EB%85%84%EA%B9%8C%EC%A7%80-%EC%97%B0-7%EA%B1%B4%EC%9D%B8%EB%8D%B0-%EB%82%B4%EB%85%84-2-000%EA%B1%B4%EC%9D%84-%EC%98%88%EC%83%81%ED%96%88%EC%8A%B5%EB%8B%88%EB%8B%A4,https://wimg.sedaily.com/news/cms/2026/09/27/news-p.v1.20260922.06fefd6e95db4bcdba083ead2d6f253a_P1.jpg,1200,800,ok
https://ailens.sedaily.ai/news/2026/09/28/2026-09-28-4%EB%85%84-3%EA%B0%9C%EC%9B%94%EA%B0%84-463%EB%AA%85-%EA%B7%B8%EC%A4%91-362%EB%AA%85%EC%9D%B4-%EA%B0%99%EC%9D%80-%ED%81%AC%EA%B8%B0%EC%9D%98-%EC%9D%BC%ED%84%B0%EC%97%90%EC%84%9C-%EC%9D%BC%ED%96%88%EC%8A%B5%EB%8B%88%EB%8B%A4,https://wimg.sedaily.com/news/cms/2026/09/27/news-p.v1.20260927.825fcec8055c4d9ba33578a8bb38e45d_P1.jpg,1122,1402,ok
https://ailens.sedaily.ai/industry/2026/09/28/2026-09-28-%EB%8B%B9%EC%8B%A0%EC%9D%B4-%ED%83%84-%ED%8A%B8%EB%9E%A8%EC%97%90-%EA%B8%B0%EA%B4%80%EC%82%AC%EA%B0%80-%EC%97%86%EC%96%B4%EC%A7%80%EB%8A%94-%EC%8B%9C%EC%A0%90-2031%EB%85%84%EC%9E%85%EB%8B%88%EB%8B%A4,https://wimg.sedaily.com/news/cms/2026/09/27/news-p.v1.20260924.79000c6b81e949f38aa40c8a9dd474e1_P1.jpg,1200,900,ok
https://ailens.sedaily.ai/industry/2026/09/28/2026-09-28-%EC%A7%91%EC%9D%84-%EC%98%AE%EA%B8%B0%EC%A7%80-%EC%95%8A%EC%9C%BC%EB%8B%88-%EC%B2%9C%EC%9E%A5%EC%97%90-%EC%84%A0%ED%92%8D%EA%B8%B0%EB%A5%BC-%EB%8B%B5%EB%8B%88%EB%8B%A4,https://wimg.sedaily.com/news/cms/2026/09/27/news-g.v1.20260927.923ad8a9ac4e43959c6698bf77165372_P1.jpg,1200,723,ok
https://ailens.sedaily.ai/industry/2026/09/28/2026-09-28-%EA%B8%B0%EC%88%A0%EC%88%98%EC%B6%9C-%EB%8C%80%EC%8B%A0-%EB%8F%84%EC%9E%85-HLB%EB%8A%94-1%EB%85%84-9%EA%B0%9C%EC%9B%94-%EB%A7%8C%EC%97%90-FDA-%EB%AC%B8%EC%9D%84-%EC%97%B4%EC%97%88%EC%8A%B5%EB%8B%88%EB%8B%A4,https://wimg.sedaily.com/news/cms/2026/09/27/news-g.v1.20260927.7fe25f340789403cbeaa0a0cf0994f55_P1.jpg,1200,895,ok
https://ailens.sedaily.ai/industry/2026/09/28/2026-09-28-GPU-%EB%A8%BC%EC%A0%80-%EB%A7%8C%EB%93%A4%EA%B3%A0-%EB%A9%94%EB%AA%A8%EB%A6%AC-%EB%81%BC%EC%9A%B0%EB%8D%98-%EC%8B%9C%EC%A0%88%EC%9D%B4-%EB%81%9D%EB%82%AC%EC%8A%B5%EB%8B%88%EB%8B%A4,https://wimg.sedaily.com/news/cms/2026/09/27/news-p.v1.20260713.053c200d15a141c5a1049cae25f775e0_P1.png,500,142,ok
https://ailens.sedaily.ai/markets/2026/09/28/2026-09-28-%ED%94%BC-%ED%95%9C-%EB%B2%88-%EB%BD%91%EC%95%84%EC%84%9C-%EC%97%AC%EB%9F%AC-%EC%95%94%EC%9D%84-%ED%95%9C%EA%BA%BC%EB%B2%88%EC%97%90-%EC%B0%BE%EB%8A%94-%EA%B2%80%EC%82%AC-%EB%AF%B8%EA%B5%AD%EC%97%90%EC%84%9C-%EC%B2%AB-%EA%B4%80%EB%AC%B8%EC%9D%84-%EB%84%98%EB%8B%A4,https://wimg.sedaily.com/news/cms/2026/09/27/news-p.v1.20260927.ddc3815bb63d4531888571be5f586cbf_P1.jpeg,516,483,ok
https://ailens.sedaily.ai/markets/2026/09/28/2026-09-28-%EC%B6%94%EC%84%9D-%EC%97%B0%ED%9C%B4-3%EA%B1%B0%EB%9E%98%EC%9D%BC%EB%A7%8C-%EC%97%B4%EB%A0%B8%EB%8A%94%EB%8D%B0-%EC%BD%94%EC%8A%A4%ED%94%BC%EB%8A%94-7000%EC%84%A0%EC%9D%84-%EB%90%98%EC%B0%BE%EC%95%98%EC%8A%B5%EB%8B%88%EB%8B%A4,https://wimg.sedaily.com/news/cms/2026/09/27/news-p.v1.20260802.db611b98c33946fc91caea54b57da746_P1.jpeg,500,142,ok
https://ailens.sedaily.ai/markets/2026/09/28/2026-09-28-%EA%B0%99%EC%9D%80-%ED%99%94%EB%A9%B4%EC%9D%84-%EB%B3%B4%EB%A9%B4%EC%84%9C-%EC%99%B8%EA%B5%AD%EC%9D%B8%EC%9D%80-2%EB%B0%B0%EB%A1%9C-%EC%98%A4%EB%A5%B4%EB%8A%94-%EC%AA%BD-%EA%B0%9C%EC%9D%B8%EC%9D%80-2%EB%B0%B0%EB%A1%9C-%EB%82%B4%EB%A6%AC%EB%8A%94-%EC%AA%BD%EC%9D%84-%EB%8B%B4%EC%95%98%EC%8A%B5%EB%8B%88%EB%8B%A4,https://wimg.sedaily.com/news/cms/2026/09/28/news-p.v1.20260927.ec7bc83a06f14104a50b7fd2293c57a6_P1.png,786,460,ok
https://ailens.sedaily.ai/markets/2026/09/28/2026-09-28-%EB%8B%A4%EC%9D%8C-%EB%8B%AC-%EC%A4%91%EC%88%9C-%EC%BD%94%EC%8A%A4%EB%8B%A5%EC%97%90%EC%84%9C-50%EA%B0%9C%EC%82%AC%EA%B0%80-%EC%82%AC%EB%9D%BC%EC%A7%88-%EC%88%98-%EC%9E%88%EC%8A%B5%EB%8B%88%EB%8B%A4,https://wimg.sedaily.com/news/cms/2026/09/27/news-p.v1.20260904.0ccd78eb16534a9db68f14fd2c632d9f_P1.png,880,593,ok
https://ailens.sedaily.ai/markets/2026/09/28/2026-09-28-%EC%9D%8C%EC%9B%90-%EC%A0%80%EC%9E%91%EA%B6%8C%EB%A3%8C%EA%B0%80-%EB%A7%A4%EB%8B%AC-%ED%86%B5%EC%9E%A5%EC%97%90-%EB%93%A4%EC%96%B4%EC%98%A8%EB%8B%A4%EA%B3%A0,https://wimg.sedaily.com/news/cms/2026/09/27/news-p.v1.20260927.a626dfd128eb4be5a936d2f44af6623e_P1.jpg,1200,710,ok
https://ailens.sedaily.ai/markets/2026/09/28/2026-09-27-%EA%B5%AD%EB%AF%BC%EC%97%B0%EA%B8%88-%EB%8F%88-15%EC%A1%B0%EB%A5%BC-%EA%B5%B4%EB%A6%AC%EB%8A%94-%ED%9A%8C%EC%82%AC%EC%97%90%EC%84%9C-%EC%84%A0%ED%96%89%EB%A7%A4%EB%A7%A4-%EC%9D%98%ED%98%B9%EC%9D%B4-%EB%82%98%EC%99%94%EC%8A%B5%EB%8B%88%EB%8B%A4,https://wimg.sedaily.com/news/cms/2026/09/27/news-p.v1.20260923.db7153a62c3343afa922b9b6bf3b83af_P1.jpg,670,401,ok
https://ailens.sedaily.ai/industry/2026/09/28/2026-09-27-30%EB%B6%84%EC%9C%BC%EB%A1%9C-%EB%8A%98%EC%96%B4%EB%82%9C-10%EB%B6%84-%ED%9A%8C%EB%8B%B4-%ED%8A%B8%EB%9F%BC%ED%94%84%EB%8A%94-%EA%B8%B0%EC%A1%B0%EC%97%B0%EC%84%A4%EC%9D%84-%EB%AF%B8%EB%A4%98%EC%8A%B5%EB%8B%88%EB%8B%A4,https://wimg.sedaily.com/news/cms/2026/09/27/news-p.v1.20260926.0b35152d23ed4bbdbf3feae03179e3c5_P1.jpg,1200,409,ok
https://ailens.sedaily.ai/news/2026/09/27/2026-09-27-%ED%8C%8C%ED%8E%B8-%ED%95%98%EB%82%98%EB%8F%84-%EB%AA%BB-%EA%B0%80%EC%A0%B8%EC%99%94%EC%8A%B5%EB%8B%88%EB%8B%A4,https://wimg.sedaily.com/news/cms/2026/09/27/9/news-g.v1.20260927.9f281ec75dc44dd8972565468eda4cab_P1.jpg,650,615,ok
https://ailens.sedaily.ai/news/2026/09/27/2026-09-27-%EC%97%BF%EC%83%88-%EB%A7%8C%EC%97%90-%EB%93%A4%EC%96%B4%EA%B0%94%EB%8A%94%EB%8D%B0-%ED%8F%AD%EB%B0%9C-%EC%A7%80%EC%A0%90%EC%97%94-%EB%8B%BF%EC%A7%80-%EB%AA%BB%ED%96%88%EC%8A%B5%EB%8B%88%EB%8B%A4,https://wimg.sedaily.com/news/cms/2026/09/27/news-p.v1.20260927.a02e0477560d45fc8cc3e27a6c502913_P1.png,1200,667,ok
https://ailens.sedaily.ai/news/2026/09/27/2026-09-27-7%EB%85%84%EC%9D%84-%EB%81%8C%EB%8D%98-%ED%98%91%EC%A0%95%EC%9D%B4-%ED%95%98%EB%A3%A8%EC%97%90-%ED%92%80%EB%A0%B8%EB%8A%94%EB%8D%B0-%EB%8C%80%ED%86%B5%EB%A0%B9%EC%9D%80-%EC%9D%B4%EC%A0%9C-%EA%B5%AD%EB%82%B4%EB%A1%9C-%EB%93%A4%EC%96%B4%EC%98%B5%EB%8B%88%EB%8B%A4,https://wimg.sedaily.com/news/cms/2026/09/27/news-p.v1.20260927.6af9812632054b21b95738281f767c0c_P1.jpg,1200,802,ok
https://ailens.sedaily.ai/international/2026/09/27/2026-09-27-AI-%EB%B9%84%EC%84%9C%EA%B0%80-%EB%91%90-%EB%8B%AC-%EB%8F%99%EC%95%88-%EC%9C%A0%EC%97%94-%EC%84%9C%EB%B2%84%EB%A5%BC-1%EB%A7%8C-6-500%EB%B2%88-%EB%91%90%EB%93%9C%EB%A0%B8%EC%8A%B5%EB%8B%88%EB%8B%A4,https://wimg.sedaily.com/news/cms/2026/09/27/rcv.YNA.20260925.PRU20260925201101009_P1.jpg,1200,804,ok
https://ailens.sedaily.ai/property/2026/09/27/2026-09-27-%EB%B8%8C%EB%A6%AC%EC%A7%80%EB%A1%A0%EB%B6%80%ED%84%B0-%EB%A7%89%ED%98%94%EB%8B%A4%EB%8A%94%EB%8D%B0-%EC%A7%80%EB%B0%A9-%EC%95%84%ED%8C%8C%ED%8A%B8%EB%8A%94-%EB%88%84%EA%B0%80-%EC%A7%93%EB%82%98%EC%9A%94,https://ailens.sedaily.ai/lens/default-cover.webp,960,960,ok
https://ailens.sedaily.ai/finance/2026/09/27/2026-09-27-1%EB%85%84-%EC%82%AC%EC%9D%B4-%EC%84%B8%EC%9E%85-%EC%A0%84%EB%A7%9D%EC%9D%B4-90%EC%A1%B0-%EC%9B%90-%EB%B6%88%EC%96%B4%EB%82%AC%EC%8A%B5%EB%8B%88%EB%8B%A4,https://wimg.sedaily.com/news/cms/2026/09/27/news-p.v1.20260927.3727af6bbe6848b4af0953917673a338_P1.jpg,600,361,ok
https://ailens.sedaily.ai/markets/2026/09/27/2026-09-27-%EC%83%88%EB%B2%BD-5%EC%8B%9C%EC%97%90-%EC%9B%90%ED%99%94%EB%A5%BC-%EB%B9%8C%EB%A0%A4%EC%95%BC-%ED%95%9C%EA%B5%AD-%EC%A3%BC%EC%8B%9D%EC%9D%84-%EC%82%B4-%EC%88%98-%EC%9E%88%EC%97%88%EC%8A%B5%EB%8B%88%EB%8B%A4,https://wimg.sedaily.com/news/cms/2026/09/27/news-p.v1.20260923.2ef0ea088d3d42739efe4eeaaaa69c47_P1.png,512,660,ok
https://ailens.sedaily.ai/international/2026/09/27/2026-09-27-11%EB%85%84-%EB%A7%8C%EC%9D%98-%EB%B0%A9%EB%AF%B8%EC%9D%B8%EB%8D%B0-%EA%B4%80%EC%84%B8-%ED%9C%B4%EC%A0%84%EC%9D%80-2%EA%B0%9C%EC%9B%94%EB%A7%8C-%EB%8A%98%EC%97%88%EC%8A%B5%EB%8B%88%EB%8B%A4,https://wimg.sedaily.com/news/cms/2026/09/27/news-p.v1.20260927.7f144064e95840e4a1042fbf0d6d7571_P1.jpg,1200,800,ok
https://ailens.sedaily.ai/international/2026/09/27/2026-09-27-2%EB%B0%95-3%EC%9D%BC-%EB%A0%88%EB%93%9C%EC%B9%B4%ED%8E%AB%EC%9D%84-%EA%B9%94%EC%95%84%EC%A4%AC%EB%8A%94%EB%8D%B0-%EC%A4%91%EA%B5%AD%EC%9D%80-%ED%9D%AC%ED%86%A0%EB%A5%98-%EC%96%98%EA%B8%B0%EB%A5%BC-%ED%95%9C-%EC%A4%84%EB%8F%84-%EC%95%88-%EB%84%A3%EC%97%88%EC%8A%B5%EB%8B%88%EB%8B%A4,https://wimg.sedaily.com/news/cms/2026/09/27/news-p.v1.20260927.7f144064e95840e4a1042fbf0d6d7571_P1.jpg,1200,800,ok
https://ailens.sedaily.ai/international/2026/09/27/2026-09-27-%EC%BB%A4%ED%94%BC%EA%B0%92-200%EC%9B%90-%EC%99%9C-%EC%84%B8-%EA%B5%B0%EB%8D%B0%EA%B0%80-%EB%98%91%EA%B0%99%EC%9D%B4-%EC%98%AC%EB%A0%B8%EC%9D%84%EA%B9%8C%EC%9A%94,https://wimg.sedaily.com/news/cms/2026/09/27/rcv.YNA.20260729.PYH2026072915230001300_P1.jpg,1200,829,ok
https://ailens.sedaily.ai/news/2026/09/27/2026-09-27-%EC%95%8C%EC%84%A0%ED%95%9C-%EC%82%AC%EB%9E%8C%EC%9D%80-%EC%A7%95%EC%97%AD-4%EB%85%84-%EC%B2%AD%EC%86%8C%EB%85%84%EC%9D%98-%EC%84%B1%EC%9D%84-%EC%82%B0-5%EB%AA%85%EC%9D%80-%EC%A0%84%EC%9B%90-%EC%A7%91%ED%96%89%EC%9C%A0%EC%98%88,https://wimg.sedaily.com/news/cms/2026/09/27/news-g.v1.20260927.941d58365ec847babf8b077db1e26aaf_P1.jpg,1200,346,ok
https://ailens.sedaily.ai/international/2026/09/27/2026-09-27-11%EB%85%84-%EB%A7%8C%EC%9D%98-%EB%B0%A9%EB%AF%B8-%EC%8B%9C%EC%A7%84%ED%95%91%EC%9D%B4-%ED%8A%B8%EB%9F%BC%ED%94%84%EC%97%90%EA%B2%8C-%EB%82%A8%EA%B8%B4-%EA%B1%B4-%EB%8C%80%EB%A7%8C-%EB%8F%85%EB%A6%BD%EC%97%90-%EB%B0%98%EB%8C%80%ED%95%98%EB%9D%BC-%EC%98%80%EC%8A%B5%EB%8B%88%EB%8B%A4,https://wimg.sedaily.com/news/cms/2026/09/27/news-p.v1.20260927.7f144064e95840e4a1042fbf0d6d7571_P1.jpg,1200,800,ok
https://ailens.sedaily.ai/property/2026/09/27/2026-09-27-%EC%95%95%EA%B5%AC%EC%A0%95-51%EC%96%B5-%EB%85%B8%EC%9B%90-7%EC%96%B5-8000%EB%A7%8C-%EA%B0%99%EC%9D%80-%EC%84%9C%EC%9A%B8%EC%97%90%EC%84%9C-%EB%B0%98%EB%8C%80%EB%A1%9C-%EC%9B%80%EC%A7%81%EC%9E%85%EB%8B%88%EB%8B%A4,https://wimg.sedaily.com/news/cms/2026/09/27/news-g.v1.20260927.c804c6aaeb6948c083b135bb623c3628_P1.jpg,1200,479,ok
https://ailens.sedaily.ai/property/2026/09/27/2026-09-27-%EB%A0%88%EA%B3%A0%EB%9E%9C%EB%93%9C-4%EB%85%84-100%EC%9C%84-%EB%B0%96-%EA%B1%B4%EC%84%A4%EC%82%AC-PF-%EC%9E%94%EC%95%A1%EC%9D%80-6%EC%A1%B0%EC%97%90%EC%84%9C-5-000%EC%96%B5%EC%9D%B4-%EB%90%90%EC%8A%B5%EB%8B%88%EB%8B%A4,https://wimg.sedaily.com/news/cms/2026/09/27/news-g.v1.20260927.2790cb17b5d14068a743b5cef18b050b_P1.jpg,1200,459,ok
https://ailens.sedaily.ai/news/2026/09/27/2026-09-27-2-168%EA%B1%B4%EC%9D%B4-%EB%8B%A4%EC%9D%8C-%EC%A3%BC%EC%97%90-%EC%A3%BC%EC%9D%B8%EC%9D%84-%EB%B0%94%EA%BF%89%EB%8B%88%EB%8B%A4,https://wimg.sedaily.com/news/cms/2026/09/27/news-p.v1.20260911.3fae6456482a432a9ddbdf5a649e8022_P1.jpg,860,516,ok
https://ailens.sedaily.ai/international/2026/09/27/2026-09-27-%EC%9D%B4%EB%9E%80%EC%9D%B4-7%EC%9D%BC%EC%9D%B4%EB%A9%B4-%EC%97%B4%EA%B2%A0%EB%8B%A4-%EA%B3%A0-%ED%96%88%EB%8A%94%EB%8D%B0-%ED%8A%B8%EB%9F%BC%ED%94%84%EB%8A%94-%EA%B1%B0%EC%A0%88%ED%96%88%EC%8A%B5%EB%8B%88%EB%8B%A4,https://wimg.sedaily.com/news/cms/2026/09/27/news-p.v1.20260927.7367291508df427cb939d043ea95b732_P1.jpg,1200,800,ok
https://ailens.sedaily.ai/news/2026/09/27/2026-09-27-%EC%A4%91%EC%88%98%EC%B2%AD-%EB%8B%B7%EC%83%88-%EB%92%A4-%EB%AC%B8-%EC%97%AC%EB%8A%94%EB%8D%B0-%EC%9E%90%EB%A6%AC-%EC%97%B4%EC%97%90-%EB%84%B7%EC%9D%B4-%EB%B9%88-%EC%B1%84%EB%A1%9C-%EC%8B%9C%EC%9E%91%ED%95%A9%EB%8B%88%EB%8B%A4,https://wimg.sedaily.com/news/cms/2026/09/26/news-p.v1.20260926.89e571eeaa504f94a444687f6f702b63_P1.jpg,1200,755,ok
https://ailens.sedaily.ai/news/2026/09/27/2026-09-27-%EC%A7%80%EB%A2%B0-%ED%84%B0%EC%A7%84-%EC%9E%90%EB%A6%AC%EC%97%90-6%EC%9D%BC%EC%A7%B8-%EC%95%84%EB%AC%B4%EB%8F%84-%EB%93%A4%EC%96%B4%EA%B0%80%EC%A7%80-%EB%AA%BB%ED%96%88%EC%8A%B5%EB%8B%88%EB%8B%A4,https://wimg.sedaily.com/news/cms/2026/09/27/news-p.v1.20260926.0586c0e1b2da444db065189f8ff9ef4e_P1.png,538,436,ok
https://ailens.sedaily.ai/international/2026/09/26/2026-09-26-8%EA%B0%9C-%EC%84%B1%EA%B3%BC%EB%A5%BC-%ED%95%A9%EC%9D%98%ED%96%88%EB%8A%94%EB%8D%B0-%EC%A4%91%EA%B5%AD-%EB%B0%9C%ED%91%9C%EB%AC%B8%EC%97%90-%ED%9D%AC%ED%86%A0%EB%A5%98%EA%B0%80-%EC%97%86%EB%84%A4%EC%9A%94,https://wimg.sedaily.com/news/cms/2026/09/26/rcv.YNA.20260925.PXI20260925024501009_P1.jpg,1200,800,ok
https://ailens.sedaily.ai/property/2026/09/26/2026-09-26-%EC%9B%94%EC%84%B8-74%EB%A7%8C-%EC%9B%90-%EB%B9%8C%EB%9D%BC%EA%B0%80-%EC%A0%84%EC%84%B8-2%EC%96%B5%EC%9D%B4-%EB%90%98%EB%A9%B4-%EC%9B%94-%EB%B6%80%EB%8B%B4%EC%9D%B4-53%EB%A7%8C-%EC%9B%90%EC%9C%BC%EB%A1%9C-%EB%82%B4%EB%A0%A4%EA%B0%80%EA%B1%B0%EB%93%A0%EC%9A%94,https://wimg.sedaily.com/news/cms/2026/09/26/news-g.v1.20260921.d2f0243a28114d36b572a59475492bb0_P1.jpg,1200,493,ok
https://ailens.sedaily.ai/markets/2026/09/26/2026-09-26-8%EC%9B%94%EC%97%94-4%EA%B3%B3%EC%97%90-1-300%EC%96%B5-%ED%95%9C-%EB%8B%AC-%EB%92%A4%EC%97%94-2%EA%B3%B3%EC%97%90-10%EC%A1%B0%EA%B0%80-%EB%AA%B0%EB%A0%B8%EB%8B%A4%EA%B3%A0,https://wimg.sedaily.com/news/cms/2026/09/24/news-p.v1.20260924.877dd9bdc3934efb9bd9e8da493bf782_P1.png,1200,313,ok
https://ailens.sedaily.ai/industry/2026/09/26/2026-09-26-2%EC%96%B5-4-547%EB%A7%8C-%EC%9B%90-%EB%94%94%ED%8E%9C%EB%8D%94-%EC%98%A5%ED%83%80-%EC%8B%9C%EC%8A%B9%EC%9D%80-%ED%8F%AC%EC%9E%A5%EB%8F%84%EB%A1%9C%EC%97%90%EC%84%9C%EB%A7%8C-%ED%96%88%EB%8B%A4%EA%B3%A0,https://wimg.sedaily.com/news/cms/2026/09/23/news-p.v1.20260922.d1bf59d5ab4f41eda716dd55701fc92d_P1.jpg,1200,675,ok
https://ailens.sedaily.ai/industry/2026/09/26/2026-09-26-%EC%84%B8-%EC%B0%A8%EB%A1%80-%EC%99%84%ED%8C%90%EC%97%90-%EB%AC%BC%EB%9F%89-180-%EC%A6%9D%EA%B0%80-%ED%95%9C%EA%B5%AD-%EC%B7%A8%ED%96%A5%EC%9D%B4-%EB%B3%B8%EC%82%AC-%EA%B8%B0%ED%9A%8D%EC%9D%84-%EB%B0%94%EA%BF%89%EB%8B%88%EB%8B%A4,https://wimg.sedaily.com/news/cms/2026/09/23/news-p.v1.20260923.a299e965b03a4345a2961d4fa5c10202_P1.jpg,570,426,ok
https://ailens.sedaily.ai/industry/2026/09/26/2026-09-26-%EC%8A%A4%ED%86%A4%EB%B8%8C%EB%A6%BF%EC%A7%80%EB%B2%A4%EC%B2%98%EC%8A%A4-%EC%83%88-%EA%B3%A0%EB%AC%B8-30%EB%85%84%EA%B0%84-%EA%B3%B5%EB%AC%B4%EC%9B%90-%EC%9D%B8%EC%82%AC%EB%A7%8C-%EB%8B%A4%EB%A4%98%EC%8A%B5%EB%8B%88%EB%8B%A4,https://wimg.sedaily.com/news/cms/2026/09/25/news-p.v1.20260925.e4ea0201e36b4d6cb11f41aa907d1f66_P3.jpg,300,414,ok
https://ailens.sedaily.ai/news/2026/09/26/2026-09-26-%EC%9B%94-100%EB%A7%8C-%EC%9B%90%EB%8F%84-%EB%AA%BB-%EB%B2%84%EB%8A%94-%EC%82%AC%EC%97%85%EC%9E%A5%EC%9D%B4-837%EB%A7%8C-%EA%B0%9C%EB%9D%BC%EA%B3%A0,https://wimg.sedaily.com/news/cms/2026/09/26/news-p.v1.20260925.b7fb1170df7746e4ab8f8d75ba387e83_P1.png,517,304,ok
https://ailens.sedaily.ai/news/2026/09/26/2026-09-26-%EB%B6%80%EB%8F%99%EC%82%B0%EC%97%90-%EB%AC%B6%EC%9D%B8-%EB%8F%88-4-307%EC%A1%B0%EC%9D%B8%EB%8D%B0-%EB%B9%84%EC%9C%A8%EC%9D%80-%EC%98%A4%ED%9E%88%EB%A0%A4-%EB%82%B4%EB%A0%A4%EA%B0%94%EB%8B%A4%EA%B3%A0,https://wimg.sedaily.com/news/cms/2026/09/25/rcv.NEWS1.NEWS1.20260920.2026-09-20T145204_1008116500_REALESTATE_I_P1.jpg,1200,821,ok
https://ailens.sedaily.ai/international/2026/09/26/2026-09-26-%EB%AF%B8%EC%A4%91%EC%9D%B4-%EC%84%9C%EB%A1%9C-300%EC%96%B5-%EB%8B%AC%EB%9F%AC-%EA%B4%80%EC%84%B8%EB%A5%BC-%EB%82%AE%EC%B6%A5%EB%8B%88%EB%8B%A4-%EB%AA%A9%EB%A1%9D%EC%97%94-%ED%81%AC%EB%A6%AC%EC%8A%A4%EB%A7%88%EC%8A%A4-%EC%9E%A5%EC%8B%9D%ED%92%88%EB%8F%84-%EC%9E%88%EB%84%A4%EC%9A%94,https://wimg.sedaily.com/news/cms/2026/09/26/rcv.YNA.20260926.PGT20260926026601009_P1.jpg,1200,800,ok
https://ailens.sedaily.ai/industry/2026/09/26/2026-09-26-%EC%B0%A9%EA%B3%B5%EC%9D%80-%EB%B0%98%ED%86%A0%EB%A7%89%EC%9D%B8%EB%8D%B0-%ED%99%98%ED%92%8D%EA%B8%B0-%ED%9A%8C%EC%82%AC-%EB%A7%A4%EC%B6%9C-%EC%A0%88%EB%B0%98%EC%9D%80-%EC%86%8C%EB%B9%84%EC%9E%90%EC%97%90%EA%B2%8C%EC%84%9C-%EB%82%98%EC%98%A4%EA%B1%B0%EB%93%A0%EC%9A%94,https://wimg.sedaily.com/news/cms/2026/09/23/news-p.v1.20260923.e257e28a2f704f92a0f457510a186985_P1.jpg,700,523,ok
https://ailens.sedaily.ai/industry/2026/09/26/2026-09-26-%EB%82%AE-%EC%B5%9C%EA%B3%A0%EA%B8%B0%EC%98%A8-30%EB%8F%84%EC%9D%B8%EB%8D%B0-%ED%8E%B8%EC%9D%98%EC%A0%90%EC%97%94-%EB%B2%8C%EC%8D%A8-2-000%EC%9B%90-%EA%B5%B0%EA%B3%A0%EA%B5%AC%EB%A7%88%EA%B0%80-%EB%82%98%EC%99%94%EA%B1%B0%EB%93%A0%EC%9A%94,https://wimg.sedaily.com/news/cms/2026/09/23/news-p.v1.20260923.d9e9d71ac80a4d688286eabc86121c49_P1.jpg,1200,793,ok
https://ailens.sedaily.ai/industry/2026/09/26/2026-09-26-%EC%84%B1%EC%88%98-%EA%B3%B5%EC%8B%A4%EB%A5%A0-4-5-%EA%B0%80-%EC%98%AC%EB%9E%90%EB%8A%94%EB%8D%B0-%EC%9D%B4%EA%B1%B8-%EC%B9%A8%EC%B2%B4%EB%A1%9C-%EC%95%88-%EB%B3%B4%EB%8A%94-%EC%9D%B4%EC%9C%A0,https://wimg.sedaily.com/news/cms/2026/09/23/news-p.v1.20260812.9987407902e64cd9a964fd7218725829_P1.png,691,446,ok
https://ailens.sedaily.ai/industry/2026/09/26/2026-09-26-%EC%82%BC%EC%84%B1-DS%EB%B6%80%EB%AC%B8-%EC%A0%84-%EC%82%AC%EC%97%85%EC%9E%A5%EC%97%90-200%EB%A7%8C-%EC%9B%90%EC%A7%9C%EB%A6%AC-%EC%9D%98%EC%9E%90%EA%B0%80-%EB%93%A4%EC%96%B4%EC%98%B5%EB%8B%88%EB%8B%A4,https://wimg.sedaily.com/news/cms/2026/09/23/news-p.v1.20260923.e2fabdb4f95449b9869de5429506cb80_P1.png,640,445,ok
https://ailens.sedaily.ai/markets/2026/09/26/2026-09-26-%EA%B0%9C%EC%9D%B8%EC%9D%B4-10%EC%A1%B0-%EC%9B%90%EC%9D%84-%ED%8C%8C%EB%8A%94-%EB%8F%99%EC%95%88-%EA%B8%B0%EA%B4%80%EC%9D%80-%EC%82%BC%EC%84%B1%EC%A0%84%EC%9E%90%EB%A7%8C-2%EC%A1%B0-7000%EC%96%B5-%EC%9B%90%EC%96%B4%EC%B9%98-%EB%8B%B4%EC%95%98%EC%8A%B5%EB%8B%88%EB%8B%A4,https://wimg.sedaily.com/news/cms/2026/09/24/news-p.v1.20260924.5069d78467de42f09d726be6d0037ab5_P1.jpg,860,584,ok
https://ailens.sedaily.ai/international/2026/09/26/2026-09-26-%EC%98%A4%ED%94%88AI%EA%B0%80-%EC%A0%95%EB%B6%80-%EB%8C%80%ED%95%99-%EC%88%98%EC%8B%AD-%EA%B3%B3%EC%97%90-%EC%9A%B0%EB%A6%AC-AI%EA%B0%80-%EA%B1%B4%EB%93%9C%EB%A0%B8%EC%9D%84-%EC%88%98-%EC%9E%88%EB%8B%A4-%EA%B3%A0-%EC%95%8C%EB%A0%B8%EC%8A%B5%EB%8B%88%EB%8B%A4,https://wimg.sedaily.com/news/cms/2026/09/26/news-p.v1.20260926.b9702218816c45b3879aca27f683779e_P1.png,550,332,ok
https://ailens.sedaily.ai/markets/2026/09/26/2026-09-26-%EC%A4%91%EA%B3%84%EC%A0%90-%EB%B6%80%EC%A7%80%EB%8A%94-1-586%EC%96%B5-%EA%B7%B8%EB%9F%B0%EB%8D%B0-%ED%8C%94%EA%B8%B0-%EC%96%B4%EB%A0%A4%EC%9A%B4-%EA%B1%B4-%EC%95%84%EC%A7%81-%EC%98%81%EC%97%85-%EC%A4%91%EC%9D%B8-67%EA%B0%9C%EC%9E%85%EB%8B%88%EB%8B%A4,https://wimg.sedaily.com/news/cms/2026/09/23/news-p.v1.20260923.b315a189241e4877bd0e2048071db288_P1.jpg,1200,800,ok
https://ailens.sedaily.ai/industry/2026/09/26/2026-09-26-%EB%A9%B4%EC%A0%91%EB%A3%A9-%EA%B1%B0%EB%9E%98%EA%B0%80-%ED%95%9C-%EB%8B%AC-%EC%83%88-102-%EB%8A%98%EC%97%88%EB%8B%A4%EA%B3%A0%EC%9A%94,https://wimg.sedaily.com/news/cms/2026/09/23/news-p.v1.20260922.92b0e28eab8c4bdaa174c1375ad3171b_P1.png,1200,800,ok
https://ailens.sedaily.ai/industry/2026/09/26/2026-09-26-%ED%9A%8C%EC%9B%90%EC%82%AC-50%EA%B0%9C%EC%97%90%EC%84%9C-2-900%EA%B0%9C%EA%B0%80-%EB%90%90%EB%8A%94%EB%8D%B0-10%EB%85%84%EC%A7%B8-%EA%B0%99%EC%9D%80-%EB%A7%90%EC%9D%84-%ED%95%A9%EB%8B%88%EB%8B%A4,https://wimg.sedaily.com/news/cms/2026/09/24/news-p.v1.20260923.c5956419b1544b008b5f92165f2b85ae_P1.png,1200,800,ok
https://ailens.sedaily.ai/industry/2026/09/26/2026-09-26-%EA%B5%AD%EB%82%B4-%EC%B2%AB-%EC%95%88%EA%B5%AC%EA%B1%B4%EC%A1%B0%EC%A6%9D-%EC%8B%A0%EC%95%BD%EC%9D%B4-%EB%82%98%EC%99%94%EB%8A%94%EB%8D%B0-%EB%8B%A4%EC%9D%8C-%EC%A3%BC%EC%9E%90%EB%8A%94-%EB%91%90-%EB%B2%88-%EB%AF%B8%EB%81%84%EB%9F%AC%EC%A1%8C%EC%8A%B5%EB%8B%88%EB%8B%A4,https://wimg.sedaily.com/news/cms/2026/09/25/news-p.v1.20260923.a3a4b6a34868453387de5bc6006ecefc_P1.jpg,1200,800,ok
https://ailens.sedaily.ai/industry/2026/09/26/2026-09-26-%EA%B0%A4%EB%9F%AD%EC%8B%9C-S27-4%EC%A2%85%EC%9C%BC%EB%A1%9C-%EB%8A%98%EC%96%B4%EB%82%A9%EB%8B%88%EB%8B%A4-%EC%9A%B8%ED%8A%B8%EB%9D%BC-%EC%9C%84%EA%B0%80-%EC%95%84%EB%8B%88%EB%9D%BC-%EC%98%86%EC%97%90-%ED%95%98%EB%82%98,https://wimg.sedaily.com/news/cms/2026/09/25/news-p.v1.20260923.51ff54c585704261ae2eb83c31136625_P1.png,620,425,ok
https://ailens.sedaily.ai/markets/2026/09/26/2026-09-26-%EC%88%98%EC%88%A0%EC%9D%80-%EC%9D%98%EC%82%AC%EC%97%90%EA%B2%8C-%EC%A3%BC%EC%8B%9D%EC%9D%80-%EC%A0%84%EB%AC%B8%EA%B0%80%EC%97%90%EA%B2%8C-%EC%9D%B4-%EB%B9%84%EC%9C%A0%EA%B0%80-%EC%83%9D%EB%9E%B5%ED%95%9C-%EA%B2%83%EB%93%A4,https://wimg.sedaily.com/news/cms/2026/09/22/news-p.v1.20260922.b3cb60ee203e451bbe4ad259b4187a23_P1.jpg,1200,800,ok
https://ailens.sedaily.ai/markets/2026/09/26/2026-09-26-%EA%B0%99%EC%9D%80-%EC%82%BC%EC%84%B1%EC%A0%84%EC%9E%90%EB%A5%BC-%EB%91%90%EA%B3%A0-27%EB%A7%8C-%EC%9B%90%EA%B3%BC-65%EB%A7%8C-%EC%9B%90-%EB%91%90-%EB%B0%B0-%EB%84%98%EA%B2%8C-%EB%B2%8C%EC%96%B4%EC%A1%8C%EB%8B%A4%EA%B3%A0,https://wimg.sedaily.com/news/cms/2026/09/24/news-p.v1.20260923.11ba1d1743ce4de499dc8bba9bf1b471_P1.jpg,860,598,ok
https://ailens.sedaily.ai/news/2026/09/26/2026-09-26-%EB%91%90-%EB%8B%AC-%EC%83%88-13-6-%ED%8F%AC%EC%9D%B8%ED%8A%B8-%EB%8C%80%ED%86%B5%EB%A0%B9-%EC%A7%80%EC%A7%80%EC%9C%A8%EB%A7%8C-%ED%99%80%EB%A1%9C-%EB%82%B4%EB%A0%A4%EA%B0%94%EC%8A%B5%EB%8B%88%EB%8B%A4,https://wimg.sedaily.com/news/cms/2026/09/25/news-p.v1.20260925.3bc6137e5a97497db7e7e6c2578de234_P1.jpg,1200,788,ok
https://ailens.sedaily.ai/industry/2026/09/26/2026-09-26-%EB%8B%A8%EC%A1%B0%EB%A1%9C-%EC%8B%9C%EC%9E%91%ED%95%9C-%ED%95%9C%ED%98%B8%EC%82%B0%EC%97%85-%EB%8F%84%EB%A9%B4%EC%9D%84-%EC%A7%81%EC%A0%91-%EA%B7%B8%EB%A0%A4-10%EB%85%84-%EC%95%88%EC%97%90-1%EC%A1%B0%EB%A5%BC-%ED%95%98%EA%B2%A0%EB%8B%A4%EA%B3%A0,https://wimg.sedaily.com/news/cms/2026/09/24/news-p.v1.20260921.a97030a0e1d042cbb6d16ec010a4989c_P1.jpg,1200,892,ok
https://ailens.sedaily.ai/news/2026/09/25/2026-09-25-%ED%95%9C%EA%B5%AD%EC%9D%80-FTA%EB%A5%BC-%EC%9B%90%ED%96%88%EB%8A%94%EB%8D%B0-%EB%A9%95%EC%8B%9C%EC%BD%94%EA%B0%80-%EC%95%84%EC%A7%81%EC%9D%80-%EC%95%84%EB%8B%88%EB%8B%A4-%EB%9D%BC%EA%B3%A0-%ED%96%88%EC%8A%B5%EB%8B%88%EB%8B%A4,https://wimg.sedaily.com/news/cms/2026/09/25/news-p.v1.20260925.50e30b4ca8c641fc9f49f927803afa4e_P1.jpg,1200,800,ok
https://ailens.sedaily.ai/news/2026/09/25/2026-09-25-7%EB%85%84-%EB%A9%88%EC%B6%B0-%EC%9E%88%EB%8D%98-%ED%95%9C-%EB%A9%95%EC%8B%9C%EC%BD%94-%ED%88%AC%EC%9E%90%ED%98%91%EC%A0%95-%ED%95%98%EB%A3%A8-%EB%A7%8C%EC%97%90-%EC%9F%81%EC%A0%90%EC%9D%B4-%EB%8B%A4-%ED%92%80%EB%A0%B8%EB%8B%A4%EA%B3%A0,https://wimg.sedaily.com/news/cms/2026/09/25/news-p.v1.20260925.a1aeea0da49249668d65a4da6acf38ab_P1.jpg,1200,899,ok
https://ailens.sedaily.ai/markets/2026/09/25/2026-09-25-20%EB%B6%84%EA%B8%B0-%EC%97%B0%EC%86%8D-%EC%A0%81%EC%9E%90%EC%98%80%EB%8D%98-%EB%82%A8%EC%96%91%EC%9C%A0%EC%97%85-%EC%A7%81%EC%9B%90-%EC%A0%84%EC%9B%90%EC%9D%B4-%EC%9E%90%EC%82%AC%EC%A3%BC-6%EC%A3%BC%EB%A5%BC-%EB%B0%9B%EC%95%98%EC%8A%B5%EB%8B%88%EB%8B%A4,https://wimg.sedaily.com/news/cms/2026/09/24/news-p.v1.20260728.af7c18f3d1ea41fda54c9efcb94b3971_P1.jpg,560,374,ok
https://ailens.sedaily.ai/industry/2026/09/25/2026-09-25-%EC%83%81%EB%B0%98%EA%B8%B0-%EB%A7%A4%EC%B6%9C-14%EB%B0%B0-%EB%9B%B4-%EB%B9%84%EC%95%84%EC%8B%A0%EC%84%B8%EA%B3%84-PC-%EC%9B%B9%EC%9D%84-%EC%97%B0-%EC%9D%B4%EC%9C%A0,https://wimg.sedaily.com/news/cms/2026/09/23/news-p.v1.20260923.e8e75d5f41ef40a4b244907ee470ce70_P1.png,1200,1006,ok
https://ailens.sedaily.ai/international/2026/09/25/2026-09-25-%EC%8B%A0%EA%B7%9C-%EC%9B%90%EC%A0%84-%EC%B0%AC%EC%84%B1-79-2-%EC%9D%B8%EB%8D%B0-%EC%A0%95%EB%B6%80%EB%8A%94-3%EA%B0%9C%EC%9B%94%EC%9D%84-%EB%8D%94-%EB%AC%BB%EC%8A%B5%EB%8B%88%EB%8B%A4,https://wimg.sedaily.com/news/cms/2026/09/25/rcv.YNA.20260811.PYH2026081118880001300_P1.jpg,1200,800,ok
https://ailens.sedaily.ai/news/2026/09/25/2026-09-25-10%EC%9B%94-2%EC%9D%BC%EB%B6%80%ED%84%B0-%EA%B2%BD%EC%B0%B0%EC%9D%B4-%EB%8D%AE%EC%9D%80-%EC%82%AC%EA%B1%B4%EC%9D%80-%EA%B2%80%EC%82%AC%EB%8F%84-%EC%A7%81%EC%A0%91-%EB%AA%BB-%EB%93%A4%EC%97%AC%EB%8B%A4%EB%B4%85%EB%8B%88%EB%8B%A4,https://wimg.sedaily.com/news/cms/2026/09/24/news-p.v1.20260714.c18d589ba7714688a4b5e75947079a04_P1.jpg,1200,917,ok
https://ailens.sedaily.ai/news/2026/09/25/2026-09-25-10%EC%9B%94-2%EC%9D%BC%EB%B6%80%ED%84%B0-%EA%B2%80%EC%82%AC%EA%B0%80-%EB%86%93%EC%B9%9C-%EC%A6%9D%EA%B1%B0%EB%8A%94-%EB%8B%A4%EC%8B%9C-%EA%B2%BD%EC%B0%B0%EC%97%90%EA%B2%8C-%EA%B0%91%EB%8B%88%EB%8B%A4,https://wimg.sedaily.com/news/cms/2026/09/24/news-p.v1.20260714.c18d589ba7714688a4b5e75947079a04_P1.jpg,1200,917,ok
https://ailens.sedaily.ai/industry/2026/09/25/2026-09-25-%ED%95%9C-%EB%B2%88-%EC%A3%BC%EC%9C%A0%EB%A1%9C-860km-1974%EB%85%84%EC%83%9D-%ED%95%B4%EC%B9%98%EB%B0%B1%EC%9D%B4-%EC%95%84%EC%A7%81-%EA%B8%B0%EC%A4%80%EC%9D%B8-%EC%9D%B4%EC%9C%A0,https://wimg.sedaily.com/news/cms/2026/09/23/news-p.v1.20260922.b79b8636420c4eacb9e943f20e83e70a_P1.jpg,1200,900,ok
https://ailens.sedaily.ai/industry/2026/09/25/2026-09-25-150%EB%A7%88%EB%A0%A5%EC%9D%80-%ED%8F%89%EB%B2%94%ED%95%9C%EB%8D%B0-%ED%95%9C-%EB%B2%88-%EC%A3%BC%EC%9C%A0%EB%A1%9C-860km%EB%A5%BC-%EB%8B%AC%EB%A6%B0%EB%8B%A4%EB%8B%88%EC%9A%94,https://wimg.sedaily.com/news/cms/2026/09/23/news-p.v1.20260922.b79b8636420c4eacb9e943f20e83e70a_P1.jpg,1200,900,ok
https://ailens.sedaily.ai/industry/2026/09/25/2026-09-25-AWS-%EC%83%88-%EB%8F%84%EA%B5%AC-%EC%BD%94%EB%93%9C-%ED%95%9C-%EC%A4%84%EC%97%90-%EC%B2%98%EB%A6%AC-%EB%B9%84%EC%9A%A9%EC%9D%B4-28-%EC%A4%84%EC%97%88%EB%8B%A4%EA%B3%A0,https://wimg.sedaily.com/news/cms/2026/09/23/news-p.v1.20260923.e6f930147e4d4c14a9fa8e8d001b3768_P2.png,500,483,ok
https://ailens.sedaily.ai/industry/2026/09/25/2026-09-25-%EC%BD%94%EB%93%9C-%ED%95%9C-%EC%A4%84%EB%A1%9C-AI-%EC%97%90%EC%9D%B4%EC%A0%84%ED%8A%B8%EB%A5%BC-%EC%BC%B0%EB%8D%94%EB%8B%88-%EC%B2%98%EB%A6%AC-%EB%B9%84%EC%9A%A9%EC%9D%B4-%ED%8F%89%EA%B7%A0-28-%EC%A4%84%EC%97%88%EB%84%A4%EC%9A%94,https://wimg.sedaily.com/news/cms/2026/09/23/news-p.v1.20260923.e6f930147e4d4c14a9fa8e8d001b3768_P2.png,500,483,ok
https://ailens.sedaily.ai/markets/2026/09/25/2026-09-25-%EA%B3%A8%EB%93%9C%EB%A7%8C%EC%82%AD%EC%8A%A4-%EB%91%90-%EB%8B%AC-%EB%A7%8C%EC%97%90-165%EC%97%94%EC%9D%84-150%EC%97%94%EC%9C%BC%EB%A1%9C-%EB%92%A4%EC%A7%91%EC%97%88%EB%84%A4%EC%9A%94,https://wimg.sedaily.com/news/cms/2026/09/25/news-p.v1.20260925.fc2785799b7b42989d6033a85c6bd3dd_P1.png,860,562,ok
https://ailens.sedaily.ai/industry/2026/09/25/2026-09-25-%EB%8B%A4%EB%9D%BD%EB%B0%A9-%EC%83%81%EC%9E%90%EC%97%90%EC%84%9C-%EB%82%98%EC%98%A8-%EC%B9%B4%EB%93%9C-%ED%95%9C-%EC%9E%A5-600%EB%A7%8C-%EC%9B%90%EC%97%90-%EA%B1%B0%EB%9E%98%EB%90%90%EC%8A%B5%EB%8B%88%EB%8B%A4,https://wimg.sedaily.com/news/cms/2026/09/25/news-p.v1.20260923.ea1c4f7924c442fc8fe20f22e99c7753_P1.png,1200,771,ok
https://ailens.sedaily.ai/industry/2026/09/25/2026-09-25-%ED%95%A9%EC%82%B0-189%EC%A1%B0%EC%9D%B8%EB%8D%B0-%EC%8B%9C%EC%9E%A5%EC%9D%80-%EC%9D%B4%EC%9D%B5-%ED%81%AC%EA%B8%B0%EB%A5%BC-%EC%95%88-%EB%B4%85%EB%8B%88%EB%8B%A4,https://wimg.sedaily.com/news/cms/2026/09/25/news-p.v1.20260908.5114ed101a584c4cb0eb7bfdce88e75a_P1.jpg,1200,709,ok
https://ailens.sedaily.ai/markets/2026/09/25/2026-09-25-%EA%B3%B5%EB%8F%99%EC%97%B0%EA%B5%AC%EB%8A%94-5%EA%B0%9C-%ED%8A%B9%ED%97%88-%EC%82%AC%EC%9A%A9%EA%B6%8C%EC%9D%80-3%EA%B0%9C-%EC%9D%B8%ED%88%AC%EC%85%80%EC%97%90-%EB%82%A8%EC%9D%80-%EB%91%90-%EC%9E%90%EB%A6%AC,https://wimg.sedaily.com/news/cms/2026/09/25/news-p.v1.20260924.a41a18aaa4ff4548a4bb291d54e2861e_P1.png,800,462,ok
https://ailens.sedaily.ai/markets/2026/09/25/2026-09-25-%EC%9E%83%EC%96%B4%EB%B2%84%EB%A6%B0-1%EB%85%84-%EB%B0%B1%EC%A2%85%EC%9B%90-M-A%EB%A1%9C-%EB%8D%94%EB%B3%B8%EC%BD%94%EB%A6%AC%EC%95%84-%EB%B0%98%EC%A0%84-%EA%B0%80%EB%8A%A5%ED%95%A0%EA%B9%8C-%EC%8B%9C%EA%B7%B8%EB%84%90,https://wimg.sedaily.com/news/cms/2026/09/24/news-p.v1.20260529.f084f2e6f1db4f58b7d33b530c2590fa_P1.jpg,1200,823,ok
https://ailens.sedaily.ai/industry/2026/09/25/2026-09-25-%EC%84%B1%EB%AC%98%EA%B8%B8%EC%97%90-%EB%84%98%EC%96%B4%EC%A7%84-%EB%92%A4-%EA%B4%9C%EC%B0%AE%EB%8B%A4-%EB%8A%94-%EB%A7%90%EB%B3%B4%EB%8B%A4-%EB%A8%BC%EC%A0%80-%EC%82%B4%ED%95%84-%EC%84%B8-%EA%B0%80%EC%A7%80,https://wimg.sedaily.com/news/cms/2026/09/23/news-p.v1.20260923.87071be6632640d9a3e1b9ced7c45e2b_P1.jpg,1200,800,ok
https://ailens.sedaily.ai/industry/2026/09/25/2026-09-25-%ED%95%9C%EB%B3%B5-618-%EC%84%A0%EB%AC%BC%EC%84%B8%ED%8A%B8-501-9%EC%9B%94-%EC%A4%91%EA%B3%A0%EC%9E%A5%ED%84%B0%EC%97%90-%EB%AA%85%EC%A0%88%EC%9D%B4-%EB%93%A4%EC%96%B4%EC%99%94%EC%8A%B5%EB%8B%88%EB%8B%A4,https://wimg.sedaily.com/news/cms/2026/09/23/news-p.v1.20260923.c502850dae2b4a29a4fd9637b0a881d7_P1.jpg,1200,1601,ok
https://ailens.sedaily.ai/industry/2026/09/25/2026-09-25-%EB%8B%A4%EC%8B%9C%EB%8A%94-%ED%83%80%EB%8B%A4-%EA%B0%99%EC%9D%80-%EC%9D%BC-%EC%97%86%EB%8F%84%EB%A1%9D-41%EC%84%B8-%EC%9E%A5%EA%B4%80%EC%9D%B4-%EC%9E%84%EA%B8%B0%EB%A5%BC-%EC%8B%9C%EC%9E%91%ED%96%88%EC%8A%B5%EB%8B%88%EB%8B%A4,https://wimg.sedaily.com/news/cms/2026/09/24/news-p.v1.20260923.4d95b4afda6b44a19e21aad57dce1370_P1.png,860,639,ok
https://ailens.sedaily.ai/industry/2026/09/25/2026-09-25-%EB%AF%B8%EA%B5%AD%EC%97%90%EC%84%9C-%ED%8F%AC%EB%93%9C%EB%B3%B4%EB%8B%A4-%EB%A7%8E%EC%9D%B4-%ED%8C%94%EC%95%98%EB%8B%A4%EA%B3%A0-%ED%98%84%EB%8C%80%EC%B0%A8%EA%B7%B8%EB%A3%B9-51%EB%A7%8C-1-421%EB%8C%80,https://wimg.sedaily.com/news/cms/2026/09/25/rcv.YNA.20260902.PAP20260902198001009_P1.jpg,1200,800,ok
https://ailens.sedaily.ai/markets/2026/09/25/2026-09-25-30%EB%85%84%EB%AC%BC-%EA%B8%88%EB%A6%AC%EA%B0%80-5-50-2004%EB%85%84-6%EC%9B%94-%EC%9D%B4%ED%9B%84-%EC%B5%9C%EA%B3%A0%EC%9D%B8%EB%8D%B0-%EC%A7%80%EC%88%98%EB%8A%94-%EC%A0%9C%EC%9E%90%EB%A6%AC%EC%98%80%EC%8A%B5%EB%8B%88%EB%8B%A4,https://wimg.sedaily.com/news/cms/2026/09/25/news-p.v1.20260925.9ee05b9ecd9043189f8c5c2763d10ef2_P1.png,500,333,ok
https://ailens.sedaily.ai/markets/2026/09/25/2026-09-25-7000%ED%94%BC-%EC%98%AC%EB%9D%BC%ED%83%80%EA%B8%B0-%EA%B2%81%EB%82%9C%EB%8B%A4-%EB%8B%A8%EA%B8%B0%EC%B1%84-ETF%EC%97%90-%EB%AD%89%EC%B9%AB%EB%8F%88-%EC%BD%94%EC%A3%BC%EB%B6%80,https://wimg.sedaily.com/news/cms/2026/09/24/rcv.YNA.20260923.PYH2026092321710001300_P1.jpg,1200,783,ok
https://ailens.sedaily.ai/markets/2026/09/25/2026-09-25-%EC%BD%94%EC%8A%A4%ED%94%BC%EB%8A%94-%ED%95%9C-%EC%A3%BC%EC%97%90-5-40-%EC%98%AC%EB%9E%90%EB%8A%94%EB%8D%B0-%EC%9D%B4%EC%9D%B5-%EB%88%88%EB%86%92%EC%9D%B4%EB%8A%94-%EB%82%B4%EB%A0%A4%EA%B0%94%EB%8B%A4%EA%B3%A0,https://wimg.sedaily.com/news/cms/2026/09/24/news-p.v1.20260921.1cb3ee5441944547aadf6f90b34a7b91_P1.jpg,1200,757,ok
https://ailens.sedaily.ai/industry/2026/09/25/2026-09-25-%EC%84%B8%EA%B3%84-D%EB%9E%A8-3%EA%B0%9C-%EC%A4%91-2%EA%B0%9C%EA%B0%80-%ED%95%9C%EA%B5%AD%EC%82%B0%EC%9D%B8%EB%8D%B0-2028%EB%85%84%EC%9D%B4-%EA%B3%A0%EB%B9%84%EB%9D%BC%EA%B3%A0,https://wimg.sedaily.com/news/cms/2026/09/23/news-p.v1.20260107.4b47e9902fcc4224af7fe0ff39576f2c_P1.jpeg,640,353,ok
https://ailens.sedaily.ai/international/2026/09/24/2026-09-24-%EA%B5%AD%EC%B1%84%EA%B8%88%EB%A6%AC-5-15-2007%EB%85%84-%EC%9D%B4%ED%9B%84-%EC%B2%98%EC%9D%8C-%EB%B3%B4%EB%8A%94-%EC%88%AB%EC%9E%90%EC%9E%85%EB%8B%88%EB%8B%A4,https://wimg.sedaily.com/news/cms/2026/09/24/news-p.v1.20260924.3f464428d4f8458081c8c5dfa89a8a8a_P1.jpg,640,439,ok
https://ailens.sedaily.ai/industry/2026/09/24/2026-09-24-%EC%8B%A0%EC%9D%BC-%EC%9E%94%EC%B9%98%ED%8C%AC-%EC%A1%B0%EB%A6%AC%EB%A9%B4-61-%EC%A0%84-%EB%B6%80%EC%B9%98%EB%8B%A4-%EC%A0%84%EA%B3%A8%EA%B9%8C%EC%A7%80-%EC%98%AC%EB%A6%B0%EB%8B%A4%EA%B3%A0%EC%9A%94,https://wimg.sedaily.com/news/cms/2026/09/24/news-p.v1.20260923.49b41855111742a6a702b3a7e141e474_P1.jpg,1200,852,ok
https://ailens.sedaily.ai/industry/2026/09/24/2026-09-24-%EC%9E%AC%EB%B0%8D%EC%97%90%EB%8F%84-%EC%82%B4%EC%95%84%EB%82%A8%EB%8A%94-%EB%AC%B4%EC%9D%B8%EA%B8%B0%EC%97%90-130%EC%96%B5-%EA%B0%99%EC%9D%80-%EB%82%A0-%EB%94%A5%ED%85%8C%ED%81%AC-%EC%84%B8-%EA%B3%B3%EC%9D%B4-%EB%8F%88%EC%9D%84-%EB%B0%9B%EC%95%98%EA%B1%B0%EB%93%A0%EC%9A%94,https://wimg.sedaily.com/news/cms/2026/09/23/news-p.v1.20260513.cb36a469be6b4f3892854f2f62fefefc_P1.jpeg,304,320,ok
https://ailens.sedaily.ai/industry/2026/09/24/2026-09-24-%ED%95%98%EB%A3%A8-300%EB%A7%8C-%EA%B0%9C-%EA%B2%A9%EB%A6%AC-%EA%B3%B5%EA%B0%84%EC%9D%84-%EB%A7%8C%EB%93%A0-%EB%94%A5%EC%8B%9C%ED%81%AC%EA%B0%80-%EC%9E%90%EA%B8%B0-AI%EB%A5%BC-%EB%AA%BB-%EB%AF%BF%EA%B2%A0%EB%8B%A4%EA%B3%A0-%ED%95%A9%EB%8B%88%EB%8B%A4,https://wimg.sedaily.com/news/cms/2026/09/24/news-p.v1.20260814.9551994957734fe3aa080fb70e925843_P1.png,640,360,ok
https://ailens.sedaily.ai/markets/2026/09/24/2026-09-24-SOXL-%ED%95%9C-%EC%A2%85%EB%AA%A9%EC%97%90-76%EC%A1%B0-%EC%9B%90-%EB%AF%B8%EA%B5%AD-%EC%9A%B4%EC%9A%A9%EC%82%AC-%EA%B2%BD%EC%98%81%EC%A7%84%EC%9D%B4-%EC%A4%84%EC%A4%84%EC%9D%B4-%EC%84%9C%EC%9A%B8%EB%A1%9C-%EC%98%A4%EB%8A%94-%EC%9D%B4%EC%9C%A0,https://wimg.sedaily.com/news/cms/2026/09/24/news-p.v1.20260924.38d22eddc3cf49b2a2083ae72c8f4158_P1.png,860,583,ok
https://ailens.sedaily.ai/news/2026/09/24/2026-09-24-8%EC%9B%94%EC%97%90-%EC%9D%B4%EC%82%AC%ED%95%9C-%EC%82%AC%EB%9E%8C-47%EB%A7%8C1000%EB%AA%85-53%EB%85%84-%EB%A7%8C%EC%97%90-%EA%B0%80%EC%9E%A5-%EC%A0%81%EC%9D%80-%EC%9D%B4%EC%9C%A0,https://wimg.sedaily.com/news/cms/2026/09/24/rcv.YNA.20260920.PYH2026092011110001300_P1.jpg,1200,630,ok
https://ailens.sedaily.ai/property/2026/09/24/2026-09-24-%EA%B0%95%EB%82%A8%EA%B5%AC%EB%8A%94-0-42-%EB%B9%A0%EC%A1%8C%EB%8A%94%EB%8D%B0-%EC%84%9C%EC%9A%B8-%EC%A7%91%EA%B0%92%EC%9D%80-85%EC%A3%BC%EC%A7%B8-%EC%98%AC%EB%9E%90%EB%8B%A4%EA%B3%A0,https://wimg.sedaily.com/news/cms/2026/09/24/rcv.YNA.20260920.PYH2026092011130001300_P1.jpg,1200,786,ok
https://ailens.sedaily.ai/industry/2026/09/24/2026-09-24-%EC%88%98%EC%9E%85%EC%B0%A8-%EC%97%AC%EC%84%B1-%EA%B5%AC%EB%A7%A4%EC%9E%90%EB%8A%94-31-3-%EB%A7%88%EC%84%B8%EB%9D%BC%ED%8B%B0%EB%8A%94-45-%EB%9D%BC%EA%B3%A0,https://wimg.sedaily.com/news/cms/2026/09/22/news-p.v1.20260920.2def3887027a4561b6394920e839d08d_P1.jpg,1200,800,ok
https://ailens.sedaily.ai/industry/2026/09/24/2026-09-24-%EB%AA%85%EB%8F%99-%ED%95%9C-%EA%B3%B3%EC%97%90-20%EB%A7%8C-%EB%AA%85-%EC%BD%94%EC%98%A4%EB%A1%B1%EC%8A%A4%ED%8F%AC%EC%B8%A0%EA%B0%80-%EC%A7%81%EC%98%81%EC%9D%84-30-%EA%B9%8C%EC%A7%80-%EB%8A%98%EB%A6%AC%EB%8A%94-%EC%9D%B4%EC%9C%A0,https://wimg.sedaily.com/news/cms/2026/09/23/news-p.v1.20260923.873d9e1cf51040e7b30cf18bbf8d63ee_P1.jpg,1200,910,ok
https://ailens.sedaily.ai/industry/2026/09/24/2026-09-24-%EC%84%A4%EB%B9%84-%ED%95%9C-%EB%B2%88-%EB%A9%88%EC%B6%94%EB%A9%B4-%EC%8B%9C%EA%B0%84%EB%8B%B9-2%EC%96%B5-3-150%EB%A7%8C-%EC%9B%90%EC%9D%B4-%EC%83%88%EC%96%B4-%EB%82%98%EA%B0%80%EA%B1%B0%EB%93%A0%EC%9A%94,https://wimg.sedaily.com/news/cms/2026/09/22/news-p.v1.20260922.61cb8a5b20354b0ca864ed749c51c4de_P1.png,464,261,ok
https://ailens.sedaily.ai/industry/2026/09/24/2026-09-24-%EC%A3%A0%EC%8A%A4%EB%B0%94%EA%B0%80-%EC%A0%84%EA%B5%AD%EC%97%90%EC%84%9C-15-%EB%8D%94-%ED%8C%94%EB%A6%B0-%EC%9D%B4%EC%9C%A0-%EB%B6%80%EC%82%B0-%EB%B6%81%ED%95%AD%EC%97%90-%EC%9E%88%EC%8A%B5%EB%8B%88%EB%8B%A4,https://wimg.sedaily.com/news/cms/2026/09/23/rcv.YNA.20260920.PYH2026092014580005100_P1.jpg,1074,936,ok
https://ailens.sedaily.ai/markets/2026/09/24/2026-09-24-%EB%AA%85%EC%A0%88-%EC%A0%84%EC%97%94-%ED%8C%94%EB%9D%BC%EB%8D%94%EB%8B%88-%EC%97%B0%ED%9C%B4-%EB%92%A4-21%EB%B2%88-%EC%A4%91-12%EB%B2%88%EC%9D%80-%EC%98%AC%EB%9E%90%EB%8B%A4%EA%B3%A0,https://wimg.sedaily.com/news/cms/2026/09/23/news-p.v1.20260923.c602379d3bbe48138ff36806d1992c71_P1.jpg,500,142,ok
https://ailens.sedaily.ai/news/2026/09/24/2026-09-24-%EB%B6%81%ED%95%9C%EA%B5%B0-%ED%8F%AC%EB%A1%9C-2%EB%AA%85%EC%9D%B4-%ED%95%9C%EA%B5%AD%EC%97%90-%EC%99%94%EB%8B%A4%EB%8A%94-%EB%A7%90-%EC%84%9C%EC%9A%B8%EC%9D%B4-%EC%95%84%EB%8B%88%EB%9D%BC-%EB%89%B4%EC%9A%95%EC%97%90%EC%84%9C-%EB%82%98%EC%99%94%EC%8A%B5%EB%8B%88%EB%8B%A4,https://wimg.sedaily.com/news/cms/2026/09/24/news-p.v1.20260924.73b5011a745640b39fa93d655d205918_P1.jpg,754,469,ok
https://ailens.sedaily.ai/international/2026/09/24/2026-09-24-6%EC%9B%94%EC%97%90-%EB%9A%AB%EB%A0%B8%EB%8A%94%EB%8D%B0-%ED%98%B8%EC%A3%BC-%EC%A0%95%EB%B6%80%EB%8A%94-9%EC%9B%94-10%EC%9D%BC%EC%97%90-%ED%86%B5%EB%B3%B4%EB%B0%9B%EC%95%98%EC%8A%B5%EB%8B%88%EB%8B%A4,https://wimg.sedaily.com/news/cms/2026/09/24/news-p.v1.20260916.7ea4e44b19884485973e74c52a8618e0_P1.png,550,332,ok
https://ailens.sedaily.ai/international/2026/09/24/2026-09-24-60%EB%85%84-%EB%A7%8C%EC%9D%98-%ED%99%9C%EC%A3%BC%EB%A1%9C-%ED%99%98%EB%8C%80-%EC%96%BB%EC%96%B4%EB%82%B8-%EA%B1%B4-2%EA%B0%9C%EC%9B%94%EC%9D%B4%EC%97%88%EC%8A%B5%EB%8B%88%EB%8B%A4,https://wimg.sedaily.com/news/cms/2026/09/24/rcv.NEWSIS.NEWSIS.20260924.NISI20260924_0002248264_P1.jpg,1200,800,ok
https://ailens.sedaily.ai/international/2026/09/24/2026-09-24-10%EB%85%84%EB%AC%BC-%EA%B8%88%EB%A6%AC-5-135-2007%EB%85%84-7%EC%9B%94-%EC%9D%B4%ED%9B%84-%EC%B2%98%EC%9D%8C%EC%9D%B4%EB%9D%BC%EA%B3%A0,https://wimg.sedaily.com/news/cms/2026/09/24/news-p.v1.20260922.b3c5fe6f610f4da38d15f65bd5c86171_P1.jpg,1200,800,ok
https://ailens.sedaily.ai/international/2026/09/24/2026-09-24-%EC%9B%90%EC%9C%A0-10%EB%B0%B0%EB%9F%B4-%EC%A4%91-7%EB%B0%B0%EB%9F%B4%EC%9D%B4-%EC%A4%91%EB%8F%99%EC%82%B0-2035%EB%85%84%EC%97%94-%EC%A0%88%EB%B0%98%EC%9C%BC%EB%A1%9C-%EC%A4%84%EC%9D%B8%EB%8B%A4%EA%B3%A0,https://wimg.sedaily.com/news/cms/2026/09/24/news-p.v1.20260923.40bc530dc5174130a7d766976761d371_P1.jpg,500,142,ok
https://ailens.sedaily.ai/international/2026/09/24/2026-09-24-%EB%A6%AC%EC%85%89%EC%85%98-%EB%8F%84%EC%A4%91-%EB%B9%A0%EC%A0%B8%EB%82%98%EA%B0%84-30%EB%B6%84-%EC%A0%84%EC%9E%91%EA%B6%8C%EC%9D%B4-%EC%B2%98%EC%9D%8C-%EC%A0%95%EC%83%81-%ED%85%8C%EC%9D%B4%EB%B8%94%EC%97%90-%EC%98%A4%EB%A5%B4%EB%8B%A4,https://wimg.sedaily.com/news/cms/2026/09/23/news-p.v1.20260923.46ebbc8152384f2eb9bef3f474752282_P1.jpg,1200,800,ok
https://ailens.sedaily.ai/industry/2026/09/24/2026-09-24-%EC%82%AC%EC%9A%B0%EB%94%94-%EC%B2%AB-%EC%9E%90%EB%8F%99%EC%B0%A8-%EC%8B%9C%EC%86%8D-100km%EA%B9%8C%EC%A7%80-2-1%EC%B4%88-%EA%B1%B8%EB%A6%BD%EB%8B%88%EB%8B%A4,https://wimg.sedaily.com/news/cms/2026/09/23/news-p.v1.20260923.7d1e78e5e76d497cbb387390e1414f39_P1.png,597,418,ok
https://ailens.sedaily.ai/industry/2026/09/24/2026-09-24-%EC%A4%91%EB%82%A8%EB%AF%B8-%ED%99%94%EC%9E%A5%ED%92%88-%EC%88%98%EC%B6%9C-115-6-%EC%B6%94%EC%84%9D-%EC%97%B0%ED%9C%B4%EC%97%90-%EB%A9%95%EC%8B%9C%EC%BD%94%EB%A1%9C-%EB%AA%A8%EC%9D%B4%EB%8A%94-CEO-4%EB%AA%85,https://wimg.sedaily.com/news/cms/2026/09/23/news-p.v1.20260922.710295b4052e4443878cadb52cf8483d_P1.png,1200,900,ok
https://ailens.sedaily.ai/industry/2026/09/24/2026-09-24-%ED%8F%89%EC%86%8C-%EC%8B%AC%EC%9E%A5-%EB%A9%80%EC%A9%A1%ED%96%88%EB%8D%98-3-028%EB%AA%85-%EC%A4%91-30-5-%EA%B0%80-%EB%B6%80%EC%A0%95%EB%A7%A5%EC%9D%B4%EC%97%88%EB%8B%A4%EA%B3%A0,https://wimg.sedaily.com/news/cms/2026/09/23/news-p.v1.20260923.f9725f893979474585981274b0eb33d6_P1.jpg,1200,800,ok
https://ailens.sedaily.ai/industry/2026/09/24/2026-09-24-%EA%B5%AD%EB%82%B4-%EA%B8%B0%EC%97%85%EC%9D%B4-%EC%B2%98%EC%9D%8C%EC%9C%BC%EB%A1%9C-%EC%A7%81%EC%A0%91-%EB%B0%9B%EC%95%84%EB%82%B8-FDA-%ED%95%AD%EC%95%94%EC%A0%9C-%ED%97%88%EA%B0%80-%EB%B0%98%EC%9D%91%EB%A5%A0-45-7,https://wimg.sedaily.com/news/cms/2026/09/24/news-p.v1.20260924.5ee2b5d2b4404a999aab06acaf2d7725_P1.jpg,1200,630,ok
https://ailens.sedaily.ai/markets/2026/09/24/2026-09-24-GPU%EB%A7%8C-%EB%B3%B4%EA%B3%A0-%EC%9E%88%EC%97%88%EB%8A%94%EB%8D%B0-1%EC%A3%BC%EC%9D%BC-%EC%88%98%EC%9D%B5%EB%A5%A0-1%EC%9C%84%EB%8A%94-CPU%EC%98%80%EB%8B%A4%EA%B3%A0,https://wimg.sedaily.com/news/cms/2026/09/23/rcv.YNA.20260923.PYH2026092321550001300_P1.jpg,1200,844,ok
https://ailens.sedaily.ai/markets/2026/09/24/2026-09-24-%EC%BD%94%EC%8A%A4%ED%94%BC-%EC%97%B0%ED%9C%B4-%EC%A0%84%EC%97%94-0-05-%EC%9D%B8%EB%8D%B0-%EC%97%B0%ED%9C%B4-%EB%92%A4%EC%97%94-1-34-%EC%98%80%EB%8B%A4%EB%8B%88%EC%9A%94,https://wimg.sedaily.com/news/cms/2026/09/24/news-p.v1.20260924.06ef1ccae02f410c8d1bf243b5bba6f6_P1.png,560,315,ok
https://ailens.sedaily.ai/markets/2026/09/24/2026-09-24-%EA%B5%AD%EB%82%B4%EC%97%94-%EB%A7%A4%EC%9E%A5-%ED%95%98%EB%82%98-%EC%97%86%EB%8A%94-%EC%B9%98%ED%82%A8-%EB%B8%8C%EB%9E%9C%EB%93%9C%EA%B0%80-3-000%EC%96%B5%EC%97%90-%ED%8C%94%EB%A0%B8%EB%8B%A4%EA%B3%A0,https://wimg.sedaily.com/news/cms/2026/09/23/news-p.v1.20260227.6f38ba0643e14a4eb7e7d71ea47293e2_P3.jpg,300,149,ok
https://ailens.sedaily.ai/news/2026/09/24/2026-09-24-%EC%B6%9C%EA%B5%AD-%EC%A7%81%EC%A0%84%EA%B9%8C%EC%A7%80-%EB%82%9C%ED%95%AD-%ED%95%9C%EB%AF%B8-%EB%91%90-%EC%A0%95%EC%83%81%EC%9D%B4-22%EC%9D%BC-%EB%A7%88%EC%A3%BC-%EC%95%89%EB%8B%A4,https://wimg.sedaily.com/news/cms/2026/09/24/news-p.v1.20260923.d586d776d3f34c3da1f5d10c729ed34a_P1.jpg,1200,800,ok
https://ailens.sedaily.ai/international/2026/09/24/2026-09-24-%EC%8B%9C%EC%A7%84%ED%95%91-11%EB%85%84-%EB%A7%8C%EC%9D%98-%EA%B5%AD%EB%B9%88-%EB%B0%A9%EB%AC%B8-%EA%B4%80%EC%84%B8-%EC%9C%A0%EC%98%88%EB%8A%94-3%EA%B0%9C%EC%9B%94%EB%A1%9C-%EC%A4%84%EC%96%B4%EB%93%A0%EB%8B%A4%EA%B3%A0,https://wimg.sedaily.com/news/cms/2026/09/24/news-p.v1.20260924.195f1a4514e94e3aa40e3088aca90327_P1.jpg,1200,800,ok
https://ailens.sedaily.ai/news/2026/09/24/2026-09-24-%EC%98%AC%ED%95%B4-14%EB%B2%88%EC%A7%B8-%EB%AF%B8%EC%82%AC%EC%9D%BC-%EC%95%9E%EC%97%90%EC%84%9C-30%EB%B6%84-%ED%9A%8C%EB%8B%B4%EC%9D%B4-%ED%95%B5%EC%9E%A0-%EC%97%B0%EB%A3%8C%EB%A5%BC-%EA%BA%BC%EB%83%88%EC%8A%B5%EB%8B%88%EB%8B%A4,https://wimg.sedaily.com/news/cms/2026/09/23/rcv.YNA.20260923.PYH2026092310080001300_P2.jpg,500,360,ok
https://ailens.sedaily.ai/news/2026/09/24/2026-09-24-%EC%A4%91%EB%8F%99-%EC%9B%90%EC%9C%A0-70-%EB%A5%BC-2035%EB%85%84%EA%B9%8C%EC%A7%80-50-%EC%95%84%EB%9E%98%EB%A1%9C-%EC%84%B8-%EB%B2%88%EC%A7%B8-%EB%8B%A4%EB%B3%80%ED%99%94-%EC%84%A0%EC%96%B8,https://wimg.sedaily.com/news/cms/2026/09/23/rcv.YNA.20260610.PYH2026061020320005700_P1.jpg,1200,728,ok
https://ailens.sedaily.ai/news/2026/09/24/2026-09-24-%EC%84%B1%EC%9E%A5%EB%A5%A0%EC%9D%80-3-7-%EC%9D%B8%EB%8D%B0-%EA%B8%B0%EC%B4%88%EC%B2%B4%EB%A0%A5%EC%9D%80-1-66-%EB%9D%BC%EA%B3%A0,https://wimg.sedaily.com/news/cms/2026/09/23/rcv.YNA.20260922.PYH2026092219820001300_P1.jpg,1200,788,ok
https://ailens.sedaily.ai/industry/2026/09/24/2026-09-24-%EC%82%BC%EC%A7%84%EC%A0%9C%EC%95%BD%EC%9D%B4-7%EC%9B%94-%EA%B3%B5%EA%B3%A0%EB%A5%BC-%EB%91%90-%EB%8B%AC-%EB%92%A4-%EB%8B%A4%EC%8B%9C-%EB%82%B8-%EC%9D%B4%EC%9C%A0,https://wimg.sedaily.com/news/cms/2026/09/23/news-g.v1.20260923.f0142d6110194835844b2cc9b447838c_P1.jpg,629,669,ok
https://ailens.sedaily.ai/industry/2026/09/24/2026-09-24-%EB%AF%B8%EA%B5%AD-%EB%A7%A5%EC%95%A4%EC%B9%98%EC%A6%88%EC%97%90-%EB%B6%88%EB%8B%AD-%EC%86%8C%EC%8A%A4-%EA%B3%A0%EC%B6%94%EC%9E%A5-%EC%8B%A0%EC%A0%9C%ED%92%88%EC%9D%80-1%EB%85%84%EC%97%90-120-%EB%8A%98%EC%97%88%EB%8B%A4%EB%8B%88%EC%9A%94,https://wimg.sedaily.com/news/cms/2026/09/23/news-p.v1.20260923.ce0a283adbdf41dfbf3ea23185a8d9d1_P1.jpg,1200,1050,ok
https://ailens.sedaily.ai/industry/2026/09/24/2026-09-24-%EC%B6%94%EC%84%9D%EC%97%90-%EC%9D%B4%EC%9E%AC%EC%9A%A9-%EC%B5%9C%ED%83%9C%EC%9B%90%EC%9D%80-%EB%89%B4%EC%9A%95-%EA%B5%AC%EA%B4%91%EB%AA%A8-%EA%B5%AC%EC%9E%90%EC%9D%80%EC%9D%80-%EB%A9%95%EC%8B%9C%EC%BD%94%EC%97%90-%EC%9E%88%EC%8A%B5%EB%8B%88%EB%8B%A4,https://wimg.sedaily.com/news/cms/2026/09/24/9/news-p.v1.20260915.9aca35c4d91f489aa42f289b2153cef6_P1.jpg,500,142,ok
https://ailens.sedaily.ai/industry/2026/09/24/2026-09-24-%EB%B0%A4%EC%83%98-%ED%98%91%EC%83%81-%EB%81%9D%EC%97%90-%EB%82%98%EC%98%A8-5-2-%EC%A1%B0%EC%84%A0-%EB%B9%853-%EC%A4%91-%EC%B2%98%EC%9D%8C%EC%9E%85%EB%8B%88%EB%8B%A4,https://wimg.sedaily.com/news/cms/2026/09/23/news-p.v1.20260923.a510f08ac1344e7dbc0cb3524b66c6b4_P1.jpg,860,573,ok
https://ailens.sedaily.ai/markets/2026/09/24/2026-09-24-%EC%97%B0%ED%9C%B4-%EC%A0%84-%ED%95%9C-%EC%A3%BC-%EA%B0%9C%EC%9D%B8%EC%9D%80-%EC%BD%94%EC%8A%A4%ED%94%BC%EB%A5%BC-10%EC%A1%B0-%ED%8C%94%EA%B3%A0-%ED%95%98%EB%9D%BD-%EB%B2%A0%ED%8C%85%EC%97%90-1-296%EC%96%B5%EC%9D%84-%EB%84%A3%EC%97%88%EB%8B%A4%EA%B3%A0,https://wimg.sedaily.com/news/cms/2026/09/23/rcv.YNA.20260923.PYH2026092322030001300_P1.jpg,1200,836,ok
https://ailens.sedaily.ai/news/2026/09/24/2026-09-24-%EC%9D%B4%EC%9E%AC%EB%AA%85-%EB%8C%80%ED%86%B5%EB%A0%B9%EC%9D%B4-%EC%88%9C%EB%B0%A9-%EC%A0%84-%EC%A7%80%EC%8B%9C%ED%95%9C-%EB%82%B4%EB%9E%80-%ED%8A%B9%EC%88%98%EB%B3%B8-10%EC%9B%94-2%EC%9D%BC-%EC%BB%A4%EC%A7%91%EB%8B%88%EB%8B%A4,https://wimg.sedaily.com/news/cms/2026/09/23/news-p.v1.20260923.aeafac4eae9e4a8b8b8b66d55289519d_P1.jpg,1200,865,ok
https://ailens.sedaily.ai/industry/2026/09/24/2026-09-23-%EC%B6%94%EC%84%9D-%EB%8B%B9%EC%9D%BC%EC%97%90-%EB%83%89%EC%9E%A5%EA%B3%A0%EA%B0%80-%EB%A9%88%EC%B6%94%EB%A9%B4-%EC%84%BC%ED%84%B0%EB%8A%94-%EB%8B%AB%ED%98%80-%EC%9E%88%EA%B3%A0-%EC%97%94%EC%A7%80%EB%8B%88%EC%96%B4%EB%8A%94-%EB%8B%B9%EC%A7%81%EC%9E%85%EB%8B%88%EB%8B%A4,https://wimg.sedaily.com/news/cms/2026/09/22/news-p.v1.20260922.0d46d7d9e1a44456af904a88a7794c79_P1.jpg,1200,800,ok
https://ailens.sedaily.ai/industry/2026/09/24/2026-09-23-%ED%95%9C-%ED%95%B4-%ED%8F%90%EC%97%85%EC%9E%90-100%EB%A7%8C-%EB%AA%85-%EC%83%88-%EC%A4%91%EA%B8%B0%EB%B6%80-%EC%9E%A5%EA%B4%80-%EC%95%9E%EC%97%90-%EB%85%BC%ED%8F%89-%EC%97%AC%EC%84%AF-%EA%B0%9C%EA%B0%80-%EC%8C%93%EC%98%80%EC%8A%B5%EB%8B%88%EB%8B%A4,https://wimg.sedaily.com/news/cms/2026/09/23/rcv.YNA.20260915.PYH2026091507180001300_P1.jpg,1200,891,ok
https://ailens.sedaily.ai/industry/2026/09/24/2026-09-23-9%EC%9B%94-28%EC%9D%BC-%EB%89%B4%EC%9A%95-%EC%9D%B4%EC%9E%AC%EC%9A%A9-%EC%B5%9C%ED%83%9C%EC%9B%90%EC%9D%B4-%EC%A0%A0%EC%8A%A8-%ED%99%A9-%EC%98%86%EC%97%90-%EC%95%89%EC%8A%B5%EB%8B%88%EB%8B%A4,https://wimg.sedaily.com/news/cms/2026/09/23/news-p.v1.20260916.8d258213ac424418adca89cc12c9e508_P1.png,700,224,ok
https://ailens.sedaily.ai/industry/2026/09/24/2026-09-23-%EC%82%BC%EC%84%B1-16GB-LPDDR6-%ED%80%84%EC%BB%B4-%EC%B9%A9%EC%97%90%EC%84%9C-10-7Gbps%EB%A1%9C-%EB%A8%BC%EC%A0%80-%EB%8F%8C%EC%95%84%EB%B4%A4%EA%B1%B0%EB%93%A0%EC%9A%94,https://wimg.sedaily.com/news/cms/2026/09/23/news-p.v1.20260923.24ea55a123914fb1996be079e9501057_P1.png,1200,673,ok
https://ailens.sedaily.ai/markets/2026/09/23/2026-09-23-%EA%B0%9C%EC%9D%B8%EC%9D%B4-1%EC%A1%B0%EB%A5%BC-%ED%8C%8C%EB%8A%94%EB%8D%B0-%EC%BD%94%EC%8A%A4%ED%94%BC%EB%8A%94-%EC%98%A4%EB%A5%B4%EA%B3%A0-%EC%9E%88%EA%B1%B0%EB%93%A0%EC%9A%94,https://wimg.sedaily.com/news/cms/2026/09/23/rcv.YNA.20260923.PYH2026092303340001300_P1.jpg,1200,793,ok
https://ailens.sedaily.ai/markets/2026/09/23/2026-09-23-%EC%B6%94%EC%84%9D-%EC%9A%A9%EB%8F%88-%EC%9E%AC%ED%85%8C%ED%81%AC-5%EB%8C%80-%EC%9A%B4%EC%9A%A9%EC%82%AC-%EC%A4%91-3%EA%B3%B3%EC%9D%B4-%EA%B0%99%EC%9D%80-ETF%EB%A5%BC-%EA%BA%BC%EB%82%B8-%EC%9D%B4%EC%9C%A0,https://wimg.sedaily.com/news/cms/2026/09/23/news-p.v1.20260923.6b123fb453e9404aaa878b9dddd3a3d1_P1.jpg,1200,800,ok
https://ailens.sedaily.ai/markets/2026/09/23/2026-09-23-%EA%B5%AD%EC%B1%84%EA%B8%88%EB%A6%AC%EA%B0%80-3-97-%EC%97%90%EC%84%9C-4-99-%EB%A1%9C-%EC%98%AC%EB%9E%90%EB%8A%94%EB%8D%B0-%EB%82%98%EC%8A%A4%EB%8B%A5%EC%9D%80-14-%EC%98%AC%EB%9E%90%EB%8B%A4%EA%B3%A0,https://wimg.sedaily.com/news/cms/2026/09/23/news-p.v1.20260922.f7811f4048ba41be979ba449bf8a108b_P1.png,300,295,ok
https://ailens.sedaily.ai/international/2026/09/23/2026-09-23-%EC%8B%9C%EC%A7%84%ED%95%91-11%EB%85%84-%EB%A7%8C%EC%9D%98-%EA%B5%AD%EB%B9%88-%EB%B0%A9%EB%AF%B8-%EB%B0%98%EB%8F%84%EC%B2%B4-%EC%88%98%EC%B6%9C-%ED%86%B5%EC%A0%9C%EB%8A%94-%EC%9D%98%EC%A0%9C%EC%97%90%EC%84%9C-%EB%B9%A0%EC%A1%8C%EC%8A%B5%EB%8B%88%EB%8B%A4,https://wimg.sedaily.com/news/cms/2026/09/23/rcv.YNA.20260923.PRU20260923158101009_P1.jpg,1200,824,ok
https://ailens.sedaily.ai/markets/2026/09/23/2026-09-23-%EC%82%BC%EC%84%B1%EC%A0%84%EC%9E%90-%EB%B3%B4%ED%86%B5%EC%A3%BC%EB%8A%94-%EC%84%9D-%EB%8B%AC%EA%B0%84-19-52-%EB%B9%A0%EC%A1%8C%EB%8A%94%EB%8D%B0-%EC%9A%B0%EC%84%A0%EC%A3%BC%EB%8A%94-2-01-%EB%A7%8C-%EB%82%B4%EB%A0%B8%EB%8B%A4%EA%B3%A0,https://wimg.sedaily.com/news/cms/2026/09/23/news-p.v1.20260923.4f4a6bc61d9e43939aa4f82a87f2b434_P1.png,860,598,ok
https://ailens.sedaily.ai/news/2026/09/23/2026-09-23-OECD-6%EA%B0%9C%EC%9B%94-%EB%A7%8C%EC%97%90-%ED%95%9C%EA%B5%AD-%EC%84%B1%EC%9E%A5%EB%A5%A0%EC%9D%84-1-7-%EC%97%90%EC%84%9C-3-7-%EB%A1%9C-%EC%98%AC%EB%A0%B8%EC%8A%B5%EB%8B%88%EB%8B%A4,https://wimg.sedaily.com/news/cms/2026/09/23/rcv.YNA.20260901.PYH2026090110440005100_P1.jpg,1200,760,ok
https://ailens.sedaily.ai/industry/2026/09/23/2026-09-23-1%ED%99%80%EC%97%90-160%EC%96%B5-%EC%A3%BC%EA%B3%A0-%EC%82%B0-%EA%B3%A8%ED%94%84%EC%9E%A5-%ED%8F%AC%EC%8A%A4%EC%BD%94%EA%B0%80-%EB%8B%A4%EC%8B%9C-%ED%8C%9D%EB%8B%88%EB%8B%A4,https://wimg.sedaily.com/news/cms/2026/09/23/news-p.v1.20260923.0c296f73a5354dbc95291b4c0f934af9_P1.png,860,573,ok
https://ailens.sedaily.ai/industry/2026/09/23/2026-09-23-%ED%8C%90%EA%B5%90-20%EB%8C%80%EC%9D%98-%EC%B6%94%EC%84%9D-%EC%84%A0%EB%AC%BC%EC%84%B8%ED%8A%B8-%EB%A7%A4%EC%B6%9C%EC%9D%B4-50-%EB%8A%98%EC%97%88%EB%8B%A4%EA%B3%A0,https://wimg.sedaily.com/news/cms/2026/09/23/news-p.v1.20260923.a81758223320467a8045588dc89a6cff_P1.jpg,1200,802,ok
https://ailens.sedaily.ai/industry/2026/09/23/2026-09-23-%EB%AF%B8%EA%B5%AD-%EB%A7%A5%EC%95%A4%EC%B9%98%EC%A6%88%EC%97%90-%EB%B6%88%EB%8B%AD-%EC%86%8C%EC%8A%A4-%EC%9C%A0%EB%9F%BD-%EC%86%8C%EC%8A%A4-%EC%88%98%EC%B6%9C%EC%9D%80-11-3-%EB%8A%98%EC%97%88%EB%8B%A4%EB%8B%88%EC%9A%94,https://wimg.sedaily.com/news/cms/2026/09/23/news-p.v1.20260923.4ecad7db72434a5cbc820af1497ae414_P1.jpg,1200,600,ok
https://ailens.sedaily.ai/industry/2026/09/23/2026-09-23-%EC%82%BC%EC%84%B1-LG%EA%B0%80-%EC%9D%B8%EB%8F%84%EC%97%90%EC%84%9C-%EB%82%B8-%EA%B4%80%EC%84%B8-5-%EB%8B%B9%EA%B5%AD%EC%9D%80-15-%EB%9D%BC%EA%B3%A0-%ED%95%A9%EB%8B%88%EB%8B%A4,https://wimg.sedaily.com/news/cms/2026/09/23/rcv.YNA.20260923.PRU20260923327301009_P1.jpg,1200,800,ok
https://ailens.sedaily.ai/markets/2026/09/23/2026-09-23-%ED%9C%B4%EC%A0%A4-3%EB%B6%84%EA%B8%B0-%EC%98%81%EC%97%85%EC%9D%B4%EC%9D%B5-41-%EA%B0%90%EC%86%8C-%EB%AF%B8%EA%B5%AD-%EB%A7%A4%EC%B6%9C%EC%9D%80-%EC%99%9C-%EB%A7%88%EC%9D%B4%EB%84%88%EC%8A%A4%EB%A1%9C-%EC%B0%8D%ED%9E%88%EB%82%98,https://wimg.sedaily.com/news/cms/2026/09/23/news-p.v1.20260923.8d726e6692354814a71f108b583cec5b_P1.png,726,164,ok
https://ailens.sedaily.ai/markets/2026/09/23/2026-09-23-%EB%8C%80%EC%9B%90%EC%A0%9C%EC%95%BD-%EA%BF%80%EC%9E%A0%EC%83%B7%EC%9D%80-1-400%EA%B3%B3%EC%97%90-%EA%B9%94%EB%A0%B8%EB%8A%94%EB%8D%B0-3%EB%B6%84%EA%B8%B0%EB%8A%94-%EC%98%81%EC%97%85%EC%86%90%EC%8B%A4-12%EC%96%B5-%EC%9B%90,https://wimg.sedaily.com/news/cms/2026/09/23/news-p.v1.20260923.5bc99f4d2aa1474b9c2251f820b2870a_P1.png,600,399,ok
https://ailens.sedaily.ai/finance/2026/09/23/2026-09-23-OECD%EA%B0%80-6%EC%9B%94%EC%97%94-2-6-%EB%9D%BC%EB%8D%94%EB%8B%88-%EC%84%9D-%EB%8B%AC-%EB%A7%8C%EC%97%90-3-7-%EB%9D%BC%EA%B3%A0%EC%9A%94,https://wimg.sedaily.com/news/cms/2026/09/23/news-p.v1.20260923.9ccac0ec15ba4963aa842324a9fc1c68_P1.jpg,1200,1675,ok
https://ailens.sedaily.ai/markets/2026/09/23/2026-09-23-%EC%95%8C%ED%85%8C%EC%98%A4%EC%A0%A0-%EC%9C%A0%EB%9F%BD-%ED%8A%B9%ED%97%88-2040%EB%85%84%EC%97%90-%EB%81%9D%EB%82%98%EC%A7%80-%EC%95%8A%EC%9D%84-%EC%88%98-%EC%9E%88%EB%8A%94-%EC%9D%B4%EC%9C%A0,https://wimg.sedaily.com/news/cms/2026/09/23/news-p.v1.20260918.188806d1922f496e9de36d6b354e08b2_P1.jpg,1200,760,ok
https://ailens.sedaily.ai/news/2026/09/23/2026-09-23-2-000%EC%96%B5-%EB%8B%AC%EB%9F%AC-%ED%98%91%EC%83%81%EC%9D%B4-%ED%92%80%EB%A6%AC%EC%9E%90-%EB%A9%88%EC%B6%B0-%EC%9E%88%EB%8D%98-%ED%95%B5%EC%9E%A0-%EB%85%BC%EC%9D%98%EA%B0%80-%EB%8B%A4%EC%8B%9C-%EC%9B%80%EC%A7%81%EC%9E%85%EB%8B%88%EB%8B%A4,https://wimg.sedaily.com/news/cms/2026/09/23/news-p.v1.20260923.46ebbc8152384f2eb9bef3f474752282_P1.jpg,1200,800,ok
https://ailens.sedaily.ai/markets/2026/09/23/2026-09-23-8%EC%9B%94%EC%97%94-4%EA%B3%B3%EC%9D%B4-%EC%B2%AB%EB%82%A0-%EA%B9%A8%EC%A1%8C%EB%8A%94%EB%8D%B0-9%EC%9B%94-%EC%99%80%EC%9D%B4%EC%A6%88%ED%94%8C%EB%9E%98%EB%8B%9B%EC%9D%80-285-%EC%98%AC%EB%9E%90%EB%8B%A4%EA%B3%A0%EC%9A%94,https://wimg.sedaily.com/news/cms/2026/09/23/news-p.v1.20260902.1d7bf610786a48e5b1bede0d1d16b9f6_P1.jpg,860,572,ok
https://ailens.sedaily.ai/news/2026/09/23/2026-09-23-%ED%9A%8C%EA%B2%AC-%EB%8B%A4%EC%9D%8C-%EB%82%A0-%EB%AC%BC%EC%96%B4%EB%B3%B8-2-007%EB%AA%85-%EA%B8%8D%EC%A0%95%ED%8F%89%EA%B0%80%EB%8A%94-37-%EC%98%80%EC%8A%B5%EB%8B%88%EB%8B%A4,https://wimg.sedaily.com/news/cms/2026/09/23/rcv.YNA.20260920.PYH2026092011950001300_P1.jpg,1200,800,ok
https://ailens.sedaily.ai/international/2026/09/23/2026-09-23-%EC%98%A4%ED%9B%84-7%EC%8B%9C-20%EB%B6%84%EB%B6%80%ED%84%B0-%EB%94%B1-30%EB%B6%84-%EC%A0%84%EC%9E%91%EA%B6%8C%EC%9D%B4-%EC%B2%98%EC%9D%8C-%EC%A0%95%EC%83%81-%ED%85%8C%EC%9D%B4%EB%B8%94%EC%97%90-%EC%98%AC%EB%9E%90%EC%8A%B5%EB%8B%88%EB%8B%A4,https://wimg.sedaily.com/news/cms/2026/09/23/news-p.v1.20260923.8c571f9b11c64fca89b459dc88f78aed_P1.jpg,1200,800,ok
https://ailens.sedaily.ai/markets/2026/09/23/2026-09-23-%ED%99%80%EB%8B%B9-160%EC%96%B5%EC%97%90-%EC%82%B0-%EC%86%A1%EB%8F%84-%EA%B3%A8%ED%94%84%EC%9E%A5-%EC%9D%B4%EB%B2%88%EC%97%94-200%EC%96%B5%EC%9D%B4-%EA%B1%B0%EB%A1%A0%EB%90%A9%EB%8B%88%EB%8B%A4,https://wimg.sedaily.com/news/cms/2026/09/23/news-p.v1.20260923.b16e82fec9ec4817af09a7019fee9de0_P1.png,1072,810,ok
https://ailens.sedaily.ai/markets/2026/09/23/2026-09-23-%EB%B0%98%EB%8C%80%ED%96%88%EB%8D%98-%EA%B0%80%EA%B2%A9-1%EB%A7%8C-7-600%EC%9B%90%EC%97%90-%EC%B0%A8%ED%8C%8C%ED%8A%B8%EB%84%88%EC%8A%A4%EA%B0%80-%EC%A7%80%EB%B6%84%EC%9D%84-%EB%84%98%EA%B8%B4-%EC%9D%B4%EC%9C%A0,https://wimg.sedaily.com/news/cms/2026/09/23/news-p.v1.20260923.862a99de76084299af601c445a2d8433_P1.jpeg,463,224,ok
https://ailens.sedaily.ai/markets/2026/09/23/2026-09-23-AI%EB%8F%84-%EC%95%84%EB%8B%8C-%EC%83%9D%ED%99%9C%EC%9A%A9%ED%92%88-%ED%9A%8C%EC%82%AC%EA%B0%80-%EC%83%81%EC%9E%A5-%EC%B2%AB%EB%82%A0-285-%EC%98%AC%EB%9E%90%EB%8B%A4%EA%B3%A0,https://wimg.sedaily.com/news/cms/2026/09/23/rcv.YNA.20260923.PYH2026092306070001300_P1.jpg,1200,832,ok
https://ailens.sedaily.ai/markets/2026/09/23/2026-09-23-3%EC%A1%B0-%EC%9B%90-%EB%8C%80%EC%B6%9C%EC%9D%84-%ED%8C%94%EC%A7%80-%EC%95%8A%EA%B3%A0-%EA%B7%B8%EB%8C%80%EB%A1%9C-%EB%93%A4%EA%B3%A0-%EA%B0%88-%EC%88%98%EB%8F%84-%EC%9E%88%EB%8B%A4%EB%8B%88%EC%9A%94,https://wimg.sedaily.com/news/cms/2026/09/23/news-p.v1.20260923.422149229e74440397ac8c7ec62c3d55_P1.jpg,700,478,ok
https://ailens.sedaily.ai/industry/2026/09/23/2026-09-23-1-041%EC%96%B5-%EB%82%9C%EC%A7%95-LCD-%EC%82%AC%EC%97%85-%EB%A7%A4%EA%B0%81-%EB%A7%88%EA%B0%90-%EC%9D%BC%EC%A3%BC%EC%9D%BC-%EC%A0%84%EC%97%90-%EA%B9%A8%EC%A7%84-%EC%9D%B4%EC%9C%A0,https://wimg.sedaily.com/news/cms/2026/09/23/news-p.v1.20260923.574ae4139ce44ebfbdc6ba420c789dc2_P1.png,500,331,ok
https://ailens.sedaily.ai/industry/2026/09/23/2026-09-23-%EC%B9%B4%EC%B9%B4%EC%98%A4%EB%AA%A8%EB%B9%8C%EB%A6%AC%ED%8B%B0-%EB%AF%B8%EA%B5%AD-%EC%83%81%EC%9E%A5-%ED%9A%8C%EC%82%AC%EB%A1%9C-%EB%93%A4%EC%96%B4%EC%98%A4%EB%8A%94-%EB%8F%88%EC%9D%B4-%EC%97%86%EB%8B%A4%EA%B3%A0,https://wimg.sedaily.com/news/cms/2026/09/23/news-p.v1.20260630.ece4c69e982c4531b4b84a883a27ec74_P1.jpg,1200,920,ok
https://ailens.sedaily.ai/industry/2026/09/23/2026-09-23-AI-%ED%95%99%EC%8A%B5-%EB%8D%B0%EC%9D%B4%ED%84%B0-61-%EA%B0%80-%EC%98%81%EC%96%B4%EC%9D%B8-%EC%84%B8%EA%B3%84-%EC%B9%B4%EC%9E%90%ED%9D%90-%EB%B6%80%EC%B4%9D%EB%A6%AC%EA%B0%80-%EC%84%9C%EC%9A%B8%EC%97%90-%EC%98%A8-%EC%9D%B4%EC%9C%A0,https://wimg.sedaily.com/news/cms/2026/09/23/news-p.v1.20260923.e1adf6bfd819449999f239783437ea3a_P1.jpg,856,571,ok
https://ailens.sedaily.ai/news/2026/09/23/2026-09-23-%EC%B2%AD%EC%99%80%EB%8C%80-%EC%9E%AC%EC%A0%9C%EC%B2%AD-%EC%9A%94%EA%B5%AC-25%EC%9D%BC-%EB%A7%8C%EC%97%90-%EC%A1%B0%ED%9D%AC%EB%8C%80-%EB%8C%80%EB%B2%95%EC%9B%90%EC%9E%A5%EC%9D%80-%EA%B3%B5%EB%AC%B8%EC%97%90-%EC%82%AC%EC%9C%A0%EA%B0%80-%EC%97%86%EB%8B%A4-%EA%B3%A0-%ED%96%88%EC%8A%B5%EB%8B%88%EB%8B%A4,https://wimg.sedaily.com/news/cms/2026/09/23/rcv.YNA.20260923.PYH2026092303640001300_P1.jpg,1200,1924,ok
https://ailens.sedaily.ai/industry/2026/09/23/2026-09-23-%EA%B8%B0%EB%B3%B8%EA%B8%89-5-2-%EC%97%90-%EA%B2%A9%EB%A0%A4%EA%B8%88-700%EB%A7%8C-%EC%9B%90-%EC%A1%B0%EC%84%A0-%EB%B9%853-%EC%A4%91-%EC%82%BC%EC%84%B1%EC%A4%91%EA%B3%B5%EC%97%85%EC%9D%B4-%EB%A8%BC%EC%A0%80-%EB%81%9D%EB%83%88%EC%8A%B5%EB%8B%88%EB%8B%A4,https://wimg.sedaily.com/news/cms/2026/09/23/news-p.v1.20260923.f723ee306a70482bb5b82db3f5f100e9_P1.jpg,860,522,ok
https://ailens.sedaily.ai/markets/2026/09/23/2026-09-23-%EC%8B%9C%EC%B4%9D-%EB%AF%B8%EB%8B%AC%EB%A1%9C-%EC%83%81%EC%9E%A5%ED%8F%90%EC%A7%80%EB%8F%BC%EB%8F%84-40%EB%A7%A4%EB%A7%A4%EC%9D%BC-%EC%95%88%EC%97%90-%EC%8B%A0%EC%B2%AD%ED%95%98%EB%A9%B4-%EA%B1%B0%EB%9E%98%EA%B0%80-%EC%9D%B4%EC%96%B4%EC%A7%91%EB%8B%88%EB%8B%A4,https://wimg.sedaily.com/news/cms/2026/09/23/news-p.v1.20260923.37d8fe2eadf7409fba2860b95756db3c_P1.png,860,484,ok
https://ailens.sedaily.ai/news/2026/09/23/2026-09-23-%EC%B6%9C%EC%83%9D%EC%95%84%EB%8A%94-25%EA%B0%9C%EC%9B%94%EC%A7%B8-%EB%8A%98%EC%97%88%EB%8A%94%EB%8D%B0-%EC%9D%B8%EA%B5%AC%EB%8A%94-81%EA%B0%9C%EC%9B%94%EC%A7%B8-%EC%A4%84%EA%B3%A0-%EC%9E%88%EB%8B%A4%EB%8B%88%EC%9A%94,https://wimg.sedaily.com/news/cms/2026/09/23/news-p.v1.20260923.e44c4a7858264a9cba2103eda012eee1_P1.jpg,1200,800,ok
https://ailens.sedaily.ai/markets/2026/09/23/2026-09-23-5%EB%85%84-%EC%83%88-%EC%82%AC%EB%9D%BC%EC%A7%84-%EC%A6%9D%EA%B6%8C%EC%82%AC-%EC%A0%90%ED%8F%AC-247%EA%B0%9C-%EC%95%B1-%EC%84%A4%EC%B9%98%EB%B2%95%EC%9D%80-%EC%96%B4%EB%94%94%EC%84%9C-%EB%AC%BB%EB%82%98,https://wimg.sedaily.com/news/cms/2026/09/23/news-p.v1.20260922.106bbc182ddc4023ac6a4e5d8979edf1_P1.jpg,640,436,ok
https://ailens.sedaily.ai/news/2026/09/23/2026-09-23-25%EC%B4%88-%EB%A7%8C%EC%97%90-%ED%84%B0%EC%A1%8C%EC%8A%B5%EB%8B%88%EB%8B%A4-%EC%A0%84%EC%9E%90%EB%A0%88%EC%9D%B8%EC%A7%80%EC%97%90-%EB%8D%B0%EC%9A%B4-%EB%A7%90%EB%9E%91%EC%9D%B4-%ED%91%9C%EB%A9%B4-171%EB%8F%84,https://wimg.sedaily.com/news/cms/2026/09/23/news-p.v1.20260519.c849e15d56ec4534b861b55cc011424b_P1.jpg,560,315,ok
https://ailens.sedaily.ai/markets/2026/09/23/2026-09-23-%EB%8C%80%EC%8B%A0%EC%A6%9D%EA%B6%8C-%EC%B2%AD%EC%95%BD%EC%A6%9D%EA%B1%B0%EA%B8%88-100%EB%A7%8C-%EC%9B%90%EA%B9%8C%EC%A7%80-%EC%97%B0-1-%EC%9D%B4%EC%9E%90%EA%B0%80-%EB%B6%99%EB%8A%94%EB%8B%A4%EA%B3%A0%EC%9A%94,https://wimg.sedaily.com/news/cms/2026/09/23/news-p.v1.20260923.442d804570c948fa81f3e59b4529b43a_P1.png,600,281,ok
https://ailens.sedaily.ai/property/2026/09/23/2026-09-23-2019%EB%85%84-%EB%A9%88%EC%B6%98-%EC%84%9C%EC%9A%B8%EC%88%B2-49%EC%B8%B5-%EC%9D%B4%EB%B2%88%EC%97%94-46%EC%B8%B5%EC%9D%84-%EC%A3%BC%EB%AF%BC%EC%97%90%EA%B2%8C-%EC%97%B0%EB%8B%A4%EA%B3%A0,https://wimg.sedaily.com/news/cms/2026/09/23/news-p.v1.20260923.ca68d02c9c7546b3a022a675034ac6e0_P1.png,1200,672,ok
https://ailens.sedaily.ai/markets/2026/09/23/2026-09-23-1-100%EC%96%B5-%ED%8A%B9%ED%8C%90%EC%9D%B4-%EC%9D%B4%ED%8B%80-%EB%A7%8C%EC%97%90-%ED%8C%94%EB%A0%B8%EB%8A%94%EB%8D%B0-%EC%9D%B4%EB%B2%88%EC%97%94-16%EC%A1%B0-7-000%EC%96%B5%EC%9D%B4-%EC%97%B4%EB%A6%BD%EB%8B%88%EB%8B%A4,https://wimg.sedaily.com/news/cms/2026/09/23/news-p.v1.20260923.55e7b814dfe74277b164044bd329e9a2_P1.png,500,333,ok
https://ailens.sedaily.ai/news/2026/09/23/2026-09-23-%EB%82%98%ED%94%84%ED%83%80-%EA%B0%92-%EC%A0%88%EB%B0%98%EC%9D%84-%EC%A0%95%EB%B6%80%EA%B0%80-%EB%8C%80%EC%A3%BC%EB%8A%94-%EB%8F%99%EC%95%88-16%EC%A1%B0-%EC%9B%90-%EB%8B%B4%ED%95%A9%EC%9D%B4-%EC%9D%B4%EC%96%B4%EC%A1%8C%EB%8B%A4%EA%B3%A0,https://wimg.sedaily.com/news/cms/2026/09/23/rcv.YNA.20260811.PYH2026081105450001300_P1.jpg,1200,1721,ok
https://ailens.sedaily.ai/international/2026/09/23/2026-09-23-%EC%A7%80%EB%82%9C%ED%95%B4-%EC%88%98%EC%9E%85-%EC%9B%90%EC%9C%A0%EC%9D%98-61-%EA%B0%80-%EA%B0%99%EC%9D%80-%ED%95%B4%ED%98%91%EC%9D%84-%EC%A7%80%EB%82%98%EC%99%94%EB%8B%A4%EA%B3%A0,https://wimg.sedaily.com/news/cms/2026/09/23/rcv.YNA.20260923.PYH2026092304860001300_P1.jpg,1200,800,ok
https://ailens.sedaily.ai/markets/2026/09/23/2026-09-23-%ED%95%98%EB%B0%98%EA%B8%B0-%EC%BD%94%EC%8A%A4%ED%94%BC-%EC%8B%A0%EA%B7%9C-%EC%83%81%EC%9E%A5%EC%82%AC-%EC%95%84%EC%A7%81-%EC%BC%80%EC%9D%B4%EB%B1%85%ED%81%AC-%ED%95%9C-%EA%B3%B3%EC%9D%B4%EB%9D%BC%EA%B3%A0%EC%9A%94,https://wimg.sedaily.com/news/cms/2026/09/23/news-p.v1.20260921.0bdfed5bb5074c0b88aa22845d3d8338_P1.jpg,1200,800,ok
https://ailens.sedaily.ai/markets/2026/09/23/2026-09-23-%EC%98%AC%EB%A6%BC%ED%94%BD-%EC%9B%94%EB%93%9C%EC%BB%B5-%EC%A4%91%EA%B3%84%EA%B6%8C%EC%9D%84-%EC%82%B0-JTBC%EA%B0%80-%EB%B6%80%EC%B1%84%EB%B9%84%EC%9C%A8-2-600-%EB%A1%9C-%EC%83%88-%EC%A3%BC%EC%9D%B8%EC%9D%84-%EC%B0%BE%EB%8A%94-%EC%9D%B4%EC%9C%A0,https://wimg.sedaily.com/news/cms/2026/09/23/news-p.v1.20260624.53d201a559a34c14bf1864fcbc48d732_P1.png,1200,806,ok
https://ailens.sedaily.ai/industry/2026/09/23/2026-09-23-%EC%83%9D%EC%88%98-%EB%9D%BC%EB%B2%A8%EC%9D%B4-%EC%82%AC%EB%9D%BC%EC%A7%84-%EA%B1%B4-%ED%94%8C%EB%9D%BC%EC%8A%A4%ED%8B%B1-2-270%ED%86%A4-%EB%95%8C%EB%AC%B8%EC%9D%B4%EA%B1%B0%EB%93%A0%EC%9A%94,https://wimg.sedaily.com/news/cms/2026/09/23/news-p.v1.20260923.aaae7bf5d8554a41a8ad55bfece3cbc6_P1.jpg,1200,900,ok
https://ailens.sedaily.ai/industry/2026/09/23/2026-09-23-%EB%B0%9C%ED%96%89-9-000%EC%96%B5-%EC%B6%95%EC%86%8C%EB%A5%BC-%EA%B2%80%ED%86%A0%ED%96%88%EB%8D%98-%EC%98%A8%EB%88%84%EB%A6%AC%EC%83%81%ED%92%88%EA%B6%8C-%EA%B0%9C%ED%8E%B8%EC%95%88%EC%9D%B4-%EC%88%98%EC%9D%BC-%EB%82%B4-%EB%82%98%EC%98%B5%EB%8B%88%EB%8B%A4,https://wimg.sedaily.com/news/cms/2026/09/23/news-p.v1.20260923.749af081a1d149e28ac3227a29834a3a_P1.jpg,1200,676,ok
https://ailens.sedaily.ai/industry/2026/09/23/2026-09-23-6%EA%B0%9C%EC%9B%94-%EB%A7%8C%EC%97%90-%EB%8F%8C%EC%95%84%EC%84%A0-%EB%8C%80%ED%98%95%EB%A7%88%ED%8A%B8-%EA%B0%80%EC%A0%84-%EC%99%84%EA%B5%AC%EA%B0%80-17-8-%EB%9B%B0%EC%97%88%EB%8B%A4%EB%8B%88%EC%9A%94,https://wimg.sedaily.com/news/cms/2026/09/23/news-p.v1.20260923.7ee6fc92f78e4bf19fb4c7c8811eecae_P1.png,860,583,ok
https://ailens.sedaily.ai/industry/2026/09/23/2026-09-23-%ED%9C%B4%EA%B2%8C%EC%86%8C-8%EA%B3%B3-%EC%9D%B4%EB%8F%99%EC%8B%9D-%EC%B6%A9%EC%A0%84%EA%B8%B0-19%EA%B8%B0-%EB%82%B4-%EC%B0%A8%EA%B0%80-%EB%A8%BC%EC%A0%80-%EA%BD%82%EC%9D%84-%EC%88%98-%EC%9E%88%EB%8A%94-%EC%A1%B0%EA%B1%B4,https://wimg.sedaily.com/news/cms/2026/09/23/news-p.v1.20260922.54b3bb507b094247b564f21c4e9c0af2_P1.jpg,745,499,ok
https://ailens.sedaily.ai/markets/2026/09/23/2026-09-23-%EC%A0%95%EA%B7%9C%EC%9E%A5-%EC%97%B4%EB%A6%AC%EA%B8%B0-%EC%A0%84-%EC%98%A4%EC%A0%84-8%EC%8B%9C-15%EB%B6%84-%EC%82%BC%EC%84%B1%EC%A0%84%EC%9E%90%EB%8A%94-%EC%9D%B4%EB%AF%B8-2-35-%EC%98%AC%EB%9D%BC-%EC%9E%88%EC%97%88%EC%8A%B5%EB%8B%88%EB%8B%A4,https://wimg.sedaily.com/news/cms/2026/09/23/news-p.v1.20260923.79d1d4d93cb246d4939a4efa9edfe392_P1.png,550,297,ok
https://ailens.sedaily.ai/markets/2026/09/23/2026-09-23-%EC%82%BC%EC%84%B1%EC%A6%9D%EA%B6%8C-%EC%97%B0-4-3-%EB%B0%9C%ED%96%89%EC%96%B4%EC%9D%8C-1-000%EC%96%B5-%EC%9D%B4%ED%8B%80-%EB%B0%98-%EB%A7%8C%EC%97%90-%EC%99%84%ED%8C%90%EB%90%98%EB%8B%A4,https://wimg.sedaily.com/news/cms/2026/09/23/news-p.v1.20260923.76a49beb7df34b1b9e008deb45451e62_P1.jpg,1200,800,ok
https://ailens.sedaily.ai/markets/2026/09/23/2026-09-23-%EA%B3%B5%EB%AA%A8%EA%B0%80-1%EB%A7%8C-2-000%EC%9B%90%EC%9D%B4-%EC%B2%AB%EB%82%A0-4%EB%A7%8C-2-500%EC%9B%90%EC%9D%B4-%EB%90%90%EB%8B%A4%EB%8B%88%EC%9A%94,https://wimg.sedaily.com/news/cms/2026/09/23/news-p.v1.20260923.ecf742ca48994555823007309e4c0af6_P1.png,843,167,ok
https://ailens.sedaily.ai/markets/2026/09/23/2026-09-23-%EB%B2%95%EC%9C%BC%EB%A1%9C%EB%8A%94-100-%EA%B9%8C%EC%A7%80-%EB%90%98%EB%8A%94%EB%8D%B0-%EC%A6%9D%EA%B6%8C%EC%82%AC%EB%93%A4%EC%9D%B4-%EC%8A%A4%EC%8A%A4%EB%A1%9C-90-%EB%A1%9C-%EB%82%B4%EB%A0%B8%EC%8A%B5%EB%8B%88%EB%8B%A4,https://wimg.sedaily.com/news/cms/2026/09/23/news-p.v1.20260923.342965772fc64076a8a430e41d0205cd_P1.jpeg,640,426,ok
https://ailens.sedaily.ai/news/2026/09/23/2026-09-23-%EC%98%A4%ED%9B%84-7%EC%8B%9C-20%EB%B6%84%EB%B6%80%ED%84%B0-%EB%94%B1-30%EB%B6%84-%ED%95%9C%EB%AF%B8-%EC%A0%95%EC%83%81%EC%9D%B4-%EA%BA%BC%EB%82%B8-%EA%B1%B4-%ED%95%B5%EC%9E%A0-%EC%97%B0%EB%A3%8C%EC%98%80%EB%84%A4%EC%9A%94,https://wimg.sedaily.com/news/cms/2026/09/23/news-p.v1.20260923.8c571f9b11c64fca89b459dc88f78aed_P1.jpg,1200,800,ok
https://ailens.sedaily.ai/property/2026/09/23/2026-09-23-%ED%8F%AD%EB%9D%BD-%EB%8C%80%EB%B9%84-%EC%A7%80%EC%8B%9C-%ED%95%9C-%EB%8B%AC-%EC%84%9C%EC%9A%B8-%EC%A7%91%EA%B0%92-%EA%B8%B0%EB%8C%80%EC%A7%80%EC%88%98%EA%B0%80-133%EC%9D%B8-%EC%9D%B4%EC%9C%A0,https://wimg.sedaily.com/news/cms/2026/09/23/rcv.YNA.20260918.PYH2026091810710001300_P1.jpg,1200,840,ok
https://ailens.sedaily.ai/international/2026/09/23/2026-09-23-%EC%9D%B4%EB%9E%80-%EB%8C%80%ED%91%9C%EB%8B%A8%EC%9D%B4-1%EB%AA%85%EB%A7%8C-%EB%82%A8%EA%B8%B0%EA%B3%A0-%EB%82%98%EA%B0%84-%EB%82%A0-%EA%B0%99%EC%9D%80-%EA%B3%B3%EC%97%90%EC%84%9C-3%EC%8B%9C%EA%B0%84-%ED%98%91%EC%83%81%EC%9D%B4-%EC%9E%88%EC%97%88%EC%8A%B5%EB%8B%88%EB%8B%A4,https://wimg.sedaily.com/news/cms/2026/09/23/news-p.v1.20260901.bed6bc81543f4ff6b7de0cf3984a1b58_P1.jpg,720,480,ok
https://ailens.sedaily.ai/industry/2026/09/23/2026-09-23-LS%EC%A0%84%EC%84%A0-%EC%BC%80%EC%9D%B4%EB%B8%94-%EA%B5%B5%EA%B8%B0%EB%8A%94-%EA%B7%B8%EB%8C%80%EB%A1%9C%EC%9D%B8%EB%8D%B0-%EC%A0%84%EA%B8%B0%EB%8A%94-25-%EB%8D%94-%EB%B3%B4%EB%83%85%EB%8B%88%EB%8B%A4,https://wimg.sedaily.com/news/cms/2026/09/23/news-p.v1.20260923.82cca85c2b134d0d9f5daa34a878c549_P1.png,1200,743,ok
https://ailens.sedaily.ai/industry/2026/09/23/2026-09-23-AI-%EC%88%98%EC%84%9D-%EC%97%B0%EA%B5%AC%EC%9B%90-%EC%88%98%EC%8B%AD-%EB%AA%85%EC%9D%B4-2%EB%85%84-%EB%A7%8C%EC%97%90-%EC%97%B0%EA%B5%AC%EC%86%8C%EB%A5%BC-%EB%96%A0%EB%82%9C-%EC%9D%B4%EC%9C%A0,https://wimg.sedaily.com/news/cms/2026/09/23/news-p.v1.20260922.f90639ee462c4e88aa5cc15819b48869_P1.jpg,1200,800,ok
https://ailens.sedaily.ai/industry/2026/09/23/2026-09-23-%EB%A1%9C%EB%B4%87-2%EB%A7%8C-5-000%EB%8C%80%EA%B0%80-%EB%93%A4%EC%96%B4%EC%98%A4%EA%B8%B0-%EC%A0%84-%EC%A1%B0%EC%A7%80%EC%95%84%EC%97%90-%ED%9B%88%EB%A0%A8%EC%86%8C%EA%B0%80-%EB%A8%BC%EC%A0%80-%EC%97%B4%EB%A0%B8%EC%8A%B5%EB%8B%88%EB%8B%A4,https://wimg.sedaily.com/news/cms/2026/09/23/news-p.v1.20260922.c75783f2ada947ddb679843512d22013_P1.jpg,1200,675,ok
https://ailens.sedaily.ai/industry/2026/09/23/2026-09-23-9-970%EC%96%B5-%EC%9B%90%EC%97%90-%ED%8C%94%EB%A0%B8%EB%8D%98-%EB%84%A4%ED%8C%8C-%EC%9D%B4%EB%B2%88%EC%97%94-%EC%A6%9D%EC%9E%90%EB%A1%9C-%EC%A3%BC%EC%9D%B8%EC%9D%B4-%EB%B0%94%EB%80%9D%EB%8B%88%EB%8B%A4,https://wimg.sedaily.com/news/cms/2026/09/23/news-p.v1.20260106.f7628da06af442c09c71a5a943dbe368_P1.jpg,1200,800,ok
https://ailens.sedaily.ai/markets/2026/09/23/2026-09-23-KB%EC%A6%9D%EA%B6%8C-%EC%8B%9C%ED%81%90%EB%A6%AC%ED%83%80%EC%9D%B4%EC%A6%88-%EC%98%B5%ED%8B%B0%EB%AF%B8%EC%A6%98-%EC%85%8B%EC%9D%B4-%EB%A8%BC%EC%A0%80-%ED%86%A0%ED%81%B0%ED%99%94%ED%95%98%EB%8A%94-%EA%B1%B4-MMF%EC%9E%85%EB%8B%88%EB%8B%A4,https://wimg.sedaily.com/news/cms/2026/09/23/news-p.v1.20260923.5ae668b06c724a60802c9d109e0fb06c_P1.png,860,573,ok
https://ailens.sedaily.ai/markets/2026/09/23/2026-09-23-MBK-2%ED%98%B8-%ED%8E%80%EB%93%9C%EA%B0%80-18%EB%85%84-%EB%A7%8C%EC%97%90-%EC%A0%95%EB%A6%AC%EB%90%A0-%EC%88%98-%EC%9E%88%EA%B2%8C-%EB%90%9C-%EC%9D%B4%EC%9C%A0,https://wimg.sedaily.com/news/cms/2026/09/23/news-p.v1.20251230.954e349b9c9d408abe4eb76a94aff620_P1.jpg,1200,508,ok
https://ailens.sedaily.ai/markets/2026/09/23/2026-09-23-%EC%B2%AD%EC%95%BD%EC%97%90-%EB%AC%B6%EC%9D%B8-%EB%8F%88%EC%97%90%EB%8F%84-%EC%9D%B4%EC%9E%90%EA%B0%80-%EB%B6%99%EB%8A%94%EB%8B%A4%EB%8B%88%EC%9A%94-100%EB%A7%8C-%EC%9B%90%EA%B9%8C%EC%A7%80-%EC%97%B0-1,https://wimg.sedaily.com/news/cms/2026/09/23/news-p.v1.20260923.d3807271a2eb4352868070d23cad3c39_P1.png,780,365,ok
https://ailens.sedaily.ai/markets/2026/09/23/2026-09-23-%EB%A9%94%EB%AA%A8%EB%A6%AC-%ED%92%88%EA%B7%80-2028%EB%85%84%EA%B9%8C%EC%A7%80-%EA%B0%84%EB%8B%A4%EA%B3%A0-%EB%B3%B8-%EA%B3%84%EC%82%B0%EB%B2%95,https://wimg.sedaily.com/news/cms/2026/09/23/news-p.v1.20260923.3b2a47c8ba7a4c239d9573a11cd38bde_P1.jpg,860,598,ok
https://ailens.sedaily.ai/news/2026/09/23/2026-09-23-%EA%B2%BD%EB%B6%81%EB%8F%84%EA%B0%80-141%EC%96%B5-%EC%9B%90%EC%9C%BC%EB%A1%9C-1%EC%A1%B0-6000%EC%96%B5-%EC%9B%90%EC%9D%84-%EA%B5%B4%EB%A6%AC%EB%8A%94-%EB%B0%A9%EB%B2%95,https://wimg.sedaily.com/news/cms/2026/09/23/news-p.v1.20260916.780c26243be24b938d90e81046d6bb0e_P1.jpg,1200,597,ok
https://ailens.sedaily.ai/international/2026/09/23/2026-09-23-%EB%89%B4%EC%9A%95%EC%97%90%EC%84%9C-3%EC%8B%9C%EA%B0%84-%EB%A7%88%EC%A3%BC-%EC%95%89%EC%95%98%EB%8A%94%EB%8D%B0-%EB%B4%89%EC%87%84-%ED%95%B4%EC%A0%9C%EB%8A%94-%EA%B1%B0%EC%A0%88%EB%8B%B9%ED%96%88%EB%8B%A4%EB%8B%88%EC%9A%94,https://wimg.sedaily.com/news/cms/2026/09/23/news-p.v1.20260923.80bd1b5a42c94d29abd596688201216f_P1.jpg,1200,800,ok
https://ailens.sedaily.ai/news/2026/09/23/2026-09-23-200%EC%9D%BC-%EB%84%98%EA%B2%8C-%EB%B9%88-%EB%8C%80%EB%B2%95%EA%B4%80-%EC%9E%90%EB%A6%AC-%EB%8C%80%EB%B2%95%EC%9B%90%EC%9E%A5%EC%9D%B4-%EC%9E%AC%EC%A0%9C%EC%B2%AD%EC%9D%84-%EA%B1%B0%EB%B6%80%ED%95%98%EB%8B%A4,https://wimg.sedaily.com/news/cms/2026/09/22/rcv.NEWS1.NEWS1.20260922.2026-09-22T092806_1008120184_SOCIETY_I_P1.jpg,1200,884,ok
https://ailens.sedaily.ai/international/2026/09/23/2026-09-23-223%EC%96%B5-%EB%8B%AC%EB%9F%AC-%EB%8C%80%EB%AF%B8-%ED%88%AC%EC%9E%90-1%ED%98%B8-%ED%85%8D%EC%82%AC%EC%8A%A4-%EA%B0%80%EC%8A%A4%EB%B0%9C%EC%A0%84%EC%86%8C%EB%A1%9C-%EC%A0%95%ED%95%B4%EC%A1%8C%EC%8A%B5%EB%8B%88%EB%8B%A4,https://wimg.sedaily.com/news/cms/2026/09/23/rcv.YNA.20260922.PYH2026092205430001300_P2.jpg,500,333,ok
https://ailens.sedaily.ai/finance/2026/09/23/2026-09-23-%EC%95%95%EC%88%98%EC%88%98%EC%83%89%EC%9D%84-%EB%B0%9B%EA%B3%A0%EB%8F%84-9%EA%B0%9C%EC%9B%94%EA%B0%84-%EC%8B%A0%EC%9A%A9%EB%B3%B4%EC%A6%9D%EA%B8%B0%EA%B8%88%EC%9D%80-%EB%B3%B4%EC%A6%9D%EC%9D%84-%EA%B3%84%EC%86%8D-%EC%8A%B9%EC%9D%B8%ED%96%88%EB%8B%A4%EA%B3%A0,https://wimg.sedaily.com/news/cms/2026/09/22/news-p.v1.20260313.27c7e6d49585484b84007c1490139db2_P1.jpg,1200,815,ok
https://ailens.sedaily.ai/news/2026/09/23/2026-09-23-%EB%B0%98%EB%A0%A4-25%EC%9D%BC-%EB%A7%8C%EC%97%90-%EB%8C%80%ED%86%B5%EB%A0%B9-%EC%88%9C%EB%B0%A9-%EC%A4%91-%EB%82%98%EC%98%A8-%EB%8C%80%EB%B2%95%EC%9B%90%EC%9E%A5%EC%9D%98-%EA%B1%B0%EB%B6%80,https://wimg.sedaily.com/news/cms/2026/09/22/rcv.YNA.20260922.PYH2026092224110001300_P1.jpg,1200,894,ok
https://ailens.sedaily.ai/news/2026/09/23/2026-09-23-%EB%A7%A4%EB%85%84-%ED%95%B5%EB%AC%B4%EA%B8%B0-10-20%EA%B0%9C-%EB%8C%80%ED%86%B5%EB%A0%B9%EC%9D%80-%EC%9D%BC%EB%8B%A8-%EC%B0%A8%EB%A5%BC-%EB%A9%88%EC%B6%B0-%EC%84%B8%EC%9A%B0%EC%9E%90-%EA%B3%A0-%ED%95%A9%EB%8B%88%EB%8B%A4,https://wimg.sedaily.com/news/cms/2026/09/23/news-p.v1.20260922.29d150ab6835459fbe54d20228adcfa9_P1.jpg,1200,800,ok
https://ailens.sedaily.ai/industry/2026/09/23/2026-09-23-%EC%9C%A0%EB%9F%BD-%EC%A0%90%EC%9C%A0%EC%9C%A8-55-%EC%97%90%EC%84%9C-35-%EB%A1%9C-%EC%A0%95%EB%B6%80%EA%B0%80-%EB%82%98%ED%8A%B8%EB%A5%A8-%EB%B0%B0%ED%84%B0%EB%A6%AC%EB%A5%BC-%EA%BA%BC%EB%82%B4-%EB%93%A4%EB%8B%A4,https://wimg.sedaily.com/news/cms/2026/09/23/9/news-p.v1.20251227.497f434acdd64e1d998c33363420c358_P1.jpg,640,459,ok
https://ailens.sedaily.ai/news/2026/09/23/2026-09-23-%EB%82%A8%EB%B6%81%EC%9D%B4-%ED%95%A8%EA%BB%98-%EC%9C%A0%EC%97%94%EC%97%90-%EB%93%A4%EC%96%B4%EA%B0%84-%EC%A7%80-35%EB%85%84-%EB%89%B4%EC%9A%95%EC%97%90%EC%84%9C-%EC%B2%AD%EC%82%AC%EC%A7%84-%EC%84%B8-%EA%B0%9C%EB%A5%BC-%ED%8E%B4%EB%8B%A4,https://wimg.sedaily.com/news/cms/2026/09/23/rcv.NEWS1.NEWS1.20260923.2026-09-23T050255_1008122449_POLITICS_I_P1.jpg,1200,800,ok
https://ailens.sedaily.ai/industry/2026/09/23/2026-09-23-%EC%A2%85%EB%9F%89%EC%A0%9C-%EB%B4%89%ED%88%AC%EC%97%90-%EB%B2%84%EB%A0%A4%EC%A7%80%EB%8D%98-%EC%9A%B0%EC%9C%A0%ED%8C%A9-%EC%A0%95%EB%B6%80-%EA%B8%B0%EC%97%85-8%EA%B3%B3%EC%9D%B4-%EB%8C%80%EC%A0%84%EA%B3%B5%EC%9E%A5%EC%97%90-%EB%AA%A8%EC%9D%B8-%EC%9D%B4%EC%9C%A0,https://wimg.sedaily.com/news/cms/2026/09/22/news-p.v1.20260922.3872d569d39640e5a8a25c4fe6f80f00_P1.png,1042,689,ok
https://ailens.sedaily.ai/industry/2026/09/23/2026-09-23-%EC%B7%A8%EC%9E%84%EC%8B%9D%EC%9D%80-28%EC%9D%BC%EC%9D%B8%EB%8D%B0-%EC%9D%B4%EC%86%8C%EC%98%81-%EC%A4%91%EA%B8%B0%EB%B6%80-%EC%9E%A5%EA%B4%80%EC%9D%80-%EB%82%B4%EC%9D%BC-%EC%88%98%EC%9B%90-%EC%8B%9C%EC%9E%A5%EC%9C%BC%EB%A1%9C-%EA%B0%91%EB%8B%88%EB%8B%A4,https://wimg.sedaily.com/news/cms/2026/09/23/news-p.v1.20260915.fd4e782e03d241318f6247900bcf93b4_P1.jpg,1200,905,ok
https://ailens.sedaily.ai/industry/2026/09/23/2026-09-23-2-900%EC%96%B5%EC%97%90-%EC%82%B0-%ED%8A%B9%ED%97%88-%EB%A7%8C%EB%A3%8C-%ED%95%AD%EC%95%94%EC%A0%9C-4%EA%B0%9C%EC%9B%94-%EB%A7%8C%EC%97%90-3-837%EC%96%B5-%EA%B3%84%EC%95%BD%EC%9D%84-%EB%94%B0%EC%99%94%EB%8B%A4%EA%B3%A0,https://wimg.sedaily.com/news/cms/2026/09/22/news-g.v1.20260922.34cad277e7664d1689f26974b03e4389_P1.jpg,1200,413,ok
https://ailens.sedaily.ai/industry/2026/09/23/2026-09-23-%EC%A0%84%EA%B8%B0%EC%B0%A8-23%EB%A7%8C-%EB%8C%80-%EB%8F%8C%ED%8C%8C-%EA%B7%B8%EB%9F%B0%EB%8D%B0-1%EC%9C%84%EB%8A%94-%EC%83%81%ED%95%98%EC%9D%B4%EC%97%90%EC%84%9C-%EC%8B%A4%EB%A0%A4-%EC%98%B5%EB%8B%88%EB%8B%A4,https://sedaily-mbti-cms-media-dev.s3.us-east-1.amazonaws.com/media/mustknow-auto/20093557-webtoon-cut001.png,1216,832,ok
https://ailens.sedaily.ai/markets/2026/09/23/2026-09-23-3%EC%A1%B0-%EC%9B%90%EC%9D%84-%ED%8C%94%EC%95%84%EB%B3%B8-%EC%97%90%EC%9E%84%EB%93%9C%EB%B0%94%EC%9D%B4%EC%98%A4-%EC%9D%B4%EB%B2%88%EC%97%94-%ED%98%88%EC%95%A1%EB%87%8C%EC%9E%A5%EB%B2%BD%EC%9D%84-%EB%84%98%EB%8B%A4,https://wimg.sedaily.com/news/cms/2026/09/22/ams.001.photo.202609161623109434164328_P1.jpg,1200,817,ok
https://ailens.sedaily.ai/markets/2026/09/23/2026-09-23-%ED%99%98%EC%9C%A8%EC%9D%B4-10%EC%9B%90-%EB%82%B4%EB%A0%A4%EA%B0%80%EB%A9%B4-%EB%8C%80%ED%95%9C%ED%95%AD%EA%B3%B5-%EC%9E%A5%EB%B6%80%EC%97%90-560%EC%96%B5-%EC%9B%90%EC%9D%B4-%EB%B6%99%EC%8A%B5%EB%8B%88%EB%8B%A4,https://wimg.sedaily.com/news/cms/2026/09/22/news-p.v1.20260916.30ef9e665024491bb917b0182675db6c_P1.jpg,1200,649,ok
https://ailens.sedaily.ai/news/2026/09/23/2026-09-23-%EA%B5%AC%EA%B8%80%EC%9D%B4-9%EC%9B%94-9%EC%9D%BC-%EC%A0%95%EB%B6%80%EC%97%90-%EA%BA%BC%EB%82%B8-%EB%A7%90-TPU-%EC%93%B0%EB%A9%B4-%EB%B9%84%EC%9A%A9-%EC%A0%88%EB%B0%98-%EC%9E%85%EB%8B%88%EB%8B%A4,https://wimg.sedaily.com/news/cms/2026/09/22/rcv.YNA.20260908.PYH2026090818480001300_P1.jpg,1200,800,ok
https://ailens.sedaily.ai/international/2026/09/23/2026-09-22-%EC%9C%A0%EB%9F%BD-%EC%A0%90%EC%9C%A0%EC%9C%A8-55-%EC%97%90%EC%84%9C-35-%EB%A1%9C-%EC%A0%95%EB%B6%80%EC%99%80-%EB%AF%BC%EA%B0%84%EC%9D%B4-8%EC%A1%B0-4-000%EC%96%B5%EC%9D%84-%EA%BA%BC%EB%83%88%EC%8A%B5%EB%8B%88%EB%8B%A4,https://wimg.sedaily.com/news/cms/2026/09/22/news-p.v1.20260922.2d08411e27ad4b28bc74f896312255c6_P1.jpg,1200,878,ok
https://ailens.sedaily.ai/news/2026/09/23/2026-09-22-20%EC%A1%B0-%EC%9B%90-%EA%B5%AD%EB%B6%80%ED%8E%80%EB%93%9C-%EC%B2%AB%ED%95%B4-%EC%8B%A4%ED%83%84%EC%9D%80-1%EC%A1%B0-%EC%9B%90%EC%9D%B4%EB%9D%BC%EB%84%A4%EC%9A%94,https://wimg.sedaily.com/news/cms/2026/09/22/rcv.YNA.20260922.PYH2026092219800001300_P1.jpg,1200,809,ok
https://ailens.sedaily.ai/news/2026/09/23/2026-09-22-%ED%95%9C-%EB%8B%AC-%EB%A7%8C%EC%97%90-%EC%84%B1%EC%B0%A9%EC%B7%A8%EB%AC%BC-%EC%82%AC%EC%9D%B4%ED%8A%B8-6-683%EA%B0%9C%EA%B0%80-4-736%EA%B0%9C%EB%A1%9C-%EC%A4%84%EC%97%88%EC%8A%B5%EB%8B%88%EB%8B%A4,https://wimg.sedaily.com/news/cms/2026/09/22/news-p.v1.20260922.8aefbc3e85164d19b8931b34cc378fa5_P1.jpg,1200,857,ok
https://ailens.sedaily.ai/news/2026/09/23/2026-09-22-%ED%95%9C%EC%9E%AC%EC%84%9D-%EC%86%8C%EB%A0%B9%EC%9D%B4-%EC%84%9C%EB%AA%85%ED%95%98%EC%9E%90-25%EB%85%84-6%EA%B0%9C%EC%9B%94%EC%9D%B4-%EB%81%9D%EB%82%AC%EC%8A%B5%EB%8B%88%EB%8B%A4,https://wimg.sedaily.com/news/cms/2026/09/22/news-p.v1.20260922.446a5feb7a534ab3981e92fead917767_P1.jpg,1200,800,ok
https://ailens.sedaily.ai/international/2026/09/23/2026-09-22-%ED%8A%B8%EB%9F%BC%ED%94%84-%EC%A0%84%ED%88%AC%EA%B8%B0%EC%97%90-%ED%8F%AD%ED%83%84%EA%B9%8C%EC%A7%80-%EC%8B%A4%EC%9D%80-%EB%92%A4-20%EC%9D%BC-%EC%A0%95%EC%98%A4%EC%97%90-%EB%A9%88%EC%B7%84%EC%8A%B5%EB%8B%88%EB%8B%A4,https://wimg.sedaily.com/news/cms/2026/09/22/news-p.v1.20260922.b3ab15ae02854057a403b93cd83669bd_P1.jpg,1200,800,ok
https://ailens.sedaily.ai/news/2026/09/23/2026-09-22-%EB%B3%B4%EA%B3%A0%EB%A5%BC-%EB%AC%B5%EC%82%B4%ED%95%9C-%EA%B8%B0%EB%A1%9D%EC%9D%B4-%EB%82%A8%EC%9C%BC%EB%A9%B4-%EA%B6%8C%EA%B3%A0-%ED%98%95%EB%9F%89%EC%9D%B4-%EC%A7%95%EC%97%AD-15%EB%85%84%EA%B9%8C%EC%A7%80-%EA%B0%91%EB%8B%88%EB%8B%A4,https://wimg.sedaily.com/news/cms/2026/09/22/news-p.v1.20260921.b983f5fb225c4169bb981bc6da02ccd1_P1.jpg,640,449,ok
https://ailens.sedaily.ai/industry/2026/09/23/2026-09-22-%EC%B0%A8%EC%B2%B4%EB%8A%94-%EB%82%B4-%EA%B2%83-%EB%B0%B0%ED%84%B0%EB%A6%AC%EB%8A%94-%EB%B9%8C%EB%A6%B0-%EA%B2%83-%EA%B5%AD%ED%9A%8C%EC%97%90%EC%84%9C-7%EA%B0%9C-%EC%82%AC%EC%97%85%EB%AA%A8%EB%8D%B8%EC%9D%B4-%EB%82%98%EC%99%94%EC%8A%B5%EB%8B%88%EB%8B%A4,https://wimg.sedaily.com/news/cms/2026/09/22/news-p.v1.20260922.c40df06ff7004f5d925bc859803c147b_P1.jpg,1200,633,ok
https://ailens.sedaily.ai/news/2026/09/23/2026-09-22-%EB%B6%81%ED%95%B5-%EC%99%84%EC%A0%84-%ED%8F%90%EA%B8%B0-%EB%8C%80%EC%8B%A0-3%EB%8B%A8%EA%B3%84-%EB%8C%80%ED%86%B5%EB%A0%B9%EC%9D%B4-%EC%A0%9C%EC%9E%AC-%EC%99%84%ED%99%94%EB%A5%BC-%EB%A7%9E%EB%B0%94%EA%BE%B8%EA%B2%A0%EB%8B%A4%EA%B3%A0-%ED%96%88%EC%8A%B5%EB%8B%88%EB%8B%A4,https://wimg.sedaily.com/news/cms/2026/09/22/news-p.v1.20260922.f3411122771c4c999467cb236cf355e0_P1.jpg,1200,800,ok
https://ailens.sedaily.ai/industry/2026/09/23/2026-09-22-%EC%86%8D%EC%B4%88%EC%97%90%EC%84%9C-%EC%9B%90%EC%82%B0%EA%B9%8C%EC%A7%80-%ED%98%84%EB%8C%80%EC%95%84%EC%82%B0%EC%9D%B4-22%EB%85%84-%EB%A7%8C%EC%97%90-%EB%B1%83%EA%B8%B8%EC%9D%84-%EB%8B%A4%EC%8B%9C-%EA%BA%BC%EB%82%B4%EB%8B%A4,https://wimg.sedaily.com/news/cms/2026/09/22/news-p.v1.20260922.ee02fa38f226432fa09c415b52b61e73_P2.jpg,500,331,ok
https://ailens.sedaily.ai/news/2026/09/23/2026-09-22-%EB%AF%B8%EA%B5%AD%EC%97%90-%EB%93%A4%EC%96%B4%EC%84%A4-%EC%9B%90%EC%A0%84-8%EA%B8%B0-%EC%A4%91-2%EA%B8%B0-%ED%95%9C%EA%B5%AD%ED%98%95-APR-1400%EC%9C%BC%EB%A1%9C-%EA%B0%84%EB%8B%A4,https://wimg.sedaily.com/news/cms/2026/09/22/news-p.v1.20260922.a559d2c6933b48f79081393b3445d0b5_P1.jpg,1200,714,ok
https://ailens.sedaily.ai/industry/2026/09/23/2026-09-22-%EC%9D%BC%EB%B3%B8-%EB%A7%A4%EC%B6%9C-1%EC%9C%84-%EB%B0%B1%ED%99%94%EC%A0%90%EC%9D%B4-%ED%95%9C%EA%B5%AD-%EC%96%91%EB%A7%90-%EB%B8%8C%EB%9E%9C%EB%93%9C-%ED%95%9C%EC%A0%95%ED%8C%90%EC%9D%84-%EB%A8%BC%EC%A0%80-%ED%92%80%EC%97%88%EB%8B%A4%EB%8B%88%EC%9A%94,https://wimg.sedaily.com/news/cms/2026/09/21/news-p.v1.20260921.768b74fc12e54c35a655f92143353d88_P1.png,1200,390,ok
https://ailens.sedaily.ai/news/2026/09/23/2026-09-22-%EB%8C%80%EB%B2%95%EA%B4%80-%EC%9E%90%EB%A6%AC-200%EC%9D%BC%EC%A7%B8-%EB%B9%84%EC%97%88%EB%8A%94%EB%8D%B0-%EC%9E%AC%EC%A0%9C%EC%B2%AD-%EC%9A%94%EC%B2%AD%EC%9D%80-25%EC%9D%BC-%EB%A7%8C%EC%97%90-%EA%B1%B0%EB%B6%80%EB%90%98%EB%8B%A4,https://wimg.sedaily.com/news/cms/2026/09/22/rcv.YNA.20260922.PYH2026092224140001300_P1.jpg,1200,905,ok
https://ailens.sedaily.ai/industry/2026/09/23/2026-09-22-%EB%B0%9C%ED%96%89%EC%A3%BC%EC%8B%9D-20-%EC%86%8C%EA%B0%81-%EB%AA%A9%ED%91%9C-KT-G%EA%B0%80-%EB%B2%8C%EC%8D%A8-%EC%B1%84%EC%9B%A0%EB%8B%A4%EA%B3%A0,https://wimg.sedaily.com/news/cms/2026/09/22/news-p.v1.20260922.d1a72f8d86d4456db7d337665dff4463_P1.jpg,1200,526,ok
https://ailens.sedaily.ai/news/2026/09/23/2026-09-22-%EC%95%88%EC%A0%84-%EC%98%88%EC%82%B0%EC%9D%84-%EB%94%B4-%EB%8D%B0-%EC%8D%BC%EB%8B%A4%EB%A9%B4-%ED%98%95%EB%9F%89-%EC%83%81%ED%95%9C%EC%9D%B4-15%EB%85%84%EA%B9%8C%EC%A7%80-%EC%98%AC%EB%9D%BC%EA%B0%91%EB%8B%88%EB%8B%A4,https://wimg.sedaily.com/news/cms/2026/09/22/news-p.v1.20260921.b983f5fb225c4169bb981bc6da02ccd1_P1.jpg,640,449,ok
https://ailens.sedaily.ai/markets/2026/09/22/2026-09-22-%EC%BD%94%EC%8A%A4%ED%94%BC-7-000-%EB%90%98%EC%B0%BE%EC%9D%80-%EC%A3%BC-%EB%8F%88%EC%9D%B4-%EA%B0%80%EC%9E%A5-%EB%A7%8E%EC%9D%B4-%EB%93%A4%EC%96%B4%EC%98%A8-%EA%B3%B3%EC%9D%80-%ED%98%84%EA%B8%88%EC%84%B1-ETF%EC%98%80%EB%8B%A4%EA%B3%A0,https://wimg.sedaily.com/news/cms/2026/09/21/ams.001.photo.202609211614463427078803_P1.jpg,1200,820,ok
https://ailens.sedaily.ai/news/2026/09/22/2026-09-22-GPU-%EB%B0%9B%EB%8A%94-%EB%8D%B0-30%EC%A3%BC-%EA%B7%B8-%ED%8B%88%EC%9D%84-%EA%B5%AC%EA%B8%80-TPU%EA%B0%80-%ED%8C%8C%EA%B3%A0%EB%93%A4%EC%97%88%EB%84%A4%EC%9A%94,https://wimg.sedaily.com/news/cms/2026/09/22/news-g.v1.20260922.b03530619a6c4140ba5ad499b16fa017_P1.jpg,1200,593,ok
https://ailens.sedaily.ai/markets/2026/09/22/2026-09-22-%EC%A0%95%EA%B7%9C%EC%9E%A5-%EC%97%B4%EB%A6%AC%EA%B8%B0-50%EB%B6%84-%EC%A0%84-%EC%82%BC%EC%84%B1%EC%A0%84%EC%9E%90%EA%B0%80-28%EB%A7%8C-1-500%EC%9B%90%EA%B9%8C%EC%A7%80-%EC%98%AC%EB%9E%90%EC%8A%B5%EB%8B%88%EB%8B%A4,https://wimg.sedaily.com/news/cms/2026/09/22/news-p.v1.20260802.55dbb27dbcc741dd89efe7f9b4eaa49f_P1.png,700,467,ok
https://ailens.sedaily.ai/markets/2026/09/22/2026-09-22-%EA%B3%84%EC%A2%8C%EC%97%90%EC%84%9C-42%EC%A1%B0-%EC%9B%90%EC%9D%B4-%EB%B9%A0%EC%A7%84-%EC%82%AC%EC%9D%B4-%EC%A6%9D%EA%B6%8C%EC%A3%BC%EA%B0%80-%EB%A8%BC%EC%A0%80-%EC%98%AC%EB%9E%90%EB%8B%A4%EB%8B%88%EC%9A%94,https://wimg.sedaily.com/news/cms/2026/09/22/news-p.v1.20260917.6246f83d0dfd4d4b80ca2369001e40b8_P1.png,860,516,ok
https://ailens.sedaily.ai/markets/2026/09/22/2026-09-22-%ED%95%91%EA%B1%B0-%EC%9E%90%EC%82%B0-676%EC%96%B5%EC%9C%BC%EB%A1%9C-1-550%EC%96%B5%EC%A7%9C%EB%A6%AC-%ED%9A%8C%EC%82%AC%EB%A5%BC-%EC%82%AC%EA%B2%A0%EB%8B%A4%EA%B3%A0,https://wimg.sedaily.com/news/cms/2026/09/22/news-p.v1.20260922.7b47c8456cdb43c29ecc81546607de78_P1.png,561,297,ok
https://ailens.sedaily.ai/markets/2026/09/22/2026-09-22-9%EC%9B%94-%EC%8B%A0%EA%B7%9C-%ED%9A%8C%EC%82%AC%EC%B1%84-41-8-%EB%A7%8C%EA%B8%B0%EA%B0%80-3%EB%85%84%EB%8F%84-%EC%95%88-%EB%90%A9%EB%8B%88%EB%8B%A4,https://wimg.sedaily.com/news/cms/2026/09/22/news-p.v1.20260707.1e3be1d225424324a57c93a1d32cab23_P1.jpg,860,572,ok
https://ailens.sedaily.ai/markets/2026/09/22/2026-09-22-%ED%95%9C%EC%BB%B4%EC%9D%B4-%EC%B0%BD%EC%82%AC-%EC%B2%AB-%EC%99%B8%EB%B6%80-%EC%9E%90%EB%AC%B8%EC%82%AC%EB%A5%BC-%EB%B6%80%EB%A5%B4%EA%B3%A0-%ED%99%98%EC%9B%90%EC%9C%A8-27-%EB%A5%BC-%EC%86%90%EB%B3%B4%EA%B8%B0-%EC%8B%9C%EC%9E%91%ED%96%88%EC%8A%B5%EB%8B%88%EB%8B%A4,https://wimg.sedaily.com/news/cms/2026/09/22/news-p.v1.20260922.72c1aa83be1940ab9ed0d43dce19a9bc_P1.jpg,745,547,ok
https://ailens.sedaily.ai/industry/2026/09/22/2026-09-22-%EC%97%94%EB%B9%84%EB%94%94%EC%95%84%EA%B0%80-%EC%B2%98%EC%9D%8C-%EA%B3%B5%EA%B0%9C%ED%95%9C-%EB%AA%85%EB%8B%A8-2-5-%EC%B9%B8%EC%97%90-LG%EA%B0%80-%EC%9E%88%EC%8A%B5%EB%8B%88%EB%8B%A4,https://wimg.sedaily.com/news/cms/2026/09/22/news-p.v1.20260922.c83141ea91c64e30909eca9457674fe4_P1.png,1200,675,ok
https://ailens.sedaily.ai/news/2026/09/22/2026-09-22-%EB%B9%84%ED%95%B5%ED%99%94-%EB%8C%80%EC%8B%A0-%EC%B6%94%EA%B0%80-%EA%B0%9C%EB%B0%9C-%EC%A4%91%EB%8B%A8-%EC%9D%B4-%EB%8C%80%ED%86%B5%EB%A0%B9%EC%9D%B4-%EC%A0%9C%EC%9E%AC%EC%99%80-%EB%A7%9E%EB%B0%94%EA%BE%B8%EC%9E%90%EA%B3%A0-%ED%95%9C-%EC%9D%B4%EC%9C%A0,https://wimg.sedaily.com/news/cms/2026/09/22/news-p.v1.20260922.7c60497e85cb41a798b29f8af322e149_P1.jpg,1200,830,ok
https://ailens.sedaily.ai/industry/2026/09/22/2026-09-22-%EC%95%88%EC%A0%84%ED%8E%9C%EC%8A%A4%EB%8F%84-%EC%97%86%EB%8A%94%EB%8D%B0-215kg-%EB%A1%9C%EB%B4%87%ED%8C%94%EC%9D%B4-%EC%86%90-%EB%8B%BF%EC%9C%BC%EB%A9%B4-%EB%A9%88%EC%B6%B0-%EC%84%9C%EB%8B%A4%EB%8B%88%EC%9A%94,https://wimg.sedaily.com/news/cms/2026/09/21/news-p.v1.20260921.338d4460391c4f759e5ba20e10a49282_P1.jpg,1200,900,ok
https://ailens.sedaily.ai/news/2026/09/22/2026-09-22-%EC%A1%B0%ED%9D%AC%EB%8C%80-%EB%8C%80%EB%B2%95%EC%9B%90%EC%9E%A5%EC%9D%B4-25%EC%9D%BC-%EB%A7%8C%EC%97%90-%EC%9E%AC%EC%A0%9C%EC%B2%AD-%EA%B1%B0%EB%B6%80-%EB%A5%BC-%ED%83%9D%ED%95%9C-%EC%9D%B4%EC%9C%A0,https://wimg.sedaily.com/news/cms/2026/09/22/news-p.v1.20260922.59a430016b6d4d9e903d684ff24ae737_P1.jpg,1200,971,ok
https://ailens.sedaily.ai/industry/2026/09/22/2026-09-22-%EC%B0%A8%EA%B0%80-%EC%8A%A4%EC%8A%A4%EB%A1%9C-%EC%98%AC%EB%9D%BC%ED%83%80%EB%8A%94-%EB%B0%B0-%EB%91%90-%EC%B2%99-3-362%EC%96%B5-%EC%9B%90%EC%97%90-%ED%8C%94%EB%A0%B8%EC%8A%B5%EB%8B%88%EB%8B%A4,https://wimg.sedaily.com/news/cms/2026/09/22/news-p.v1.20260922.07e242501c2b4d108e0875e1b54f3c1f_P1.jpg,660,370,ok
https://ailens.sedaily.ai/news/2026/09/22/2026-09-22-%EC%88%98%EC%B6%9C%ED%95%A0-%EB%95%8C%EB%A7%88%EB%8B%A4-1%EC%A1%B0-%EC%9B%90-%EB%AF%B8%EA%B5%AD%EC%97%94-%EC%95%84%EC%98%88-%EB%AA%BB-%EC%A7%93%EB%8D%98-%EC%9B%90%EC%A0%84%EC%9D%B4-2%EA%B8%B0-%EC%97%B4%EB%A0%B8%EC%8A%B5%EB%8B%88%EB%8B%A4,https://wimg.sedaily.com/news/cms/2026/09/22/rcv.YNA.20260922.PYH2026092213740001300_P1.jpg,1200,853,ok
https://ailens.sedaily.ai/industry/2026/09/22/2026-09-22-9%EC%9B%94-21%EC%9D%BC-%EB%A0%88%EB%93%9C%EB%A8%BC%EB%93%9C-LG-%EB%84%A4-%EA%B0%9C-%EA%B3%84%EC%97%B4%EC%82%AC%EA%B0%80-%ED%95%9C-%EC%83%81%EC%9E%90%EC%97%90-%EB%8B%B4%EA%B2%BC%EC%8A%B5%EB%8B%88%EB%8B%A4,https://wimg.sedaily.com/news/cms/2026/09/22/news-p.v1.20260922.2ca6ae7fa99a461e8f87efcfefaa531e_P1.jpeg,800,533,ok
https://ailens.sedaily.ai/international/2026/09/22/2026-09-22-%ED%9C%B4%EC%A0%84-%EB%A7%8C%EB%A3%8C%EA%B0%80-11%EC%9B%94-10%EC%9D%BC%EC%9D%B8%EB%8D%B0-%EC%9D%B4%EB%B2%88-%EC%A3%BC%EC%97%94-%EC%97%B0%EC%9E%A5-%ED%95%A9%EC%9D%98%EA%B0%80-%EC%95%88-%EB%82%98%EC%98%A8%EB%8B%A4%EA%B3%A0,https://wimg.sedaily.com/news/cms/2026/09/22/news-p.v1.20260707.dc7e5a38d6c94a15bbe01f95f6f6c81f_P1.jpg,1200,800,ok
https://ailens.sedaily.ai/markets/2026/09/22/2026-09-22-9%EA%B1%B0%EB%9E%98%EC%9D%BC-%EB%A7%8C%EC%97%90-7100%EC%9D%84-%EB%84%98%EC%97%88%EB%8A%94%EB%8D%B0-%EA%B0%9C%EC%9D%B8%EC%9D%80-3%EA%B1%B0%EB%9E%98%EC%9D%BC%EC%97%90-10%EC%A1%B0%EB%A5%BC-%ED%8C%94%EC%95%98%EB%8B%A4%EA%B3%A0,https://wimg.sedaily.com/news/cms/2026/09/22/rcv.YNA.20260922.PYH2026092203380001300_P1.jpg,1200,482,ok
https://ailens.sedaily.ai/news/2026/09/22/2026-09-22,https://wimg.sedaily.com/news/cms/2026/09/22/rcv.YNA.20260922.PYH2026092206140001300_P1.jpg,1200,800,ok
https://ailens.sedaily.ai/markets/2026/09/22/2026-09-22-%ED%95%B4%EC%99%B8%EC%A3%BC%EC%8B%9D-%EC%88%9C%EB%A7%A4%EC%88%98-1%EC%9C%84%EA%B0%80-%EB%A7%8C%EA%B8%B0-3%EA%B0%9C%EC%9B%94-%EA%B5%AD%EC%B1%84%EB%9D%BC%EA%B3%A0%EC%9A%94,https://wimg.sedaily.com/news/cms/2026/09/22/news-p.v1.20260922.a6c3f5445b4a4371a006fa5e3f5a09f8_P1.jpg,1200,765,ok
https://ailens.sedaily.ai/finance/2026/09/22/2026-09-22-%EC%8B%A0%EC%9A%A9%EB%B3%B4%EC%A6%9D%EA%B8%B0%EA%B8%88-%EC%95%95%EC%88%98%EC%88%98%EC%83%89-%EB%B0%9B%EA%B3%A0%EB%8F%84-9%EA%B0%9C%EC%9B%94%EA%B0%84-%EA%B0%99%EC%9D%80-%EB%B3%B4%EC%A6%9D%EC%9D%84-%EB%82%B4%EC%A4%AC%EB%8B%A4%EA%B3%A0,https://wimg.sedaily.com/news/cms/2026/09/22/news-p.v1.20260805.eed6f37e917f454a9f06332983bac799_P1.jpg,1200,800,ok
https://ailens.sedaily.ai/culture/2026/09/22/2026-09-22-%EA%B5%AD%EB%AF%BC-%ED%95%9C-%EC%82%AC%EB%9E%8C%EC%9D%B4-%EC%9E%91%EB%85%84%EC%97%90-%EC%93%B4-%EC%9D%98%EB%A3%8C%EB%B9%84-418%EB%A7%8C-6000%EC%9B%90-1%EB%85%84-%EB%A7%8C%EC%97%90-22%EB%A7%8C-%EC%9B%90-%EB%8A%98%EC%97%88%EC%8A%B5%EB%8B%88%EB%8B%A4,https://wimg.sedaily.com/news/cms/2026/09/22/news-p.v1.20260922.47b7beb24d734d58a0c03b782239c108_P1.png,1200,800,ok
https://ailens.sedaily.ai/markets/2026/09/22/2026-09-22-%EC%98%A4%ED%9B%84-4%EC%8B%9C-%EA%B0%9C%EC%9E%A5-1%EB%B6%84-%EB%A7%8C%EC%97%90-4%EB%A7%8C-%EC%9B%90%EC%9D%B4-3%EB%A7%8C-3050%EC%9B%90%EC%9D%B4-%EB%90%90%EB%8B%A4%EA%B3%A0,https://wimg.sedaily.com/news/cms/2026/09/22/news-p.v1.20260922.a9c27f3cb1e848e1ad996509d15bee00_P1.png,860,610,ok
https://ailens.sedaily.ai/markets/2026/09/22/2026-09-22-%EB%B8%8C%EB%A4%BC%EC%85%80-%EB%A7%A8%ED%95%B4%ED%8A%BC-%EB%B9%8C%EB%94%A9%EC%97%90-%ED%88%AC%EC%9E%90%ED%95%9C-%EB%A6%AC%EC%B8%A0-249%EC%96%B5-%ED%9D%91%EC%9E%90%EA%B0%80-1-007%EC%96%B5-%EC%A0%81%EC%9E%90%EB%A1%9C-%EB%92%A4%EC%A7%91%ED%98%94%EC%8A%B5%EB%8B%88%EB%8B%A4,https://wimg.sedaily.com/news/cms/2026/09/22/news-p.v1.20260909.491dc2a44ee3454ba647b8818be1c7a6_P1.jpg,489,740,ok
https://ailens.sedaily.ai/news/2026/09/22/2026-09-22-%EC%97%B4%ED%9D%98-%EB%92%A4-%EB%AC%B8-%EC%97%AC%EB%8A%94%EB%8D%B0-%EA%B2%80%EC%82%AC-%EC%9E%90%EB%A6%AC-458%EA%B0%9C%EA%B0%80-%EB%B9%88-%EC%B1%84%EB%A1%9C-%EC%8B%9C%EC%9E%91%ED%95%A9%EB%8B%88%EB%8B%A4,https://wimg.sedaily.com/news/cms/2026/09/22/news-p.v1.20260922.bad979ae0fda46d6b45cfd83667f8b5b_P1.jpg,860,548,ok
https://ailens.sedaily.ai/news/2026/09/22/2026-09-22-%EA%B8%88%EA%B1%B0%EB%B6%81%EC%9D%B4%EB%8A%94-%EC%9C%A0%EC%A3%84-%EC%84%B8%ED%95%9C%EB%8F%84%EB%8A%94-%EB%AC%B4%EC%A3%84-2%EB%85%84%EC%9D%B4-%EA%B9%8E%EC%9D%B8-%EC%9D%B4%EC%9C%A0,https://wimg.sedaily.com/news/cms/2026/09/22/news-p.v1.20260714.8bd20ab80d684c308c132fe28400f312_P1.jpg,500,597,ok
https://ailens.sedaily.ai/markets/2026/09/22/2026-09-22-DB%EC%86%90%EB%B3%B4-PBR-%ED%9A%8C%EA%B3%84%EC%83%81-0-82%EB%B0%B0%EC%9D%B8%EB%8D%B0-%EB%82%B4%EC%9E%AC%EA%B0%80%EC%B9%98%EB%A1%9C%EB%8A%94-0-58%EB%B0%B0%EB%9D%BC%EA%B3%A0,https://wimg.sedaily.com/news/cms/2026/09/22/news-p.v1.20260922.0284df5a9f51451fbd11203c74260d2a_P1.jpg,600,315,ok
https://ailens.sedaily.ai/markets/2026/09/22/2026-09-22-1-000%EC%96%B5-%EB%93%A4%EA%B3%A0-%EC%9A%A9%EB%91%90%EB%8F%99-%EB%95%85%EB%B6%80%ED%84%B0-%EC%82%AC%EB%9F%AC-%EC%98%A8-%EB%AF%B8%EA%B5%AD-%ED%95%98%EC%9D%B8%EC%A6%88,https://wimg.sedaily.com/news/cms/2026/09/22/news-p.v1.20260920.a24d920e223c459cb9bcd8462a207bcb_P1.jpg,1200,626,ok
https://ailens.sedaily.ai/markets/2026/09/22/2026-09-22-%EC%84%9C%EC%9A%B8-%EC%9B%94%EC%84%B8-%EA%B1%B0%EB%9E%98%EA%B0%80-69-7-%EA%B0%80-%EB%90%98%EC%9E%90-GIC-KKR%EC%9D%B4-%EB%8F%8C%EC%95%84%EC%99%94%EC%8A%B5%EB%8B%88%EB%8B%A4,https://wimg.sedaily.com/news/cms/2026/09/22/news-p.v1.20260920.934e73f91a2d494083202f1ea1024609_P1.png,865,487,ok
https://ailens.sedaily.ai/markets/2026/09/22/2026-09-22-%ED%9A%8C%EC%82%AC%EC%B1%84-183%EA%B1%B4-%EC%A4%91-36%EA%B1%B4-%EA%B8%B0%EC%A4%80%EC%84%A0%EB%B3%B4%EB%8B%A4-%EB%86%92%EC%9D%80-%EC%9D%B4%EC%9E%90%EB%A5%BC-%EC%96%B9%EC%97%88%EB%8B%A4%EA%B3%A0,https://wimg.sedaily.com/news/cms/2026/09/22/news-p.v1.20260922.a51d1bce28d844669e1b532d4a1f643d_P1.jpg,500,374,ok
https://ailens.sedaily.ai/news/2026/09/22/2026-09-22-8%EC%9B%94-18%EC%9D%BC-%EC%A0%9C%EC%B2%AD-%EC%97%B4%ED%9D%98-%EB%92%A4-%EC%98%A8-%EC%9E%AC%EC%A0%9C%EC%B2%AD-%EC%9A%94%EC%B2%AD-%EC%A1%B0%ED%9D%AC%EB%8C%80-%EB%8C%80%EB%B2%95%EC%9B%90%EC%9E%A5%EC%9D%B4-%EA%B1%B0%EB%B6%80%ED%95%98%EB%8B%A4,https://wimg.sedaily.com/news/cms/2026/09/22/rcv.YNA.20260922.PYH2026092203300001300_P1.jpg,1200,806,ok
https://ailens.sedaily.ai/industry/2026/09/22/2026-09-22-4%EA%B0%9C%EC%9B%94-%EC%A0%84-%EC%82%AC%EB%85%B8%ED%94%BC%EC%97%90%EC%84%9C-%EC%82%AC%EC%98%A8-%ED%95%AD%EC%95%94%EC%A0%9C-%EC%A4%91%EA%B5%AD%EC%97%90%EC%84%9C-7%EB%85%84-3-837%EC%96%B5-%EC%9B%90%EC%9D%84-%EB%B0%9B%EC%95%84%EB%83%85%EB%8B%88%EB%8B%A4,https://wimg.sedaily.com/news/cms/2026/09/22/news-p.v1.20260922.b214d23c84b34e92b9f0a0915a9ef26f_P1.jpg,1200,699,ok
https://ailens.sedaily.ai/news/2026/09/22/2026-09-22-%EC%9E%A5%EA%B4%80-3%EB%AA%85%EC%9D%80-%EB%89%B4%EC%9A%95%EC%97%90%EC%84%9C-%EC%9E%AC%EA%B0%80%EB%90%90%EA%B3%A0-%ED%95%9C-%EB%AA%85%EC%9D%80-%EC%A6%9D%EC%9D%B8-%EB%AA%85%EB%8B%A8%EC%97%90-%EA%B1%B8%EB%A0%B8%EC%8A%B5%EB%8B%88%EB%8B%A4,https://wimg.sedaily.com/news/cms/2026/09/22/news-p.v1.20260922.bc91f207d8b44afc8e0799456d36c454_P1.jpg,1200,790,ok
https://ailens.sedaily.ai/news/2026/09/22/2026-09-22-%EC%A1%B0%ED%9D%AC%EB%8C%80-%EB%8C%80%EB%B2%95%EC%9B%90%EC%9E%A5%EC%9D%B4-25%EC%9D%BC-%EB%A7%8C%EC%97%90-%EB%82%B4%EB%86%93%EC%9D%80-%EB%8B%B5-%EB%AC%B8%EC%84%9C%EC%97%90-%EC%9D%B4%EC%9C%A0%EA%B0%80-%EC%97%86%EB%8B%A4,https://wimg.sedaily.com/news/cms/2026/09/22/rcv.YNA.20260922.PYH2026092203280001300_P1.jpg,1033,1966,ok
https://ailens.sedaily.ai/industry/2026/09/22/2026-09-22-%ED%8F%AC%ED%95%AD-%ED%95%98%EC%9D%B4%EB%8B%88%EC%BC%88-%EB%9D%BC%EC%9D%B8%EC%9D%84-%EA%B1%B7%EC%96%B4%EB%82%B8-%EC%9E%90%EB%A6%AC-1%EC%A1%B0-740%EC%96%B5-LFP-%EA%B3%84%EC%95%BD%EC%9D%B4-%EB%93%A4%EC%96%B4%EC%84%9C%EB%8B%A4,https://wimg.sedaily.com/news/cms/2026/09/22/news-p.v1.20260922.25d1a117c0064ac1b5a0737fa8a4db8f_P1.png,1200,675,ok
https://ailens.sedaily.ai/industry/2026/09/22/2026-09-22-%EB%AF%B8%EA%B5%AD-%EC%9C%A1%EA%B5%B0-%EA%B8%B0%EC%A7%80-%EC%95%88%EC%97%90-%ED%95%9C%ED%99%94%EA%B0%80-22%EC%96%B5-%EB%8B%AC%EB%9F%AC-%ED%83%84%EC%95%BD-%EA%B3%B5%EC%9E%A5%EC%9D%84-%EC%A7%93%EB%8A%94%EB%8B%A4%EB%8B%88%EC%9A%94,https://wimg.sedaily.com/news/cms/2026/09/22/news-p.v1.20260922.ea66625eec924e15af9d0bf19694f4b5_P1.jpg,1200,800,ok
https://ailens.sedaily.ai/news/2026/09/22/2026-09-22-3-500%EC%96%B5-%EB%8B%AC%EB%9F%AC-%EB%8C%80%EB%AF%B8-%ED%88%AC%EC%9E%90%EC%97%90%EC%84%9C-1%EB%8C%809-%EC%A0%84%ED%99%98%EC%9D%84-%EB%B3%B4%EB%A5%98%EC%8B%9C%ED%82%A8-%EC%9E%A5%EC%B9%98,https://wimg.sedaily.com/news/cms/2026/09/22/rcv.YNA.20260922.PYH2026092213760001300_P1.jpg,1200,999,ok
https://ailens.sedaily.ai/industry/2026/09/22/2026-09-22-%EC%95%84%EC%B9%B8%EC%86%8C-%EC%9C%A1%EA%B5%B0-%ED%83%84%EC%95%BD%EA%B8%B0%EC%A7%80%EC%97%90-%ED%95%9C%ED%99%94%EA%B0%80-3%EC%A1%B0-%EC%9B%90%EC%9D%84-%EB%84%A3%EA%B8%B0%EB%A1%9C-%ED%96%88%EC%8A%B5%EB%8B%88%EB%8B%A4,https://wimg.sedaily.com/news/cms/2026/09/22/news-p.v1.20260922.42cc850f25dd4df48f11c958189e6668_P1.png,1200,900,ok
https://ailens.sedaily.ai/news/2026/09/22/2026-09-22-%EC%A0%95%EB%B6%80-100%EC%96%B5-%EB%8B%AC%EB%9F%AC%EB%A5%BC-%ED%98%84%EA%B8%88-%EB%8C%80%EC%8B%A0-%EC%9B%90%EC%A0%84-%EC%A3%BC%EB%AC%B8%EC%84%9C%EB%A1%9C-%EB%B3%B4%EB%82%B4%EB%8B%A4,https://wimg.sedaily.com/news/cms/2026/09/22/rcv.YNA.20260922.PYH2026092205430001300_P1.jpg,1200,800,ok
https://ailens.sedaily.ai/markets/2026/09/22/2026-09-22-KT-G-20-%EC%86%8C%EA%B0%81-%EB%AA%A9%ED%91%9C%EB%A5%BC-%EC%9D%B4%EB%AF%B8-%EB%84%98%EA%B2%BC%EB%8A%94%EB%8D%B0-3600%EC%96%B5%EC%9D%84-%EB%98%90-%EA%BA%BC%EB%83%88%EB%84%A4%EC%9A%94,https://wimg.sedaily.com/news/cms/2026/09/22/news-p.v1.20260914.892f833244674ac88b3fc5dde8f38ffc_P1.jpg,500,142,ok
https://ailens.sedaily.ai/property/2026/09/22/2026-09-22-24%EC%9D%BC-0%EC%8B%9C%EB%B6%80%ED%84%B0-%EC%9A%94%EA%B8%88%EC%86%8C%EC%97%90%EC%84%9C-%ED%86%B5%ED%96%89%EB%A3%8C-0%EC%9B%90-%EC%86%8C%EB%A6%AC%EA%B0%80-%EB%82%A9%EB%8B%88%EB%8B%A4,https://wimg.sedaily.com/news/cms/2026/09/22/rcv.NEWSIS.NEWSIS.20260913.NISI20260913_0021435043_P1.jpg,1200,1800,ok
https://ailens.sedaily.ai/markets/2026/09/22/2026-09-22-AI-%EB%8D%B0%EC%9D%B4%ED%84%B0%EC%84%BC%ED%84%B0%EB%8A%94-%EC%85%8B-%EB%8B%A4-%EC%A7%93%EB%8A%94%EB%8D%B0-%EC%A3%BC%EA%B0%80%EB%8A%94-63-%EC%99%80-2-%EB%A1%9C-%EA%B0%88%EB%A0%B8%EB%8B%A4%EA%B3%A0,https://wimg.sedaily.com/news/cms/2026/09/22/news-p.v1.20260913.1e21ef6991674fd69140a658a5fc4bd5_P1.png,1200,800,ok
https://ailens.sedaily.ai/news/2026/09/22/2026-09-22-%EB%AF%B8%EA%B5%AD%EC%97%90-%EB%93%A4%EC%96%B4%EC%84%A4-%EC%9B%90%EC%A0%84-8%EA%B8%B0-%EC%A4%91-2%EA%B8%B0%EA%B0%80-%ED%95%9C%EA%B5%AD%ED%98%95%EC%9E%85%EB%8B%88%EB%8B%A4,https://wimg.sedaily.com/news/cms/2026/09/22/news-p.v1.20260922.e27a5e8d6ef848178bddddf0bc4f3cc5_P1.jpeg,720,480,ok
https://ailens.sedaily.ai/markets/2026/09/22/2026-09-22-2023%EB%85%84-7%EC%9B%94-%EC%9D%B4%ED%9B%84-%EC%B2%AB-%EC%9D%B8%EC%83%81-1997%EB%85%84%EC%B2%98%EB%9F%BC-%ED%95%9C-%EB%B2%88%EC%9C%BC%EB%A1%9C-%EB%81%9D%EB%82%98%EA%B8%B4-%EC%96%B4%EB%A0%B5%EC%8A%B5%EB%8B%88%EB%8B%A4,https://wimg.sedaily.com/news/cms/2026/09/22/news-p.v1.20260921.9676f1209fe3482cab368766bb4cf976_P1.jpg,640,854,ok
https://ailens.sedaily.ai/news/2026/09/22/2026-09-22-%EC%9B%90%EC%A0%84-8%EA%B8%B0-%EC%98%88%EB%B9%84%EB%B9%84-27%EC%A1%B0-%EC%95%88-%EC%93%B0%EB%A9%B4-%EA%B7%B8%EB%8C%80%EB%A1%9C-%ED%88%AC%EC%9E%90-%EC%8B%A4%EC%A0%81%EC%9D%B4-%EB%90%9C%EB%8B%A4%EA%B3%A0,https://wimg.sedaily.com/news/cms/2026/09/22/news-p.v1.20260922.41ec8ddce41c47e2b3004f4d9acfdc8e_P1.jpg,1200,848,ok
https://ailens.sedaily.ai/markets/2026/09/22/2026-09-22-%EB%AF%B8%EA%B5%AD%EC%9D%80-%ED%95%9C-%EB%8B%AC-%EC%83%88-4%EC%A2%85-%ED%95%9C%EA%B5%AD%EC%9D%80-%EC%95%84%EC%A7%81-0%EA%B0%9C%EC%98%80%EB%8D%98-MLCC-ETF,https://wimg.sedaily.com/news/cms/2026/09/22/news-p.v1.20260901.a081a8eb53cc4072b14c525d105982c2_P1.png,720,478,ok
https://ailens.sedaily.ai/news/2026/09/22/2026-09-22-%EB%AF%B8%EA%B5%AD%EC%9D%B4-%EB%A8%BC%EC%A0%80-51-%EA%B0%99%EC%9D%B4-%EC%82%AC%EC%9E%90-%EA%B3%A0-%ED%96%88%EB%8A%94%EB%8D%B0-%EC%A7%80%EA%B8%88%EC%9D%80-5-10-%EC%9E%85%EB%8B%88%EB%8B%A4,https://wimg.sedaily.com/news/cms/2026/09/22/news-p.v1.20260922.74feb36954e74812bb80d9167b7a8621_P1.jpg,1200,848,ok
https://ailens.sedaily.ai/news/2026/09/22/2026-09-22-%EB%8C%80%EB%AF%B8-%ED%88%AC%EC%9E%90-1-2-3%ED%98%B8%EB%A5%BC-%EB%B3%B4%EA%B3%A0%ED%96%88%EB%8A%94%EB%8D%B0-%EC%A0%95%ED%95%B4%EC%A7%84-%EA%B1%B4-1%ED%98%B8%EB%BF%90%EC%9E%85%EB%8B%88%EB%8B%A4,https://wimg.sedaily.com/news/cms/2026/09/22/news-p.v1.20260922.e27a5e8d6ef848178bddddf0bc4f3cc5_P1.jpeg,720,480,ok
https://ailens.sedaily.ai/news/2026/09/22/2026-09-22-10%EC%9B%94-1%EC%9D%BC%EB%B6%80%ED%84%B0-%EB%84%A4-%EC%82%B4-%EC%95%84%EC%9D%B4-%EC%95%9E%EC%97%90-%EC%8B%9C%ED%97%98%EC%A7%80%EA%B0%80-%EB%86%93%EC%9D%B4%EC%A7%80-%EC%95%8A%EC%8A%B5%EB%8B%88%EB%8B%A4,https://wimg.sedaily.com/news/cms/2026/09/22/news-p.v1.20260922.aefbd74af57c48c990737c9395509f9b_P1.jpg,640,427,ok
https://ailens.sedaily.ai/news/2026/09/22/2026-09-22-MAU-2-340%EB%A7%8C-%EB%AA%85-%EB%B0%B0%EB%8B%AC%EC%9D%98%EB%AF%BC%EC%A1%B1-%EC%A3%BC%EC%9D%B8%EC%9D%B4-%EC%9A%B0%EB%B2%84%EB%A1%9C-%EB%B0%94%EB%80%94-%EC%88%98-%EC%9E%88%EB%8B%A4%EA%B3%A0,https://wimg.sedaily.com/news/cms/2026/09/22/news-p.v1.20260407.f46a8fe714114bafb7118e086c185c8b_P1.png,860,573,ok
https://ailens.sedaily.ai/news/2026/09/22/2026-09-22-%EC%84%B8%EA%B8%88-%EA%B9%8E%EC%95%84%EC%A4%98%EB%8F%84-%EB%8B%A4%EC%A3%BC%ED%83%9D%EC%9E%90-91-%EA%B0%80-%EC%A7%91%EC%9D%84-%EC%95%88-%EB%82%B4%EB%86%93%EB%8A%94%EB%8B%A4%EA%B3%A0,https://wimg.sedaily.com/news/cms/2026/09/22/news-p.v1.20260809.23ab0acc3e8f426a881a7c2005eb3e61_P1.jpg,1200,800,ok
https://ailens.sedaily.ai/news/2026/09/22/2026-09-22-232%EC%96%B5-%EB%8B%AC%EB%9F%AC-%EB%84%A3%EA%B3%A0-450%EC%96%B5-%EB%8B%AC%EB%9F%AC-%EB%B0%9B%EB%8A%94%EB%8B%A4%EB%8A%94%EB%8D%B0-%EC%A0%84%EA%B8%B0-%EC%82%B4-%EC%82%AC%EB%9E%8C%EC%9D%B4-%EC%95%88-%EB%B3%B4%EC%9E%85%EB%8B%88%EB%8B%A4,https://wimg.sedaily.com/news/cms/2026/09/22/rcv.NEWS1.NEWS1.20260922.2026-09-22T101307_1008120353_POLITICS_I_P1.jpg,1200,800,ok
https://ailens.sedaily.ai/culture/2026/09/22/2026-09-22-%EC%BA%90%EC%8B%9C%EB%B0%B1-%EC%9D%B4%ED%8B%80-%EB%A7%8C%EC%97%90-%EC%9D%B8%EC%B2%9C-%EC%A3%BC%EB%A7%90-%EA%B2%B0%EC%A0%9C%EC%95%A1%EC%9D%B4-46%EC%96%B5%EC%97%90%EC%84%9C-282%EC%96%B5%EC%9D%B4-%EB%90%90%EB%84%A4%EC%9A%94,https://wimg.sedaily.com/news/cms/2026/09/22/news-p.v1.20260922.cc7b87cc4d4147f583c3c47fe6b9332f_P1.jpg,1200,831,ok
https://ailens.sedaily.ai/industry/2026/09/22/2026-09-22-%EC%97%94%EB%B9%84%EB%94%94%EC%95%84-%EC%9D%B8%EC%A6%9D-%ED%86%B5%EA%B3%BC%ED%95%9C-2-5MW-%EB%83%89%EA%B0%81%EC%9E%A5%EC%B9%98-%EC%A0%84-%EC%84%B8%EA%B3%84%EC%97%90-5%EA%B0%9C%EB%BF%90%EC%9D%B4%EB%9D%BC%EA%B3%A0,https://wimg.sedaily.com/news/cms/2026/09/22/news-p.v1.20260922.55cf5e70f7a34e91998523e132515d7b_P1.jpg,1200,667,ok
https://ailens.sedaily.ai/industry/2026/09/22/2026-09-22-%EB%AC%B4%EC%8B%A0%EC%82%AC-%EB%B6%80%EC%B1%84%EB%B9%84%EC%9C%A8-812-%ED%9A%8C%EA%B3%84-%EC%B2%98%EB%A6%AC-%ED%95%98%EB%82%98%EB%A1%9C-140-%EA%B0%80-%EB%90%90%EB%8B%A4%EA%B3%A0%EC%9A%94,https://wimg.sedaily.com/news/cms/2026/09/22/news-p.v1.20260922.552dbd461acb4bb09c25752b663a050c_P1.jpeg,1000,682,ok
https://ailens.sedaily.ai/industry/2026/09/22/2026-09-22-LG-%EA%B3%84%EC%97%B4%EC%82%AC-CEO-%EB%8B%A4%EC%84%AF-%EB%AA%85%EC%9D%B4-MS-%EB%B3%B8%EC%82%AC%EB%A1%9C-%EA%B0%84-%EA%B1%B4-%EB%83%89%EA%B0%81-%EB%95%8C%EB%AC%B8%EC%9D%B4%EA%B1%B0%EB%93%A0%EC%9A%94,https://wimg.sedaily.com/news/cms/2026/09/22/news-p.v1.20260922.2ca6ae7fa99a461e8f87efcfefaa531e_P1.jpeg,800,533,ok
https://ailens.sedaily.ai/markets/2026/09/22/2026-09-22-%EA%B0%9C%EC%9D%B8-%EB%8F%88-9%EC%A1%B0-8-300%EC%96%B5%EC%9D%B4-%EB%B9%A0%EC%A1%8C%EB%8A%94%EB%8D%B0-%EC%9D%B4%EB%B2%88%EC%97%94-%EB%AC%BC%ED%83%80%EA%B8%B0%EA%B0%80-%EC%97%86%EB%8B%A4%EB%8B%88%EC%9A%94,https://wimg.sedaily.com/news/cms/2026/09/22/news-p.v1.20260922.4122c2dab8414ca88d31157f6ab4f13a_P1.png,1200,849,ok
https://ailens.sedaily.ai/international/2026/09/22/2026-09-22-%EC%8B%9C%EC%A7%84%ED%95%91%EC%9D%B4-%EC%9B%8C%EC%8B%B1%ED%84%B4-%EA%B0%80%EA%B8%B0-%EC%9D%B4%ED%8B%80-%EC%A0%84-%ED%95%9C%EB%AF%B8%EC%9D%BC%EC%9D%80-%EB%89%B4%EC%9A%95%EC%97%90%EC%84%9C-%EB%8C%80%EB%A7%8C%EC%9D%84-%EB%A7%90%ED%96%88%EC%8A%B5%EB%8B%88%EB%8B%A4,https://wimg.sedaily.com/news/cms/2026/09/22/news-p.v1.20260922.990a36fbe9e24d62bb964c2638e86c20_P1.jpeg,1200,800,ok
https://ailens.sedaily.ai/markets/2026/09/22/2026-09-22-%EC%B2%9C%EC%97%B0%EA%B0%80%EC%8A%A4-ETP-%EC%8B%9C%EA%B0%80%EC%B4%9D%EC%95%A1%EC%9D%98-93-6-%EA%B0%80-%EB%A0%88%EB%B2%84%EB%A6%AC%EC%A7%80-%EC%9D%B8%EB%B2%84%EC%8A%A4%EB%9D%BC%EA%B3%A0,https://wimg.sedaily.com/news/cms/2026/09/22/news-p.v1.20260922.57a2753507b84d42bcf8859c1e81925f_P1.png,600,400,ok
https://ailens.sedaily.ai/news/2026/09/22/2026-09-22-%EC%95%9E%EC%9C%BC%EB%A1%9C-3%EA%B0%9C%EC%9B%94-%EC%9B%90%EC%A0%84%EC%9D%84-%EB%8D%94-%EC%A7%80%EC%9D%84%EC%A7%80-%EC%8B%9C%EB%AF%BC%EB%93%A4%EC%9D%B4-%ED%86%A0%EB%A1%A0%ED%95%B4-%EC%A0%95%ED%95%A9%EB%8B%88%EB%8B%A4,https://wimg.sedaily.com/news/cms/2026/09/22/rcv.NEWS1.NEWS1.20260126.2026-01-26T160845_1007715923_LOCAL_I_P1.jpg,1200,755,ok
https://ailens.sedaily.ai/markets/2026/09/22/2026-09-22-%EC%82%BC%EC%84%B1%EC%A0%84%EC%9E%90-30%EC%A1%B0-%EB%B0%B0%EB%8B%B9-%EA%B6%8C%EB%A6%AC%EA%B0%80-%EC%82%AC%EB%9D%BC%EC%A7%80%EB%8A%94-%EC%8B%9C%EA%B0%81%EC%9D%80-9%EC%9B%94-28%EC%9D%BC-%EC%A0%80%EB%85%81-8%EC%8B%9C,https://wimg.sedaily.com/news/cms/2026/09/22/news-p.v1.20260916.9f3e6e3828dc4eb187ede77eb2ac63c9_P1.jpeg,640,395,ok
https://ailens.sedaily.ai/news/2026/09/22/2026-09-22-%EB%8B%A4%EC%9D%8C-%EB%8B%AC-%EB%AC%B8-%EC%97%AC%EB%8A%94-%EA%B3%B5%EC%86%8C%EC%B2%AD-%EC%88%98%EC%82%AC%EA%B4%80-2-986%EB%AA%85-%EC%A4%91-938%EB%AA%85%EB%A7%8C-%EB%82%A8%EC%8A%B5%EB%8B%88%EB%8B%A4,https://wimg.sedaily.com/news/cms/2026/09/22/news-p.v1.20260922.756454184fea48b48171804339a19e79_P1.jpg,670,402,ok
https://ailens.sedaily.ai/news/2026/09/22/2026-09-22-%EB%8C%80%ED%86%B5%EB%A0%B9-%EC%B6%9C%EA%B5%AD-4%EC%8B%9C%EA%B0%84-%EC%A0%84-15%EA%B0%9C%EC%9B%94-%EB%B9%84%EC%84%9C%EC%8B%A4%EC%9E%A5%EC%9D%B4-%EC%82%AC%EC%9D%98%EB%A5%BC-%EB%8D%98%EC%A7%80%EB%8B%A4,https://wimg.sedaily.com/news/cms/2026/09/21/news-p.v1.20260921.d8df297f9461435ba957147b29271bcc_P1.jpg,1200,786,ok
https://ailens.sedaily.ai/property/2026/09/22/2026-09-22-22%EC%9D%BC-%EB%AC%B8-%EC%97%AC%EB%8A%94%EB%8D%B0-%EC%95%BD%EC%A0%95%EC%9D%B4-%EB%B2%8C%EC%8D%A8-1%EC%A1%B0-%EC%A0%84%EC%84%B8%EB%B3%B4%EC%A6%9D%EA%B8%88%EC%9D%84-%EC%A7%91%EC%A3%BC%EC%9D%B8-%EB%8C%80%EC%8B%A0-%EB%B0%9B%EB%8A%94-%EA%B3%B3%EC%9E%85%EB%8B%88%EB%8B%A4,https://wimg.sedaily.com/news/cms/2026/09/21/news-g.v1.20260921.d2f0243a28114d36b572a59475492bb0_P1.jpg,1200,493,ok
https://ailens.sedaily.ai/property/2026/09/22/2026-09-22-%EC%9B%94%EA%B8%89-274%EB%A7%8C-%EC%9B%90%EA%B9%8C%EC%A7%80-%EC%B2%AD%EB%85%84-%EC%9B%94%EC%84%B8-%EC%A7%80%EC%9B%90-%EB%AC%B8%ED%84%B1%EC%9D%B4-%EC%98%AC%EB%9D%BC%EA%B0%94%EC%8A%B5%EB%8B%88%EB%8B%A4,https://wimg.sedaily.com/news/cms/2026/09/21/rcv.YNA.20260921.PYH2026092112540006100_P1.jpg,1200,675,ok
https://ailens.sedaily.ai/industry/2026/09/22/2026-09-22-%EB%8B%A4%EC%9D%B4%EC%86%8C-%EC%84%A0%ED%81%AC%EB%A6%BC-8%EC%A2%85-%EC%9E%84%EC%83%81%EA%B8%B0%EA%B4%80-4%EA%B3%B3-%EC%8B%9C%ED%97%98%EC%9D%84-%ED%86%B5%EA%B3%BC%ED%95%98%EB%8B%A4,https://wimg.sedaily.com/news/cms/2026/09/22/news-p.v1.20260922.75b107bf02fb401e870f4a32123a502f_P1.png,640,427,ok
https://ailens.sedaily.ai/industry/2026/09/22/2026-09-22-%EC%84%A4%ED%83%95-%EB%B0%80%EA%B0%80%EB%A3%A8-%EA%B3%BC%EC%A7%95%EA%B8%88-%EB%B2%95%EC%9B%90%EC%9D%B4-%EB%8B%A4%EC%84%AF-%EB%B2%88-%EC%97%B0%EC%86%8D-%EC%A7%91%ED%96%89%EC%9D%84-%EB%A9%88%EC%B7%84%EC%8A%B5%EB%8B%88%EB%8B%A4,https://wimg.sedaily.com/news/cms/2026/09/21/rcv.YNA.20260520.PYH2026052011230001300_P1.jpg,1200,900,ok
https://ailens.sedaily.ai/industry/2026/09/22/2026-09-22-%EB%AC%B4%EC%9D%B8%EC%A0%90%ED%8F%AC%EB%A7%88%EB%8B%A4-%EB%B0%9B%EB%8D%98-%EC%A7%80%EC%9B%90%EA%B8%88-%EA%B5%AD%EC%84%B8%EC%B2%AD-%EC%86%8C%EB%93%9D%EC%9E%90%EB%A3%8C%EB%A1%9C-%EA%B1%B8%EB%9F%AC%EB%82%B4%EB%8B%A4,https://wimg.sedaily.com/news/cms/2026/09/22/news-p.v1.20260922.9a87a49d5612472ebf37d08164871219_P1.png,860,573,ok
https://ailens.sedaily.ai/industry/2026/09/22/2026-09-22-IPO-%EB%AA%BB-%ED%96%88%EB%8B%A4%EA%B3%A0-%EC%A0%84%ED%99%98%EA%B0%80-%EA%B9%8E%EB%8A%94-%EC%A1%B0%ED%95%AD-2027%EB%85%84-3%EC%9B%94%EB%B6%80%ED%84%B0-%ED%9A%A8%EB%A0%A5%EC%9D%84-%EC%9E%83%EC%8A%B5%EB%8B%88%EB%8B%A4,https://wimg.sedaily.com/news/cms/2026/09/22/news-p.v1.20260428.6262244fb0d44f79b35f4a6f4ffb9094_P1.jpg,640,427,ok
https://ailens.sedaily.ai/markets/2026/09/22/2026-09-22-LG%EC%A0%84%EC%9E%90-%EB%83%89%EA%B0%81%EA%B8%B0-2-5-%EC%97%94%EB%B9%84%EB%94%94%EC%95%84-AI-%EA%B3%B5%EC%9E%A5-%EB%B6%80%ED%92%88-%EB%AA%A9%EB%A1%9D%EC%97%90-%EC%98%A4%EB%A5%B4%EB%8B%A4,https://wimg.sedaily.com/news/cms/2026/09/22/news-p.v1.20260114.860164af1691415cb3a6ba40d33acdf0_P1.jpg,1200,800,ok
https://ailens.sedaily.ai/markets/2026/09/22/2026-09-22-%EC%9D%B4%EC%9E%90%EB%8F%84-%EC%95%88-%EB%B6%99%EB%8A%94-%EA%B8%88%EC%9D%84-%EC%A4%91%EC%95%99%EC%9D%80%ED%96%89%EB%93%A4%EC%9D%B4-%EB%A7%A4%EB%8B%AC-91%ED%86%A4%EC%94%A9-%EC%82%AC%EB%93%A4%EC%9D%B4%EA%B3%A0-%EC%9E%88%EA%B1%B0%EB%93%A0%EC%9A%94,https://wimg.sedaily.com/news/cms/2026/09/22/news-p.v1.20260921.77db0d59e7f14e86a9b9e419c2325323_P1.jpg,1200,800,ok
https://ailens.sedaily.ai/markets/2026/09/22/2026-09-22-%EC%8B%A0%ED%95%9C%EC%9A%B4%EC%9A%A9-SOL-%EC%B4%88%EB%8B%A8%EA%B8%B0%EC%B1%84%EA%B6%8C%EC%95%A1%ED%8B%B0%EB%B8%8C-ETF-%EC%88%9C%EC%9E%90%EC%82%B0-1%EC%A1%B0-%EB%8F%8C%ED%8C%8C,https://wimg.sedaily.com/news/cms/2026/09/22/news-p.v1.20260922.27ab5554d0a14306bdcb635a1fbb8936_P1.jpg,761,720,ok
https://ailens.sedaily.ai/markets/2026/09/22/2026-09-22-%ED%99%98%EC%9E%90-%EC%84%9C%EB%A9%B4-%EB%8F%99%EC%9D%98-%EC%97%86%EC%9D%B4-%EC%93%B0%EB%A0%A4%EB%A9%B4-%EC%9D%98%EB%A3%8C-AI-4%EA%B3%B3%EC%9D%B4-2027%EB%85%84%EA%B9%8C%EC%A7%80-%EB%84%98%EC%96%B4%EC%95%BC-%ED%95%98%EB%8A%94-%EB%AC%B8,https://wimg.sedaily.com/news/cms/2026/09/21/news-g.v1.20260921.b7188078abba4d59a2ea9209444821e4_P1.jpg,1200,723,ok
https://ailens.sedaily.ai/industry/2026/09/22/2026-09-22-%EA%B5%AC%ED%98%95%EC%9D%B8-H100-%EC%9D%B4%EC%9A%A9%EB%A3%8C%EA%B0%80-%ED%95%9C-%EB%8B%AC-%EB%A7%8C%EC%97%90-21-9-%EC%98%AC%EB%9E%90%EB%8B%A4%EA%B3%A0,https://wimg.sedaily.com/news/cms/2026/09/21/news-p.v1.20260921.09133b8b005d4c72935057a5dfa0e653_P1.png,1200,675,ok
https://ailens.sedaily.ai/finance/2026/09/22/2026-09-22-%EC%A0%84-%EC%84%B8%EA%B3%84-%EC%97%94%ED%99%94-%EC%BD%94%EC%9D%B8-%EB%91%90-%EA%B0%9C-%EC%A4%91-%ED%95%98%EB%82%98%EA%B0%80-%ED%95%9C%EA%B5%AD%EC%97%90%EC%84%9C-%EA%B1%B0%EB%9E%98%EB%90%90%EB%8B%A4%EA%B3%A0,https://wimg.sedaily.com/news/cms/2026/09/21/news-p.v1.20260921.2c6f5d73368740c494df4410a3028821_P1.png,680,451,ok
https://ailens.sedaily.ai/industry/2026/09/22/2026-09-21-406%EA%B0%80%EA%B5%AC-%EB%A7%88%EC%9D%84-%EB%B9%88%EC%A7%91-10%EC%B1%84%EA%B0%80-%EB%AA%A9%EC%9A%95%ED%83%95%EA%B9%8C%EC%A7%80-%EB%A7%8C%EB%93%A0%EB%8B%A4%EB%8B%88%EC%9A%94,https://wimg.sedaily.com/news/cms/2026/09/21/news-p.v1.20260921.ac6d8e9f39e94caa969d7c75471c805c_P1.png,1200,789,ok
https://ailens.sedaily.ai/industry/2026/09/22/2026-09-21-%EC%BF%A0%ED%8C%A1%EC%9D%B4-8%EA%B0%9C%EC%9B%94-%EB%A7%8C%EC%97%90-%EC%82%AC%EB%93%A4%EC%9D%B8-%EC%A7%80%EC%97%AD-%EA%B3%BC%EC%9D%BC-7-000%ED%86%A4,https://wimg.sedaily.com/news/cms/2026/09/21/news-p.v1.20260921.15d714e5e0dd4ddea7311ee02038ae99_P1.jpg,1200,941,ok
https://ailens.sedaily.ai/industry/2026/09/22/2026-09-21-%EB%88%84%EC%A0%81-3-000%EB%8C%80-%EA%B3%B5%EA%B8%89%ED%95%9C-%EC%84%9C%EB%B9%99%EB%A1%9C%EB%B4%87-%EB%A7%A4%EC%9E%A5-%EB%8F%99%EC%84%A0%EC%97%90-%EB%A7%89%ED%98%94%EC%8A%B5%EB%8B%88%EB%8B%A4,https://wimg.sedaily.com/news/cms/2026/09/21/news-p.v1.20260921.e72daa124abd4d489309361ea870d66f_P1.jpg,1200,270,ok
https://ailens.sedaily.ai/industry/2026/09/22/2026-09-21-%EC%B6%9C%EC%8B%A0%ED%95%99%EA%B5%90%EB%8F%84-%ED%95%99%EC%A0%90%EB%8F%84-%EB%AC%BB%EC%A7%80-%EC%95%8A%EC%8A%B5%EB%8B%88%EB%8B%A4-SK%ED%95%98%EC%9D%B4%EB%8B%89%EC%8A%A4-%ED%95%B4%EC%BB%A4%ED%86%A4-%EC%83%81%EA%B8%88-1%EC%96%B5%EC%97%90-%EC%84%9C%EB%A5%98-%ED%95%84%EA%B8%B0-%EB%A9%B4%EC%A0%9C,https://wimg.sedaily.com/news/cms/2026/09/21/news-p.v1.20260921.4c451ac2b20b4391b3305e1718fc84c5_P1.png,1200,540,ok
https://ailens.sedaily.ai/markets/2026/09/22/2026-09-21-%EC%84%B1%EC%88%98%EB%8F%99-1%EC%A1%B0-8-275%EC%96%B5-%EC%98%86%EC%97%90-%EC%98%A4%EC%82%B0-%EA%B3%A8%ED%8C%90%EC%A7%80-%EA%B3%B5%EC%9E%A5-%EC%9E%AC%EA%B0%80%EB%8F%99%EB%8F%84-%EA%B0%99%EC%9D%80-%EB%82%A0-%EA%B3%B5%EC%8B%9C%EB%90%90%EC%8A%B5%EB%8B%88%EB%8B%A4,https://sedaily-mbti-cms-media-dev.s3.us-east-1.amazonaws.com/media/mustknow-auto/20093506-webtoon-cut001.png,1216,832,ok
https://ailens.sedaily.ai/markets/2026/09/21/2026-09-21-%EB%B3%80%EB%8F%99%EC%84%B1-100-%ED%95%9C%EA%B5%AD-%EC%A6%9D%EC%8B%9C%EA%B0%80-%EA%B8%88%EC%9C%B5%EC%9C%84%EA%B8%B0%EA%B5%AD-%EB%84%A4-%EA%B3%B3-%EC%98%86%EC%97%90-%EB%86%93%EC%98%80%EB%8B%A4%EB%8B%88%EC%9A%94,https://wimg.sedaily.com/news/cms/2026/09/21/news-p.v1.20260921.0fe735b3c84d4bfcb3debb5da9f3c0c6_P1.png,620,400,ok
https://ailens.sedaily.ai/property/2026/09/21/2026-09-21-%EC%9B%94%EA%B8%89-274%EB%A7%8C%EC%9B%90-18%EC%84%B8%EB%8F%84-%EC%B2%AD%EB%85%84-%EC%9B%94%EC%84%B8-%EC%A7%80%EC%9B%90-%EB%B0%9B%EB%8A%94%EB%8B%A4,https://sedaily-mbti-cms-media-dev.s3.us-east-1.amazonaws.com/media/mustknow-auto/20093648-webtoon-cut001.png,1216,832,ok
https://ailens.sedaily.ai/news/2026/09/21/2026-09-21-%EC%88%98%EA%B8%B0-%EB%A9%94%EB%AA%A8%EC%97%90-%EC%A0%81%ED%9E%8C-%EC%A0%95%EC%B9%98%EC%9D%B8-14%EB%AA%85-%EC%B2%B4%ED%8F%AC-%EA%B3%84%EC%97%84-%EB%B0%A4%EC%97%90-%EA%B7%B8%EB%8C%80%EB%A1%9C-%EC%8B%A4%ED%96%89%EB%90%90%EC%8A%B5%EB%8B%88%EB%8B%A4,https://wimg.sedaily.com/news/cms/2026/09/21/news-p.v1.20260107.0db6d8ab489e458fb0e18d77756285f9_P1.jpg,500,250,ok
https://ailens.sedaily.ai/markets/2026/09/21/2026-09-21-%EC%BD%94%EC%8A%A4%ED%94%BC-%EC%B6%94%EC%84%9D-%EC%A7%81%EC%A0%84%EC%97%94-13%EB%8C%80-13%EC%9D%B8%EB%8D%B0-%EC%A7%81%ED%9B%84%EC%97%94-19%EB%8C%80-7%EC%9D%B4%EB%9D%BC%EA%B3%A0,https://wimg.sedaily.com/news/cms/2026/09/21/ams.001.photo.202609201343516756180940_P1.jpg,1200,661,ok
https://ailens.sedaily.ai/news/2026/09/21/2026-09-21-%EB%B9%84%EC%83%81%EA%B3%84%EC%97%84-%EA%B5%B0-%EB%8F%99%EC%9B%90-%EC%97%AC%EC%9D%B8%ED%98%95-18%EB%85%84-%EC%9D%B4%EC%A7%84%EC%9A%B0-15%EB%85%84-%EC%82%AC%EC%A0%84-%EA%B0%80%EB%8B%B4-%EB%B9%84%EB%82%9C-%EA%B0%80%EB%8A%A5%EC%84%B1-%EB%86%92%EC%95%84,https://wimg.sedaily.com/news/cms/2026/09/21/news-p.v1.20260107.0db6d8ab489e458fb0e18d77756285f9_P1.jpg,500,250,ok
https://ailens.sedaily.ai/property/2026/09/21/2026-09-21-%EC%97%AD%EC%84%B8%EA%B6%8C%EC%97%90-%EC%A4%91%ED%98%95-%EA%B3%B5%EA%B3%B5%EC%9E%84%EB%8C%80-19%EB%A7%8C-%EA%B0%80%EA%B5%AC-%EC%9E%84%EB%8C%80%EB%A3%8C%EB%8A%94-%EC%95%84%EC%A7%81-%EB%B9%88%EC%B9%B8%EC%9E%85%EB%8B%88%EB%8B%A4,https://wimg.sedaily.com/news/cms/2026/09/21/news-g.v1.20260921.d936ea4b82eb4f68a5d6ac56ad49a939_P1.jpg,1200,510,ok
https://ailens.sedaily.ai/markets/2026/09/21/2026-09-21-42%EC%B8%B5%EC%97%90%EC%84%9C-85%EC%B8%B5-%EB%A9%94%EB%A6%AC%EC%B8%A0-1%EC%A1%B0%EC%9D%98-%ED%86%A0%EB%A1%A0%ED%86%A0-%ED%83%80%EC%9B%8C-%EC%A4%80%EA%B3%B5-%EB%82%A0%EC%A7%9C%EA%B0%80-%EC%9E%A1%ED%98%94%EC%8A%B5%EB%8B%88%EB%8B%A4,https://wimg.sedaily.com/news/cms/2026/09/21/news-p.v1.20260921.865f7da0c1494e3bb45e25424386770d_P1.jpg,745,469,ok
https://ailens.sedaily.ai/property/2026/09/21/2026-09-21-%EC%B2%AD%EB%85%84-%EC%8B%A0%ED%98%BC%EC%97%90-57%EB%A7%8C%EA%B0%80%EA%B5%AC-%EA%B3%B5%EA%B8%89-%EC%A4%91%EC%82%B0%EC%B8%B5-%EA%B2%A8%EB%83%A5-%EB%B3%B4%ED%8E%B8%ED%98%95-%EC%9E%84%EB%8C%80-%EC%B2%AB-%EB%8F%84%EC%9E%85,https://wimg.sedaily.com/news/cms/2026/09/21/news-g.v1.20260921.d936ea4b82eb4f68a5d6ac56ad49a939_P1.jpg,1200,510,ok
https://ailens.sedaily.ai/industry/2026/09/21/2026-09-21-%EC%9A%A9%EC%9D%B8-600%EC%A1%B0-%ED%98%B8%EB%82%A8-400%EC%A1%B0-%EA%B3%BD%EB%85%B8%EC%A0%95-CEO%EA%B0%80-%EC%82%B0%ED%83%80%ED%81%B4%EB%9D%BC%EB%9D%BC%EC%97%90%EC%84%9C-%EA%B3%B5%EC%9E%A5-%EC%A7%80%EB%8F%84%EB%A5%BC-%ED%8E%BC%EC%B9%9C-%EC%9D%B4%EC%9C%A0,https://wimg.sedaily.com/news/cms/2026/09/21/news-p.v1.20260921.e3f837ef3bf04ff2acd509f76d75c8fa_P1.jpg,1200,675,ok
https://ailens.sedaily.ai/industry/2026/09/21/2026-09-21-%ED%95%9C%EA%B5%AD-%EC%98%B7%EC%9D%B4%EB%A9%B4-%EB%9C%AC%EB%8B%A4-K%ED%8C%A8%EC%85%98-%EB%B0%9C%EA%B5%B4-%EB%82%98%EC%84%A0-%EA%B8%80%EB%A1%9C%EB%B2%8C-%EC%9C%A0%ED%86%B5%EA%B0%80,https://wimg.sedaily.com/news/cms/2026/09/21/rcv.NEWS1.NEWS1.20260901.2026-09-01T123650_1008081921_ENTERTAINMENTS_I_P1.jpg,1200,677,ok
https://ailens.sedaily.ai/industry/2026/09/21/2026-09-21-20%EB%A7%8C-%EB%AA%85-%EC%A0%95%EB%B3%B4%EA%B0%80-%EC%83%88%EA%B3%A0-%EA%B3%BC%EC%A7%95%EA%B8%88%EC%9D%80-6-500%EB%A7%8C-%EC%9B%90-%EA%B7%B8%EC%A4%91-%EC%A0%88%EB%B0%98%EC%9D%80-%EB%8C%80%ED%91%9C-%EA%B0%9C%EC%9D%B8-%EB%AA%AB,https://wimg.sedaily.com/news/cms/2026/09/21/news-p.v1.20260921.958989c4bcce4fb1ae4cc6fa85406126_P1.png,666,305,ok
https://ailens.sedaily.ai/industry/2026/09/21/2026-09-21-%EC%BF%A0%ED%8C%A1-%EB%8C%80%EB%A7%8C%EC%84%9C-20%EB%A7%8C-%EB%AA%85-%EC%A0%95%EB%B3%B4-%EC%9C%A0%EC%B6%9C-%EA%B3%BC%EC%A7%95%EA%B8%88-6500%EB%A7%8C%EC%9B%90-%EB%B6%80%EA%B3%BC,https://wimg.sedaily.com/news/cms/2026/09/21/news-p.v1.20260921.958989c4bcce4fb1ae4cc6fa85406126_P1.png,666,305,ok
https://ailens.sedaily.ai/industry/2026/09/21/2026-09-21-%ED%95%9C%ED%99%94%EC%97%90%EC%96%B4%EB%A1%9C%EC%8A%A4%ED%8E%98%EC%9D%B4%EC%8A%A4-%EB%AC%B4%EC%9D%B8%EA%B8%B0-%ED%98%91%EB%A0%A5%EC%82%AC-43%EA%B3%B3%EA%B3%BC-%EC%86%90%EC%9E%A1%EA%B3%A0-%EA%B5%AD%EC%82%B0%ED%99%94-70-%EB%A5%BC-%EA%B2%A8%EB%88%84%EB%8B%A4,https://wimg.sedaily.com/news/cms/2026/09/21/news-p.v1.20260921.7af0163be0a1469ba7831061adc72058_P1.jpg,1200,675,ok
https://ailens.sedaily.ai/news/2026/09/21/2026-09-21-%EA%B0%95%ED%9B%88%EC%8B%9D-%EB%B9%84%EC%84%9C%EC%8B%A4%EC%9E%A5-%EC%82%AC%EC%9D%98-%EC%A2%85%ED%95%A9%EC%A0%81-%EC%B1%85%EC%9E%84-%EC%A7%80%EB%8A%94-%EC%B0%A8%EC%9B%90,https://wimg.sedaily.com/news/cms/2026/09/21/rcv.YNA.20260921.PYH2026092113640001300_P1.jpg,1200,937,ok
https://ailens.sedaily.ai/industry/2026/09/21/2026-09-21-%ED%95%9C%ED%99%94-%EC%86%90%EC%9E%A1%EA%B3%A0-K-%EB%AC%B4%EC%9D%B8%EA%B8%B0-%EC%83%9D%ED%83%9C%EA%B3%84-%EA%B5%AC%EC%B6%95-%EB%82%98%EC%84%A0%EB%8B%A4-%EB%8F%99%EB%B0%98-%ED%95%B4%EC%99%B8%EC%A7%84%EC%B6%9C-%EB%AA%A8%EC%83%89%EB%8F%84,https://wimg.sedaily.com/news/cms/2026/09/21/news-p.v1.20260921.7af0163be0a1469ba7831061adc72058_P1.jpg,1200,675,ok
https://ailens.sedaily.ai/markets/2026/09/21/2026-09-21-%EB%B6%80%EC%82%B0-%EB%B6%81%ED%95%AD%EC%97%90-%EC%83%81%EC%96%B4%EA%B0%80-%EB%82%98%ED%83%80%EB%82%98%EC%9E%90-%EC%95%84%EA%B8%B0%EC%83%81%EC%96%B4-%EC%A3%BC%EA%B0%80%EA%B0%80-18-%EC%98%AC%EB%9E%90%EB%8B%A4%EA%B3%A0,https://wimg.sedaily.com/news/cms/2026/09/21/rcv.YNA.20260920.PYH2026092014620005100_P1.jpg,1200,772,ok
https://ailens.sedaily.ai/finance/2026/09/21/2026-09-21-%EA%B0%80%EC%9E%85-7%EB%85%84-100-%ED%99%98%EA%B8%89-%EC%A2%85%EC%8B%A0%EB%B3%B4%ED%97%98-%EC%9D%B4%EB%8B%AC%EB%A7%90-%ED%8C%90%EB%A7%A4%EC%A4%91%EB%8B%A8,https://sedaily-mbti-cms-media-dev.s3.us-east-1.amazonaws.com/media/mustknow-auto/20093601-webtoon-cut001.png,1216,832,ok
https://ailens.sedaily.ai/industry/2026/09/21/2026-09-21-%EC%9A%A9%EC%9D%B8-%ED%8C%B9-%EA%B0%80%EB%8F%99-%EC%BD%94%EC%95%9E%EC%9D%B8%EB%8D%B0-%EB%8F%84%EB%A1%9C-%EC%9A%A9%EC%88%98-%EB%AF%B8%EB%B9%84,https://wimg.sedaily.com/news/cms/2026/09/21/news-p.v1.20260921.fc1416f88687462cb8d8f26215fd3bbc_P1.jpg,1200,703,ok
https://ailens.sedaily.ai/markets/2026/09/21/2026-09-21-%ED%99%98%EC%9E%90-85%EB%AA%85-%EC%96%B4%EA%B9%A8-MRI-%EA%B2%B0%EA%B3%BC%EA%B0%80-%EB%82%98%EC%98%A8-%EB%82%A0-%EC%9D%B8%EB%B2%A4%ED%85%8C%EB%9D%BC-%EC%A3%BC%EA%B0%80%EB%8A%94-%EC%83%81%ED%95%9C%EA%B0%80%EB%A5%BC-%EC%B0%8D%EC%97%88%EC%8A%B5%EB%8B%88%EB%8B%A4,https://wimg.sedaily.com/news/cms/2026/09/21/news-p.v1.20260202.dfba0ca23a9c41b4a434a1a8f0523a0f_P1.png,586,183,ok
https://ailens.sedaily.ai/industry/2026/09/21/2026-09-21-%EB%8C%80%EB%AF%B8%ED%88%AC%EC%9E%90-%EC%9B%90%EB%A6%AC%EA%B8%88-%ED%9A%8C%EC%88%98-20%EB%85%84-%EB%A1%9C-%EC%97%B0%EC%9E%A5,https://wimg.sedaily.com/news/cms/2026/09/21/rcv.YNA.20260920.PRU20260920161701009_P1.jpg,1200,800,ok
https://ailens.sedaily.ai/markets/2026/09/21/2026-09-21-%EC%98%AC%ED%95%B4-%ED%8F%89%EA%B7%A0-%EC%88%98%EC%9D%B5%EB%A5%A0-5-9-%EC%9E%A5%EA%B8%B0%EC%B1%84-ETF-%ED%88%AC%EC%9E%90%EC%9E%90-%EC%86%8D%ED%83%80%EB%84%A4,https://wimg.sedaily.com/news/cms/2026/09/21/news-p.v1.20260921.b3d822026f8740478c6eccd21c196626_P1.png,482,416,ok
https://ailens.sedaily.ai/markets/2026/09/21/2026-09-21-%EC%82%BC%EC%84%B1%EC%A0%84%EC%9E%90%EB%8A%94-5-%EC%98%AC%EB%9E%90%EB%8A%94%EB%8D%B0-%EC%86%8C%EC%9E%AC-%EC%9E%A5%EB%B9%84%EC%A3%BC%EB%8A%94-20-%EC%94%A9-%EB%9B%B0%EC%97%88%EB%8B%A4%EA%B3%A0,https://wimg.sedaily.com/news/cms/2026/09/21/rcv.YNA.20260629.PYH2026062913230001300_P1.jpg,1200,800,ok
https://ailens.sedaily.ai/property/2026/09/21/2026-09-21-2030%EB%85%84%EA%B9%8C%EC%A7%80-%EA%B3%B5%EC%A0%81%EC%A3%BC%ED%83%9D-119%EB%A7%8C%EA%B0%80%EA%B5%AC-%EA%B3%B5%EA%B8%89,https://sedaily-mbti-cms-media-dev.s3.us-east-1.amazonaws.com/media/mustknow-auto/20093597-webtoon-cut001.png,1216,832,ok
https://ailens.sedaily.ai/markets/2026/09/21/2026-09-21-%EB%8B%A8%EB%8F%85-NH-%EB%8B%A8%EA%B8%B0-IMA-%EC%8A%B9%EB%B6%80%EC%88%98-1%EB%85%84-6%EA%B0%9C%EC%9B%94%EB%AC%BC-%EC%B2%AB%EC%84%A0,https://wimg.sedaily.com/news/cms/2026/09/21/news-p.v1.20260921.dbadeeada6dc45c89f85357bf9e6a649_P1.jpg,640,436,ok
https://ailens.sedaily.ai/markets/2026/09/21/2026-09-21-%EC%B2%AB%EB%82%A0-1-112%EB%B2%88-%EB%A9%88%EC%B6%B0-%EC%84%B8%EC%9B%A0%EB%8A%94%EB%8D%B0-%EB%B3%80%EB%8F%99%EC%84%B1%EC%9D%80-%EC%A0%95%EA%B7%9C%EC%9E%A5%EB%B3%B4%EB%8B%A4-%EB%82%AE%EC%95%98%EB%8B%A4%EA%B3%A0,https://wimg.sedaily.com/news/cms/2026/09/21/rcv.YNA.20260914.PYH2026091418700001300_P1.jpg,1200,800,ok
https://ailens.sedaily.ai/news/2026/09/21/2026-09-21-%ED%86%B5%EC%8B%A0-%EC%A0%84%EB%A0%A5-%EB%8D%B0%EC%9D%B4%ED%84%B0-%EC%A0%91%EA%B7%BC-%EA%B8%B0%EB%A1%9D-%EB%A7%A4%EB%8B%AC-%EA%B2%BD%EC%98%81%EC%A7%84%EC%97%90-%EB%B3%B4%EA%B3%A0-%EC%9D%98%EB%AC%B4%ED%99%94,https://wimg.sedaily.com/news/cms/2026/09/21/news-p.v1.20260914.c07892a0d52045e58434152c6661804d_P1.jpg,1200,675,ok
https://ailens.sedaily.ai/markets/2026/09/21/2026-09-21-%ED%95%9C%EA%B5%AD%EA%B1%B0%EB%9E%98%EC%86%8C-%EC%95%A0%ED%94%84%ED%84%B0%EB%A7%88%EC%BC%93-VI-1112-553%ED%9A%8C-%EC%97%B0%EB%A7%90%EA%B9%8C%EC%A7%80-%ED%8A%B9%EB%B3%84%EA%B0%90%EC%8B%9C-TF-%EA%B0%80%EB%8F%99,https://wimg.sedaily.com/news/cms/2026/09/21/rcv.YNA.20260914.PYH2026091418700001300_P1.jpg,1200,800,ok
https://ailens.sedaily.ai/news/2026/09/21/2026-09-21-%EC%BF%A0%ED%8C%A1-%EC%A7%81%EA%B2%A9%ED%95%9C-%EC%A3%BC%EB%B3%91%EA%B8%B0-%ED%98%84%EC%9E%A5%EC%A1%B0%EC%82%AC-%EB%AC%B4%EB%A0%A5%ED%99%94-%EC%A1%B0%EC%82%AC-%ED%94%BC%ED%95%A0%EC%88%98-%EC%97%86%EB%8F%84%EB%A1%9D-%EC%A0%9C%EB%8F%84-%EC%86%90%EB%B3%BC-%EA%B2%83,https://wimg.sedaily.com/news/cms/2026/09/21/news-p.v1.20260921.e3842c3918ec42ed929e3c7ccb7a1558_P1.jpg,1200,830,ok
https://ailens.sedaily.ai/markets/2026/09/21/2026-09-21-%EC%8F%A0%EB%A6%BC-%EB%8D%9C%EC%96%B4%EB%82%B8-%EB%B0%98%EB%8F%84%EC%B2%B4-%ED%88%AC%ED%86%B1-%EB%B0%95%EC%8A%A4%ED%94%BC-%ED%83%88%EC%B6%9C-%EC%9D%B4%EB%81%84%EB%82%98,https://wimg.sedaily.com/news/cms/2026/09/21/news-p.v1.20260921.a33f0681fee24b1bb1a193afe8173ecf_P1.jpg,1200,754,ok
https://ailens.sedaily.ai/news/2026/09/21/2026-09-21-%EC%9E%A5%EC%9C%A4%EA%B8%B0-%EC%82%AC%EA%B1%B4-%EC%B6%95%EC%86%8C-%EA%B4%91%EC%82%B0%EC%84%9C-%EC%A7%80%ED%9C%98%EB%B6%80-%EC%86%A1%EC%B9%98-%EA%B5%AD%EC%88%98%EB%B3%B8-%EA%B0%9C%EC%9E%85-%EC%97%86%EC%96%B4-%EA%B2%80%EA%B2%BD-%EA%B0%88%EB%93%B1-%EB%B9%84%ED%99%94,https://wimg.sedaily.com/news/cms/2026/09/21/rcv.YNA.20260721.PYH2026072110040005401_P1.jpg,1200,877,ok
https://ailens.sedaily.ai/news/2026/09/21/2026-09-21-%EC%88%9C%EB%B0%A9%EA%B8%B8-%EC%98%A4%EB%A5%B8-%ED%8A%B8%EB%9F%BC%ED%94%84%EC%99%80-%EB%8C%80%EB%AF%B8%ED%88%AC%EC%9E%90-%ED%98%B8%EB%A5%B4%EB%AC%B4%EC%A6%88-%EC%A0%91%EC%A0%90-%EC%B0%BE%EB%82%98,https://wimg.sedaily.com/news/cms/2026/09/21/news-p.v1.20260921.d572651847ea44caa2b3c4831e07e711_P1.jpg,1200,619,ok
https://ailens.sedaily.ai/international/2026/09/21/2026-09-21-17-%EC%88%98%EC%9D%B5%EC%82%AC%EC%97%85-%EC%B0%BE%EA%B8%B0-%EC%96%B4%EB%A0%A4%EC%9B%8C-%EC%9E%A5%EA%B8%B0-%EC%9C%84%ED%97%98%EC%84%B1-%EB%8D%94-%EC%BB%A4%EC%A1%8C%EB%8B%A4-%EC%9A%B0%EB%A0%A4%EB%8F%84,https://wimg.sedaily.com/news/cms/2026/09/21/rcv.YNA.20260913.PYH2026091311250001300_P1.jpg,1200,771,ok
https://ailens.sedaily.ai/markets/2026/09/21/2026-09-21-%EB%8B%A8%EB%8F%85-%EB%B9%853-%EB%84%98%EB%B3%B8%EB%8B%A4-%EB%85%B8%EB%9E%91%ED%86%B5%EB%8B%AD-DBJ-%EC%B6%94%EA%B0%80-%EC%84%A0%EC%9E%84%ED%95%B4-%EB%A7%A4%EA%B0%81-%EB%B3%B8%EA%B2%A9-%EC%B0%A9%EC%88%98-%EC%8B%9C%EA%B7%B8%EB%84%90,https://wimg.sedaily.com/news/cms/2026/09/21/news-p.v1.20260921.77a2aa3922424a41b9761d28b4255a9b_P1.jpg,860,860,ok
https://ailens.sedaily.ai/industry/2026/09/21/2026-09-21-%EC%A7%81%EC%9E%A5%EC%9D%B8%EB%93%A4-%EB%A7%A4%EC%9D%BC-%EB%A7%88%EC%8B%9C%EB%8A%94-%EA%B1%B4%EB%8D%B0-%EC%9D%B4%EB%9F%B4-%EC%A4%84%EC%9D%80-%EC%BB%B4%ED%8F%AC%EC%A6%88-%EB%A9%94%EA%B0%80%EC%BB%A4%ED%94%BC-%EC%9C%84%EC%83%9D-%EC%9C%84%EB%B0%98-%EB%94%B1-%EA%B1%B8%EB%A0%B8%EB%8B%A4,https://wimg.sedaily.com/news/cms/2026/09/21/news-p.v1.20260921.288f99ac79a94a7d88aa946ec603459e_P1.png,1200,629,ok
https://ailens.sedaily.ai/industry/2026/09/21/2026-09-21-HLB-%EB%8B%B4%EA%B4%80%EC%95%94-%EC%8B%A0%EC%95%BD-%EC%A0%9C%ED%92%88%EB%AA%85-%EB%A6%AC%ED%94%BD%ED%88%AC-FDA-%EC%A1%B0%EA%B1%B4%EB%B6%80-%EC%88%98%EC%9A%A9,https://wimg.sedaily.com/news/cms/2026/09/21/news-p.v1.20260921.4a72a729c1c64c3e92cab52cc38c9d1e_P1.jpg,1200,630,ok
https://ailens.sedaily.ai/industry/2026/09/21/2026-09-21-%EA%B3%A0%EB%A0%A4%EC%95%84%EC%97%B0-10%EC%A1%B0-%EC%A0%9C%EB%A0%A8%EC%86%8C-%EA%B1%B4%EC%84%A4-%ED%83%84%EB%A0%A5-%ED%98%84%EC%A7%80-%ED%99%98%EA%B2%BD%EC%98%81%ED%96%A5%ED%8F%89%EA%B0%80-%ED%86%B5%EA%B3%BC,https://wimg.sedaily.com/news/cms/2026/09/21/news-p.v1.20260921.526b02e72ad7468c974652761a5abbe2_P1.png,860,563,ok
https://ailens.sedaily.ai/industry/2026/09/21/2026-09-21-%EC%84%A4%ED%83%95-%EB%B0%80%EA%B0%80%EB%A3%A8-%EB%8B%B4%ED%95%A9-%EA%B3%BC%EC%A7%95%EA%B8%88-%EB%B2%95%EC%9B%90%EC%84%9C-%EC%A4%84%EC%A4%84%EC%9D%B4-%EC%A0%9C%EB%8F%99,https://wimg.sedaily.com/news/cms/2026/09/21/rcv.YNA.20260911.PYH2026091104980001300_P1.jpg,1200,834,ok
https://ailens.sedaily.ai/markets/2026/09/21/2026-09-21-%EC%9D%B8%EB%B2%A4%ED%85%8C%EB%9D%BC-INV-002-%EA%B5%AD%EB%82%B4-%EC%9E%84%EC%83%81-3%EC%83%81-%EC%B5%9C%EC%A2%85-%EC%84%B1%EA%B3%B5,https://wimg.sedaily.com/news/cms/2026/09/21/news-p.v1.20260921.0b5b0b1df113450093a591b7261690ef_P1.png,1140,580,ok
https://ailens.sedaily.ai/markets/2026/09/21/2026-09-21-%EC%BD%94%EC%8A%A4%EB%8B%A5-%EC%83%88%EB%82%B4%EA%B8%B0-%EB%84%A4%EC%98%A4%EC%82%AC%ED%94%BC%EC%97%94%EC%8A%A4-%EC%83%81%EC%9E%A5-%EC%B2%AB%EB%82%A0-165-%EC%BD%94%EC%A3%BC%EB%B6%80,https://wimg.sedaily.com/news/cms/2026/09/21/news-p.v1.20260921.94db9df5e3184ff6ba157932b66cd73d_P1.jpg,1200,852,ok
https://ailens.sedaily.ai/markets/2026/09/21/2026-09-21-%EC%95%A0%ED%94%8C-%EB%8B%B4%EA%B3%A0-%EC%97%94%EB%B9%84%EB%94%94%EC%95%84-%EB%BA%90%EB%8B%A4-KIWOOM-%EB%AF%B8%EA%B5%ADS-P500%EB%AA%A8%EB%A9%98%ED%85%80-ETF-%EC%A0%88%EB%B0%98-%EA%B5%90%EC%B2%B4,https://wimg.sedaily.com/news/cms/2026/09/21/news-p.v1.20260921.b8500496032545a18cbb4ffff2adf348_P1.png,1200,528,ok
https://ailens.sedaily.ai/markets/2026/09/21/2026-09-21-%EC%BD%94%EC%8A%A4%ED%94%BC%EA%B0%80-7000%EC%84%A0%EC%9D%84-%EB%90%98%EC%B0%BE%EC%9D%80-%EB%82%A0-%EA%B0%9C%EC%9D%B8%EC%9D%80-2%EC%A1%B0-9790%EC%96%B5-%EC%9B%90%EC%9D%84-%ED%8C%94%EC%95%98%EC%8A%B5%EB%8B%88%EB%8B%A4,https://wimg.sedaily.com/news/cms/2026/09/21/rcv.YNA.20260921.PYH2026092119650001300_P1.jpg,1200,754,ok
https://ailens.sedaily.ai/news/2026/09/21/2026-09-21-%ED%95%9C%EC%9D%80-%EC%9B%90%ED%99%94%EA%B5%AD%EC%A0%9C%EA%B2%B0%EC%A0%9C%EB%A7%9D-21%EC%9D%BC%EB%B6%80%ED%84%B0-%EC%8B%9C%EB%B2%94%EC%9A%B4%EC%98%81-%EC%B2%AB-%EA%B1%B0%EB%9E%98-14%EC%96%B5%EC%9B%90,https://wimg.sedaily.com/news/cms/2026/09/21/news-p.v1.20260921.63c56e5ce4f94d53b676c801c77fb636_P1.jpg,640,426,ok
https://ailens.sedaily.ai/international/2026/09/21/2026-09-21-%EB%B0%98%EB%8F%84%EC%B2%B4-%ED%98%B8%ED%99%A9%EC%97%90%EB%8F%84-%EA%B3%A0%EC%9A%A9%EC%9D%80-%EC%97%AD%EC%A3%BC%ED%96%89-%EC%B7%A8%EC%97%85%EC%9C%A0%EB%B0%9C%ED%9A%A8%EA%B3%BC-1%EB%85%84-%EC%83%88-21-%EA%B8%89%EA%B0%90,https://wimg.sedaily.com/news/cms/2026/09/21/rcv.NEWS1.NEWS1.20260811.2026-08-11T134844_1008050445_ECONOMY_I_P1.jpg,1200,798,ok
https://ailens.sedaily.ai/culture/2026/09/21/2026-09-21-%EC%8B%A4%EB%B9%84-%EC%9E%88%EC%9C%BC%EC%8B%9C%EC%A3%A0-%EB%88%84%EC%9B%8C-%EC%89%AC%EB%8B%A4-%EA%B0%80%EC%84%B8%EC%9A%94-22%EC%A1%B0%EB%A1%9C-%EB%B6%88%EC%96%B4%EB%82%9C-%EB%B9%84%EA%B8%89%EC%97%AC-%EC%A7%84%EB%A3%8C%EB%B9%84,https://wimg.sedaily.com/news/cms/2026/09/21/news-p.v1.20260921.72e808a9235c435a850f21e6cea21728_P1.jpg,1200,800,ok
https://ailens.sedaily.ai/industry/2026/09/21/2026-09-21-%EC%A0%9C%EC%9D%B4%EC%98%A4%EC%85%98%EC%A4%91%EA%B3%B5%EC%97%85-%ED%83%B1%EC%BB%A4-6%EC%B2%99-%EC%88%98%EC%A3%BC-%EA%B1%B4%EC%A1%B0-%EC%98%88%EC%A0%95-%EB%AC%BC%EB%9F%89-10%EC%B2%99,https://wimg.sedaily.com/news/cms/2026/09/21/news-p.v1.20260921.28faad4a30494368ad7f0a69ab064be3_P1.jpg,1200,806,ok
https://ailens.sedaily.ai/industry/2026/09/21/2026-09-21-%EC%84%9C%EC%9A%B8%EB%8C%80%EB%B3%91%EC%9B%90-%ED%95%9C%EA%B5%AD%ED%98%95-ARPA-H-4%EA%B0%9C-%EA%B3%BC%EC%A0%9C-%EC%84%A0%EC%A0%95-%ED%95%84%EC%88%98%EC%9D%98%EB%A3%8C-AI-%EC%9C%A0%EC%A0%84%EC%9E%90%EC%B9%98%EB%A3%8C-%EA%B0%9C%EB%B0%9C,https://wimg.sedaily.com/news/cms/2026/09/21/news-p.v1.20260921.1fd3b24ad21047d9bc6a2fc4ebed6339_P1.jpg,1200,387,ok
https://ailens.sedaily.ai/industry/2026/09/21/2026-09-21-%EC%82%BC%EC%84%B1%EC%A0%84%EC%9E%90-%EA%B4%91%EC%A3%BC%EC%97%90-%ED%94%8C%EB%9E%99%ED%8A%B8-HVAC-%EC%83%9D%EC%82%B0%EB%9D%BC%EC%9D%B8-%EC%B0%A9%EA%B3%B5-AI-%EB%8D%B0%EC%9D%B4%ED%84%B0%EC%84%BC%ED%84%B0-%EB%83%89%EA%B0%81%EC%8B%9C%EC%9E%A5-%EA%B3%B5%EB%9E%B5,https://wimg.sedaily.com/news/cms/2026/09/21/news-p.v1.20260921.d2f7fe69577048f0afe088dad7724342_P1.jpg,1200,675,ok
https://ailens.sedaily.ai/industry/2026/09/21/2026-09-21-%EB%A1%AF%EB%8D%B0%EB%B0%B1%ED%99%94%EC%A0%90-5%EB%85%84-%EB%A7%8C%EC%97%90-%ED%9D%AC%EB%A7%9D%ED%87%B4%EC%A7%81-%EA%B8%B0%EC%A4%80%EC%9E%84%EA%B8%88-40%EA%B0%9C%EC%9B%94%EB%B6%84-%EC%A7%80%EA%B8%89,https://wimg.sedaily.com/news/cms/2026/09/21/news-p.v1.20260921.4023272e2ff34fa5a91be71b02e5b433_P1.png,860,573,ok
https://ailens.sedaily.ai/markets/2026/09/21/2026-09-21-%EC%8B%A0%ED%95%9C-MTS-%EC%9E%A5%EC%95%A0-%EB%B0%9C%EC%83%9D-%EC%A0%95%EA%B7%9C%EC%9E%A5%EC%84%9C-%EB%A7%A4%EB%A7%A4-%EB%A8%B9%ED%86%B5,https://wimg.sedaily.com/news/cms/2026/09/21/news-p.v1.20260921.499389e5db0446d2ad0b3c72d8fe3e26_P1.png,600,525,ok
https://ailens.sedaily.ai/markets/2026/09/21/2026-09-21-%EB%B9%84%ED%8A%B8%EC%BD%94%EC%9D%B8-8%EB%A7%8C-%ED%83%88%ED%99%98%EC%97%90-%EA%B0%80%EC%83%81%ED%99%94%ED%8F%90-%EA%B8%89%EB%93%B1-%EC%9A%B0%EB%A6%AC%EA%B8%B0%EC%88%A0%ED%88%AC%EC%9E%90-12-%EC%9D%B4%EB%9F%B0%EA%B5%AD%EC%9E%A5-%EC%A0%80%EB%9F%B0%EC%A3%BC%EC%8B%9D,https://wimg.sedaily.com/news/cms/2026/09/21/rcv.NEWSIS.NEWSIS.20260916.NISI20260916_0021440083_P1.jpg,1200,800,ok
https://ailens.sedaily.ai/industry/2026/09/21/2026-09-21-%EC%86%8D%EB%B3%B4-%EC%97%B0%EB%A3%8C%EB%B9%84-%EC%A1%B0%EC%A0%95%EB%8B%A8%EA%B0%80-kwh%EB%8B%B9-5%EC%9B%90-%EC%9C%A0%EC%A7%80-4%EB%B6%84%EA%B8%B0-%EC%A0%84%EA%B8%B0%EC%9A%94%EA%B8%88-%EB%8F%99%EA%B2%B0,https://wimg.sedaily.com/news/cms/2026/09/21/rcv.YNA.20260809.PYH2026080903160001300_P1.jpg,1200,800,ok
https://ailens.sedaily.ai/markets/2026/09/21/2026-09-21-%EA%B1%B0%EB%9E%98%EB%8C%80%EA%B8%88-138%EC%A1%B0-56%EC%A1%B0-%EC%8B%A0%ED%95%9C-5%EB%8C%80-%EC%A6%9D%EA%B6%8C%EC%82%AC-%EB%AA%A9%ED%91%9C%EA%B0%80-%EC%A4%84%EC%A4%84%EC%9D%B4-%EC%A4%8D%EC%A4%8D%EB%A6%AC%ED%8F%AC%ED%8A%B8,https://wimg.sedaily.com/news/cms/2026/09/21/news-p.v1.20260830.4abd3b491de14e1fb1973aadaddd4187_P1.jpg,640,425,ok
https://ailens.sedaily.ai/finance/2026/09/21/2026-09-21-AI-%EB%B0%98%EB%8F%84%EC%B2%B4-%EC%8A%88%ED%8D%BC-%EC%82%AC%EC%9D%B4%ED%81%B4-9%EC%9B%94-%EC%A4%91%EC%88%9C%EA%B9%8C%EC%A7%80-%EC%88%98%EC%B6%9C-714%EC%96%B5-%EB%8B%AC%EB%9F%AC-%EB%98%90-%EC%B5%9C%EA%B3%A0,https://wimg.sedaily.com/news/cms/2026/09/21/news-p.v1.20260921.1cb3ee5441944547aadf6f90b34a7b91_P1.jpg,1200,757,ok
https://ailens.sedaily.ai/markets/2026/09/21/2026-09-21-%EA%B8%88%EA%B0%90%EC%9B%90%EC%9D%B4-%EB%B3%B8-%EC%A6%9D%EA%B6%8C%EC%82%AC-4%EA%B3%B3-%EC%A0%90%ED%8F%AC%EC%97%90%EC%84%9C-%EA%B3%A0%EA%B0%9D-%EC%8B%A0%EC%9A%A9%EC%A0%95%EB%B3%B4-%EB%AC%B4%EB%8B%A8-%EC%A1%B0%ED%9A%8C%EA%B0%80-%EB%82%98%EC%99%94%EC%8A%B5%EB%8B%88%EB%8B%A4,https://wimg.sedaily.com/news/cms/2026/09/21/news-p.v1.20260921.a3a21fd40a03423cbd0f6083fbee1410_P1.png,600,400,ok
https://ailens.sedaily.ai/news/2026/09/21/2026-09-21-%EC%86%8D%EB%B3%B4-%EB%8C%80%ED%86%B5%EB%A0%B9-21-27%EC%9D%BC-%EB%AF%B8%EA%B5%AD-%EB%A9%95%EC%8B%9C%EC%BD%94-%EC%88%9C%EB%B0%A9-UN%EC%B4%9D%ED%9A%8C-%EA%B8%B0%EC%A1%B0%EC%97%B0%EC%84%A4,https://wimg.sedaily.com/news/cms/2026/09/21/news-p.v1.20260919.1dc09f221514413699391150d79f8b4b_P1.jpg,1200,800,ok
https://ailens.sedaily.ai/culture/2026/09/21/2026-09-21-%EB%8F%85%EA%B0%90-%EC%9C%A0%ED%96%89-%EB%B9%A8%EB%9D%BC%EC%A1%8C%EB%8B%A4-%EC%96%B4%EB%A6%B0%EC%9D%B4-%EC%9E%84%EC%8B%A0%EB%B6%80-%EA%B5%AD%EA%B0%80%EC%98%88%EB%B0%A9%EC%A0%91%EC%A2%85-%EC%8B%9C%EC%9E%91-%ED%97%AC%EC%8B%9C%ED%83%80%EC%9E%84,https://wimg.sedaily.com/news/cms/2026/09/21/news-p.v1.20260921.a8978f2a265247c596892737711af015_P1.jpg,740,282,ok
https://ailens.sedaily.ai/industry/2026/09/21/2026-09-21-%EB%9D%BC%EB%A9%B4-%EC%88%98%EC%B6%9C-%EB%AC%B8%ED%84%B1-%EB%82%AE%EC%95%84%EC%A7%84%EB%8B%A4-%EC%9C%A1%EB%A5%98-%EC%84%B1%EB%B6%84-%EC%A0%9C%ED%92%88%EB%8F%84-%ED%97%88%EC%9A%A9,https://wimg.sedaily.com/news/cms/2026/09/21/ams.001.photo.202603171400306935665268_P1.jpg,1200,776,ok
https://ailens.sedaily.ai/property/2026/09/21/2026-09-21-%EB%8C%80%EA%B3%A1%EC%97%AD%EC%97%90-9400%EA%B0%80%EA%B5%AC-%EC%9D%98%EC%99%95%EC%8B%9C%EC%B2%AD%EC%97%AD%EC%97%90-1%EB%A7%8C-4000%EA%B0%80%EA%B5%AC-%EC%B6%94%EA%B0%80-%EA%B3%B5%EA%B8%89,https://wimg.sedaily.com/news/cms/2026/09/21/news-p.v1.20260921.86d0a0048e004144aa840a423a721d07_P1.png,1200,590,ok
https://ailens.sedaily.ai/property/2026/09/21/2026-09-21-%EC%A0%84%EA%B5%AD-1%EC%88%9C%EC%9C%84-%EC%B2%AD%EC%95%BD-%EA%B2%BD%EC%9F%81%EB%A5%A0-5-34%EB%8C%80-1-38%EA%B0%9C%EC%9B%94-%EB%A7%8C%EC%97%90-%EC%B5%9C%EC%A0%80,https://wimg.sedaily.com/news/cms/2026/09/21/news-p.v1.20260512.2a31c26e91a84f64b7527e81eecf7b1d_P1.jpg,1200,806,ok
https://ailens.sedaily.ai/markets/2026/09/21/2026-09-21-%EB%8F%99%EC%9B%90%ED%8C%8C%EC%B8%A0-%EC%83%81%EC%9E%A5-%EC%98%88%EC%8B%AC-26%EC%98%81%EC%97%85%EC%9D%BC%EB%A7%8C%EC%97%90-%ED%86%B5%EA%B3%BC-%EC%8B%9C%EA%B7%B8%EB%84%90,https://wimg.sedaily.com/news/cms/2026/09/21/news-p.v1.20260917.2a08881a448044d0bbd73339f344814a_P1.png,305,347,ok
https://ailens.sedaily.ai/industry/2026/09/21/2026-09-21-%ED%95%9C%ED%99%94%EA%B7%B8%EB%A3%B9-%EC%B6%94%EC%84%9D-%EB%A7%9E%EC%9D%B4-%ED%98%91%EB%A0%A5%EC%82%AC-%EB%8C%80%EA%B8%88-1850%EC%96%B5%EC%9B%90-%EC%A1%B0%EA%B8%B0-%EC%A7%80%EA%B8%89,https://wimg.sedaily.com/news/cms/2026/09/20/news-p.v1.20260920.d4760a4a3bb149f5bcb3464cfb30b28e_P1.jpeg,333,500,ok
https://ailens.sedaily.ai/industry/2026/09/21/2026-09-21-LGD-%EC%84%B8%EA%B3%84-%EC%B2%AB-720Hz-OLED-%EC%96%91%EC%82%B0-FPS-%EA%B2%8C%EC%9D%B4%EB%A8%B8-%EA%B2%A8%EB%83%A5,https://wimg.sedaily.com/news/cms/2026/09/21/news-p.v1.20260921.f4151f2374b74a91af3839c3ad3dbca4_P1.jpg,1200,900,ok
https://ailens.sedaily.ai/industry/2026/09/21/2026-09-21-%ED%95%9C%EC%9A%B0%EB%B3%B4%EB%8B%A4-%EB%8F%88%EC%9C%A1-%EB%8C%80%EC%9A%A9%EB%9F%89%EB%B3%B4%EB%8B%A4-%EC%86%8C%ED%8F%AC%EC%9E%A5-%EC%B6%94%EC%84%9D-%EC%84%A0%EB%AC%BC%EB%8F%84-%EC%8B%A4%EC%86%8D%ED%98%95-%EB%8C%80%EC%84%B8,https://wimg.sedaily.com/news/cms/2026/09/20/news-g.v1.20260920.7e13cb273f0a4ac098a1be181768b89f_P1.jpg,1200,421,ok
https://ailens.sedaily.ai/industry/2026/09/21/2026-09-21-%ED%95%9C%EA%B2%BD%ED%98%91-%EB%82%B4%EB%85%84-%EC%B4%88-%EC%9A%A9%EC%9D%B8%ED%8C%B9-%EA%B0%80%EB%8F%99-%EC%95%9E%EB%91%90%EA%B3%A0-%EA%B5%90%ED%86%B5%EB%82%9C-%EC%9A%B0%EB%A0%A4-%EC%9D%B8%ED%94%84%EB%9D%BC-%EA%B5%AC%EC%B6%95-%EC%84%9C%EB%91%98%EB%9F%AC%EC%95%BC,https://wimg.sedaily.com/news/cms/2026/09/21/news-p.v1.20260921.8e542bd1df8b4041a41ae109886fb4e9_P1.jpg,1200,703,ok
https://ailens.sedaily.ai/markets/2026/09/21/2026-09-21-%EC%B6%94%EC%84%9D-%EC%95%9E%EB%91%90%EA%B3%A0-7%EC%B2%9C%ED%94%BC-%ED%9A%8C%EB%B3%B5-%EC%82%BC%EC%A0%84-2-7-%ED%95%98%EB%8B%89-1-1-%EB%A7%88%EC%BC%93%EC%8B%9C%EA%B7%B8%EB%84%90,https://wimg.sedaily.com/news/cms/2026/09/21/rcv.YNA.20260921.PYH2026092102410001300_P1.jpg,1200,839,ok
https://ailens.sedaily.ai/markets/2026/09/21/2026-09-21-%EA%B4%80%EB%A6%AC%EC%A2%85%EB%AA%A9-%EC%A7%80%EC%A0%95%EB%90%9C-%ED%8B%B0%EC%9B%A8%EC%9D%B4%ED%99%80%EB%94%A9%EC%8A%A4-%EA%B1%B0%EB%9E%98%EC%9E%AC%EA%B0%9C-%EC%B2%AB%EB%82%A0-15-%EC%BD%94%EC%A3%BC%EB%B6%80,https://wimg.sedaily.com/news/cms/2026/09/21/news-p.v1.20260814.9a5f4ada30b741e79e748964d0978beb_P1.jpg,1200,759,ok
https://ailens.sedaily.ai/markets/2026/09/21/2026-09-21-%EC%86%8D%EB%B3%B4-%EC%BD%94%EC%8A%A4%ED%94%BC-8%EA%B1%B0%EB%9E%98%EC%9D%BC-%EB%A7%8C%EC%97%90-%EC%9E%A5%EC%A4%91-7000%EC%84%A0-%ED%83%88%ED%99%98,https://wimg.sedaily.com/news/cms/2026/09/21/news-p.v1.20260916.09a58cacdf4c4825a24114fb9632d0e5_P1.jpg,640,360,ok
https://ailens.sedaily.ai/markets/2026/09/21/2026-09-21-%EB%AF%B8%EC%84%B1%EB%85%84%EC%9E%90-%EB%B9%9A%ED%88%AC-%EB%A7%89%EB%8A%94%EB%8B%A4-%EA%B8%88%EC%9C%B5%EB%8B%B9%EA%B5%AD-%EB%AF%B8%EC%88%98%EA%B1%B0%EB%9E%98-%EC%9B%90%EC%B2%9C%EC%B0%A8%EB%8B%A8-%EB%AA%85%EB%AC%B8%ED%99%94,https://wimg.sedaily.com/news/cms/2026/09/21/news-p.v1.20260910.48b3718eb1d14eac9c355d2076e23aed_P1.jpg,860,584,ok
https://ailens.sedaily.ai/news/2026/09/21/2026-09-21-%ED%98%95%EC%82%AC%EC%82%AC%EB%B2%95-%EB%8C%80%EC%A0%84%ED%99%98-%EC%97%B4%ED%9D%98-%EC%95%9E%EB%91%90%EA%B3%A0-%EA%B3%B5%EC%86%8C%EC%B2%AD-%EC%A4%91%EC%88%98%EC%B2%AD-%EC%88%98%EC%9E%A5-%EB%8F%99%EC%8B%9C-%EA%B3%B5%EB%B0%B1-%EC%9A%B0%EB%A0%A4,https://wimg.sedaily.com/news/cms/2026/09/20/news-p.v1.20260920.bbd14363b9434f80a0fa0a5490ba71c1_P1.jpg,860,631,ok
https://ailens.sedaily.ai/international/2026/09/21/2026-09-21-%EC%A0%95%EC%83%81-24%EC%9D%BC-%EB%B0%B1%EC%95%85%EA%B4%80-%ED%9A%8C%EB%8B%B4-%EB%B9%85%ED%85%8C%ED%81%AC-CEO-%EB%8C%80%EA%B1%B0-%EB%B0%B0%EC%84%9D-%EA%B8%80%EB%A1%9C%EB%B2%8C-%EB%AA%A8%EB%8B%9D-%EB%B8%8C%EB%A6%AC%ED%95%91,https://wimg.sedaily.com/news/cms/2026/09/20/news-p.v1.20260920.a1e7564b68f341b9b86f9a131fb813ec_P1.jpg,700,467,ok
https://ailens.sedaily.ai/industry/2026/09/21/2026-09-21-%EC%A4%91%EA%B8%B0%EC%A4%91%EC%95%99%ED%9A%8C-%ED%98%91%EC%83%81%EB%A0%A5-%EC%A0%9C%EA%B3%A0-%EC%98%A8%ED%94%8C%EB%B2%95-%EC%A0%9C%EC%A0%95-%ED%95%84%EC%9A%94,https://wimg.sedaily.com/news/cms/2026/09/20/news-p.v1.20260511.f17e9d1d0c974c87a894d3b87d02ef5f_P1.jpg,600,398,ok
https://ailens.sedaily.ai/industry/2026/09/21/2026-09-21-AI-%EC%86%8D%EB%8F%84%EC%A0%84-%EB%82%98%EC%84%A0-%EC%9E%AC%EA%B3%84-LG-%ED%8F%AC%EC%8A%A4%EC%BD%94-LS-%EC%B4%9D%EC%88%98-%EC%9D%BC%EC%A0%9C%ED%9E%88-%ED%98%81%EC%8B%A0-%EC%84%9C%EB%91%90%EB%A5%B4%EC%9E%90,https://wimg.sedaily.com/news/cms/2026/09/20/news-p.v1.20260920.9bf60de741204894a98bcac80e2149e3_P1.jpg,860,573,ok
https://ailens.sedaily.ai/industry/2026/09/21/2026-09-21-%EB%82%B4%EB%85%84%EB%B6%80%ED%84%B0-%EB%B3%B5%EC%A0%9C%EC%95%BD-%EA%B0%92%EC%9D%B4-%EB%8B%A8%EA%B3%84%EC%A0%81%EC%9C%BC%EB%A1%9C-%EB%82%B4%EB%A0%A4%EA%B0%91%EB%8B%88%EB%8B%A4-%EC%88%98%EC%9D%B5%EC%9D%B4-%EC%A4%84%EC%96%B4%EB%93%9C%EB%8A%94-%EC%AA%BD%EC%9D%B4-%EB%B3%B4%ED%86%B5-%EC%A4%84%EC%9D%B4%EB%8A%94-%EA%B2%83%EC%9D%80-%EC%97%B0%EA%B5%AC%EB%B9%84%EC%9E%85%EB%8B%88%EB%8B%A4-%EA%B7%B8%EB%9F%B0%EB%8D%B0-%EC%A2%85,https://wimg.sedaily.com/news/cms/2026/09/20/news-p.v1.20260916.5820c8d8d3084ac28a48983088297f55_P1.jpg,1200,675,ok
https://ailens.sedaily.ai/industry/2026/09/21/2026-09-21-%EC%95%A0%ED%94%8C-%EC%95%84%EC%9D%B4%ED%8F%B0-400%EB%A7%8C%EC%9B%90-%EC%8B%9C%EB%8C%80-AI-%EC%97%AC%EC%A0%84%ED%9E%88-%EB%92%A4%EC%B2%98%EC%A0%B8,https://wimg.sedaily.com/news/cms/2026/09/20/news-p.v1.20260920.680307e707a041a7b3f247738c93e96b_P1.jpg,1200,800,ok
https://ailens.sedaily.ai/markets/2026/09/21/2026-09-21-%EC%83%81%EC%9E%A5%EC%9D%80-%ED%96%88%EB%8A%94%EB%8D%B0-120%EC%96%B5-%EC%9B%90%EC%9D%B4-%EB%B9%84%EC%97%88%EC%8A%B5%EB%8B%88%EB%8B%A4,https://sedaily-mbti-cms-media-dev.s3.us-east-1.amazonaws.com/media/mustknow-auto/20093025-webtoon-cut001.png,1216,832,ok
https://ailens.sedaily.ai/markets/2026/09/21/2026-09-21-%EC%A7%80%EC%88%98%EB%A5%BC-%EB%94%B0%EB%9D%BC%EA%B0%80%EB%8A%94-%EB%8F%88%EC%9D%B4-%EC%A4%84%EA%B3%A0-%EC%9E%88%EC%8A%B5%EB%8B%88%EB%8B%A4,https://wimg.sedaily.com/news/cms/2026/09/20/news-p.v1.20260917.6246f83d0dfd4d4b80ca2369001e40b8_P1.png,860,516,ok
https://ailens.sedaily.ai/markets/2026/09/21/2026-09-21-%EB%8B%A8%EB%8F%85-%EA%B2%BD%EC%98%81%EC%A7%84%EC%9D%98-%EB%B6%81%EA%B2%BD%ED%95%9C%EB%AF%B8-%EB%A7%B9%ED%83%95-%EC%A0%90%EA%B2%80-%ED%96%89%EB%8F%99%EC%A3%BC%EC%9D%98-%EA%B3%B5%EC%84%B8-%EC%B4%88%EB%9E%98%ED%96%88%EB%8B%A4-%EC%8B%9C%EA%B7%B8%EB%84%90,https://wimg.sedaily.com/news/cms/2026/09/20/news-p.v1.20260910.371d76de0c54466da72b3564f0e4d5c4_P1.png,680,454,ok
https://ailens.sedaily.ai/markets/2026/09/21/2026-09-21-7000%EC%84%A0-%EB%AC%B8%ED%84%B1-%EC%BD%94%EC%8A%A4%ED%94%BC-%EB%AF%B8%EC%A4%91-%EC%A0%95%EC%83%81%ED%9A%8C%EB%8B%B4-%EA%B8%88%EB%A6%AC-%EB%B3%80%EC%88%98-%EC%A3%BC%EA%B0%84-%EC%A6%9D%EC%8B%9C-%EC%A0%84%EB%A7%9D,https://wimg.sedaily.com/news/cms/2026/09/20/rcv.YNA.20260918.PYH2026091817700001300_P1.jpg,1200,807,ok
https://ailens.sedaily.ai/international/2026/09/21/2026-09-21-%EC%A0%81%EC%A0%95%ED%99%98%EC%9C%A8-1300%EC%9B%90%EB%8C%80-%EC%B4%88%EB%B0%98-%EB%8B%B9%EB%B6%84%EA%B0%84-%EC%9B%90%ED%99%94-%EA%B0%95%EC%84%B8%EA%B0%80-%EC%9C%A0%EB%A6%AC,https://wimg.sedaily.com/news/cms/2026/09/20/rcv.YNA.20260918.PYH2026091817700001300_P1.jpg,1200,807,ok
https://ailens.sedaily.ai/news/2026/09/21/2026-09-21-%EA%B2%B0%EB%A1%A0%EC%9D%B4-%EB%82%98%EA%B8%B0-%EC%A0%84%EB%82%A0-%ED%9B%84%EB%B3%B4%EC%9E%90%EA%B0%80-%EB%A8%BC%EC%A0%80-%EB%AC%BC%EB%9F%AC%EB%82%AC%EB%8B%A4,https://wimg.sedaily.com/news/cms/2026/09/20/news-p.v1.20260920.b2b5e912b25d4fe28bfda23c8aa02880_P1.jpg,1200,1729,ok
https://ailens.sedaily.ai/international/2026/09/21/2026-09-21-%EC%B0%A8%EB%A5%BC-%EB%94%B0%EB%A5%B4%EB%8D%98-%EB%A1%9C%EB%B4%87%EC%9D%B4-%EC%BB%B5-%EC%9C%84%EC%B9%98%EB%A5%BC-%EC%A0%9C%EB%8C%80%EB%A1%9C-%EC%9D%B8%EC%8B%9D%ED%95%98%EC%A7%80-%EB%AA%BB%ED%95%B4-%ED%85%8C%EC%9D%B4%EB%B8%94-%EC%A0%84%EC%B2%B4%EC%97%90-%EC%B0%A8%EB%A5%BC-%EC%8F%9F%EC%95%98%EC%8A%B5%EB%8B%88%EB%8B%A4-1%EC%B8%B5-%EB%A1%9C%EB%B9%84%EC%97%90%EC%84%9C-%EA%B4%80%EA%B0%9D%EC%9D%84-%EB%A7%9E,https://wimg.sedaily.com/news/cms/2026/09/20/news-p.v1.20260918.cca8760428aa43b18e2633d3bb01670f_P1.png,1200,900,ok
https://ailens.sedaily.ai/news/2026/09/20/2026-09-20-22%EC%9D%BC-%EC%98%A4%EC%A0%84-9%EC%8B%9C-30%EB%B6%84-%EA%B5%AD%ED%9A%8C-%EB%AC%B8%EC%9D%B4-%EB%8B%AB%ED%9E%99%EB%8B%88%EB%8B%A4,https://wimg.sedaily.com/news/cms/2026/09/20/news-p.v1.20260812.a330c76483334991bb4f7cc1d660366f_P1.jpg,1200,816,ok
https://ailens.sedaily.ai/markets/2026/09/20/2026-09-20-%EC%A7%80%EB%B6%84-87-8-%EC%9D%B8%EB%8D%B0-%EC%95%88%EA%B1%B4%EC%9D%B4-%EB%B6%80%EA%B2%B0%EB%90%90%EB%8B%A4,https://wimg.sedaily.com/news/cms/2026/09/20/news-p.v1.20260909.428fc1f6fd604828acfc8790c608dc88_P1.jpg,1200,800,ok
https://ailens.sedaily.ai/industry/2026/09/20/2026-09-20-HBM4-%ED%99%A9%EA%B8%88%EC%88%98%EC%9C%A8-%EC%9E%A1%EA%B3%A0-%EB%AC%BC%EB%9F%89%EC%A0%84-%EB%B2%94%EC%9A%A9-D%EB%9E%A8-%ED%8C%8C%EC%9A%B4%EB%93%9C%EB%A6%AC-%EA%B2%BD%EC%9F%81%EB%A0%A5%EB%8F%84-%EB%86%92%EC%97%AC,https://wimg.sedaily.com/news/cms/2026/09/20/rcv.YNA.20260318.PYH2026031802160000301_P1.jpg,1200,900,ok
https://ailens.sedaily.ai/international/2026/09/20/2026-09-20-%EA%B8%88%EB%A6%AC-%EC%98%AC%EB%A6%AC%EA%B3%A0%EB%8F%84-%EC%97%94%EC%A0%80-%EC%97%B0%ED%9C%B4-%EB%95%8C-%EC%97%94%ED%99%94-%EB%A7%A4%EC%88%98%ED%95%98%EB%82%98,https://wimg.sedaily.com/news/cms/2026/09/20/news-p.v1.20260920.8e12d07b67d14fa9974cd00ca71d4e31_P1.jpg,1200,835,ok
https://ailens.sedaily.ai/industry/2026/09/20/2026-09-20-%EB%8B%A8%EB%8F%85-%EC%82%BC%EC%84%B1%EC%A0%84%EC%9E%90-%EB%82%B4%EB%85%84-HBM4-4E-%EC%83%9D%EC%82%B0-2%EB%B0%B0-%EB%8A%98%EB%A6%B0%EB%8B%A4,https://wimg.sedaily.com/news/cms/2026/09/20/rcv.YNA.20260318.PYH2026031803840001300_P1.jpg,1200,708,ok
https://ailens.sedaily.ai/news/2026/09/20/2026-09-20-%EC%98%A4%EB%9E%98-%EA%B0%96%EA%B3%A0-%EC%9E%88%EC%96%B4%EB%8F%84-2029%EB%85%84%EC%97%94-%EA%B3%B5%EC%A0%9C%EA%B0%80-%EC%82%AC%EB%9D%BC%EC%A7%84%EB%8B%A4,https://wimg.sedaily.com/news/cms/2026/09/20/rcv.YNA.20260920.PYH2026092011120001300_P1.jpg,1200,710,ok
https://ailens.sedaily.ai/property/2026/09/20/2026-09-20-%EC%84%9C%EC%9A%B8%EC%97%90%EC%84%9C-%EB%B6%80%EC%82%B0%EA%B9%8C%EC%A7%80-10%EC%8B%9C%EA%B0%84-30%EB%B6%84,https://wimg.sedaily.com/news/cms/2026/09/20/news-p.v1.20251230.b3ed6e132a154631ab76c4d8faa6ac5c_P1.jpg,1200,775,ok
https://ailens.sedaily.ai/industry/2026/09/20/2026-09-20-%ED%95%9C%ED%99%94-%EC%BF%A0%ED%8C%A1-LH%EC%84%9C-%EB%86%8D%EC%A7%80%EC%A1%B0%EC%82%AC%EA%B9%8C%EC%A7%80-%EA%B8%89%EC%A0%9C%EB%8F%99-%EA%B1%B8%EB%A6%AC%EB%8A%94-%EA%B2%BD%EC%A0%9C%EA%B0%9C%ED%98%81,https://wimg.sedaily.com/news/cms/2026/09/20/news-p.v1.20260917.2c8dd539ea8b48e19119fb9c46f05fef_P1.jpg,1200,900,ok
https://ailens.sedaily.ai/news/2026/09/19/2026-09-19-%EC%B6%9C%EB%B2%94-2%EC%A3%BC-%EB%82%A8%EC%95%98%EB%8A%94%EB%8D%B0-%EC%A0%95%EC%B9%98%EA%B6%8C-%ED%9D%94%EB%93%A4%EA%B8%B0-%EC%97%90-%EC%88%98%EC%9E%A5-%EC%97%86%EB%8A%94-%EC%A4%91%EC%88%98%EC%B2%AD-%EB%90%98%EB%82%98-%EC%84%9C%EC%B4%88%EB%8F%99-%EC%95%BC%EB%8B%A8%EB%B2%95%EC%84%9D,https://wimg.sedaily.com/news/cms/2026/09/19/news-p.v1.20260918.94f6962e573d4653a37e29d4fd1870e3_P1.jpg,800,562,ok
https://ailens.sedaily.ai/markets/2026/09/19/2026-09-19-%EB%A1%9C%EB%B4%87-%EA%B3%B5%EC%9E%A5%EC%9D%B4-%EC%9E%90%EB%8F%99%EC%B0%A8-%EA%B3%B5%EC%9E%A5%EB%A7%8C%ED%81%BC-%EC%BB%A4%EC%A7%84%EB%8B%A4,https://wimg.sedaily.com/news/cms/2026/09/18/rcv.YNA.20260914.PRU20260914407501009_P1.jpg,1200,800,ok
https://ailens.sedaily.ai/international/2026/09/19/2026-09-19-%EC%A0%95%EC%83%81%ED%9A%8C%EB%8B%B4-%EB%8B%B7%EC%83%88-%EC%A0%84-%EB%AF%B8%EA%B5%AD%EC%9D%B4-%ED%95%98%EB%82%98%EC%94%A9-%EB%AF%B8%EB%A4%98%EB%8B%A4,https://wimg.sedaily.com/news/cms/2026/09/19/rcv.YNA.20260919.PAP20260919071501009_P1.jpg,1200,800,ok
https://ailens.sedaily.ai/industry/2026/09/19/2026-09-19-%EA%B5%AD%EB%82%B4-%EC%86%8C%EB%B9%84%EC%9E%90%EB%93%A4%EC%9D%80-%ED%95%B4%EC%99%B8%EC%99%80-%EB%B9%84%EA%B5%90%ED%95%B4%EB%8F%84-%ED%99%94%EC%9E%A5%EC%A7%80-%ED%92%88%EC%A7%88%EC%97%90-%EB%8C%80%ED%95%9C-%EA%B8%B0%EB%8C%80-%EC%88%98%EC%A4%80%EC%9D%B4-%EC%83%81%EB%8B%B9%ED%9E%88-%EB%86%92%EB%8B%A4-%EC%96%91%EA%B8%B0%EB%AC%B8-%EB%AA%A8%EB%82%98%EB%A6%AC%EC%9E%90-%EC%83%9D%EC%82%B0%EB%B3%B8%EB%B6%80%EC%9E%A5,https://wimg.sedaily.com/news/cms/2026/09/19/news-p.v1.20260919.f9b1cc8e92bc46f1a39623edaf95bd13_P1.jpg,1200,800,ok
https://ailens.sedaily.ai/industry/2026/09/19/2026-09-19-%EC%9D%BC%EB%B3%B8-%EA%B0%80%EB%A9%B4-%EA%BC%AD-%EC%82%AC-%EB%A8%B9%EB%8D%98-%EA%B1%B4%EB%8D%B0-%EB%93%A4%EC%96%B4%EC%98%A8%EC%A7%80-%EB%B0%98%EB%85%84-%EB%A7%8C%EC%97%90-100%EB%A7%8C%EC%9E%94-%ED%8C%94%EB%A0%B8%EB%8B%A4,https://wimg.sedaily.com/news/cms/2026/09/19/news-p.v1.20260919.081ac5f96b35413baa04acf698292146_P1.png,745,412,ok
https://ailens.sedaily.ai/industry/2026/09/19/2026-09-19-%ED%83%88%EB%AA%A8-%EA%B1%B1%EC%A0%95%ED%95%98%EB%8A%94-%EC%84%B8%EA%B3%84%EC%9D%B8%EB%93%A4-%EC%9E%A1%EC%95%98%EB%8B%A4-%EB%A8%B8%EB%A6%AC-%EB%81%9D%EA%B9%8C%EC%A7%80-%EB%B2%88%EC%A7%84-K%EB%B7%B0%ED%8B%B0-%EC%97%B4%ED%92%8D-%EA%B9%80%EC%97%B0%ED%95%98%EC%9D%98-%ED%82%AC%EB%A7%81%EC%9D%B4%EC%8A%88,https://wimg.sedaily.com/news/cms/2026/09/19/news-p.v1.20260919.658346e2bd904ccdbf1d4d01eb5bf599_P1.png,1200,800,ok
https://ailens.sedaily.ai/industry/2026/09/19/2026-09-19-%ED%8C%8C%EB%A6%AC%EC%A6%9D%EC%8B%9C%EC%97%90%EC%84%9C-412-30%EC%9C%A0%EB%A1%9C-%EC%84%B8%EA%B3%84-%EC%B5%9C%EB%8C%80-%EB%AA%85%ED%92%88-%EA%B7%B8%EB%A3%B9-%EB%A3%A8%EC%9D%B4%EB%B9%84%ED%86%B5%EB%AA%A8%EC%97%90%ED%97%A4%EB%84%A4%EC%8B%9C-LVMH-%EC%9D%98-2026%EB%85%84-9%EC%9B%94-17%EC%9D%BC-%ED%98%84,https://wimg.sedaily.com/news/cms/2026/09/19/news-p.v1.20260102.25546e2ae5ff410bbe9b1935c9a9abee_P1.jpg,800,800,ok
https://ailens.sedaily.ai/news/2026/09/19/2026-09-19-%EC%9E%84%EB%AA%85%EB%8F%84-%EC%B2%A0%ED%9A%8C%EB%8F%84-%EC%95%84%EC%A7%81-%EC%97%86%EC%8A%B5%EB%8B%88%EB%8B%A4-%EC%95%84%EC%A7%81-%EC%B5%9C%EC%A2%85-%EA%B2%B0%EB%A1%A0%EC%9D%84-%EB%82%B4%EC%A7%80-%EB%AA%BB%ED%96%88%EC%8A%B5%EB%8B%88%EB%8B%A4-%EC%9D%B4%EC%9E%AC%EB%AA%85-%EB%8C%80%ED%86%B5%EB%A0%B9%EC%9D%B4-18%EC%9D%BC-%EA%B8%B0%EC%9E%90%ED%9A%8C%EA%B2%AC%EC%97%90%EC%84%9C-%EA%B9%80,https://wimg.sedaily.com/news/cms/2026/09/19/ams.001.photo.202609151543053996585912_P1.jpg,1200,643,ok
https://ailens.sedaily.ai/news/2026/09/19/2026-09-19-%EA%B9%80%EC%8A%B9%EC%9B%90-%EB%B2%95%EB%AC%B4%EC%9E%A5%EA%B4%80-%ED%9B%84%EB%B3%B4%EC%9E%90-%EC%A7%80%EB%AA%85-20%EC%9D%BC%EB%A7%8C-%EC%9E%90%EC%A7%84-%EC%82%AC%ED%87%B4-%EB%B6%80%EC%A1%B1%ED%95%A8-%EA%B9%8A%EC%9D%B4-%EC%84%B1%EC%B0%B0,https://wimg.sedaily.com/news/cms/2026/09/19/news-p.v1.20260915.b3ee0c8d4a204bbf9281374c1920c756_P1.jpg,1200,694,ok
https://ailens.sedaily.ai/news/2026/09/19/2026-09-19-%EA%B5%AD%EC%A0%9C%EC%9C%A0%EA%B0%80-%EB%8B%A4%EC%8B%9C-120-%EC%9D%B8%EB%8D%B0-%EC%B5%9C%EA%B3%A0%EA%B0%80%EA%B2%A9%EC%A0%9C-7%EA%B0%9C%EC%9B%94%EC%A7%B8-%EC%A7%80%EC%86%8D-%EA%B0%80%EA%B2%A9%EC%9D%80-%EB%8F%99%EA%B2%B0-Pick%EC%BD%94%EB%85%B8%EB%AF%B8,https://wimg.sedaily.com/news/cms/2026/09/19/news-p.v1.20260918.ad53b7fb48f24b3fa66898b18474982e_P1.jpg,1200,803,ok
https://ailens.sedaily.ai/markets/2026/09/19/2026-09-19-%EC%A7%80%EB%82%9C%ED%95%B4-%EB%A7%A4%EC%B6%9C-%EC%95%BD-1-100%EC%96%B5-%EC%9B%90-%ED%99%94%EC%84%B1%EC%BD%94%EC%8A%A4%EB%A9%94%ED%8B%B1%EC%9D%B4-%EB%A7%8C%EB%93%9C%EB%8A%94-%EC%95%84%EC%9D%B4%EC%84%80%EB%8F%84%EB%8A%94-%EA%B5%AD%EB%82%B4-%EC%9D%B8%EB%94%94-%EB%B8%8C%EB%9E%9C%EB%93%9C-%EC%A0%9C%ED%92%88%EC%97%90%EB%8F%84-%EB%A1%9C%EB%A0%88%EC%95%8C%EA%B3%BC-%EC%97%90%EC%8A%A4,https://wimg.sedaily.com/news/cms/2026/09/19/news-p.v1.20260919.94cdc7ccdb704c11afe7c9499fe8672c_P1.jpg,860,492,ok
https://ailens.sedaily.ai/industry/2026/09/19/2026-09-19-600%EB%A7%8C%EC%9B%90-%EA%B9%8E%EC%95%84-%EC%A4%80%EB%8B%A4%EB%8A%94%EB%8D%B0%EB%8F%84-%EC%95%88-%EC%82%AC%EC%9A%94-%EC%84%9C-%ED%95%9C-%EB%8B%AC-%EB%8F%99%EC%95%88-33%EB%8C%80-%EB%B0%96%EC%97%90-%EB%AA%BB-%ED%8C%90-%ED%98%BC%EB%8B%A4-%EA%B2%B0%EA%B5%AD,https://wimg.sedaily.com/news/cms/2026/09/19/news-p.v1.20260918.dff1c419338a4b0eaf252050c0804009_P1.jpg,1200,800,ok
https://ailens.sedaily.ai/industry/2026/09/19/2026-09-19-%ED%8E%B8%EC%9D%98%EC%A0%90-%EB%84%98%EC%96%B4-SSM-%EB%B0%B1%ED%99%94%EC%A0%90-%EC%9C%A0%ED%86%B5%EA%B0%80-%EB%B0%B0%EB%8B%AC%EC%95%B1-%EB%8F%99%EB%A7%B9-%ED%99%95%EC%82%B0-%EB%98%91%EB%98%91-%EC%8A%A4%EB%A7%88%EC%8A%88%EB%A8%B8,https://wimg.sedaily.com/news/cms/2026/09/19/news-p.v1.20260918.a0154a8f1531401597ddd51cbdca1da1_P1.png,1200,900,ok
https://ailens.sedaily.ai/industry/2026/09/19/2026-09-19-%EC%82%BC%EC%84%B1%EC%A0%84%EC%9E%90-%EB%B0%98%EB%8F%84%EC%B2%B4-DS-%EC%99%84%EC%A0%9C%ED%92%88-DX-%EB%85%B8%EC%A1%B0-%EA%B0%88%EB%9D%BC%EC%84%B0%EB%8B%A4-%EB%82%B4%ED%99%8D-%EA%B2%A9%ED%99%94,https://wimg.sedaily.com/news/cms/2026/09/19/news-p.v1.20260530.b3c0118b5592441b8a99741d1e0674da_P1.jpg,1200,698,ok
https://ailens.sedaily.ai/industry/2026/09/19/2026-09-19-%EC%98%81%EC%97%85%EC%9D%B4%EC%9D%B5-30-%EC%9A%94%EA%B5%AC%ED%95%9C-HD%ED%98%84%EB%8C%80-%EB%85%B8%EC%A1%B0-%EC%97%AD%EB%8C%80%EA%B8%89-%EB%B3%B4%EC%83%81%EC%95%88%EC%97%90%EB%8F%84-%EA%B3%A0%EC%A0%95%EA%B8%89-%EB%8D%94-%EB%82%B4%EB%86%94%EB%9D%BC,https://wimg.sedaily.com/news/cms/2026/09/18/rcv.YNA.20260827.PYH2026082719340005700_P1.jpg,1200,675,ok
https://ailens.sedaily.ai/markets/2026/09/19/2026-09-19-%EB%85%B8%EC%A1%B0-%EA%B5%90%EC%84%AD-%EA%B2%B0%EB%A0%AC-HD%ED%98%84%EB%8C%80-%EC%A4%91%EA%B3%B5%EC%97%85-%EC%A3%BC%EA%B0%80%EC%97%94-%EB%A8%B9%EA%B5%AC%EB%A6%84-%EC%9D%B4%EB%9F%B0%EA%B5%AD%EC%9E%A5-%EC%A0%80%EB%9F%B0%EC%A3%BC%EC%8B%9D,https://wimg.sedaily.com/news/cms/2026/09/18/rcv.YNA.20260911.PYH2026091115690005700_P1.jpg,1200,805,ok
https://ailens.sedaily.ai/property/2026/09/19/2026-09-19-%EC%9B%83%EC%9D%8C%EA%B8%B0-%EC%82%AC%EB%9D%BC%EC%A7%84-100%EB%B6%84-%EB%8C%80%ED%86%B5%EB%A0%B9-%EC%84%A0-%EC%B1%84%EB%A1%9C-%EC%A0%9C-%EB%B6%80%EC%A1%B1%ED%83%93,https://wimg.sedaily.com/news/cms/2026/09/18/news-p.v1.20260918.200c95970e9c49e6bdd2e90a6ee94195_P1.jpg,1200,767,ok
https://ailens.sedaily.ai/industry/2026/09/19/2026-09-19-%EB%B2%A4%EC%B2%98%ED%98%91%ED%9A%8C-%EB%B6%80%ED%9A%8C%EC%9E%A5-%EC%9E%90%EB%A6%AC%EC%97%90-BTS-%EC%86%8C%EC%86%8D%EC%82%AC%EA%B0%80-%EC%95%89%EC%95%98%EB%8B%A4,https://wimg.sedaily.com/news/cms/2026/09/18/news-p.v1.20260321.069f843b5b0440a0a5958e7c50dada39_P1.jpg,1200,840,ok
https://ailens.sedaily.ai/industry/2026/09/19/2026-09-19-%EC%A4%91%EB%8F%99%EB%B0%9C-%EC%97%90%EB%84%88%EC%A7%80-%EB%8C%80%EB%9E%80-%EC%97%90-%EB%B6%88%EB%B6%99%EC%9D%80-%EC%9F%81%ED%83%88%EC%A0%84-%EA%B8%B0%EC%97%85-%EA%B0%80%EC%8A%A4%EC%A0%84-%EC%84%A0%EC%A0%90-%EB%B9%9B%EB%82%AC%EB%8B%A4-Biz-%ED%94%8C%EB%9F%AC%EC%8A%A4,https://wimg.sedaily.com/news/cms/2026/09/18/news-p.v1.20260918.a8e6a9c81a1f44b695bb66425cf0864a_P1.jpg,602,602,ok
https://ailens.sedaily.ai/markets/2026/09/19/2026-09-19-%EB%8F%8C%EC%95%84%EC%98%A8-AI-%EB%B0%98%EB%8F%84%EC%B2%B4-%ED%88%AC%EC%8B%AC-LG%EC%9D%B4%EB%85%B8%ED%85%8D-%EB%93%B1-%EB%B6%80%ED%92%88%EC%A3%BC-%EB%8D%95%EB%B4%A4%EB%8B%A4-%EC%BD%94%EC%A3%BC%EB%B6%80,https://wimg.sedaily.com/news/cms/2026/09/18/news-p.v1.20260622.bfea3fee81234cebb87af73d80ebfc00_P1.jpg,640,480,ok
https://ailens.sedaily.ai/finance/2026/09/19/2026-09-19-%EB%8B%A8%EB%8F%85-%EB%B3%B4%EA%B8%88%EC%9E%90%EB%A6%AC%EB%A1%A0-%EC%97%B0%EC%B2%B4%EC%95%A1-5%EB%85%84-%EC%83%88-5%EB%B0%B0-%EB%8A%98%EC%97%88%EB%8B%A4,https://wimg.sedaily.com/news/cms/2026/09/18/news-p.v1.20260918.88eb754510c84b00a52a420816ce25c5_P1.jpg,1200,632,ok
https://ailens.sedaily.ai/industry/2026/09/19/2026-09-19-%EC%9C%A1%ED%95%B4%EA%B3%B5%EA%B5%B0%EC%9D%B4-%EB%94%B0%EB%A1%9C-%EC%93%B0%EB%8D%98-%EC%8B%9C%EC%8A%A4%ED%85%9C%EC%9D%84-%ED%95%98%EB%82%98%EB%A1%9C,https://wimg.sedaily.com/news/cms/2026/09/18/news-p.v1.20260916.0c18bc6b967c409fa9dfa179c80cdd99_P1.jpg,1200,800,ok
https://ailens.sedaily.ai/news/2026/09/19/2026-09-18-%EB%8B%A8%EB%8F%85-%EA%B5%AD%EB%AF%BC%EC%97%B0%EA%B8%88-%ED%95%B4%ED%82%B9%EC%8B%9C%EB%8F%84-275-%ED%8F%AD%EC%A6%9D-%ED%95%98%EB%A3%A8-800%EA%B1%B4-%EA%BC%B4,https://wimg.sedaily.com/news/cms/2026/09/18/news-p.v1.20260918.e67a043e93364bc2836f0c0b1fdf7f3a_P1.jpg,640,359,ok
https://ailens.sedaily.ai/industry/2026/09/19/2026-09-18-%EC%8B%B1%EA%B0%80%ED%8F%AC%EB%A5%B4%EA%B1%B0%EB%9E%98%EC%86%8C-%ED%98%84%EB%AC%BC-%EA%B8%B0%EC%A4%80-%EB%91%90%EB%B0%94%EC%9D%B4%EC%9C%A0-%EA%B0%80%EA%B2%A9%EC%9D%80-9%EC%9B%94-9%EC%9D%BC-%EC%9D%B4%ED%9B%84-%EB%B0%B0%EB%9F%B4%EB%8B%B9-120%EB%8B%AC%EB%9F%AC%EB%A5%BC-%EA%B3%84%EC%86%8D-%EC%9B%83%EB%8F%8C%EA%B3%A0-%EC%9E%88%EC%8A%B5%EB%8B%88%EB%8B%A4-%EC%84%A0%EB%AC%BC-%EA%B0%80,https://wimg.sedaily.com/news/cms/2026/09/18/rcv.YNA.20260918.PYH2026091815090001300_P1.jpg,1200,800,ok
https://ailens.sedaily.ai/industry/2026/09/19/2026-09-18-%ED%9C%98%EB%B0%9C%EC%9C%A0-1-784%EC%9B%90-4%EC%A3%BC-%EB%8D%94-%EB%AC%B6%EC%8A%B5%EB%8B%88%EB%8B%A4,https://wimg.sedaily.com/news/cms/2026/09/18/rcv.YNA.20260918.PYH2026091815090001300_P1.jpg,1200,800,ok
https://ailens.sedaily.ai/property/2026/09/19/2026-09-18-%EC%A0%80%EB%8A%94-%EC%97%B0%EC%9E%84%ED%95%A0-%EC%83%9D%EA%B0%81%EC%9D%B4-%EC%A0%84%ED%98%80-%EC%97%86%EB%8B%A4-2026%EB%85%84-9%EC%9B%94-18%EC%9D%BC-%EC%B2%AD%EC%99%80%EB%8C%80-%EA%B8%B0%EC%9E%90%ED%9A%8C%EA%B2%AC%EC%97%90%EC%84%9C-%EC%9D%B4%EC%9E%AC%EB%AA%85-%EB%8C%80%ED%86%B5%EB%A0%B9%EC%9D%B4-%ED%95%9C-%EB%A7%90%EC%9E%85%EB%8B%88%EB%8B%A4,https://wimg.sedaily.com/news/cms/2026/09/18/news-p.v1.20260918.d8185adce22347639feadb5aaa92a6a6_P1.jpg,1200,961,ok
https://ailens.sedaily.ai/property/2026/09/19/2026-09-18-%EC%97%B0%EC%9E%84%ED%95%A0-%EC%83%9D%EA%B0%81-%EC%A0%84%ED%98%80-%EC%97%86%EB%8B%A4-%EA%B9%80%EC%8A%B9%EC%9B%90-%EC%95%84%EC%A7%81-%EA%B2%B0%EB%A1%A0-%EB%AA%BB%EB%82%B4,https://wimg.sedaily.com/news/cms/2026/09/18/news-p.v1.20260918.d8185adce22347639feadb5aaa92a6a6_P1.jpg,1200,961,ok
https://ailens.sedaily.ai/international/2026/09/19/2026-09-18-%EC%A0%84%EC%9F%81%EC%97%90-%EA%B4%80%EC%97%AC%ED%95%98%EA%B1%B0%EB%82%98-%EA%B0%9C%EC%9E%85%ED%95%98%EB%8A%94-%ED%8C%8C%EB%B3%91%EC%9D%80-%EC%97%86%EB%8B%A4-%EC%9D%B4%EC%9E%AC%EB%AA%85-%EB%8C%80%ED%86%B5%EB%A0%B9%EC%9D%B4-18%EC%9D%BC-%EA%B8%B0%EC%9E%90%ED%9A%8C%EA%B2%AC%EC%97%90%EC%84%9C-%ED%95%9C-%EB%A7%90%EC%9E%85%EB%8B%88%EB%8B%A4-%EA%B0%99%EC%9D%80-%EB%82%A0-%EC%98%A4%EC%A0%84,https://wimg.sedaily.com/news/cms/2026/09/18/news-p.v1.20260918.8845fd2ed8d84111b486c044a73c01b7_P1.jpg,1200,1028,ok
https://ailens.sedaily.ai/news/2026/09/19/2026-09-18-%ED%8F%AC%EC%8A%A4%EC%BD%94-%ED%95%98%EC%B2%AD%EB%85%B8%EC%A1%B0-%EA%B5%90%EC%84%AD%EC%97%90-%EB%B2%95%EC%9B%90-%EC%A0%9C%EB%8F%99-%EC%82%AC%EC%B8%A1-%EC%A7%91%ED%96%89%EC%A0%95%EC%A7%80-%EC%B2%AB-%EC%9D%B8%EC%9A%A9-2,https://wimg.sedaily.com/news/cms/2026/09/18/news-p.v1.20260918.b12193de78e44bafae5fdcf6c51962ee_P1.png,538,362,ok
https://ailens.sedaily.ai/news/2026/09/19/2026-09-18-%ED%8F%AC%EC%8A%A4%EC%BD%94-%ED%95%98%EC%B2%AD%EB%85%B8%EC%A1%B0-%EA%B5%90%EC%84%AD%EC%97%90-%EB%B2%95%EC%9B%90-%EC%A0%9C%EB%8F%99-%EC%82%AC%EC%B8%A1-%EC%A7%91%ED%96%89%EC%A0%95%EC%A7%80-%EC%B2%AB-%EC%9D%B8%EC%9A%A9,https://wimg.sedaily.com/news/cms/2026/09/18/news-p.v1.20260918.b12193de78e44bafae5fdcf6c51962ee_P1.png,538,362,ok
https://ailens.sedaily.ai/news/2026/09/19/2026-09-18-%EB%8C%80%EB%AF%B8%ED%88%AC%EC%9E%90-%EB%8F%99%EC%9D%98-%EC%96%B4%EB%A0%A4%EC%9A%B4-%EB%B6%80%EB%B6%84-%EC%9E%88%EC%96%B4-%EB%B0%98%EB%8F%84%EC%B2%B4-%ED%88%AC%EC%9E%90%EB%8A%94-%EA%B8%B0%EC%97%85%EC%9D%98%EA%B2%AC-%EC%A1%B4%EC%A4%91,https://wimg.sedaily.com/news/cms/2026/09/18/news-p.v1.20260918.813c793ec601466daab60da4492e1218_P1.jpg,1200,857,ok
https://ailens.sedaily.ai/industry/2026/09/19/2026-09-18-%EB%A3%A8%EB%8B%9B-%ED%83%80%EC%9E%84-%EC%84%B8%EA%B3%84-%EC%B5%9C%EA%B3%A0-%ED%97%AC%EC%8A%A4%ED%85%8C%ED%81%AC-%EA%B8%B0%EC%97%85-%EC%84%A0%EC%A0%95,https://wimg.sedaily.com/news/cms/2026/09/18/news-p.v1.20260918.da16d54244ce4af9af1b4fc97c673fa1_P1.png,745,419,ok
https://ailens.sedaily.ai/news/2026/09/19/2026-09-18-%EB%AC%B8-%EB%8B%AB%EC%9D%80-%EB%92%A4%EC%97%90%EB%8F%84-%EB%82%A8%EA%B2%A8%EB%91%90%EB%8A%94-%EC%84%9D%ED%83%84%EB%B0%9C%EC%A0%84%EC%86%8C-10%EA%B3%B3-%EC%84%9D%ED%83%84%EB%B0%9C%EC%A0%84%EC%86%8C-%EC%B5%9C%EB%8C%80-10%EA%B3%B3%EC%9D%80-%EA%B0%80%EB%8F%99%EC%9D%84-%EB%A9%88%EC%B6%98-%EB%92%A4%EC%97%90%EB%8F%84-%EC%84%A4%EB%B9%84%EB%A5%BC-%EA%B7%B8%EB%8C%80%EB%A1%9C-%EB%82%A8%EA%B2%A8%EB%91%A1,https://wimg.sedaily.com/news/cms/2026/09/18/news-p.v1.20260918.762cc09968ef418d88a5ca7479e83b09_P1.jpg,1200,900,ok
https://ailens.sedaily.ai/international/2026/09/19/2026-09-18-%ED%81%B4%EB%9E%98%EB%A6%AC%ED%8B%B0-%EB%B2%95-%EB%AC%B4%EC%82%B0-%EC%9D%B4%ED%8B%80%EB%A7%8C%EC%97%90-SEC-%ED%86%A0%ED%81%B0-%EC%A3%BC%EC%8B%9D-%EA%B7%9C%EC%A0%9C-%ED%91%BC%EB%8B%A4,https://wimg.sedaily.com/news/cms/2026/09/18/rcv.YNA.20260820.PRU20260820048401009_P1.jpg,1200,800,ok
https://ailens.sedaily.ai/industry/2026/09/19/2026-09-18-%EA%B3%A0%EB%8F%84-480-%ED%95%9C%EA%B5%AD%EC%9D%B4-%EC%9A%B0%EC%A3%BC%EB%A5%BC-%EB%B3%B4%EB%8A%94-%EB%88%88%EC%9D%84-%EB%A7%8C%EB%93%A0%EB%8B%A4,https://wimg.sedaily.com/news/cms/2026/09/18/news-p.v1.20260918.b5b6b166d217461d94958746fa10f284_P1.jpg,1200,693,ok
https://ailens.sedaily.ai/international/2026/09/19/2026-09-18-%EC%84%B8%EC%88%98-%ED%9A%8C%EB%B3%B5%EC%97%90%EB%8F%84-%EC%A7%80%EC%B6%9C-%EB%8D%94-%EB%8A%98%EC%96%B4-%EA%B3%B5%EA%B3%B5%EB%B6%80%EB%AC%B8-%EC%A0%81%EC%9E%90-83%EC%A1%B0-%EC%97%AD%EB%8C%80-%EC%B5%9C%EB%8C%80,https://wimg.sedaily.com/news/cms/2026/09/18/rcv.YNA.20260331.PYH2026033104910001300_P1.jpg,1200,738,ok
https://ailens.sedaily.ai/industry/2026/09/19/2026-09-18-%EC%B5%9C%EB%8C%80%EC%A3%BC%EC%A3%BC-%EC%A7%80%EB%B6%84-%EB%A7%A4%EB%8F%84%EC%97%90-BGF%EB%A6%AC%ED%85%8C%EC%9D%BC-4-%EB%8C%80-%ED%95%98%EB%9D%BD-%EC%9D%B4%EB%9F%B0%EA%B5%AD%EC%9E%A5-%EC%A0%80%EB%9F%B0%EC%A3%BC%EC%8B%9D,https://wimg.sedaily.com/news/cms/2026/09/18/news-p.v1.20260818.185c44fabbc2478bbd3c96a38cad6f2a_P1.jpg,1000,776,ok
https://ailens.sedaily.ai/international/2026/09/19/2026-09-18-3%EA%B0%9C%EC%9B%94-%EB%A7%8C%EC%97%90-%EB%98%90-%EC%98%AC%EB%A0%B8%EB%8A%94%EB%8D%B0-%EC%97%94%ED%99%94%EB%8A%94-%EB%8D%94-%EB%96%A8%EC%96%B4%EC%A1%8C%EB%8B%A4,https://wimg.sedaily.com/news/cms/2026/09/18/news-g.v1.20260918.970f9bbdc2bf4b3bb0809aa7f5d0482d_P1.jpg,1200,467,ok
https://ailens.sedaily.ai/industry/2026/09/19/2026-09-18-SK%ED%95%98%EC%9D%B4%EB%8B%89%EC%8A%A4-%EB%AF%B8%EA%B5%AD%EC%97%90-%EC%B2%AB-%EB%82%B8%EB%93%9C-%EA%B3%B5%EC%9E%A5-%EA%B2%80%ED%86%A0,https://wimg.sedaily.com/news/cms/2026/09/18/news-p.v1.20260918.34b35ed7c6264e0a85cc81eba47fd246_P1.png,700,700,ok
https://ailens.sedaily.ai/news/2026/09/18/2026-09-18-%EA%B8%B0%EB%A6%84%EA%B0%92-%EB%AC%B6%EB%8A%94%EB%8D%B0-5-6%EC%A1%B0-%EA%B2%A8%EC%9A%B8-%EC%98%A4%EA%B8%B0-%EC%A0%84-%EA%B0%80%EA%B2%A9-%EA%B8%B0%EB%8A%A5-%EC%A0%95%EC%83%81%ED%99%94%ED%95%B4%EC%95%BC,https://wimg.sedaily.com/news/cms/2026/09/18/news-p.v1.20260918.3c6ed60eb29d41eea056483894416bd0_P1.jpg,1200,899,ok
https://ailens.sedaily.ai/markets/2026/09/18/2026-09-18-%EC%95%88%EC%A0%84%EC%9E%90%EC%82%B0-30-%EB%A5%BC-%EC%B1%84%EC%9A%B0%EB%A9%B4%EC%84%9C-%EC%A3%BC%EC%8B%9D%EC%9D%80-85-%EA%B9%8C%EC%A7%80,https://wimg.sedaily.com/news/cms/2026/09/18/news-p.v1.20260918.52422fed37794d7e8da7f7caabba41f6_P1.png,860,570,ok
https://ailens.sedaily.ai/markets/2026/09/18/2026-09-18-%EA%B8%B0%EC%97%85-%EA%B3%B5%EC%8B%9C-9%EC%9B%94-18%EC%9D%BC,https://ailens.sedaily.ai/lens/default-cover.webp,960,960,ok
https://ailens.sedaily.ai/property/2026/09/18/2026-09-18-%EC%97%90-%EC%A7%91%EA%B0%92-%EA%B8%89%EB%93%B1-%EC%B1%85%EC%9E%84-%EB%8F%8C%EB%A0%A4-%EA%B0%95%EB%B6%81-%EC%83%81%EC%8A%B9%EC%9D%80-%ED%8F%89%ED%83%84%ED%99%94-%EA%B3%BC%EC%A0%95,https://wimg.sedaily.com/news/cms/2026/09/18/news-p.v1.20260918.4abf94e312604552bee79817d12b9dea_P1.jpg,1200,661,ok
https://ailens.sedaily.ai/markets/2026/09/18/2026-09-18-%EB%89%B4%EC%9A%95-%ED%95%9C%EC%9D%B8-%EA%B8%B0%EC%97%85%EC%9D%B4-%EC%BD%94%EC%8A%A4%EB%8B%A5-%EB%AC%B8%EC%9D%84-%EB%91%90%EB%93%9C%EB%A6%B0%EB%8B%A4,https://wimg.sedaily.com/news/cms/2026/09/18/news-p.v1.20260917.176a10b11eab4a28837e74a51e23cfff_P1.jpg,1070,1472,ok
https://ailens.sedaily.ai/markets/2026/09/18/2026-09-18-%EC%82%BC%EC%84%B1%EC%A0%84%EC%9E%90-SK%ED%95%98%EC%9D%B4%EB%8B%89%EC%8A%A4%EB%A5%BC-2%EB%B0%B0%EB%A1%9C-%EB%94%B0%EB%9D%BC%EA%B0%80%EB%8A%94-%EA%B5%AD%EB%82%B4-%EC%83%81%ED%92%88-4%EC%A2%85%EC%9D%98-%ED%95%98%EB%A3%A8-%EA%B1%B0%EB%9E%98%EB%8C%80%EA%B8%88%EC%9D%80-%ED%95%9C%EB%95%8C-9%EC%A1%B0-%EC%9B%90%EC%9D%84-%EB%84%98%EC%97%88%EC%8A%B5%EB%8B%88%EB%8B%A4-%EC%A7%80%EA%B8%88%EC%9D%80,https://wimg.sedaily.com/news/cms/2026/09/18/news-p.v1.20260914.f5b4ef232df14e9b8bff1702ea2c4724_P1.jpg,1200,815,ok
https://ailens.sedaily.ai/markets/2026/09/18/2026-09-18-%EC%8B%A0%EC%83%9D-%EC%9A%B4%EC%9A%A9%EC%82%AC%EC%97%90-20%EC%96%B5-%EC%9B%90-%EB%A6%AC%EA%B7%B8%EA%B0%80-%EC%97%B4%EB%A0%B8%EB%8B%A4,https://wimg.sedaily.com/news/cms/2026/09/18/news-p.v1.20260112.f8b8d04169304b80840807efa9dd0deb_P1.jpg,743,286,ok
https://ailens.sedaily.ai/industry/2026/09/18/2026-09-18-%EC%9E%84%EB%8C%80%EC%B0%A8%EA%B3%84%EC%95%BD-%ED%95%98%EB%82%98%EC%97%90-515%EC%96%B5-5-000%EB%A7%8C-%EC%9B%90%EC%9D%B4-%EC%98%A4%EA%B0%94%EC%8A%B5%EB%8B%88%EB%8B%A4-%EC%A0%9C%EC%A3%BC%ED%95%AD%EA%B3%B5%EC%9D%B4-%EC%9C%A0%EB%8F%99%EC%84%B1-%ED%99%95%EB%B3%B4%EC%99%80-%EB%B9%84%EC%9A%A9-%ED%9A%A8%EC%9C%A8%ED%99%94%EB%A5%BC-%EC%9D%98%EB%8F%84%ED%96%88%EB%8B%A4%EB%A9%B4,https://wimg.sedaily.com/news/cms/2026/09/18/news-p.v1.20260916.3cd41f8265054a9d9554e4a982871fea_P1.jpg,1163,775,ok
https://ailens.sedaily.ai/industry/2026/09/18/2026-09-18-%EB%A9%94%EB%AA%A8%EB%A6%AC-%ED%9A%8C%EC%82%AC%EA%B0%80-%EC%86%8C%ED%94%84%ED%8A%B8%EC%9B%A8%EC%96%B4%EC%97%90-%EB%8F%88%EC%9D%84-%EB%84%A3%EB%8A%94%EB%8B%A4,https://wimg.sedaily.com/news/cms/2026/09/18/news-p.v1.20260918.40dcbe4d8c9e432f85ef84a912302499_P1.png,1200,664,ok
https://ailens.sedaily.ai/industry/2026/09/18/2026-09-18-%ED%99%94%EC%9E%A5%ED%92%88%EC%82%B0%EC%97%85%EC%9C%A1%EC%84%B1%EB%B2%95-%EC%A0%9C%EC%A0%95%EC%9D%80-%EC%9A%B0%EB%A6%AC-%ED%99%94%EC%9E%A5%ED%92%88%EC%82%B0%EC%97%85%EA%B3%BC-K%EB%B7%B0%ED%8B%B0%EA%B0%80-%EC%84%B8%EA%B3%84-1%EC%9C%84%EB%A1%9C-%EB%8F%84%EC%95%BD%ED%95%98%EA%B8%B0-%EC%9C%84%ED%95%9C-%EC%83%88%EB%A1%9C%EC%9A%B4-%EC%B6%9C%EB%B0%9C%EC%A0%90%EC%9E%85%EB%8B%88%EB%8B%A4-%EC%A0%95%EC%9D%80%EA%B2%BD,https://wimg.sedaily.com/news/cms/2026/09/18/news-p.v1.20260727.583d6b61fa56435bbc1ffba180c939e5_P1.jpg,1200,808,ok
https://ailens.sedaily.ai/industry/2026/09/18/2026-09-18-%EC%B6%94%EC%84%9D-%EC%A7%80%EB%82%98%EB%A9%B4-%ED%8C%8C%EC%97%85-%EC%8B%9C%EA%B0%84%EC%9D%B4-%EC%9E%84%EA%B8%88%EC%97%90%EC%84%9C-%EB%B9%A0%EC%A7%84%EB%8B%A4,https://wimg.sedaily.com/news/cms/2026/09/18/news-p.v1.20260105.b9699b4ac1b74a8baa5fe37593149ed0_P1.jpg,1200,554,ok
https://ailens.sedaily.ai/industry/2026/09/18/2026-09-18-%ED%98%B8%EB%A5%B4%EB%AC%B4%EC%A6%88-%EB%B4%89%EC%87%84%EC%97%90-%EC%95%88%EB%B3%B4-%EA%B0%80%EC%B9%98-%EC%B9%98%EC%86%9F%EC%9D%80-SK-%ED%98%B8%EC%A3%BC-%EA%B0%80%EC%8A%A4%EC%A0%84,https://wimg.sedaily.com/news/cms/2026/09/18/news-g.v1.20260918.d4cbd1c4c0a8458694fe3428bc205147_P1.jpg,1200,816,ok
https://ailens.sedaily.ai/markets/2026/09/18/2026-09-18-%EC%9E%90%EB%B3%B8%EC%97%B0-ISA-%ED%98%9C%ED%83%9D-%EB%8A%98%EB%A0%A4-%EC%9E%A5%EA%B8%B0%ED%88%AC%EC%9E%90-%EC%9C%A0%EC%9D%B8%ED%95%B4%EC%95%BC,https://wimg.sedaily.com/news/cms/2026/09/18/news-p.v1.20260918.a4f25e81c46e416bab16b269fee6b6a5_P1.jpg,1200,622,ok
https://ailens.sedaily.ai/markets/2026/09/18/2026-09-18-%EA%B4%B4%EB%A6%AC-%EC%BB%A4%EC%A7%84-%EB%8C%80%ED%98%95%EC%A3%BC-%EC%B5%9C%EC%A0%80-%EB%AA%A9%ED%91%9C%EA%B0%80%EB%8F%84-%EB%AA%BB-%EB%AF%B8%EC%B9%9C%EB%8B%A4,https://wimg.sedaily.com/news/cms/2026/09/18/rcv.YNA.20260918.PYH2026091817700001300_P1.jpg,1200,807,ok
https://ailens.sedaily.ai/markets/2026/09/18/2026-09-18-%EC%9E%98-%EB%A8%B9%EA%B3%A0-%EA%B0%91%EB%8B%88%EB%8B%A4-%EA%B5%AD%EB%82%B4%EC%A3%BC%EC%8B%9D-%ED%8C%94%EB%8D%98-%EC%99%B8%EA%B5%AD%EC%9D%B8%EB%93%A4-%EB%8B%AC%EB%9D%BC%EC%A1%8C%EB%8B%A4-%EC%98%AC%ED%95%B4-%EC%B2%AB-%EC%88%9C%EB%A7%A4%EC%88%98,https://wimg.sedaily.com/news/cms/2026/09/18/ams.001.photo.202609181556061170955768_P1.jpg,1200,670,ok
https://ailens.sedaily.ai/markets/2026/09/18/2026-09-18-%EC%A0%A0%EC%8A%A8-%ED%99%A9-%EB%82%B4%EB%85%84-%EC%B9%A9-%ED%8C%90%EB%A7%A4-2%EB%B0%B0%EB%A1%9C-%EB%9B%B4%EB%8B%A4-%ED%95%9C%EB%A7%88%EB%94%94%EC%97%90-%EC%82%BC%EC%A0%84%EB%8B%89%EC%8A%A4-%EB%82%98%EB%9E%80%ED%9E%88-%ED%9B%A8%ED%9B%A8,https://wimg.sedaily.com/news/cms/2026/09/18/news-p.v1.20260918.aa38eb145b11432bb5b1552bd7f1b26d_P1.png,572,360,ok
https://ailens.sedaily.ai/news/2026/09/18/2026-09-18-%EC%A7%80%EC%A7%80%EC%9C%A8-67-%EC%97%90%EC%84%9C-37-%EB%A1%9C-5%EA%B0%9C%EC%9B%94%EC%9D%B4-%EA%B1%B8%EB%A0%B8%EC%8A%B5%EB%8B%88%EB%8B%A4,https://wimg.sedaily.com/news/cms/2026/09/18/news-p.v1.20260918.a69bab830b534466b7a0560f8611c7fe_P1.jpg,1200,714,ok
https://ailens.sedaily.ai/markets/2026/09/18/2026-09-18-KB%EC%9A%B4%EC%9A%A9-RISE-%EB%B0%B8%EB%A5%98%EC%97%85%EC%9C%84%ED%81%B4%EB%A6%AC%EA%B3%A0%EC%A0%95%EC%BB%A4%EB%B2%84%EB%93%9C%EC%BD%9C-ETF-%EC%88%9C%EC%9E%90%EC%82%B0-3000%EC%96%B5-%EB%8F%8C%ED%8C%8C,https://wimg.sedaily.com/news/cms/2026/09/18/news-p.v1.20260918.c2da40d491094858bcc6075a1ead47e1_P1.png,1200,800,ok
https://ailens.sedaily.ai/markets/2026/09/18/2026-09-18-AI-%EB%B3%B4%EC%95%88-%EA%B0%95%EC%84%B8%EC%97%90-SOL-%EB%AF%B8%EA%B5%ADAI%EC%86%8C%ED%94%84%ED%8A%B8%EC%9B%A8%EC%96%B4-%EC%A0%84%EA%B5%AC%EA%B0%84-%EC%88%98%EC%9D%B5%EB%A5%A0-1%EC%9C%84,https://wimg.sedaily.com/news/cms/2026/09/18/news-p.v1.20260918.0923ed4b226941cfb9e9a5b216729b83_P1.jpg,719,720,ok
https://ailens.sedaily.ai/markets/2026/09/18/2026-09-18-%EB%8F%99%EC%8B%AD%EC%9E%90%EA%B0%81-%EB%98%90-%EB%8F%84%EB%A7%88%EC%9C%84-%EC%98%A4%EB%A5%B8-%EA%B8%88%EA%B0%90%EC%9B%90-%EB%A8%BC%EC%A7%80%ED%84%B8%EC%9D%B4%EC%8B%9D-%EA%B2%80%EC%82%AC,https://wimg.sedaily.com/news/cms/2026/09/18/news-p.v1.20260918.eecd947ba89a4091b40c706707d83891_P3.jpg,300,386,ok
https://ailens.sedaily.ai/markets/2026/09/18/2026-09-18-%EB%88%84%EA%B0%80-%EB%A7%A1%EA%B2%BC%EB%8A%94%EC%A7%80%EB%8A%94-%EA%B3%B5%EA%B0%9C%EB%90%98%EC%A7%80-%EC%95%8A%EC%95%98%EB%8B%A4,https://wimg.sedaily.com/news/cms/2026/09/18/news-p.v1.20260728.d5d3be3ff9ca490798952e3df0f7caa2_P1.jpg,860,644,ok
https://ailens.sedaily.ai/property/2026/09/18/2026-09-18-%EC%A0%84%EC%84%B8%EB%8A%94-%EC%82%AC%EB%9D%BC%EC%A7%84%EB%8B%A4-%EC%82%AC%EB%9D%BC%EC%A0%B8%EC%95%BC-%ED%95%9C%EB%8B%A4%EA%B0%80-%EC%95%84%EB%8B%88%EB%8B%A4,https://wimg.sedaily.com/news/cms/2026/09/18/rcv.YNA.20260918.PYH2026091812040001300_P1.jpg,1200,894,ok
https://ailens.sedaily.ai/news/2026/09/18/2026-09-18-%EC%97%AD%EB%8C%80%EA%B8%89-%EC%88%98%EC%9E%85%EC%97%90%EB%8F%84-%EC%A7%80%EC%B6%9C-%ED%99%95%EB%8C%80%EC%97%90-%EC%9E%91%EB%85%84-%EB%82%98%EB%9D%BC%EC%82%B4%EB%A6%BC-83%EC%A1%B0-%EC%A0%81%EC%9E%90-%EC%82%AC%EC%83%81-%EC%B5%9C%EB%8C%80,https://wimg.sedaily.com/news/cms/2026/09/18/rcv.YNA.20260906.PYH2026090603560006100_P1.jpg,1200,794,ok
https://ailens.sedaily.ai/industry/2026/09/18/2026-09-18-%ED%95%9C%EC%84%B1%EC%88%99-%EC%82%BC%EC%84%B1-%EB%93%B1-%EC%A0%95%EC%9E%AC%EA%B3%84-K%ED%8C%9D-%EC%9D%91%EC%9B%90%EB%B4%89-%EB%93%A4%EA%B3%A0-%ED%95%B4%ED%94%BC%EB%B2%84%EC%8A%A4%EB%8D%B0%EC%9D%B4-%EC%95%84%EB%A9%94%EB%A6%AC%EC%B9%B4-%EC%97%B4%EC%B0%BD,https://wimg.sedaily.com/news/cms/2026/09/18/news-p.v1.20260918.35236ea5ce3b4cde820701600dca1c8e_P1.jpg,1200,676,ok
https://ailens.sedaily.ai/industry/2026/09/18/2026-09-18-%EA%B5%AD%EB%AF%BC-%ED%99%94%EC%9E%A5%EC%A7%80-%EB%AA%A8%EB%82%98%EB%A6%AC%EC%9E%90-%EC%9D%98-%EB%B3%80%EC%8B%A0-%EA%B3%A0%EA%B8%89%ED%99%94-%EC%8B%9C%EB%8F%99-%EA%B1%B4-%EB%85%BC%EC%82%B0%EA%B3%B5%EC%9E%A5-%EA%B0%80%EB%B3%B4%EB%8B%88,https://wimg.sedaily.com/news/cms/2026/09/17/news-p.v1.20260917.ba0ff9813cf74f359e36dc0eafcd6c4c_P1.jpg,1200,800,ok
https://ailens.sedaily.ai/industry/2026/09/18/2026-09-18-%ED%95%9C%EC%84%AC%EC%9D%B4-%EC%9E%90%EA%B8%B0%EC%A3%BC%EC%8B%9D-65%EB%A7%8C-3-168%EC%A3%BC%EB%A5%BC-%EC%82%AC%EB%93%A4%EC%9D%B4%EA%B8%B0%EB%A1%9C-%ED%96%88%EC%8A%B5%EB%8B%88%EB%8B%A4-%EC%A0%84%EC%B2%B4-%EB%B0%9C%ED%96%89%EC%A3%BC%EC%8B%9D-%EC%88%98%EC%9D%98-%EC%95%BD-3-0-%EC%97%90-%ED%95%B4%EB%8B%B9%ED%95%A9%EB%8B%88%EB%8B%A4-%EC%82%AC,https://wimg.sedaily.com/news/cms/2026/09/18/news-p.v1.20260918.25be4756376e40e09f907e7fd1892e10_P3.jpg,300,439,ok
https://ailens.sedaily.ai/industry/2026/09/18/2026-09-18-%ED%95%B4%ED%83%9C%EC%A0%9C%EA%B3%BC-%EC%98%A4%EC%98%88%EC%8A%A4-%ED%99%88%EB%9F%B0%EB%B3%BC-%EB%93%B1-25%EA%B0%9C-%EB%B8%8C%EB%9E%9C%EB%93%9C-%EA%B0%80%EA%B2%A9-%EC%9D%B8%EC%83%81-%ED%8F%89%EA%B7%A0-7-8,https://wimg.sedaily.com/news/cms/2026/09/18/news-p.v1.20260917.5de0322450b14a3ea131dc2b4fd286ea_P1.png,1000,566,ok
https://ailens.sedaily.ai/markets/2026/09/18/2026-09-18-1%EC%96%B5-%EC%9B%90%EC%97%90-%EC%97%B0-1%EB%A7%8C-%EC%9B%90-ETF-%EB%B3%B4%EC%88%98%EA%B0%80-%EB%98%90-%EB%82%B4%EB%A0%A4%EA%B0%94%EB%8B%A4,https://wimg.sedaily.com/news/cms/2026/09/18/news-p.v1.20260918.197a5f1b235b40acbdb0f11887a7ece4_P1.png,1200,530,ok
https://ailens.sedaily.ai/finance/2026/09/18/2026-09-18-%EC%9D%B4%EB%8B%AC-%EB%A7%90-%EB%81%9D%EB%82%A0-%EC%98%88%EC%A0%95%EC%9D%B4%EB%8D%98-%EC%9C%A0%EB%A5%98%EC%84%B8-%EC%9D%B8%ED%95%98-%EB%91%90-%EB%8B%AC-%EB%8D%94-%ED%9C%98%EB%B0%9C%EC%9C%A0-1%EB%A6%AC%ED%84%B0%EC%97%90-%EB%B6%99%EB%8A%94-%EC%84%B8%EA%B8%88%EC%9D%80-%EC%A7%80%EA%B8%88-698%EC%9B%90%EC%9E%85%EB%8B%88%EB%8B%A4-%EC%9D%B8%ED%95%98-%EC%A0%84%EB%B3%B4,https://wimg.sedaily.com/news/cms/2026/09/18/news-p.v1.20260918.70658d877c1c4c23964cf8071d0d7010_P1.jpg,1200,660,ok
https://ailens.sedaily.ai/markets/2026/09/18/2026-09-18-%EA%B8%88%EB%A6%AC-%ED%95%98%EB%82%98%EC%97%90-%EC%82%BC%EC%84%B1%EC%A0%84%EC%9E%90%EA%B0%80-3-%EC%98%AC%EB%9E%90%EB%8B%A4,https://wimg.sedaily.com/news/cms/2026/09/18/news-p.v1.20260916.e884ae7db02443afa35a06532947ff09_P1.png,610,407,ok
https://ailens.sedaily.ai/news/2026/09/18/2026-09-18-%EC%86%8D%EB%B3%B4-%EB%B6%88%EA%B0%80%EC%97%AD%EC%A0%81-%EA%B2%80%EC%B0%B0-%EA%B0%9C%ED%98%81-%EC%B1%85%EC%9E%84-%EC%9E%88%EA%B2%8C-%EC%99%84%EC%88%98,https://wimg.sedaily.com/news/cms/2026/09/18/rcv.YNA.20260918.PYH2026091805690001300_P1.jpg,1200,824,ok
https://ailens.sedaily.ai/markets/2026/09/18/2026-09-18-AI-%EC%A0%84%EB%A0%A5-%EC%88%98%EC%9A%94%EA%B0%80-%EC%A0%84%EC%84%A0%EC%A3%BC%EA%B9%8C%EC%A7%80-%EC%99%94%EC%8A%B5%EB%8B%88%EB%8B%A4,https://wimg.sedaily.com/news/cms/2026/09/18/news-p.v1.20260813.b4a5f459ac5d4feb817741502c72d183_P1.jpg,1200,583,ok
https://ailens.sedaily.ai/news/2026/09/18/2026-09-18-%EB%8C%80%ED%86%B5%EB%A0%B9-%ED%8A%B9%EA%B2%80-%EC%A7%84%EC%83%81%EA%B7%9C%EB%AA%85%EC%97%90%EB%A7%8C-%EC%A7%91%EC%A4%91-%EA%B3%B5%EC%86%8C%EC%B7%A8%EC%86%8C-%EB%85%BC%EB%9E%80-%EB%B0%9C%EC%83%9D-%EC%95%8A%EB%8F%84%EB%A1%9D-%EC%A1%B0%EC%B9%98,https://wimg.sedaily.com/news/cms/2026/09/18/news-p.v1.20260918.44324ef31eef4fb2b61b9abf2d3160fb_P1.jpg,1200,812,ok
https://ailens.sedaily.ai/news/2026/09/18/2026-09-18-%EB%8C%80%EC%A0%84-%EB%B0%A9%EC%82%B0-%EC%86%8C%EB%B6%80%EC%9E%A5-%ED%8A%B9%ED%99%94%EB%8B%A8%EC%A7%80-%EB%90%90%EB%8B%A4,https://wimg.sedaily.com/news/cms/2026/09/18/news-p.v1.20260730.435657b720264608bb9ab122b49afee3_P1.jpg,1064,825,ok
https://ailens.sedaily.ai/markets/2026/09/18/2026-09-18-%EC%98%A4%EB%A6%84%ED%85%8C%EB%9D%BC%ED%93%A8%ED%8B%B1-BMS-ORM-6151-%EA%B0%9C%EB%B0%9C-%EC%A4%91%EB%8B%A8%EC%97%90-%ED%95%98%ED%95%9C%EA%B0%80-Why%EB%B0%94%EC%9D%B4%EC%98%A4,https://wimg.sedaily.com/news/cms/2026/09/18/news-p.v1.20260918.a75522e178514a68a176e1454a2b7bbd_P1.jpg,467,231,ok
https://ailens.sedaily.ai/industry/2026/09/18/2026-09-18-%EC%B6%94%EC%84%9D-%EB%AC%BC%EA%B0%80%EB%A7%8C%ED%81%BC%EC%9D%80-%EC%9E%A1%EC%95%84%EB%9D%BC-%EC%A0%95%EB%B6%80-%EC%84%9D%EC%9C%A0-%EC%B5%9C%EA%B3%A0%EA%B0%80%EA%B2%A9-%EB%8F%99%EA%B2%B0-%EC%B9%B4%EB%93%9C-%EB%A7%8C%EC%A7%80%EC%9E%91,https://wimg.sedaily.com/news/cms/2026/09/18/rcv.YNA.20260913.PYH2026091303960001300_P1.jpg,1200,769,ok
https://ailens.sedaily.ai/news/2026/09/18/2026-09-18-%EA%B5%AC%EC%9C%A4%EC%B2%A0-%EC%B6%94%EC%84%9D-%EA%B3%A0%EC%86%8D%EB%8F%84%EB%A1%9C-%EA%B8%B0%EB%A6%84%EA%B0%92-100%EC%9B%90-%EC%84%9D%EC%9C%A0-%EC%B5%9C%EA%B3%A0%EA%B0%80%EA%B2%A9-%EC%98%A4%ED%9B%84-%EB%B0%9C%ED%91%9C,https://wimg.sedaily.com/news/cms/2026/09/18/news-p.v1.20260918.b868e6e5adb74a9a9258177ca4ccbe90_P1.jpg,1200,800,ok
https://ailens.sedaily.ai/markets/2026/09/18/2026-09-18-%EC%B6%94%EC%A0%95%EC%B9%98%EB%8A%94-%EC%98%A4%EB%A5%B4%EB%8A%94%EB%8D%B0-%EC%A3%BC%EA%B0%80%EB%8A%94-41-%EB%B9%A0%EC%A1%8C%EB%8B%A4,https://wimg.sedaily.com/news/cms/2026/09/18/news-p.v1.20260902.8ccb4cae01014fb5a78fff2d2c3151c2_P1.png,1200,675,ok
https://ailens.sedaily.ai/markets/2026/09/18/2026-09-18-%EC%9D%B4%EC%9E%90-5-65-%EB%A5%BC-%EC%A3%BC%EA%B3%A0-%EC%9E%90%EB%B3%B8%EC%9D%84-%EB%8A%98%EB%A0%B8%EC%8A%B5%EB%8B%88%EB%8B%A4,https://wimg.sedaily.com/news/cms/2026/09/18/news-p.v1.20260907.6cc42fb7f100458f83d94d32e1f19dad_P1.jpg,1200,1562,ok
https://ailens.sedaily.ai/markets/2026/09/18/2026-09-18-4%EB%A7%8C8000%EC%9B%90-%EC%A3%BC%EC%A3%BC%EB%93%A4%EC%9D%80-%ED%8C%94%EC%A7%80-%EC%95%8A%EC%95%98%EC%8A%B5%EB%8B%88%EB%8B%A4,https://wimg.sedaily.com/news/cms/2026/09/18/news-p.v1.20260918.b0796dac6fbb4af690cc1ee5296b975f_P1.jpg,500,212,ok
https://ailens.sedaily.ai/industry/2026/09/18/2026-09-18-LIG-D-A-K-%EB%B0%A9%EC%82%B0-%EA%B3%B5%EA%B8%89%EB%A7%9D-%EB%B3%B4%EC%95%88-%EA%B0%95%ED%99%94-%EC%83%81%EC%83%9D%ED%98%91%EB%A0%A5-%ED%8C%8C%ED%8A%B8%EB%84%88%EC%8B%AD-%EC%B6%9C%EB%B2%94,https://wimg.sedaily.com/news/cms/2026/09/18/news-p.v1.20260918.e949b2bdef944a0db7c99b4a92914292_P1.jpeg,1200,675,ok
https://ailens.sedaily.ai/industry/2026/09/18/2026-09-18-6%EA%B8%B0%EA%B0%80%EB%B0%94%EC%9D%B4%ED%8A%B8-%EB%8F%84%EB%A9%B4%EC%9D%B4-59%EB%A9%94%EA%B0%80%EA%B0%80-%EB%90%9C-%EC%9D%B4%EC%9C%A0,https://wimg.sedaily.com/news/cms/2026/09/18/news-p.v1.20260910.f094930d9d15442aa90a2bb0d83add6d_P3.jpg,300,450,ok
https://ailens.sedaily.ai/industry/2026/09/18/2026-09-18-%ED%95%9C%ED%99%94%EC%8B%9C%EC%8A%A4%ED%85%9C-AI-%EC%9A%B0%EC%A3%BC%EC%83%81%ED%99%A9%EC%9D%B8%EC%8B%9D%EC%B2%B4%EA%B3%84-%EA%B0%9C%EB%B0%9C-%EB%82%98%EC%84%A0%EB%8B%A4,https://wimg.sedaily.com/news/cms/2026/09/18/news-p.v1.20260918.b5b6b166d217461d94958746fa10f284_P1.jpg,1200,693,ok
https://ailens.sedaily.ai/industry/2026/09/18/2026-09-18-LS%EB%A7%88%EB%A6%B0%EC%86%94%EB%A3%A8%EC%85%98-%EC%8B%A0%EC%95%88%EC%97%90-%ED%95%B4%EC%A0%80%EC%BC%80%EC%9D%B4%EB%B8%94-%EC%8B%9C%EA%B3%B5%ED%95%9C%EB%8B%A4-1569%EC%96%B5-%ED%95%B4%EC%83%81%ED%92%8D%EB%A0%A5-%ED%94%84%EB%A1%9C%EC%A0%9D%ED%8A%B8-%EC%88%98%EC%A3%BC,https://wimg.sedaily.com/news/cms/2026/09/18/news-p.v1.20260918.6c5859b5f4c04ce5967cf27cc0a4cd8d_P1.jpg,1200,617,ok
https://ailens.sedaily.ai/markets/2026/09/18/2026-09-18-%EC%A3%BC%EB%AC%B8%EC%9D%80-%EC%9E%88%EC%97%88%EC%A7%80%EB%A7%8C-%EB%9D%BC%EC%9D%B8%EC%9D%B4-%EC%97%86%EC%97%88%EB%8B%A4,https://wimg.sedaily.com/news/cms/2026/09/18/news-p.v1.20260311.fe609168355147f1a7a60328f72f7a16_P1.jpg,600,300,ok
https://ailens.sedaily.ai/markets/2026/09/18/2026-09-18-30%EB%B6%84-%EB%A7%9E%EB%8D%98-%ED%95%AD%EC%95%94%EC%A3%BC%EC%82%AC-%EC%9D%B4%EC%A0%9C-1-2%EB%B6%84,https://wimg.sedaily.com/news/cms/2026/09/18/news-p.v1.20260918.188806d1922f496e9de36d6b354e08b2_P1.jpg,1200,760,ok
https://ailens.sedaily.ai/markets/2026/09/18/2026-09-18-%EC%9D%B4%EB%A6%84%EC%9D%B4-%EB%AA%85%EB%8B%A8%EC%97%90-%EC%98%A4%EB%A5%B4%EC%9E%90-%EC%A3%BC%EA%B0%80%EA%B0%80-11-%EC%98%AC%EB%9E%90%EB%8B%A4,https://wimg.sedaily.com/news/cms/2026/09/18/news-p.v1.20260918.c2968639c59d49c0b4be3d554d9a17bf_P1.png,745,419,ok
https://ailens.sedaily.ai/markets/2026/09/18/2026-09-18-41-6-%EC%96%B9%EC%97%88%EB%8A%94%EB%8D%B0%EB%8F%84-%EC%A3%BC%EC%A3%BC%EB%93%A4%EC%9D%80-%ED%8C%94%EC%A7%80-%EC%95%8A%EC%95%98%EB%8B%A4,https://wimg.sedaily.com/news/cms/2026/09/18/news-p.v1.20260910.bd6f3a1ef55b42baa9aff2b320340e19_P1.jpg,600,419,ok
https://ailens.sedaily.ai/international/2026/09/18/2026-09-18-%EC%82%AC%EC%84%A4-3%EB%85%84-%EB%A7%8C%EC%97%90-%EA%B8%B4%EC%B6%95-%EB%8F%8C%EC%9E%85-%EC%8B%A4%EB%AC%BC-%EA%B2%BD%EC%A0%9C-%EB%B0%A9%ED%8C%8C%EC%A0%9C-%EB%B9%88%ED%8B%88-%EC%97%86%EC%96%B4%EC%95%BC,https://wimg.sedaily.com/news/cms/2026/09/17/news-p.v1.20260917.ad1c356468154eec94dbc96afe694c85_P2.png,500,333,ok
https://ailens.sedaily.ai/property/2026/09/18/2026-09-18-%EA%B0%95%EB%82%A8%EC%9D%80-%EB%82%B4%EB%A0%B8%EB%8A%94%EB%8D%B0-%EC%84%9C%EC%9A%B8%EC%9D%80-%EB%98%90-%EC%98%AC%EB%9E%90%EB%8B%A4,https://wimg.sedaily.com/news/cms/2026/09/17/news-g.v1.20260917.adff27141ca5474395220f264a1a6ae4_P1.jpg,1200,596,ok
https://ailens.sedaily.ai/property/2026/09/18/2026-09-18-%EC%A0%84%EC%84%B8-%EC%84%B8%EC%9E%85%EC%9E%90%EA%B0%80-%EC%82%B4%EA%B3%A0-%EC%9E%88%EB%8A%94-%EC%A7%91%EC%9D%84-%EC%82%AC%EB%A9%B4-%EC%9B%90%EB%9E%98%EB%8A%94-%EA%B7%B8-%EC%9E%84%EB%8C%80%EC%B0%A8-%EA%B3%84%EC%95%BD%EC%9D%B4-%EB%81%9D%EB%82%98%EB%8A%94-%EB%8C%80%EB%A1%9C-%EB%A7%A4%EC%88%98%EC%9E%90%EA%B0%80-%EC%A7%81%EC%A0%91-%EB%93%A4%EC%96%B4%EA%B0%80-%EC%82%B4%EC%95%84%EC%95%BC-%ED%95%A9%EB%8B%88,https://wimg.sedaily.com/news/cms/2026/09/17/news-g.v1.20260917.ddfd39e3789c4502803f3c4e619f6f55_P1.jpg,1200,976,ok
https://ailens.sedaily.ai/international/2026/09/18/2026-09-18-%EB%B0%9C%ED%91%9C-%EB%8B%B9%EC%9D%BC-%ED%99%98%EC%9C%A8%EC%9D%80-1382%EC%9B%90%EA%B9%8C%EC%A7%80-%EC%98%AC%EB%9E%90%EC%8A%B5%EB%8B%88%EB%8B%A4,https://wimg.sedaily.com/news/cms/2026/09/17/rcv.YNA.20260917.PUP20260917002201009_P1.jpg,1200,800,ok
https://ailens.sedaily.ai/industry/2026/09/18/2026-09-18-%EC%9A%B0%EB%A6%AC%EA%B0%80-%EC%B5%9C%EA%B3%A0-%EA%B7%B8%EB%A6%AC%EA%B3%A0-LCD%EB%8A%94-%EB%90%98%ED%92%80%EC%9D%B4-%EB%AA%BB-%ED%95%9C%EB%8B%A4,https://wimg.sedaily.com/news/cms/2026/09/17/news-p.v1.20260722.b7989f6b01fb44b9871ff513441b9e08_P1.png,1200,800,ok
https://ailens.sedaily.ai/industry/2026/09/18/2026-09-18-%EB%8B%A4%EC%9D%B4%EC%86%8C%EA%B0%80-%EB%AC%BC%EA%BC%AC-%ED%8A%BC-%EC%B4%88%EC%A0%80%EA%B0%80-K%EB%B7%B0%ED%8B%B0-%EC%9C%BC%EB%A1%9C%EB%8F%84-%ED%99%95%EC%82%B0%EC%84%B8-%EA%B9%80%EC%97%B0%ED%95%98%EC%9D%98-%ED%82%AC%EB%A7%81%EC%9D%B4%EC%8A%88,https://wimg.sedaily.com/news/cms/2026/09/17/news-p.v1.20260917.fd03d57422df439ab0522b96991b7eb4_P1.jpg,1200,945,ok
https://ailens.sedaily.ai/industry/2026/09/18/2026-09-18-%EC%82%BC%EC%84%B1-%EB%B6%81%EB%AF%B8-%EC%97%B0%EA%B5%AC-%EC%88%98%EC%9E%A5%EC%97%90-%EC%8A%A4%ED%83%A0%ED%8D%BC%EB%93%9C-%EC%84%9D%ED%95%99-%ED%94%BC%EC%A7%80%EC%BB%AC-AI-%EC%B2%B4%EC%A0%9C-%EC%A0%84%ED%99%98,https://wimg.sedaily.com/news/cms/2026/09/17/news-p.v1.20260917.8f401865a00c461fbcdbb04a342c30ca_P2.jpg,390,392,ok
https://ailens.sedaily.ai/industry/2026/09/18/2026-09-18-%EC%84%A4%EB%B9%84%EB%8A%94-%EC%84%B0%EB%8A%94%EB%8D%B0-%EC%9B%90%EB%A3%8C-%EA%B3%B5%EC%9E%A5%EC%9D%80-%EC%84%A4%EA%B3%84%EB%8F%84%EC%97%90%EC%84%9C-%EB%A9%88%EC%B7%84%EB%8B%A4,https://wimg.sedaily.com/news/cms/2026/09/17/news-p.v1.20260917.5871afe843564d45837c27bf3799f042_P1.jpg,400,266,ok
https://ailens.sedaily.ai/markets/2026/09/18/2026-09-18-7000%EC%84%A0%EC%9D%80-%EB%B0%98%EB%82%A9%ED%96%88%EB%8A%94%EB%8D%B0-%EC%BD%94%EC%8A%A4%EB%8B%A5%EC%9D%80-%EB%B2%84%ED%85%BC%EB%8B%A4-%EC%9E%A5%EC%A4%91-%ED%95%9C%EB%95%8C-1-%EB%84%98%EA%B2%8C-%EC%98%AC%EB%9E%90%EB%8D%98-%EC%A7%80%EC%88%98%EA%B0%80-%EB%A7%88%EA%B0%90-%EB%AC%B4%EB%A0%B5-%EB%AA%A8%EB%91%90-%EC%A0%9C%EC%9E%90%EB%A6%AC%EB%A1%9C-%EB%8F%8C%EC%95%84%EC%99%94,https://wimg.sedaily.com/news/cms/2026/09/17/rcv.YNA.20260917.PYH2026091722140001300_P1.jpg,1200,741,ok
https://ailens.sedaily.ai/news/2026/09/18/2026-09-18-%ED%95%A8%EA%BB%98-%EB%9B%B0%EB%8A%94-%EB%B6%80%EC%9A%B8%EA%B2%BD-%EB%82%A8%EB%B6%80%EA%B6%8C-%EC%83%88-%EC%84%B1%EC%9E%A5%EC%B6%95%EC%9C%BC%EB%A1%9C-%EC%B4%88%EA%B4%91%EC%97%AD-%EA%B2%BD%EC%A0%9C%EA%B6%8C-%EB%9D%84%EC%9A%B4%EB%8B%A4,https://wimg.sedaily.com/news/cms/2026/09/18/news-p.v1.20260908.f93ecfa33cc84688a7be51a5b5981162_P1.jpg,1200,800,ok
https://ailens.sedaily.ai/industry/2026/09/18/2026-09-18-2000%EC%96%B5-%EB%8B%AC%EB%9F%AC-%EC%88%98%EC%9D%B5%EB%A5%A0%EB%A7%8C-%EB%94%B0%EC%A7%80%EB%A9%B4-%EB%86%93%EC%B9%98%EB%8A%94-%EA%B2%83,https://wimg.sedaily.com/news/cms/2026/09/17/news-p.v1.20260917.308ddd3dc6ce429ba1bc76839ffc1673_P1.jpg,1200,792,ok
https://ailens.sedaily.ai/news/2026/09/18/2026-09-17-%EA%B2%80%EC%B0%B0%EC%B2%AD-%ED%8F%90%EC%A7%80-%EB%B3%B4%EB%A6%84-%EC%95%9E%EB%91%90%EA%B3%A0-%EA%B0%9C%ED%98%81-%ED%9B%84%EC%86%8D%EB%B2%95-51%EA%B1%B4-%EB%AC%B4%EB%8D%94%EA%B8%B0-%EC%B2%98%EB%A6%AC,https://wimg.sedaily.com/news/cms/2026/09/17/news-p.v1.20260917.b6861c6c3a27463982cfbb50c22d6926_P1.jpg,1200,765,ok
https://ailens.sedaily.ai/industry/2026/09/18/2026-09-17-AI-%EB%AF%B8%EB%9E%98-%EC%8A%B9%EB%B6%80%EC%B2%98%EC%97%90%EC%84%9C-%EC%9D%B4%EA%B8%B8-%EC%88%98-%EC%9E%88%EB%8F%84%EB%A1%9D-%EC%82%AC%EC%9E%A5%EB%8B%A8%EC%9D%B4-%EB%B9%A0%EB%A5%B8-%EC%86%8D%EB%8F%84%EC%99%80-%EC%A7%91%EC%9A%94%ED%95%9C-%EC%8B%A4%ED%96%89%EB%A0%A5%EC%9D%84-%EA%B0%96%EC%B6%B0%EB%8B%AC%EB%9D%BC-%EA%B5%AC%EA%B4%91%EB%AA%A8-LG-%ED%9A%8C%EC%9E%A5%EC%9D%B4,https://wimg.sedaily.com/news/cms/2026/09/17/news-p.v1.20260917.43c6c311201d47a39fa71b98c1a98d4e_P1.png,700,466,ok
https://ailens.sedaily.ai/news/2026/09/18/2026-09-17-%EB%B0%98%EB%8C%80%ED%95%98%EB%9F%AC-%EB%8C%80%ED%99%94-%EC%9E%90%EB%A6%AC%EC%97%90-%EC%95%89%EB%8A%94%EB%8B%A4,https://wimg.sedaily.com/news/cms/2026/09/17/news-p.v1.20260917.6eb5c3c6d39e47f0981be3c4318eb991_P1.png,318,103,ok
https://ailens.sedaily.ai/industry/2026/09/18/2026-09-17-%EC%9D%B4%EC%BC%80%EC%95%84-%EC%8B%A0%EC%84%B8%EA%B3%84-%EB%8C%80%EA%B5%AC%EC%A0%90-%EC%98%A4%ED%94%88-%EB%8F%84%EC%8B%AC%ED%98%95-%EB%A7%A4%EC%9E%A5-%EC%A4%91-%EC%B5%9C%EB%8C%80-%EA%B7%9C%EB%AA%A8,https://wimg.sedaily.com/news/cms/2026/09/17/rcv.NEWS1.NEWS1.20260917.2026-09-17T140002_6293854_LOCAL_8111726_P1.jpg,1200,800,ok
https://ailens.sedaily.ai/news/2026/09/18/2026-09-17-%ED%9A%8C%EC%82%AC%EC%9D%98-%EC%A3%BC%EC%9D%B8%EC%9D%B4-%EB%B0%94%EB%80%94-%EB%95%8C-%EC%A7%80%EB%B6%84%EC%9D%84-%EB%B9%84%EC%8B%B8%EA%B2%8C-%ED%8C%8C%EB%8A%94-%EC%AA%BD%EC%9D%80-%EC%96%B8%EC%A0%9C%EB%82%98-%EC%A7%80%EB%B0%B0%EC%A3%BC%EC%A3%BC%EC%98%80%EC%8A%B5%EB%8B%88%EB%8B%A4-%EA%B0%99%EC%9D%80-%ED%9A%8C%EC%82%AC-%EC%A3%BC%EC%8B%9D%EC%9D%84-%EB%93%A4%EA%B3%A0-%EC%9E%88%EC%96%B4%EB%8F%84-%EC%9D%BC,https://ailens.sedaily.ai/lens/default-cover.webp,960,960,ok
https://ailens.sedaily.ai/industry/2026/09/18/2026-09-17-%EC%BD%94%ED%8A%B8%EB%9D%BC-%EA%B5%AD%EB%82%B4-%EA%B8%B0%EC%97%85-%EC%A4%91%EC%95%99%EC%95%84%EC%8B%9C%EC%95%84-%EC%A7%84%EC%B6%9C-%EC%A7%80%EC%9B%90-%EA%B3%B5%EA%B8%89%EB%A7%9D-%EB%8B%A4%EB%B3%80%ED%99%94%EB%8F%84-%EC%B4%9D%EB%A0%A5,https://wimg.sedaily.com/news/cms/2026/09/17/news-p.v1.20260917.d05442c7c4924c838aa00215435a734c_P1.jpg,1200,751,ok
https://ailens.sedaily.ai/news/2026/09/18/2026-09-17-%EC%95%84%EB%8F%99-%EC%B2%AD%EC%86%8C%EB%85%84-%EC%84%B1%EB%B2%94%EC%A3%84-%EA%B2%BD%EC%B0%B0-%EC%9E%90%EC%B2%B4%EC%A2%85%EA%B2%B0-%EB%B6%88%EA%B0%80-%EC%A0%84%EA%B1%B4%EC%86%A1%EC%B9%98-%EC%9D%98%EB%AC%B4%ED%99%94,https://wimg.sedaily.com/news/cms/2026/09/17/news-p.v1.20260917.6bd29fb494b8455f9af332eac4ab0a25_P1.jpg,1200,594,ok
https://ailens.sedaily.ai/industry/2026/09/18/2026-09-17-5000%EC%9B%90-%EC%84%A0-5%ED%8C%8C%EC%9A%B4%EB%93%9C-%EA%B8%80%EB%A1%9C%EB%B2%8C-%ED%9C%A9%EC%93%B0%EB%8A%94-%EC%B4%88%EC%A0%80%EA%B0%80-K%EB%B7%B0%ED%8B%B0,https://wimg.sedaily.com/news/cms/2026/09/17/news-g.v1.20260917.3856a1a492534843a17ce5b4f9780b66_P1.jpg,1200,427,ok
https://ailens.sedaily.ai/news/2026/09/18/2026-09-17-%EB%B2%95%EC%9B%90-%ED%95%98%EC%B2%AD%EB%85%B8%EC%A1%B0-%EA%B5%90%EC%84%AD%EC%9A%94%EA%B5%AC-%EA%B3%B5%EA%B3%A0-%EB%A9%88%EC%B6%B0%EB%8B%AC%EB%9D%BC%EB%8A%94-%EC%9B%90%EC%B2%AD-%EC%8B%A0%EC%B2%AD-%EC%B2%AB-%EA%B8%B0%EA%B0%81,https://wimg.sedaily.com/news/cms/2026/09/17/news-p.v1.20260917.e4c9543ff06b427e8dc84f6444dd6e78_P1.jpg,640,427,ok
https://ailens.sedaily.ai/markets/2026/09/17/2026-09-17-%EC%98%A4%ED%9B%84-4%EC%8B%9C-%EC%A3%BC%EB%AC%B8%EC%9D%84-%EB%8B%A4%EC%8B%9C-%EB%82%B4%EC%95%BC-%ED%95%A9%EB%8B%88%EB%8B%A4,https://wimg.sedaily.com/news/cms/2026/09/17/news-p.v1.20260917.6246f83d0dfd4d4b80ca2369001e40b8_P1.png,860,516,ok
https://ailens.sedaily.ai/markets/2026/09/17/2026-09-17-%EA%B0%84%EB%B0%A4-%EB%AF%B8%EA%B5%AD-%EC%A6%9D%EC%8B%9C%EC%97%90%EC%84%9C-%EA%B8%88%EC%9C%B5%EC%A3%BC%EB%8A%94-%EC%95%BD%EC%84%B8%EC%98%80%EC%8A%B5%EB%8B%88%EB%8B%A4-%EA%B7%B8%EB%9F%B0%EB%8D%B0-17%EC%9D%BC-%EC%98%A4%EC%A0%84-%EA%B5%AD%EB%82%B4-%EC%A6%9D%EC%8B%9C%EC%97%90%EC%84%9C%EB%8A%94-4%EB%8C%80-%EA%B8%88%EC%9C%B5%EC%A7%80%EC%A3%BC-%EC%A3%BC%EA%B0%80%EA%B0%80-%EB%82%98%EB%9E%80%ED%9E%88,https://wimg.sedaily.com/news/cms/2026/09/17/rcv.YNA.20260917.PYH2026091703570001300_P1.jpg,1200,800,ok
https://ailens.sedaily.ai/news/2026/09/17/2026-09-17-%EC%88%98%EC%9E%A5-%EC%9D%B8%EC%84%A0-%EA%BC%AC%EC%9D%B4%EA%B3%A0-%EB%B2%95%EB%A0%B9%EB%8F%84-%EB%8A%A6%EC%96%B4%EC%A0%B8-%EB%B0%98%EC%AA%BD-%EC%B6%9C%EB%B2%94-%EB%B6%88%EA%B0%80%ED%94%BC,https://wimg.sedaily.com/news/cms/2026/09/17/news-g.v1.20260917.0e5c05c83e2742389f01e94c7100ce61_P1.jpg,1200,606,ok
https://ailens.sedaily.ai/international/2026/09/17/2026-09-17-%ED%8A%B8%EB%9F%BC%ED%94%84-%EC%95%95%EB%B0%95%EC%97%90%EB%8F%84-%EC%9B%8C%EC%8B%9C-%EC%9D%B8%ED%94%8C%EB%A0%88%EC%99%80-%EC%A0%84%EC%9F%81-%EC%84%A0%ED%83%9D-%EB%B3%BC%EC%BB%A4-%EC%9D%B4%ED%9B%84-%EA%B0%80%EC%9E%A5-%EB%A7%A4%ED%8C%8C%EC%A0%81,https://wimg.sedaily.com/news/cms/2026/09/17/rcv.YNA.20260917.PRU20260917049401009_P1.jpg,1200,800,ok
https://ailens.sedaily.ai/markets/2026/09/17/2026-09-17-%EC%95%8C%ED%85%8C%EC%98%A4%EC%A0%A0-%EC%9B%94-1%ED%9A%8C-%EB%B9%84%EB%A7%8C%EC%95%BD-%EA%B0%9C%EB%B0%9C-%EC%9E%A5%EA%B8%B0%EC%A7%80%EC%86%8D%ED%98%95-%ED%94%8C%EB%9E%AB%ED%8F%BC-%EA%B5%AD%EC%A0%9C%ED%8A%B9%ED%97%88%EC%B6%9C%EC%9B%90,https://wimg.sedaily.com/news/cms/2026/09/17/news-p.v1.20260909.31d900dc085d4c00853e71e802cbe982_P1.jpg,1200,760,ok
https://ailens.sedaily.ai/property/2026/09/17/2026-09-17-%EC%84%B8-%EB%82%80-%EC%A7%91-3%EB%85%84-3%EA%B0%9C%EC%9B%94%EC%9D%80-%EC%95%88-%EB%93%A4%EC%96%B4%EA%B0%80%EB%8F%84-%EB%90%9C%EB%8B%A4,https://wimg.sedaily.com/news/cms/2026/09/17/news-g.v1.20260917.ddfd39e3789c4502803f3c4e619f6f55_P1.jpg,1200,976,ok
https://ailens.sedaily.ai/markets/2026/09/17/2026-09-17-%EC%9D%B4%EC%B0%AC%EC%A7%84-%EA%B8%88%EA%B0%90%EC%9B%90%EC%9E%A5-%EC%82%AC%EC%A0%84-%EC%98%88%EB%B0%A9%EC%A0%81-%EC%86%8C%EB%B9%84%EC%9E%90-%EB%B3%B4%ED%98%B8-%EC%9E%85%EB%B2%95%EC%9C%BC%EB%A1%9C-%EB%B3%B4%EC%99%84,https://wimg.sedaily.com/news/cms/2026/09/17/news-p.v1.20260917.117727c44ed04a7ba0b276b284d189a8_P1.jpg,1200,900,ok
https://ailens.sedaily.ai/markets/2026/09/17/2026-09-17-%ED%95%9C%ED%88%AC%ED%8C%8C-%ED%82%A4%EC%9B%80PE-%EB%A0%88%EB%B7%B0-%EB%A6%AC%EC%BA%A1-%EB%8F%8C%EC%9E%85-%ED%88%AC%EC%9E%90%EA%B8%88-%EC%9D%BC%EB%B6%80-%ED%9A%8C%EC%88%98-%EC%8B%9C%EA%B7%B8%EB%84%90,https://wimg.sedaily.com/news/cms/2026/09/17/news-p.v1.20260313.c4fdcd6506c74eff9c6260a3885a4e89_P1.jpeg,1200,900,ok
https://ailens.sedaily.ai/industry/2026/09/17/2026-09-17-%EC%A4%91%EC%95%99%EC%95%84%EC%8B%9C%EC%95%84%EC%97%90-%ED%95%9C%EA%B5%AD-%EC%BC%80%EC%9D%B4%EB%B8%94%EC%9D%B4-%EA%B9%94%EB%A6%B0%EB%8B%A4,https://wimg.sedaily.com/news/cms/2026/09/17/news-p.v1.20260917.c64474fbfdfc4921b62a9c9d139f5466_P1.jpg,1200,528,ok
https://ailens.sedaily.ai/news/2026/09/17/2026-09-17-%EA%B9%80%EC%8A%B9%EC%9B%90-%EA%B0%95%EC%8B%A0%EC%B2%A0-%EC%B2%AD%EB%AC%B8%EB%B3%B4%EA%B3%A0%EC%84%9C-%EB%8B%A8%EB%8F%85-%EC%B1%84%ED%83%9D,https://wimg.sedaily.com/news/cms/2026/09/17/news-p.v1.20260917.897fc71e8b5c44ccbfb113bf7a4d1718_P1.jpg,1200,714,ok
https://ailens.sedaily.ai/industry/2026/09/17/2026-09-17-SK%EC%98%A8-%EC%97%98%EC%95%A4%EC%97%90%ED%94%84-LFP-%EC%96%91%EA%B7%B9%EC%9E%AC-1600%EC%96%B5-%EA%B7%9C%EB%AA%A8-%EC%A1%B0%EB%8B%AC-ESS-%EC%8B%9C%EC%9E%A5-%EA%B3%B5%EB%9E%B5-%EB%B0%95%EC%B0%A8,https://wimg.sedaily.com/news/cms/2026/09/17/news-p.v1.20260917.826253d56c2a43698ae1027b88ca2e2d_P1.jpeg,1200,862,ok
https://ailens.sedaily.ai/finance/2026/09/17/2026-09-17-%EA%B5%AD%EB%AF%BC%EC%84%B1%EC%9E%A5%ED%8E%80%EB%93%9C-%EC%95%BC%EC%9B%94-%ED%95%B4%EC%83%81%ED%92%8D%EB%A0%A5-%EB%93%B1%EC%97%90-1%EC%A1%B0-%ED%88%AC%EC%9E%85,https://wimg.sedaily.com/news/cms/2026/09/17/news-p.v1.20260522.7eb402bc7bdf48628286039ff7d2df77_P1.jpg,1200,681,ok
https://ailens.sedaily.ai/international/2026/09/17/2026-09-17-%EB%8D%B0%EC%9D%B4%ED%84%B0%EC%84%BC%ED%84%B0%EA%B0%80-%EB%8A%98%EB%A6%B0-%EC%9A%94%EA%B8%88-%EC%9D%B4%EC%A0%9C-%EB%88%84%EA%B0%80-%EB%82%B4%EB%82%98,https://wimg.sedaily.com/news/cms/2026/09/17/news-p.v1.20260917.ea50430708c643a7bf6152a1f46753bf_P1.jpg,1200,900,ok
https://ailens.sedaily.ai/industry/2026/09/17/2026-09-17-SK-%EC%86%8C%EC%9E%AC-%EC%9E%A5%EB%B9%84-%EC%9D%B8%ED%94%84%EB%9D%BC-%EC%82%AC%EC%97%85-%EB%AC%B6%EC%96%B4-%EC%8B%9C%EB%84%88%EC%A7%80-%EA%B7%B8%EB%A3%B9-%EB%A6%AC%EB%B0%B8%EB%9F%B0%EC%8B%B1%EB%8F%84-%EB%B0%98%EB%8F%84%EC%B2%B4-%EC%9C%84%EC%A3%BC-%EA%B0%80%EC%86%8D,https://wimg.sedaily.com/news/cms/2026/09/17/news-p.v1.20260917.cbe46f77575a4949ad6e830a9d318d58_P1.jpg,600,450,ok
https://ailens.sedaily.ai/international/2026/09/17/2026-09-17-%EB%9F%AC-%EC%97%90%EB%84%88%EC%A7%80-%EC%88%98%EC%9E%85%EA%B5%AD-%EA%B2%A8%EB%83%A5-100-%EA%B4%80%EC%84%B8%EC%95%88-%ED%86%B5%EA%B3%BC-%EC%95%95%EB%B0%95-%EC%88%98%EC%9C%84-%EB%86%92%EC%97%AC,https://wimg.sedaily.com/news/cms/2026/09/17/rcv.YNA.20260914.PRU20260913359001009_P1.jpg,1200,860,ok
https://ailens.sedaily.ai/industry/2026/09/17/2026-09-17-SK-%ED%95%98%EC%9D%B4%EB%8B%89%EC%8A%A4%EA%B0%80-%EA%B7%B8%EB%A3%B9-%EC%9B%90%ED%86%B1-%EC%84%A0%EC%96%B8-AI%EC%BB%B4%ED%8D%BC%EB%8B%88-%EB%A1%9C-%EC%9D%B8%EC%A0%81-%EC%A1%B0%EC%A7%81-%EC%87%84%EC%8B%A0-%EC%B6%94%EC%A7%84,https://wimg.sedaily.com/news/cms/2026/09/17/news-p.v1.20260917.69bfdd82a23d459aa51d7aff665eceeb_P1.jpg,1200,529,ok
https://ailens.sedaily.ai/culture/2026/09/17/2026-09-17-%EC%BD%94%EB%A1%9C%EB%82%9819-%EB%B0%B1%EC%8B%A0-%EC%9E%84%EC%8B%9C-%ED%95%84%EC%88%98%EC%98%88%EB%B0%A9%EC%A0%91%EC%A2%85-%EC%A0%84%ED%99%98-10%EC%9B%94-12%EC%9D%BC%EB%B6%80%ED%84%B0-%EA%B3%A0%EC%9C%84%ED%97%98%EA%B5%B0-%EC%A0%91%EC%A2%85,https://wimg.sedaily.com/news/cms/2026/09/17/ams.001.photo.202204261627592241966286_P1.jpg,1200,800,ok
https://ailens.sedaily.ai/markets/2026/09/17/2026-09-17-%EC%A0%80%EB%85%81-8%EC%8B%9C%EA%B9%8C%EC%A7%80-%EC%9D%BC%ED%95%9C-%EB%92%A4-%EC%84%9C%EC%9A%B8%EB%A1%9C-%EB%B6%88%EB%A0%A4%EA%B0%94%EB%8B%A4,https://wimg.sedaily.com/news/cms/2026/09/17/news-p.v1.20260917.1f6aaa3b0b67440b982b6f960e97a461_P1.jpg,1200,1800,ok
https://ailens.sedaily.ai/international/2026/09/17/2026-09-17-%EB%AF%B8%EA%B5%AD-%EA%B8%88%EB%A6%AC%EA%B0%80-%ED%95%9C%EA%B5%AD%EB%B3%B4%EB%8B%A4-1-%ED%8F%AC%EC%9D%B8%ED%8A%B8-%EB%86%92%EC%95%84%EC%A1%8C%EC%8A%B5%EB%8B%88%EB%8B%A4,https://wimg.sedaily.com/news/cms/2026/09/17/rcv.YNA.20260917.PEP20260917042601009_P1.jpg,1200,800,ok
https://ailens.sedaily.ai/news/2026/09/17/2026-09-17-%EA%B0%80%EB%B0%A9%EC%9D%80-%EA%B7%B8%EB%8C%80%EB%A1%9C%EC%9D%B8%EB%8D%B0-%EA%B2%B0%EB%A1%A0%EC%9D%B4-%EB%B0%94%EB%80%8C%EC%97%88%EB%8B%A4,https://wimg.sedaily.com/news/cms/2026/09/17/news-p.v1.20260917.61c0bd29d142435281a56649c0717c3b_P1.jpg,860,487,ok
https://ailens.sedaily.ai/markets/2026/09/17/2026-09-17-%EB%8B%B7%EC%BB%B4%EB%B2%84%EB%B8%94-%EA%B8%88%EB%A6%AC-%EB%9B%B8-%EB%95%8C-%EC%A3%BC%EA%B0%80%EB%8A%94-2%EB%B0%B0-%EC%98%AC%EB%9E%90%EB%8B%A4,https://wimg.sedaily.com/news/cms/2026/09/17/news-p.v1.20260917.76abcc69d4fa4f4b90f7ec587db0ce78_P1.jpg,658,438,ok
https://ailens.sedaily.ai/finance/2026/09/17/2026-09-17-%EC%A7%80%EB%82%9C%EB%8B%AC%EA%B9%8C%EC%A7%80%EB%A7%8C-%ED%95%B4%EB%8F%84-4%EB%8C%80-%EC%8B%9C%EC%A4%91%EC%9D%80%ED%96%89%EC%97%90%EC%84%9C-%EC%97%B0-4-%EB%8C%80-%EA%B3%A0%EC%A0%95%EA%B8%88%EB%A6%AC-%EC%A3%BC%ED%83%9D%EB%8B%B4%EB%B3%B4%EB%8C%80%EC%B6%9C%EC%9D%84-%EC%B0%BE%EC%9D%84-%EC%88%98-%EC%9E%88%EC%97%88%EC%8A%B5%EB%8B%88%EB%8B%A4-%EC%A7%80%EA%B8%88%EC%9D%80-%EC%8B%A0%ED%95%9C%EC%9D%80%ED%96%89,https://wimg.sedaily.com/news/cms/2026/09/17/news-p.v1.20260910.2cf1845646aa4859a178b83e1c0d64e6_P1.jpg,640,425,ok
https://ailens.sedaily.ai/markets/2026/09/17/2026-09-17-%EB%A9%94%EB%A6%AC%EC%B8%A0-%EB%B0%9C%ED%96%89%EC%96%B4%EC%9D%8C-9%EB%B6%80-%EB%8A%A5%EC%84%A0-%EB%84%98%EC%96%B4-%EC%A6%9D%EC%84%A0%EC%9C%84%EC%84%9C-%EC%9D%B8%EA%B0%80%EC%95%88-%ED%86%B5%EA%B3%BC,https://wimg.sedaily.com/news/cms/2026/09/17/news-p.v1.20260917.530a1a518c004725b70590aba17984bf_P1.png,500,333,ok
https://ailens.sedaily.ai/news/2026/09/17/2026-09-17-%EB%B9%84%EC%83%81%EA%B3%84%EC%97%84-%EB%8B%B9%EC%8B%9C-%EC%9C%84%EB%B2%95-%EB%AA%85%EB%A0%B9-%EC%86%8C%EA%B7%B9-%EC%9D%B4%ED%96%89%ED%95%9C-%EC%9E%A5%EA%B5%90%EC%97%90-%EC%A0%95%EC%A7%81-%EC%B7%A8%EC%86%8C%ED%95%B4%EC%95%BC,https://wimg.sedaily.com/news/cms/2026/09/17/news-p.v1.20260105.105b88ea8b944227a43393fffd8f64ca_P1.jpeg,500,375,ok
https://ailens.sedaily.ai/markets/2026/09/17/2026-09-17-%EB%A1%9C%EB%B4%87-%EA%B8%B0%EB%8C%80%EA%B0%80-%EA%B1%B7%ED%9E%88%EC%9E%90-100%EC%A1%B0%EA%B0%80-%EB%B9%A0%EC%A1%8C%EB%8B%A4,https://wimg.sedaily.com/news/cms/2026/09/17/news-p.v1.20260910.245303c93069449fafa22debf383f147_P1.jpg,719,557,ok
https://ailens.sedaily.ai/finance/2026/09/17/2026-09-17-%EA%B8%B0%EC%9D%80-%EB%B3%B8%EC%A0%90-%EC%98%AE%EA%B8%B0%EB%A9%B4-%EC%A4%91%EC%86%8C%EA%B8%B0%EC%97%85-%EC%83%9D%EC%82%B0%EC%86%90%EC%8B%A4-%EC%B5%9C%EB%8C%80-41%EC%A1%B0,https://wimg.sedaily.com/news/cms/2026/09/17/news-g.v1.20260917.a3e5c58f66a84b0aaadad308de960dd3_P1.jpg,1200,477,ok
https://ailens.sedaily.ai/news/2026/09/17/2026-09-17-%EB%83%89%EC%9E%A5-%EC%97%86%EC%9D%B4-%EC%98%A8-%EB%B9%84%EB%A7%8C%EC%B9%98%EB%A3%8C%EC%A0%9C-%EC%9C%84%EC%A1%B0%ED%92%88%EC%9D%B4%EC%97%88%EC%8A%B5%EB%8B%88%EB%8B%A4,https://wimg.sedaily.com/news/cms/2026/09/17/news-p.v1.20260917.eb7961e6c4804467b2c7b83f4d481c77_P1.jpg,1200,800,ok
https://ailens.sedaily.ai/industry/2026/09/17/2026-09-17-%EC%83%88%EB%A1%9C-%EC%A7%93%EB%8A%94-%ED%83%9C%EC%96%91%EA%B4%91-%ED%92%8D%EB%A0%A5-%EB%B0%9C%EC%A0%84%EC%86%8C-70-%EA%B0%80-%EC%86%A1%EC%A0%84%EB%A7%9D-%EB%B6%80%EC%A1%B1,https://wimg.sedaily.com/news/cms/2026/09/17/9/news-p.v1.20260716.9d6b9bfae67448fab546d248bd77a666_P1.jpg,1200,891,ok
https://ailens.sedaily.ai/international/2026/09/17/2026-09-17-%ED%99%98%EC%9C%A8-%ED%95%98%EB%A3%A8%EC%83%88-13-6%EC%9B%90-%EC%B9%98%EC%86%9F%EC%95%84-%EC%B1%84%EA%B6%8C%EA%B8%88%EB%A6%AC-%EB%8D%94-%EC%98%A4%EB%A5%B4%EB%82%98-%EA%B8%B0%EC%97%85-%EC%B4%88%EA%B8%B4%EC%9E%A5,https://wimg.sedaily.com/news/cms/2026/09/17/rcv.YNA.20260917.PYH2026091703690001300_P1.jpg,1200,852,ok
https://ailens.sedaily.ai/markets/2026/09/17/2026-09-17-%EB%B9%85%EB%B1%85-%EC%A0%84%EC%8B%9C%EB%A5%BC-%EB%A7%8C%EB%93%A0-%ED%9A%8C%EC%82%AC%EA%B0%80-300%EC%96%B5%EC%9D%84-%EB%AA%A8%EC%9D%80%EB%8B%A4,https://wimg.sedaily.com/news/cms/2026/09/17/news-p.v1.20260917.476bc3b18e6d42eca503358bd5334cdf_P1.jpg,647,915,ok
https://ailens.sedaily.ai/markets/2026/09/17/2026-09-17-%EB%8D%94-%EC%84%B8%EC%A7%80%EB%8A%94-%EA%B3%B5%EC%A0%95%EC%9C%84-%EC%B9%BC%EC%9E%90%EB%A3%A8-%EB%84%A4%EC%9D%B4%EB%B2%84-%EB%91%90%EB%82%98%EB%AC%B4-%ED%95%A9%EB%B3%91%EB%8F%84-%EB%AF%B8%EA%B6%81-%EC%8B%9C%EA%B7%B8%EB%84%90,https://wimg.sedaily.com/news/cms/2026/09/17/news-p.v1.20260917.bb5569d82c244325a7b88fa6bce0adf2_P1.jpeg,860,573,ok
https://ailens.sedaily.ai/industry/2026/09/17/2026-09-17-%ED%95%9C%ED%99%94-UAE-%ED%95%98%EB%8A%98-%EC%A7%80%ED%82%A8%EB%8B%A4-%ED%98%84%EC%A7%80-%EB%B0%A9%EC%82%B0%EA%B8%B0%EC%97%85%EA%B3%BC-%ED%86%B5%ED%95%A9-%EB%8C%80%EA%B3%B5%EB%A7%9D-%EA%B5%AC%EC%B6%95,https://wimg.sedaily.com/news/cms/2026/09/17/news-p.v1.20260917.12405e42f4c64db68ccbcc7161e2b1b8_P1.jpg,1200,823,ok
https://ailens.sedaily.ai/news/2026/09/17/2026-09-17-%EC%86%8D%EB%B3%B4-%EC%84%A0%EA%B4%80%EC%9C%84-%ED%8A%B9%EA%B2%80-%EC%B6%9C%EB%B2%94-10%EC%9D%BC%EB%A7%8C-%EC%B2%AB-%EC%95%95%EC%88%98%EC%88%98%EC%83%89-%EA%B0%95%EC%A0%9C%EC%88%98%EC%82%AC-%EB%B3%B8%EA%B2%A9%ED%99%94,https://wimg.sedaily.com/news/cms/2026/09/17/news-p.v1.20260917.7606764118984fef919225278b9608d5_P1.png,885,548,ok
https://ailens.sedaily.ai/industry/2026/09/17/2026-09-17-%EC%9E%84%EC%9B%90-250%EB%AA%85%EC%9D%84-%ED%95%9C-%EB%AA%85%EC%94%A9-%EB%94%B0%EB%A1%9C-%EB%B6%88%EB%A0%80%EB%8B%A4,https://ailens.sedaily.ai/lens/default-cover.webp,960,960,ok
https://ailens.sedaily.ai/news/2026/09/17/2026-09-17-%EC%A7%80%EB%82%9C-6%EC%9B%94-3%EC%9D%BC-%EC%A7%80%EB%B0%A9%EC%84%A0%EA%B1%B0-%EB%8B%B9%EC%9D%BC-%EC%9D%B8%EC%B2%9C-%EC%97%B0%EC%88%98%EA%B5%AC%EC%99%80-%EA%B2%BD%EA%B8%B0-%ED%99%94%EC%84%B1-%EB%8F%99%ED%83%84%EA%B5%AC%EC%97%90%EC%84%9C%EB%8A%94-%EC%9C%A0%EA%B6%8C%EC%9E%90%EB%93%A4%EC%9D%B4-%ED%88%AC%ED%91%9C%EC%9A%A9%EC%A7%80%EB%A5%BC-%EB%B0%9B%EC%A7%80-%EB%AA%BB%ED%95%B4-%EC%A4%84%EC%9D%84,https://wimg.sedaily.com/news/cms/2026/09/17/news-p.v1.20260917.05644864732b41689d8f66ae93d29706_P1.jpg,860,530,ok
https://ailens.sedaily.ai/industry/2026/09/17/2026-09-17-%EB%91%90%EC%82%B0-CCL-%EC%A6%9D%EC%84%A4%EC%97%90-1%EC%A1%B0%EC%9B%90-%ED%88%AC%EC%9E%90-%EB%B0%98%EB%8F%84%EC%B2%B4-%EC%86%8C%EC%9E%AC-%EC%8A%B9%EB%B6%80%EC%88%98,https://wimg.sedaily.com/news/cms/2026/09/17/news-p.v1.20260917.8318c8ca613a4914bb40ac55585adb12_P1.jpg,1200,575,ok
https://ailens.sedaily.ai/property/2026/09/17/2026-09-17-%EA%B0%95%EB%82%A8%EC%9D%80-%EB%B9%A0%EC%A0%B8%EB%8F%84-%EC%84%9C%EC%9A%B8-%EC%A7%91%EA%B0%92-84%EC%A3%BC%EC%A7%B8-%EC%83%81%EC%8A%B9-%EC%B5%9C%EC%9E%A5%EA%B8%B0%EB%A1%9D-%ED%84%B1%EB%B0%91,https://wimg.sedaily.com/news/cms/2026/09/17/news-p.v1.20260915.e29946c08355431c9edede1c70f5763d_P1.jpg,1200,647,ok
https://ailens.sedaily.ai/property/2026/09/17/2026-09-17-%ED%86%A0%ED%97%88%EA%B5%AC%EC%97%AD-%EB%82%B4-%EC%8B%A4%EA%B1%B0%EC%A3%BC-%EC%9C%A0%EC%98%88-%EB%82%B4%EB%85%84-%EB%A7%90%EA%B9%8C%EC%A7%80%EB%A1%9C-%EC%97%B0%EC%9E%A5,https://wimg.sedaily.com/news/cms/2026/09/17/news-p.v1.20260916.49c7e6b75f3644f5bf10e8ae9dd93dd7_P1.jpg,1200,863,ok
https://ailens.sedaily.ai/industry/2026/09/17/2026-09-17-%ED%9A%8C%EA%B3%84%EC%9E%A5%EB%B6%80%EC%97%90%EB%8A%94-4-770%EC%96%B5-%EC%9B%90%EC%A7%9C%EB%A6%AC-%ED%9A%8C%EC%82%AC%EB%A1%9C-%EC%A0%81%ED%98%80-%EC%9E%88%EC%8A%B5%EB%8B%88%EB%8B%A4-%EA%B0%99%EC%9D%80-%EB%82%A0-%EC%A3%BC%EC%8B%9D%EC%8B%9C%EC%9E%A5%EC%9D%B4-%EB%A7%A4%EA%B8%B4-%EA%B0%92%EC%9D%80-767%EC%96%B5-%EC%9B%90%EC%9D%B4%EC%97%88%EC%8A%B5%EB%8B%88%EB%8B%A4,https://wimg.sedaily.com/news/cms/2026/09/17/news-p.v1.20260906.42a45ec0fdae4b72b1dc96a9a177a632_P1.jpg,723,1024,ok
https://ailens.sedaily.ai/culture/2026/09/17/2026-09-17-%EC%9E%84%EC%8B%A0%EC%A4%91%EC%A7%80-%EC%95%BD%EC%9C%BC%EB%A1%9C%EB%8F%84-%EA%B0%80%EB%8A%A5-%EB%AF%B8%ED%94%84%EC%A7%84-%EB%8F%84%EC%9E%85%EC%97%90-%EA%B8%B0%EB%8C%80%EC%99%80-%EB%B0%98%EB%B0%9C-%EC%A0%95%EB%A9%B4%EC%B6%A9%EB%8F%8C,https://wimg.sedaily.com/news/cms/2026/09/17/news-p.v1.20260917.6631b493c34e4103b9c90b3e4f27152e_P1.jpg,1200,800,ok
https://ailens.sedaily.ai/markets/2026/09/17/2026-09-17-%EC%8A%A4%ED%8E%98%EC%9D%B4%EC%8A%A4X-%EC%8A%A4%ED%83%80%EC%8B%AD-%EC%B2%AB-%EA%B6%A4%EB%8F%84-%EB%B9%84%ED%96%89-%EC%98%88%EA%B3%A0-%EC%9A%B0%EC%A3%BC%ED%95%AD%EA%B3%B5-%EB%8F%99%EB%B0%98-%EA%B0%95%EC%84%B8-%EC%9D%B4%EB%9F%B0%EA%B5%AD%EC%9E%A5-%EC%A0%80%EB%9F%B0%EC%A3%BC%EC%8B%9D,https://wimg.sedaily.com/news/cms/2026/09/17/news-p.v1.20260917.10ca29d6ae77451e91994e56aa8d7145_P1.png,860,573,ok
https://ailens.sedaily.ai/markets/2026/09/17/2026-09-17-%EC%98%A4%EC%A0%84%EC%97%90-1-%EC%98%AC%EB%9E%90%EB%8D%98-%EC%A7%80%EC%88%98%EA%B0%80-%EC%98%A4%ED%9B%84%EC%97%90-%EC%82%AC%EB%9D%BC%EC%A1%8C%EB%8B%A4,https://wimg.sedaily.com/news/cms/2026/09/17/rcv.YNA.20260917.PYH2026091722140001300_P1.jpg,1200,741,ok
https://ailens.sedaily.ai/finance/2026/09/17/2026-09-17-300%EC%96%B5-%EB%84%98%EB%8A%94-%EB%8C%80%EC%B6%9C%EC%9D%80-%EC%84%9C%EC%9A%B8-%EB%B3%B8%EC%A0%90%EC%9D%B4-%EA%B2%B0%EC%A0%95%ED%95%A9%EB%8B%88%EB%8B%A4,https://wimg.sedaily.com/news/cms/2026/09/17/rcv.YNA.20260904.PYH2026090408190001300_P1.jpg,1200,701,ok
https://ailens.sedaily.ai/markets/2026/09/17/2026-09-17-%ED%95%9C%ED%99%94%EC%8B%9C%EC%8A%A4%ED%85%9C-UAE-%ED%86%B5%ED%95%A9%EB%8C%80%EA%B3%B5%EB%A7%9D-%EA%B5%AC%EC%B6%95-%EC%B6%94%EC%A7%84%EC%97%90-12-%EB%8C%80-%EA%B8%89%EB%93%B1-%EC%9D%B4%EB%9F%B0%EA%B5%AD%EC%9E%A5-%EC%A0%80%EB%9F%B0%EC%A3%BC%EC%8B%9D,https://wimg.sedaily.com/news/cms/2026/09/17/news-p.v1.20260917.803d0971cf5e4d0c99fbc3662a95c30d_P1.png,860,590,ok
https://ailens.sedaily.ai/industry/2026/09/17/2026-09-17-%EB%8B%A8%EB%8F%85-%EC%9B%A8%EC%8A%A4%ED%8C%85%ED%95%98%EC%9A%B0%EC%8A%A4-%EB%B0%98%EB%8C%80%EC%97%90-%EB%8C%80%EB%AF%B8%ED%88%AC%EC%9E%90-%EB%A7%89%ED%8C%90-%EC%A7%84%ED%86%B5-%EA%B2%BD%EC%98%81-%EC%B0%B8%EC%97%AC-%EB%86%93%EA%B3%A0-%EC%9D%B4%EA%B2%AC,https://wimg.sedaily.com/news/cms/2026/09/17/news-p.v1.20260916.0e67bbb29163441a9dafdf857525499b_P1.jpg,1200,800,ok
https://ailens.sedaily.ai/markets/2026/09/17/2026-09-17-%ED%95%B4%ED%83%9C%EC%A0%9C%EA%B3%BC-530%EC%96%B5-%ED%9A%8C%EA%B3%84%EC%B2%98%EB%A6%AC-%EC%9C%84%EB%B0%98-%EC%A3%BC%EC%8B%9D-%EA%B1%B0%EB%9E%98%EC%A0%95%EC%A7%80-%EC%83%81%EC%9E%A5%EC%8B%AC%EC%82%AC-%EB%B0%9B%EB%8A%94%EB%8B%A4,https://wimg.sedaily.com/news/cms/2026/09/17/news-p.v1.20260917.5de0322450b14a3ea131dc2b4fd286ea_P1.png,1000,566,ok
https://ailens.sedaily.ai/news/2026/09/17/2026-09-17-%EC%B5%9C%EA%B7%BC-%EC%96%B4%EB%8A%90-%EB%95%8C%EB%B3%B4%EB%8B%A4-%EC%84%9C%EC%9A%B8%EA%B3%BC-%EC%88%98%EB%8F%84%EA%B6%8C%EC%9D%98-%EC%A3%BC%EA%B1%B0-%EB%AC%B8%EC%A0%9C%EA%B0%80-%EC%8B%AC%EA%B0%81%ED%95%A9%EB%8B%88%EB%8B%A4-17%EC%9D%BC-%EA%B5%AD%ED%9A%8C-%EC%9D%98%EC%9B%90%ED%9A%8C%EA%B4%80%EC%97%90%EC%84%9C-%EC%97%B4%EB%A6%B0-%EC%A3%BC%EA%B1%B0%EB%B3%B5%EC%A7%80%ED%8A%B9%EB%B3%84%EC%9C%84%EC%9B%90,https://wimg.sedaily.com/news/cms/2026/09/17/rcv.YNA.20260917.PYH2026091702650001300_P1.jpg,1200,703,ok
https://ailens.sedaily.ai/international/2026/09/17/2026-09-17-%EB%B6%84%EB%AA%85%ED%95%9C-%EC%82%AC%EC%8B%A4%EC%9D%80-%EC%9D%B8%ED%94%8C%EB%A0%88%EC%9D%B4%EC%85%98%EC%9D%B4-%EB%84%88%EB%AC%B4-%EB%86%92%EA%B3%A0-%EB%84%88%EB%AC%B4-%EC%98%A4%EB%9E%AB%EB%8F%99%EC%95%88-%EC%A7%80%EC%86%8D%EB%90%90%EB%8B%A4%EB%8A%94-%EC%A0%90%EC%9E%85%EB%8B%88%EB%8B%A4-%EC%BC%80%EB%B9%88-%EC%9B%8C%EC%8B%9C-%EB%AF%B8%EA%B5%AD-%EC%97%B0%EB%B0%A9%EC%A4%80%EB%B9%84%EC%A0%9C%EB%8F%84,https://wimg.sedaily.com/news/cms/2026/09/17/news-p.v1.20260917.86734e9d8a064625bfecc53bbad07a11_P1.png,658,438,ok
https://ailens.sedaily.ai/markets/2026/09/17/2026-09-17-MBK%EC%82%AC%ED%9A%8C%EC%A0%81%EC%B1%85%EC%9E%84%EC%9C%84-%ED%88%AC%EC%9E%90%EC%8B%9C-%EA%B3%A0%EC%9A%A9-%EC%A7%80%EC%97%AD%EC%82%AC%ED%9A%8C-%EC%98%81%ED%96%A5-%EC%82%B4%ED%8E%B4%EC%95%BC-%EA%B6%8C%EA%B3%A0-%EC%8B%9C%EA%B7%B8%EB%84%90,https://wimg.sedaily.com/news/cms/2026/09/17/news-p.v1.20260909.44a6f07235d442d49e1e519f800f7d90_P1.jpg,637,248,ok
https://ailens.sedaily.ai/markets/2026/09/17/2026-09-17-10%EB%85%84-%EB%93%A4%EA%B3%A0-%EC%9E%88%EB%8D%98-%EC%A7%80%EB%B6%84-9-8-%EC%8B%B8%EA%B2%8C-%EB%84%98%EA%B2%BC%EC%8A%B5%EB%8B%88%EB%8B%A4-%EC%9E%A5%EC%9D%B4-%EC%97%B4%EB%A6%AC%EA%B8%B0-%EC%A0%84%EC%97%90-400%EB%A7%8C-%EC%A3%BC%EA%B0%80-%EC%86%90%EC%9D%84-%EB%B0%94%EA%BF%A8%EC%8A%B5%EB%8B%88%EB%8B%A4-%EC%A3%BC%EB%8B%B9-1,https://wimg.sedaily.com/news/cms/2026/09/17/news-p.v1.20260908.2603c3768c894543ac932fe79b5d5eba_P1.jpg,1200,800,ok
https://ailens.sedaily.ai/industry/2026/09/17/2026-09-17-%EC%85%80%ED%8A%B8%EB%A6%AC%EC%98%A8-%EB%9E%A8%EC%8B%9C%EB%A7%88-%EC%9D%BC%EB%B3%B8-%EC%B6%9C%EC%8B%9C-11%EB%85%84-%EB%A7%8C%EC%97%90-%EC%A0%90%EC%9C%A0%EC%9C%A8-1%EC%9C%84,https://wimg.sedaily.com/news/cms/2026/09/17/news-p.v1.20260917.6e8da094ac5841b1919d00793c913b62_P1.jpg,1200,746,ok
https://ailens.sedaily.ai/industry/2026/09/17/2026-09-17-%EC%83%88-%ED%8F%B4%EB%8D%94%EB%B8%94-%EC%95%84%EC%9D%B4%ED%8F%B0%EC%9D%B4-%EA%B3%B5%EA%B0%9C%EB%90%9C-%EB%82%A0-%EB%A7%A4%EC%9E%A5%EC%97%90%EC%84%9C-%EB%8D%94-%EB%A7%8E%EC%9D%B4-%ED%8C%94%EB%A6%B0-%EC%A0%9C%ED%92%88%EC%9D%80-%EC%82%BC%EC%84%B1%EC%A0%84%EC%9E%90-%EA%B0%A4%EB%9F%AD%EC%8B%9C-Z%ED%8F%B4%EB%93%9C8%EC%9D%B4%EC%97%88%EC%8A%B5%EB%8B%88%EB%8B%A4-%EA%B3%B5%EA%B0%9C-%EC%8B%9C%EC%A0%90,https://wimg.sedaily.com/news/cms/2026/09/17/news-p.v1.20260917.ba83db72eedf4e3eb8ea809e8d6b5a40_P1.png,1200,689,ok
https://ailens.sedaily.ai/industry/2026/09/17/2026-09-17-%EC%8B%A0%EC%84%B8%EA%B3%84%EA%B7%B8%EB%A3%B9-2027%EB%85%84-%EC%8B%A0%EC%9E%85%EC%82%AC%EC%9B%90-%EC%B1%84%EC%9A%A9-%EB%82%98%EC%84%A0%EB%8B%A4-10%EA%B0%9C-%EA%B3%84%EC%97%B4%EC%82%AC-%EC%B0%B8%EC%97%AC,https://wimg.sedaily.com/news/cms/2026/09/17/news-p.v1.20260917.9ed227da123043bdbfe28214ea89e396_P1.jpg,1200,1699,ok
https://ailens.sedaily.ai/industry/2026/09/17/2026-09-17-8-9%EB%85%84-%EA%B1%B8%EB%A6%AC%EB%8D%98-%EC%86%8C%EB%87%8C%EC%8B%A4%EC%A1%B0%EC%A6%9D-%EC%9B%90%EC%9D%B8-%EC%A7%84%EB%8B%A8-25%EC%8B%9C%EA%B0%84%EC%9C%BC%EB%A1%9C-%EB%8B%A8%EC%B6%95%EB%90%9C%EB%8B%A4,https://wimg.sedaily.com/news/cms/2026/09/17/news-p.v1.20260917.264c21af8f0c4e95961f3493a832da5d_P1.jpg,1037,408,ok
https://ailens.sedaily.ai/markets/2026/09/17/2026-09-17-%EC%82%BC%EC%84%B1%EC%A6%9D%EA%B6%8C-%EC%B2%AB-%EB%B0%9C%ED%96%89%EC%96%B4%EC%9D%8C-%EC%B6%9C%EC%8B%9C-%EC%B5%9C%EB%8C%80-%EC%97%B0-5-5-%ED%8A%B9%ED%8C%90-%EC%84%A0%EB%B4%AC,https://wimg.sedaily.com/news/cms/2026/09/17/news-p.v1.20260917.0af97955bdd14a809d8699b801ec7e52_P1.png,720,720,ok
https://ailens.sedaily.ai/markets/2026/09/17/2026-09-17-%ED%99%98%EC%9C%A8%EC%9D%B4-%EC%A0%80%EC%A0%90%EC%9D%84-%EC%B0%8D%EC%9D%80-%EB%82%A0%EB%B6%80%ED%84%B0-%EC%99%B8%EA%B5%AD%EC%9D%B8%EC%9D%80-%ED%8C%94%EC%95%98%EB%8B%A4,https://wimg.sedaily.com/news/cms/2026/09/17/rcv.YNA.20260916.PYH2026091621840001300_P1.jpg,1200,714,ok
https://ailens.sedaily.ai/markets/2026/09/17/2026-09-17-%EB%89%B4%EC%9A%95%EC%9D%80-%EB%82%B4%EB%A0%B8%EB%8A%94%EB%8D%B0-%EC%84%9C%EC%9A%B8%EC%9D%80-%EC%98%AC%EB%9D%BC%EC%84%9C-%EC%97%B4%EB%A0%B8%EC%8A%B5%EB%8B%88%EB%8B%A4,https://wimg.sedaily.com/news/cms/2026/09/17/rcv.YNA.20260917.PYH2026091703610001300_P1.jpg,1200,813,ok
https://ailens.sedaily.ai/markets/2026/09/17/2026-09-17-%EB%9D%BC%EC%9D%B4%ED%94%84%EC%9A%B4%EC%9A%A9-%ED%95%9C%EB%AF%B8%EC%95%BD%ED%92%88-%EA%B0%90%EC%82%AC%EC%9C%84%EC%9B%90%ED%9A%8C%EC%97%90-%EB%B6%81%EA%B2%BD%ED%95%9C%EB%AF%B8-%ED%8A%B9%EB%B3%84%EA%B0%90%EC%82%AC-%EC%9A%94%EC%B2%AD-%EC%8B%9C%EA%B7%B8%EB%84%90,https://wimg.sedaily.com/news/cms/2026/09/17/news-p.v1.20260910.371d76de0c54466da72b3564f0e4d5c4_P1.png,680,454,ok
https://ailens.sedaily.ai/international/2026/09/17/2026-09-17-%EC%97%B0%EC%A4%80-3%EB%85%84-2%EA%B0%9C%EC%9B%94-%EB%A7%8C%EC%97%90-%EA%B8%88%EB%A6%AC-0-25-%EC%9D%B8%EC%83%81-%EC%97%B0%EB%82%B4-%ED%95%9C-%EB%B2%88-%EB%8D%94,https://wimg.sedaily.com/news/cms/2026/09/17/news-p.v1.20260829.35c03f7fa66f475fb9c7ff87dca10922_P1.png,695,473,ok
https://ailens.sedaily.ai/news/2026/09/17/2026-09-17-%ED%95%9C-%EB%8B%AC%EB%A7%8C-%EA%B5%AD%EB%AF%BC%EC%97%B0%EA%B8%88%EC%97%90-%EA%B0%80%EC%9E%85%ED%95%9C-%EC%82%AC%EB%9E%8C%EC%9D%B4-%EC%9E%88%EC%97%88%EC%8A%B5%EB%8B%88%EB%8B%A4-%EA%B7%B8%EB%8A%94-%EC%9D%B4%ED%9B%84-119%EA%B0%9C%EC%9B%94%EC%B9%98-%EB%B3%B4%ED%97%98%EB%A3%8C%EB%A5%BC-%ED%95%9C%EA%BA%BC%EB%B2%88%EC%97%90-%EB%83%88%EC%8A%B5%EB%8B%88%EB%8B%A4-%ED%95%A9%EC%B3%90-12,https://wimg.sedaily.com/news/cms/2026/09/17/rcv.NEWS1.NEWS1.20260910.2026-09-10T140135_1008099130_SOCIETY_I_P1.jpg,1200,755,ok
https://ailens.sedaily.ai/international/2026/09/17/2026-09-17-%EB%AF%B8%EA%B5%AD-%EC%97%AC%EB%A1%A0%EC%9D%80-%EC%9D%B4%EC%8A%A4%EB%9D%BC%EC%97%98%EC%84%9C-%EB%A9%80%EC%96%B4%EC%A7%80%EB%8A%94%EB%8D%B0-%ED%8A%B8%EB%9F%BC%ED%94%84-1%ED%86%A4%EA%B8%89-%ED%8F%AD%ED%83%84-4%EB%A7%8C%EB%B0%9C-%ED%8C%90%EB%A7%A4,https://wimg.sedaily.com/news/cms/2026/09/16/news-p.v1.20260916.5469d43498e84b3eba62a10a4e364fc8_P1.jpg,710,476,ok
https://ailens.sedaily.ai/international/2026/09/17/2026-09-17-%EB%AF%B8%EA%B5%AD%EC%9D%80-%EC%A7%80%EC%83%81%EA%B5%B0%EA%B3%BC-%EC%9E%90%EA%B5%AD-%EC%9C%84%EC%84%B1%EC%9D%84-%EB%B3%B4%ED%98%B8%ED%95%98%EA%B8%B0-%EC%9C%84%ED%95%B4-%EC%9A%B0%EC%A3%BC-%EB%AC%B4%EA%B8%B0%EB%A5%BC-%EC%A7%80%EA%B5%AC-%EA%B6%A4%EB%8F%84%EC%97%90-%EC%8B%A4%EC%A0%84-%EB%B0%B0%EC%B9%98%ED%96%88%EC%8A%B5%EB%8B%88%EB%8B%A4-%ED%8A%B8%EB%A1%9C%EC%9D%B4-%EB%A9%94%EC%9D%B8%ED%81%AC-%EB%AF%B8,https://wimg.sedaily.com/news/cms/2026/09/16/rcv.YNA.20260912.PAP20260912006701009_P1.jpg,1200,800,ok
https://ailens.sedaily.ai/international/2026/09/17/2026-09-17-%EC%9B%8C%EC%8B%9C-%EC%9D%B8%ED%94%8C%EB%A0%88-%EB%84%88%EB%AC%B4-%EB%86%92%EA%B3%A0-%EB%84%88%EB%AC%B4-%EC%98%A4%EB%9E%98-%EC%A7%80%EC%86%8D-%EC%95%84%EC%A7%81-%EA%B8%B4%EC%B6%95-%EC%95%84%EB%83%90,https://wimg.sedaily.com/news/cms/2026/09/17/rcv.YNA.20260917.PAP20260917041001009_P1.jpg,1200,800,ok
https://ailens.sedaily.ai/culture/2026/09/17/2026-09-17-%EC%9E%84%EC%8B%A0-%EC%A4%91%EC%A7%80-%EC%95%BD%EB%AC%BC%EC%9D%B4-%EC%9D%B4%EB%A5%B4%EB%A9%B4-%EB%82%B4%EB%85%84-1%EB%B6%84%EA%B8%B0-%EA%B5%AD%EB%82%B4%EC%97%90-%EB%93%A4%EC%96%B4%EC%98%B5%EB%8B%88%EB%8B%A4-%EA%B7%B8%EB%9F%B0%EB%8D%B0-%EC%95%BD%EA%B5%AD%EC%97%90%EC%84%9C%EB%8A%94-%EB%B0%9B%EC%9D%84-%EC%88%98-%EC%97%86%EC%8A%B5%EB%8B%88%EB%8B%A4-%EB%B3%91%EC%9B%90%EC%97%90-%EA%B0%80%EC%84%9C,https://wimg.sedaily.com/news/cms/2026/09/16/news-g.v1.20260916.c721709ab8064b65bd45c75ead09363b_P2.jpg,500,216,ok
https://ailens.sedaily.ai/industry/2026/09/17/2026-09-17-%EB%94%94%EC%A6%88%EB%8B%88-SM-%EC%B9%B4%EC%B9%B4%EC%98%A4-%ED%95%98%EC%9D%B4%EB%B8%8C-%EC%86%90%EC%9E%A1%EB%8A%94%EB%8B%A4-K%ED%8C%9D-IP-%EC%82%AC%EC%97%85-%ED%99%95%EB%8C%80,https://wimg.sedaily.com/news/cms/2026/09/16/news-p.v1.20260916.76c72f6cf42142719020f017899c73b3_P1.jpg,1200,793,ok
https://ailens.sedaily.ai/industry/2026/09/17/2026-09-17-%EB%8C%80%ED%95%9C%ED%95%AD%EA%B3%B5-%EB%A9%94%EA%B0%80-%EC%BA%90%EB%A6%AC%EC%96%B4-%EB%8F%84%EC%95%BD-%EC%88%9C%ED%95%AD-%EB%B3%B4%EC%9E%89%EA%B8%B0-103%EB%8C%80-%EC%8B%A0%EA%B7%9C-%EB%8F%84%EC%9E%85-biz-%ED%94%8C%EB%9F%AC%EC%8A%A4,https://wimg.sedaily.com/news/cms/2026/09/17/news-p.v1.20260916.9732b7a887f04546afc9a4b6f8d8ef08_P1.jpg,1200,800,ok
https://ailens.sedaily.ai/industry/2026/09/17/2026-09-17-%EA%B5%AD%EC%82%B0-%EC%8B%A0%EC%95%BD-44%EA%B0%9C-%EC%95%84%EC%A7%81-1%EC%A1%B0-%EC%9B%90%EC%9D%80-%EC%97%86%EB%8B%A4,https://wimg.sedaily.com/news/cms/2026/09/16/news-p.v1.20260916.6ba9780dce494788943035fd49793e66_P1.jpg,700,467,ok
https://ailens.sedaily.ai/industry/2026/09/17/2026-09-17-%ED%95%9C%EC%9A%B0%EA%B0%80-1%EB%85%84%EC%83%88-15-%EC%98%A4%EB%A5%B4%EC%9E%90-%EC%88%98%EC%9E%85%EC%9C%A1%EC%9C%BC%EB%A1%9C-%EA%B8%B0%EC%9A%B0%EB%8A%94-%EC%9E%A5%EB%B0%94%EA%B5%AC%EB%8B%88,https://wimg.sedaily.com/news/cms/2026/09/16/rcv.YNA.20260825.PYH2026082511370001300_P1.jpg,1200,694,ok
https://ailens.sedaily.ai/markets/2026/09/17/2026-09-17-%EC%9D%B4%EB%B3%91%ED%99%98-%EC%8A%A4%EC%B9%B4%EC%9D%B4%EB%9E%A9%EC%8A%A4-%EB%8C%80%ED%91%9C-%EB%B0%98%EC%A7%80%ED%98%95-%EC%A0%9C%ED%92%88%EC%9C%BC%EB%A1%9C-24%EC%8B%9C%EA%B0%84-%ED%98%88%EC%95%95-%EC%B8%A1%EC%A0%95-%EB%82%B4%EB%85%84-%ED%97%88%EA%B0%80-%EB%AA%A9%ED%91%9C,https://wimg.sedaily.com/news/cms/2026/09/16/news-p.v1.20260916.a3aab8cf55e54d6f9412c97a6ae4a3b7_P1.png,1200,900,ok
https://ailens.sedaily.ai/markets/2026/09/17/2026-09-17-%EC%BD%94%EC%8A%A4%ED%94%BC-5%EC%9D%BC%EB%A7%8C%EC%97%90-%EB%B0%98%EB%93%B1%ED%96%88%EC%A7%80%EB%A7%8C-%EA%B0%9C%EB%AF%B8%EB%8A%94-%EB%A0%88%EB%B2%84%EB%A6%AC%EC%A7%80-%ED%8C%94%EA%B3%A0-%EC%9D%B8%EB%B2%84%EC%8A%A4-%EB%B2%A0%ED%8C%85-%EC%BD%94%EC%A3%BC%EB%B6%80,https://wimg.sedaily.com/news/cms/2026/09/16/news-p.v1.20260916.dbafe95bef43422aa757cba191ab2d53_P1.jpg,1200,473,ok
https://ailens.sedaily.ai/markets/2026/09/17/2026-09-17-%EB%B0%98%EA%B8%B0-%EC%88%9C%EC%9D%B5-8-9%EC%A1%B0%EC%97%90%EB%8F%84-%EA%B1%B0%EB%9E%98%EB%8C%80%EA%B8%88-%EB%91%94%ED%99%94-%EC%9A%B4%EC%9A%A9%EC%9D%B5-%EC%9D%98%EC%A1%B4-%EB%B6%80%EB%8B%B4,https://wimg.sedaily.com/news/cms/2026/09/16/news-p.v1.20260916.a219357463234354879be7d5bf76c1aa_P1.jpg,860,645,ok
https://ailens.sedaily.ai/international/2026/09/17/2026-09-17-%EB%A1%9C%EB%B4%87-%ED%8C%94%EC%9D%B4-%EC%A0%90%EB%A0%B9%ED%95%9C-%EC%A1%B0%EB%A6%BD%EB%9D%BC%EC%9D%B8-9%EB%B6%84-%EC%99%84%EC%B6%A9-%EC%85%80-3%EC%B4%88%EB%A7%8C%EC%97%90-%EB%9A%9D%EB%94%B1,https://wimg.sedaily.com/news/cms/2026/09/16/news-p.v1.20260916.2aad986da2724bd388891f92d1e7a2d5_P1.jpg,1200,675,ok
https://ailens.sedaily.ai/news/2026/09/17/2026-09-16-N%EC%88%98%EC%83%9D-%EA%B5%AD%EC%96%B4-13-3%EC%A0%90-%EC%88%98%ED%95%99-12-1%EC%A0%90-%EC%95%9E%EC%84%B0%EB%8B%A4,https://wimg.sedaily.com/news/cms/2026/09/16/news-p.v1.20260916.dd76a4597f0642729ee61f7976d7cebe_P1.png,1200,800,ok
https://ailens.sedaily.ai/news/2026/09/17/2026-09-16-%EA%B5%90%EC%9C%A1%EB%B6%80-%EC%88%98%EC%8B%9C-%EB%A8%B9%ED%86%B5-388%EA%B1%B4-%EA%B5%AC%EC%A0%9C-188%EA%B1%B4-%EC%B6%94%EA%B0%80-%EA%B2%80%ED%86%A0,https://wimg.sedaily.com/news/cms/2026/09/16/news-p.v1.20260916.189b35523bf546e1b079cdc14f56088a_P1.jpg,1200,1483,ok
https://ailens.sedaily.ai/industry/2026/09/17/2026-09-16-%ED%95%9C%EA%B5%AD%EC%9D%B8%EB%93%A4-%EC%86%8C%EC%9A%B8%ED%91%B8%EB%93%9C%EC%9D%B8%EB%8D%B0-%EC%9D%B4%EC%A0%A0-%EB%AA%BB-%EC%82%AC%EB%A8%B9%EA%B2%A0%EB%8B%A4-%EC%9D%B4%EA%B2%83%EB%A7%88%EC%A0%80-1%EB%A7%8C%EC%9B%90-%EC%BD%94%EC%95%9E,https://wimg.sedaily.com/news/cms/2026/09/16/news-p.v1.20260916.cc98d82c7a194e06a4a5012448e2bab6_P1.jpg,1200,800,ok
https://ailens.sedaily.ai/industry/2026/09/17/2026-09-16-%EC%82%BC%EC%84%B1-%EC%B4%88%EA%B8%B0%EC%97%85%EB%85%B8%EC%A1%B0-%EC%9C%84%EC%9B%90%EC%9E%A5-%EB%85%B8%EC%A1%B0%EB%B9%84-2000%EB%A7%8C-%EC%9B%90%EC%9C%BC%EB%A1%9C-%EB%B8%94%EB%9E%99%EB%A6%AC%EC%8A%A4%ED%8A%B8-%EC%9E%91%EC%84%B1-%ED%98%90%EC%9D%98-%EC%85%80%ED%94%84-%EC%84%A0%EC%B2%98-%EC%B6%94%EC%A7%84,https://wimg.sedaily.com/news/cms/2026/09/16/news-p.v1.20260916.698bc9aff9ae4c5684ced3379e65ebab_P1.png,526,398,ok
https://ailens.sedaily.ai/industry/2026/09/17/2026-09-16-%EB%89%B4%EC%9A%95-%EC%99%95%EB%B3%B5%EC%97%90-73%EB%A7%8C-%EC%9B%90-%EC%9C%A0%EB%A5%98%ED%95%A0%EC%A6%9D%EB%A3%8C-%EB%8B%A4%EC%8B%9C-%EA%BF%88%ED%8B%80,https://wimg.sedaily.com/news/cms/2026/09/16/news-p.v1.20260916.30ef9e665024491bb917b0182675db6c_P1.jpg,1200,649,ok
https://ailens.sedaily.ai/industry/2026/09/16/2026-09-16-%EC%9A%B0%EB%A6%AC-%ED%9A%8C%EC%82%AC%EB%8A%94-4%EB%8C%80-%EB%B6%84%EC%95%BC%EA%B0%80-%EC%95%84%EB%8B%8C%EB%8D%B0,https://wimg.sedaily.com/news/cms/2026/09/16/news-p.v1.20260916.596fe45d5d314aefa58d36f8d298f736_P1.jpg,1200,674,ok
https://ailens.sedaily.ai/markets/2026/09/16/2026-09-16-%EA%B8%88%EA%B0%90%EC%9B%90-%EA%B3%A0%EA%B0%95%EB%8F%84-%EA%B2%80%EC%82%AC%EC%97%90-%EB%AF%B8%EB%9E%98%EC%97%90%EC%85%8B-%EB%85%B8%EC%A1%B0-%EC%A0%95%EC%83%81%EC%A0%81-%EC%97%85%EB%AC%B4-%EB%AA%BB%ED%95%B4-%EB%B0%98%EB%B0%9C,https://wimg.sedaily.com/news/cms/2026/09/16/news-p.v1.20260916.d0fae20d980b45498fa8ab20503d1f9f_P1.jpg,640,960,ok
https://ailens.sedaily.ai/markets/2026/09/16/2026-09-16-%EB%A1%9C%EB%B4%87-%EC%9E%90%EB%8F%99%ED%99%94-%EB%B8%8C%EB%A6%B4%EC%8A%A4-%EA%B3%B5%EB%AA%A8%EA%B0%80-%ED%99%95%EC%A0%95-%EC%83%81%EB%8B%A8-1%EB%A7%8C-9500%EC%9B%90%EC%97%90-%EC%BD%94%EC%8A%A4%EB%8B%A5-%EC%83%81%EC%9E%A5-%EC%8B%9C%EA%B7%B8%EB%84%90,https://wimg.sedaily.com/news/cms/2026/09/16/news-p.v1.20260407.54f0ffc531c24e9da7048c18206e4953_P1.jpg,639,461,ok
https://ailens.sedaily.ai/markets/2026/09/16/2026-09-16-%EA%B8%88%EB%A6%AC-%EC%9D%B8%EC%83%81-%EC%84%A0%EB%B0%98%EC%98%81-%EB%90%90%EB%82%98-%EC%BD%94%EC%8A%A4%ED%94%BC-%EC%99%B8%EC%9D%B8-1-6%EC%A1%B0-%EB%A7%A4%EB%8F%84%EC%97%90%EB%8F%84-6700-%EB%B3%B5%EA%B7%80-%EC%84%B1%EA%B3%B5%EC%A0%81-%EC%9D%B4%EB%9F%B0%EA%B5%AD%EC%9E%A5-%EC%A0%80%EB%9F%B0%EC%A3%BC%EC%8B%9D,https://wimg.sedaily.com/news/cms/2026/09/16/news-p.v1.20260916.87ffb5143b0f4ea49c58397aac9265cd_P1.jpg,1200,713,ok
https://ailens.sedaily.ai/markets/2026/09/16/2026-09-16-3-%ED%9B%84%EB%B0%98%EC%97%90-%EB%B9%8C%EB%A6%B0-%EB%8F%88-7-%EB%A1%9C-%EA%B0%9A%EC%95%84%EC%95%BC-%ED%95%A9%EB%8B%88%EB%8B%A4,https://wimg.sedaily.com/news/cms/2026/09/16/news-p.v1.20251218.13ea85eaad354403b098d82430750d6e_P1.png,846,400,ok
https://ailens.sedaily.ai/markets/2026/09/16/2026-09-16-IBKR-%EC%95%84%ED%83%9C-%EC%B4%9D%EA%B4%84-%EA%B1%B0%EB%9E%98%EC%8B%9C%EA%B0%84-%ED%99%95%EB%8C%80%EB%8A%94-%EC%98%B3%EC%9D%80-%EB%B0%A9%ED%96%A5-ETF-%EC%A0%9C%EC%99%B8%EB%8A%94-%ED%88%AC%EC%9E%90-%EC%84%A0%ED%83%9D%EC%A7%80-%EC%A2%81%ED%98%80,https://wimg.sedaily.com/news/cms/2026/09/16/news-p.v1.20260911.8ee26e36e7b44912b5747333c75c9957_P1.jpg,1200,800,ok
https://ailens.sedaily.ai/markets/2026/09/16/2026-09-16-%EB%91%90-%EB%8B%AC%EC%A7%B8-%EC%A0%9C%EC%9E%90%EB%A6%AC-10%EC%9B%94%EC%97%90-%EB%8B%B5%EC%9D%B4-%EB%82%98%EC%98%A8%EB%8B%A4-%EB%B0%98%EB%8F%84%EC%B2%B4-%EB%91%90-%EC%A2%85%EB%AA%A9%EC%9D%B4-%EC%9B%80%EC%A7%81%EC%9D%B4%EC%A7%80-%EC%95%8A%EC%9D%80-%EC%B1%84-%EC%97%AC%EB%A6%84%EC%9D%84-%EB%B3%B4%EB%83%88%EC%8A%B5%EB%8B%88%EB%8B%A4-16%EC%9D%BC-%ED%95%9C%EA%B5%AD%EA%B1%B0,https://wimg.sedaily.com/news/cms/2026/09/16/news-p.v1.20260916.e884ae7db02443afa35a06532947ff09_P1.png,610,407,ok
https://ailens.sedaily.ai/markets/2026/09/16/2026-09-16-%EB%A1%9C%EB%B4%87%EC%9D%84-%EA%B0%80%EC%9E%A5-%EB%A7%8E%EC%9D%B4-%EC%93%B0%EB%8A%94-%EB%82%98%EB%9D%BC-%EB%A7%8C%EB%93%A4%EC%A7%80%EB%8A%94-%EB%AA%BB%ED%95%A9%EB%8B%88%EB%8B%A4,https://wimg.sedaily.com/news/cms/2026/09/16/news-g.v1.20260916.786d59908ee34389be508413113dff56_P1.jpg,1200,507,ok
https://ailens.sedaily.ai/industry/2026/09/16/2026-09-16-SK%EB%B0%94%EC%9D%B4%EC%98%A4%ED%8C%9C-%EC%84%B8%EB%85%B8%EB%B0%94%EB%A9%94%EC%9D%B4%ED%8A%B8-%EB%9A%AB%EC%97%88%EB%8B%A4-%EB%8F%99%EB%B6%81%EC%95%84-3%EA%B5%AD-%ED%97%88%EA%B0%80-%EC%99%84%EB%A3%8C,https://wimg.sedaily.com/news/cms/2026/09/16/news-p.v1.20260916.2d3170dc9cc9488bad05ff924ad5339c_P1.png,860,331,ok
https://ailens.sedaily.ai/industry/2026/09/16/2026-09-16-12%EC%9B%94-17%EC%9D%BC-%EB%91%90-%ED%95%AD%EA%B3%B5%EC%82%AC%EA%B0%80-%ED%95%98%EB%82%98%EA%B0%80-%EB%90%A9%EB%8B%88%EB%8B%A4,https://wimg.sedaily.com/news/cms/2026/09/16/news-p.v1.20260916.e34fc0bed4bc4f7aa397115b29abb829_P1.jpg,1200,800,ok
https://ailens.sedaily.ai/industry/2026/09/16/2026-09-16-%ED%95%9C%EC%9A%B0%EA%B0%92-%EC%98%A4%EB%A5%B4%EB%8B%88-%EC%88%98%EC%9E%85%EA%B3%A0%EA%B8%B0-%EC%82%AC%EB%A8%B9%EB%8A%94%EB%8B%A4-%EB%A7%A4%EC%B6%9C-32-%EA%BB%91%EC%B6%A9,https://wimg.sedaily.com/news/cms/2026/09/16/news-g.v1.20260916.465d08df275947f48b68870ab982f1b4_P1.jpg,1200,403,ok
https://ailens.sedaily.ai/industry/2026/09/16/2026-09-16-AI-%EA%B0%90%EC%86%8D%EB%A1%A0-%EB%9A%AB%EA%B3%A0-%EC%84%9C%EB%B2%84-D%EB%9E%A8%EA%B0%92-5-5%EB%B0%B0-%EB%B6%84%EA%B8%B0-%EC%98%81%EC%97%85%EC%9D%B5-100%EC%A1%B0-%EC%8B%9C%EB%8C%80-%EC%97%B0%EB%8B%A4,https://wimg.sedaily.com/news/cms/2026/09/16/news-p.v1.20260714.d0047418b34f4241bb7fe678cf63ef66_P1.png,700,393,ok
https://ailens.sedaily.ai/markets/2026/09/16/2026-09-16-%ED%88%AC%EC%8B%AC-%EB%83%89%EA%B0%81%EC%97%90-%EA%B1%B0%EB%9E%98%EB%8C%80%EA%B8%88-%EC%98%AC%ED%95%B4-%EC%B5%9C%EC%A0%80-%EC%99%B8%EC%9D%B8%EC%9D%80-12%EC%A1%B0-%EB%8D%98%EC%A1%8C%EB%8B%A4,https://wimg.sedaily.com/news/cms/2026/09/16/news-p.v1.20260916.568bc51a310e43dea4157a027dbe2cff_P1.jpg,1200,713,ok
https://ailens.sedaily.ai/finance/2026/09/16/2026-09-16-%ED%95%B4%EC%99%B8-%EC%9D%80%ED%96%89%EC%97%90%EC%84%9C-%EC%9B%90%ED%99%94%EA%B0%80-%EB%B0%94%EB%A1%9C-%EC%98%A4%EA%B0%84%EB%8B%A4-%ED%95%B4%EC%99%B8-%EA%B8%88%EC%9C%B5%EA%B8%B0%EA%B4%80%EC%9D%B4-%EA%B5%AD%EB%82%B4-%EC%9D%80%ED%96%89%EC%97%90-%EA%B3%84%EC%A2%8C-%ED%95%98%EB%82%98%EB%A5%BC-%EC%97%B4%EB%A9%B4-%EC%9E%90%EA%B5%AD-%EA%B3%A0%EA%B0%9D%EC%9D%98-%EC%9B%90%ED%99%94-%EC%86%A1%EA%B8%88%EA%B3%BC,https://wimg.sedaily.com/news/cms/2026/09/16/news-p.v1.20260916.3c16982ae38440afbede5cfffc454712_P1.png,438,246,ok
https://ailens.sedaily.ai/markets/2026/09/16/2026-09-16-%EB%B9%A0%EC%A0%B8%EB%82%98%EA%B0%80%EB%8A%94-AI-%EC%9D%B8%EC%9E%AC%EA%B0%80-%EB%8D%94-%EB%A7%8E%EB%8B%A4,https://wimg.sedaily.com/news/cms/2026/09/16/news-p.v1.20260914.7fee7030e02d49008f25741680a78af4_P1.jpg,1200,800,ok
https://ailens.sedaily.ai/industry/2026/09/16/2026-09-16-%EB%82%99%ED%83%9C%EC%A3%84-%ED%97%8C%EB%B2%95%EB%B6%88%ED%95%A9%EC%B9%98-7%EB%85%84-%EB%A7%8C%EC%97%90-%EB%AF%B8%ED%94%84%EC%A7%84-%EA%B5%AD%EB%82%B4-%EC%8B%9C%ED%8C%90-%ED%97%88%EC%9A%A9,https://ailens.sedaily.ai/lens/default-cover.webp,960,960,ok
https://ailens.sedaily.ai/markets/2026/09/16/2026-09-16-%EA%B1%B0%EB%9E%98%EC%B2%98%EC%97%90-%EC%A0%84%ED%99%94%EA%B0%80-%EA%B0%94%EC%8A%B5%EB%8B%88%EB%8B%A4-%EC%B1%84%EA%B6%8C-%EC%A1%B0%ED%9A%8C%EC%84%9C%EC%97%90-%EC%82%AC%EC%8B%A4%EA%B3%BC-%EB%8B%A4%EB%A5%B4%EA%B2%8C-%ED%9A%8C%EC%8B%A0%ED%95%B4-%EB%8B%AC%EB%9D%BC%EB%8A%94-%EC%9A%94%EC%B2%AD%EC%9D%B4%EC%97%88%EC%8A%B5%EB%8B%88%EB%8B%A4-%EA%B0%90%EC%82%AC%EC%9D%B8%EC%97%90%EA%B2%8C%EB%8A%94-%ED%97%88%EC%9C%84-%EA%B1%B0%EB%9E%98,https://wimg.sedaily.com/news/cms/2026/09/16/news-p.v1.20260916.84c5521e99ba4b469941937861ca867b_P1.jpg,500,333,ok
https://ailens.sedaily.ai/news/2026/09/16/2026-09-16-2028%EB%85%84-%EB%8B%A4%EC%9D%8C-%EB%A7%8C%EB%82%A8%EC%9D%80-%EC%95%84%EC%8A%A4%ED%83%80%EB%82%98%EC%9E%85%EB%8B%88%EB%8B%A4,https://wimg.sedaily.com/news/cms/2026/09/16/news-p.v1.20260916.b36127127ece468d9582d3167671b415_P1.jpg,1200,827,ok
https://ailens.sedaily.ai/markets/2026/09/16/2026-09-16-%EC%A7%80%EC%A3%BC%EC%82%AC-%EA%B7%9C%EC%A0%9C-%EB%AC%B6%EC%97%AC-%EC%9E%90%EB%B3%B8-%EC%A1%B0%EB%8B%AC-%EB%B0%9C%EB%AA%A9-%EC%9D%B8%EB%A0%A5-%EC%9E%AC%EB%B0%B0%EC%B9%98-%EB%95%90-%EB%85%B8%EB%8F%99-%EC%9F%81%EC%9D%98%EB%8F%84-%EC%95%94%EC%B4%88-%EC%8B%9C%EA%B7%B8%EB%84%90,https://wimg.sedaily.com/news/cms/2026/09/16/news-p.v1.20260821.2190df788a6f42b1953d3d88ea99a75f_P1.jpg,1200,800,ok
https://ailens.sedaily.ai/property/2026/09/16/2026-09-16-%EB%B6%84%EC%96%91%EA%B0%80%EB%8A%94-1-7%EB%B0%B0-%EB%82%B4-%EB%AA%AB%EC%9D%80-%EC%A4%84%EC%97%88%EB%8B%A4,https://wimg.sedaily.com/news/cms/2026/09/16/news-p.v1.20260916.06c98eae49a64f2a9cf3cbedaff43179_P1.jpg,1200,867,ok
https://ailens.sedaily.ai/finance/2026/09/16/2026-09-16-%ED%8A%B8%EB%9F%BC%ED%94%84-2%EC%A1%B0%EC%9B%90-%EC%BD%94%EC%9D%B8%EC%9E%A5%EC%82%AC-%EC%97%AD%ED%92%8D-%EC%83%81%EC%9B%90-%EB%AC%B8%ED%84%B1-%EB%AA%BB-%EB%84%98%EC%9D%80-%ED%81%B4%EB%9E%98%EB%A6%AC%ED%8B%B0%EB%B2%95,https://wimg.sedaily.com/news/cms/2026/09/16/news-p.v1.20260916.8d313fc733934bcca98097e917c6b1db_P1.jpg,1200,800,ok
https://ailens.sedaily.ai/news/2026/09/16/2026-09-16-%EC%97%AC%EC%95%BC-%ED%95%9C%EA%B5%AD%ED%8C%90-IRA-%EB%A1%9C-%EC%A0%84%EA%B8%B0%EC%B0%A8-%EC%A7%80%EC%9B%90-%EA%B5%AD%EB%82%B4%EC%83%9D%EC%82%B0-1%EB%8C%80%EB%8B%B9-400%EB%A7%8C%EC%9B%90-%EA%B3%B5%EC%A0%9C-%EC%B6%94%EC%A7%84,https://wimg.sedaily.com/news/cms/2026/09/16/news-p.v1.20260827.4db5c43f272042d497d9c3745f16741d_P1.png,1200,670,ok
https://ailens.sedaily.ai/industry/2026/09/16/2026-09-16-%EB%8B%A8%EB%8F%85-%EC%9B%A8%EC%8A%A4%ED%8C%85%ED%95%98%EC%9A%B0%EC%8A%A4-%EC%A7%80%EB%B6%84-10-%EB%84%98%EA%B2%A8%EC%95%BC-%EC%9D%B4%EC%82%AC-%EC%A7%80%EB%AA%85%EA%B6%8C-%EB%8C%80%EA%B8%88%EC%9D%80-%ED%95%9C%EC%A0%84%EC%9D%B4-%EB%B6%80%EB%8B%B4,https://wimg.sedaily.com/news/cms/2026/09/16/news-p.v1.20260916.0e67bbb29163441a9dafdf857525499b_P1.jpg,1200,800,ok
https://ailens.sedaily.ai/markets/2026/09/16/2026-09-16-%ED%95%9C%EA%B5%AD%EA%B3%B5%EC%9D%B8%ED%9A%8C%EA%B3%84%EC%82%AC%ED%9A%8C-KICPA-ESG-%EC%95%84%EC%B9%B4%EB%8D%B0%EB%AF%B8-9%EA%B8%B0-%EA%B3%BC%EC%A0%95-%EA%B0%9C%EA%B0%95-%EC%8B%9C%EA%B7%B8%EB%84%90,https://wimg.sedaily.com/news/cms/2026/09/16/news-p.v1.20260916.1354b35d7423443682f54b6738c05ba2_P1.png,891,1260,ok
https://ailens.sedaily.ai/markets/2026/09/16/2026-09-16-%EA%B8%88%EB%A6%AC-%EB%86%92%EC%95%84%EB%8F%84-%ED%99%98%EC%8A%B9-%EB%8C%80%EA%B7%9C%EB%AA%A8-%EC%9D%B8%EC%88%98%EA%B8%88%EC%9C%B5-%EC%B0%A8%ED%99%98-%EC%9E%87%EB%94%B0%EB%9D%BC-%EC%8B%9C%EA%B7%B8%EB%84%90,https://wimg.sedaily.com/news/cms/2026/09/16/news-p.v1.20251218.13ea85eaad354403b098d82430750d6e_P1.png,846,400,ok
https://ailens.sedaily.ai/markets/2026/09/16/2026-09-16-%EB%AA%B8%EC%A7%91-%EC%A4%84%EC%9D%B8-%ED%99%88%ED%94%8C%EB%9F%AC%EC%8A%A4-%EC%9E%AC%EB%A7%A4%EA%B0%81-%EC%82%AC%EC%97%85%EB%B6%80-%EB%B6%80%EB%8F%99%EC%82%B0-%ED%88%AC%ED%8A%B8%EB%9E%99-%EC%8A%B9%EB%B6%80%EC%88%98-%EC%8B%9C%EA%B7%B8%EB%84%90,https://wimg.sedaily.com/news/cms/2026/09/16/news-p.v1.20260916.c7be42105be441e9948beb56cff31a55_P1.png,620,292,ok
https://ailens.sedaily.ai/industry/2026/09/16/2026-09-16-%EC%83%81%EB%B0%98%EA%B8%B0-%EC%98%81%EC%97%85%EC%9D%B5-43-%EC%A4%84%EC%97%88%EB%8A%94%EB%8D%B0-%ED%8F%AC%EC%8A%A4%EC%BD%94-%EB%85%B8%EC%A1%B0-120%EC%8B%9C%EA%B0%84-%EB%B6%80%EB%B6%84%ED%8C%8C%EC%97%85-%EB%8F%8C%EC%9E%85,https://wimg.sedaily.com/news/cms/2026/09/16/rcv.NEWS1.NEWS1.20260916.2026-09-16T074437_1008108231_LOCAL_I_P1.jpg,1200,800,ok
https://ailens.sedaily.ai/industry/2026/09/16/2026-09-16-%EB%A9%94%EB%AA%A8%EB%A6%AC-%EC%82%AC%EC%97%85-%EA%B2%BD%EC%9F%81%EB%A0%A5%EC%9D%84-%EB%86%92%EC%9D%B4%EA%B8%B0-%EC%9C%84%ED%95%B4-%EC%8B%A0%EA%B7%9C-%EC%83%9D%EC%82%B0%EA%B8%B0%EC%A7%80-%EA%B5%AC%EC%B6%95%EC%9D%84-%ED%8F%AC%ED%95%A8%ED%95%9C-%EB%8B%A4%EC%96%91%ED%95%9C-%EB%B0%A9%EC%95%88%EC%9D%84-%EA%B2%80%ED%86%A0%ED%95%98%EA%B3%A0-%EC%9E%88%EC%8A%B5%EB%8B%88%EB%8B%A4-SK%ED%95%98%EC%9D%B4,https://wimg.sedaily.com/news/cms/2026/09/16/news-p.v1.20260822.a1563daf122e4663817f7f82b3f3c6af_P1.jpg,1200,800,ok
https://ailens.sedaily.ai/industry/2026/09/16/2026-09-16-N-%EC%84%B1%EA%B3%BC%EA%B8%89-%ED%9B%84%ED%8F%AD%ED%92%8D-LS%EC%A0%84%EC%84%A0%EB%8F%84-%EB%AC%B4%EB%B6%84%EA%B7%9C-%EC%A0%84%ED%86%B5-%EA%B9%A8%EC%A1%8C%EB%8B%A4,https://wimg.sedaily.com/news/cms/2026/09/16/news-p.v1.20260916.ce5e14f38e6e449780e330212960eea2_P1.jpg,1200,800,ok
https://ailens.sedaily.ai/industry/2026/09/16/2026-09-16-%EC%84%9C%EB%B2%84%EC%9A%A9-D%EB%9E%A8-%EB%AA%A8%EB%93%88-%ED%95%9C-%EA%B0%9C-%EA%B0%80%EA%B2%A9%EC%9D%B4-%EC%B5%9C%EA%B7%BC-%ED%95%9C%EB%95%8C-3-100%EB%8B%AC%EB%9F%AC%EB%A5%BC-%EB%84%98%EC%97%88%EC%8A%B5%EB%8B%88%EB%8B%A4-8%EC%9B%94-%EB%A7%90-%EA%B8%B0%EC%A4%80-%EA%B3%84%EC%95%BD-%EA%B0%80%EA%B2%A9-1-500%EB%8B%AC,https://wimg.sedaily.com/news/cms/2026/09/16/news-p.v1.20260520.5d62754eb9d042a886f0f3e9ec10e6f2_P1.png,640,427,ok
https://ailens.sedaily.ai/markets/2026/09/16/2026-09-16-%EB%8C%80%EA%B7%9C%EB%AA%A8-%EB%8D%B0%EC%9D%B4%ED%84%B0%EC%84%BC%ED%84%B0-%EA%B0%9C%EB%B0%9C%ED%95%A0-%ED%95%9C%EA%B5%AD-%ED%88%AC%EC%9E%90-%ED%8C%8C%ED%8A%B8%EB%84%88-%EC%B0%BE%EB%8A%94%EB%8B%A4-%EC%95%84%EB%B6%80%EB%8B%A4%EB%B9%84-%EA%B8%B0%EC%97%85-7%EA%B3%B3%EA%B3%BC-MOU-%EC%8B%9C%EA%B7%B8%EB%84%90,https://wimg.sedaily.com/news/cms/2026/09/16/news-p.v1.20260916.43bf554053b841658eceabcc25ed5196_P1.jpg,1200,800,ok
https://ailens.sedaily.ai/markets/2026/09/16/2026-09-16-%EB%B3%B4%EC%9C%A0%ED%95%9C-%EC%9C%A0%EB%8F%99%EC%9E%90%EC%82%B0%EB%A7%8C-9000%EC%96%B5-%EC%9C%A1%EB%B0%95-%EA%B3%B3%EA%B0%84-%EC%8C%93%EC%9D%B4%EC%9E%90-%EB%B9%8C%EB%94%A9-%EC%87%BC%ED%95%91-%EB%82%98%EC%84%9C-%EC%8B%9C%EA%B7%B8%EB%84%90,https://wimg.sedaily.com/news/cms/2026/09/16/news-p.v1.20260620.3d1622eae6404108b81775e26b562d07_P1.png,640,427,ok
https://ailens.sedaily.ai/markets/2026/09/16/2026-09-16-%EC%9C%A0%EA%B0%80-%EA%B8%88%EB%A6%AC-%EC%B9%98%EC%86%9F%EC%9E%90-%ED%98%84%EA%B8%88%EC%84%B1-ETF%EC%97%90-1-3%EC%A1%B0-%EB%AD%89%EC%B9%AB%EB%8F%88,https://wimg.sedaily.com/news/cms/2026/09/16/rcv.YNA.20260916.PYH2026091621840001300_P1.jpg,1200,714,ok
https://ailens.sedaily.ai/markets/2026/09/16/2026-09-16-%EB%8B%A8%EB%8F%85-%EA%B0%95%EB%82%A8%EC%84%9C-%EB%AA%85%EB%8F%99%EA%B9%8C%EC%A7%80-%EB%B9%8C%EB%94%A9-%ED%81%B0%EC%86%90-%EB%90%9C-%EB%8B%A4%EC%9D%B4%EC%86%8C-%EC%8B%9C%EA%B7%B8%EB%84%90,https://wimg.sedaily.com/news/cms/2026/09/16/news-p.v1.20260705.a65ae0feb232434294fa4841bfbf31c9_P1.png,640,427,ok
https://ailens.sedaily.ai/news/2026/09/16/2026-09-16-3500%EC%96%B5-%EB%8C%80%EB%AF%B8%ED%88%AC%EC%9E%90-%EA%B5%AD%ED%9A%8C-%EB%B3%B4%EA%B3%A0-%EC%97%B0%EA%B8%B0-%EC%82%B0%EC%9E%90%EC%9C%84-%EC%A0%95%EB%B6%80-%EC%9A%94%EC%B2%AD%EB%B0%9B%EC%95%84-%EC%B7%A8%EC%86%8C,https://wimg.sedaily.com/news/cms/2026/09/16/rcv.YNA.20260908.PYH2026090809170001300_P1.jpg,1200,646,ok
https://ailens.sedaily.ai/news/2026/09/16/2026-09-16-%EB%82%B4-%EC%82%AC%EA%B1%B4-%EC%9D%B4%EC%A0%9C-%EA%B2%BD%EC%B0%B0%EC%9D%B4-%EB%81%9D%EA%B9%8C%EC%A7%80-%EB%A7%A1%EB%8A%94%EB%8B%A4-%EC%A0%84%EA%B5%AD-%EC%8B%9C%EB%8F%84%EA%B2%BD%EC%B0%B0%EC%B2%AD%EC%97%90-144%EB%AA%85%EC%9D%B4-%EC%83%88%EB%A1%9C-%EB%B0%B0%EC%B9%98%EB%90%A9%EB%8B%88%EB%8B%A4-%EB%A7%A1%EB%8A%94-%EC%9D%BC%EC%9D%80-%ED%95%98%EB%82%98%EC%9E%85%EB%8B%88%EB%8B%A4,https://wimg.sedaily.com/news/cms/2026/09/16/news-p.v1.20260125.27fff49e783f4621b7486880b7df9e98_P1.jpg,640,427,ok
https://ailens.sedaily.ai/international/2026/09/16/2026-09-16-%EA%B0%80%EC%83%81%ED%99%94%ED%8F%90-%EC%A0%9C%EB%8F%84%ED%99%94-%EC%A2%8C%EC%B4%88-%ED%8A%B8%EB%9F%BC%ED%94%84-%EC%9D%B4%ED%95%B4%EC%B6%A9%EB%8F%8C%EC%97%90-%ED%81%B4%EB%9E%98%EB%A6%AC%ED%8B%B0%EB%B2%95-%EC%B4%88%EB%8B%B9-%ED%98%91%EC%83%81-%ED%8C%8C%EA%B5%AD,https://wimg.sedaily.com/news/cms/2026/09/16/rcv.YNA.20260916.PRU20260915322401009_P1.jpg,1200,800,ok
https://ailens.sedaily.ai/markets/2026/09/16/2026-09-16-3-500%EC%96%B5-%EB%8B%AC%EB%9F%AC-%EC%96%B4%EB%94%94%EC%84%9C-%EC%A1%B0%EB%8B%AC%ED%95%98%EB%82%98,https://wimg.sedaily.com/news/cms/2026/09/16/news-p.v1.20260916.d123913c2c1e4b0d990e3029b1c1fbf7_P1.png,411,132,ok
https://ailens.sedaily.ai/industry/2026/09/16/2026-09-16-%EA%B9%80%ED%8F%AC%EC%99%80-%ED%8C%8C%EC%A3%BC%EC%9D%98-%EB%B2%84%EC%8A%A4-%EC%B0%A8%EA%B3%A0%EC%A7%80%EC%97%90%EB%8A%94-%EC%95%95%EC%B6%95%EC%B2%9C%EC%97%B0%EA%B0%80%EC%8A%A4-%EC%B6%A9%EC%A0%84%EC%86%8C%EA%B0%80-%EC%9E%88%EC%8A%B5%EB%8B%88%EB%8B%A4-%EC%9D%B4-%EC%B6%A9%EC%A0%84%EC%86%8C%EB%A5%BC-%EC%88%98%EC%86%8C%EC%B6%A9%EC%A0%84%EC%86%8C%EB%A1%9C-%EB%B0%94%EA%BE%B8%EB%8A%94-%EC%9E%91%EC%97%85%EC%9D%B4-%EC%B6%94%EC%A7%84%EB%90%A9,https://wimg.sedaily.com/news/cms/2026/09/16/news-p.v1.20260916.864e20f78201479297ec5267d552f31a_P1.jpg,1200,800,ok
https://ailens.sedaily.ai/industry/2026/09/16/2026-09-16-1%EC%A1%B0-%EC%9B%90-%EA%B5%AD%EC%82%B0-%EC%8B%A0%EC%95%BD-27%EB%85%84-%EB%A7%8C%EC%97%90-%EC%88%AB%EC%9E%90%EA%B0%80-%EB%82%98%EC%99%94%EB%8B%A4-1999%EB%85%84-%EC%84%A0%ED%94%8C%EB%9D%BC%EC%A3%BC%EB%B6%80%ED%84%B0-%EC%B5%9C%EA%B7%BC-%EB%9D%BC%ED%82%A4%ED%83%80%EC%A0%90%EC%95%88%EC%95%A1%EA%B9%8C%EC%A7%80-%ED%97%88%EA%B0%80%EB%90%9C-%EA%B5%AD%EC%82%B0,https://wimg.sedaily.com/news/cms/2026/09/16/news-p.v1.20260916.85664846cbcc464e9d750e203016e26e_P1.jpg,700,467,ok
https://ailens.sedaily.ai/industry/2026/09/16/2026-09-16-%EC%98%88%EC%A0%95%EC%97%90-%EC%97%86%EB%8D%98-%EC%98%A4%EC%B0%AC%EC%97%90-%EC%9D%B4%EC%9E%AC%EC%9A%A9%EC%9D%B4-%EB%82%98%ED%83%80%EB%82%AC%EB%8B%A4,https://wimg.sedaily.com/news/cms/2026/09/16/news-p.v1.20260916.91e8c3c07dd44d2398f880e938793f7d_P1.png,885,897,ok
https://ailens.sedaily.ai/news/2026/09/16/2026-09-16-%EC%A0%95%EB%B6%80-%EC%83%81%EB%8C%80-%EC%86%90%EB%B0%B0%EC%86%8C-1%EC%8B%AC-%EC%8A%B9%EC%86%8C-%EA%B3%B5%EB%8F%99%EC%97%B0%EB%9D%BD%EC%82%AC%EB%AC%B4%EC%86%8C-%ED%8F%AD%ED%8C%8C-%EC%B1%85%EC%9E%84-446%EC%96%B5-%EB%B0%B0%EC%83%81%ED%95%B4%EC%95%BC,https://wimg.sedaily.com/news/cms/2026/09/16/news-p.v1.20251227.134efc447684457aa38f70d2eb194e36_P1.jpg,640,427,ok
https://ailens.sedaily.ai/industry/2026/09/16/2026-09-16-%EC%86%8D%EB%B3%B4-SK%ED%95%98%EC%9D%B4%EB%8B%89%EC%8A%A4-%EC%9E%84%EB%8B%A8%ED%98%91-%ED%95%A9%EC%9D%98%EC%95%88-%EB%85%B8%EC%A1%B0-%EC%9E%AC%ED%88%AC%ED%91%9C%EC%84%9C-%EA%B0%80%EA%B2%B0,https://wimg.sedaily.com/news/cms/2026/09/16/news-p.v1.20260916.1d35382d1b5f429981964586868074b8_P1.png,476,301,ok
https://ailens.sedaily.ai/international/2026/09/16/2026-09-16-%EC%83%81%EC%9B%90%EC%84%9C-%EA%B0%80%EC%83%81%EC%9E%90%EC%82%B0-%ED%81%B4%EB%9E%98%EB%A6%AC%ED%8B%B0%EB%B2%95-%EB%B6%80%EA%B2%B0-%EB%B9%84%ED%8A%B8%EC%BD%94%EC%9D%B8-%EB%93%B1-%ED%95%98%EB%9D%BD%EC%84%B8,https://wimg.sedaily.com/news/cms/2026/09/16/news-p.v1.20260916.58b7a113563b4e339b69acf5f9d72290_P1.jpg,1200,900,ok
https://ailens.sedaily.ai/markets/2026/09/16/2026-09-16-%EC%B4%88%EA%B3%A0%EC%88%98%EB%8A%94-%EC%9D%B4%ED%8B%80-%EC%97%B0%EC%86%8D-%EC%82%BC%EC%84%B1%EC%A0%84%EC%9E%90-%EB%B3%B8%EC%A3%BC-%EC%A4%8D%EA%B3%A0-%EC%9A%B0%EC%84%A0%EC%A3%BC-%ED%84%B4%EB%8B%A4-%EC%A3%BC%EC%8B%9D-%EC%B4%88%EA%B3%A0%EC%88%98%EB%8A%94-%EC%A7%80%EA%B8%88,https://wimg.sedaily.com/news/cms/2026/09/16/news-p.v1.20260916.9aa46146be70461782100bcacb1e9ba6_P1.png,415,1751,ok
https://ailens.sedaily.ai/culture/2026/09/16/2026-09-16-%EC%A0%95%EB%B6%80-%EC%9E%84%EC%8B%A0-9%EC%A3%BC-%EC%9D%B4%EB%82%B4-%EB%AF%B8%ED%94%84%EC%A7%84-%EB%8F%84%EC%9E%85-%EC%B6%94%EC%A7%84-%EC%B2%AB-2%EB%85%84-%EB%B3%91%EC%9B%90%EC%84%9C-%EC%B2%98%EB%B0%A9-%EC%A1%B0%EC%A0%9C,https://wimg.sedaily.com/news/cms/2026/09/16/news-p.v1.20260916.abe256fc7a4b4e9d8daf7d9911ef2a96_P1.jpg,1200,900,ok
https://ailens.sedaily.ai/markets/2026/09/16/2026-09-16-%EC%8B%A0%ED%95%9C-ISA-%ED%8A%B9%ED%8C%90RP-%EC%A1%B0%EA%B8%B0-%EC%86%8C%EC%A7%84-3%EC%B0%A8%EB%A1%80-%EB%AA%A8%EB%91%90-10%EC%9D%BC-%EB%82%B4-%EC%99%84%ED%8C%90,https://wimg.sedaily.com/news/cms/2026/09/16/news-p.v1.20260916.8c4ac28b1903498fb4c686d597265ddc_P1.png,800,800,ok
https://ailens.sedaily.ai/news/2026/09/16/2026-09-16-1%EC%96%B5-%EC%9E%83%EC%9D%80-%EA%B1%B0-%EA%B2%A8%EC%9A%B0-%EB%B3%B5%EA%B5%AC%ED%96%88%EB%8D%94%EB%8B%88-%EC%84%B8%EA%B8%88%EC%9C%BC%EB%A1%9C-2000%EB%A7%8C%EC%9B%90-%EB%82%A0%EC%95%84%EA%B0%80%EA%B2%8C-%EC%83%9D%EA%B2%BC%EB%8B%A4-%EB%AC%B4%EC%8A%A8-%EC%9D%BC,https://wimg.sedaily.com/news/cms/2026/09/16/news-p.v1.20260916.9ca94dd211d04bf3a2079c9a21c56b8d_P1.png,514,328,ok
https://ailens.sedaily.ai/markets/2026/09/16/2026-09-16-%EC%8A%A4%ED%8E%98%EC%9D%B4%EC%8A%A4X-%EC%9D%B4%EC%96%B4-%EC%95%A4%ED%8A%B8%EB%A1%9C%ED%94%BD-%ED%95%9C%EA%B5%AD%EA%B8%88%EC%9C%B5%EC%A7%80%EC%A3%BC-%ED%88%AC%EC%9E%90-%EC%9E%AD%ED%8C%9F-%EA%B8%B0%EB%8C%80-%EC%8B%9C%EA%B7%B8%EB%84%90,https://wimg.sedaily.com/news/cms/2026/09/16/news-p.v1.20260911.ca1c2c628da5404980c0f8bec48ff6b5_P1.jpg,860,573,ok
https://ailens.sedaily.ai/culture/2026/09/16/2026-09-16-%ED%95%9C%EC%84%B1%EC%88%99-%EC%B4%9D%EB%A6%AC-%EC%9E%84%EC%8B%A0-9%EC%A3%BC-%EC%9D%B4%ED%95%98-%EC%9E%84%EC%8B%A0%EC%A4%91%EC%A7%80-%EC%95%BD%EB%AC%BC-%EB%8B%A8%EA%B3%84%EC%A0%81-%EB%8F%84%EC%9E%85-%EB%85%BC%EC%9D%98,https://wimg.sedaily.com/news/cms/2026/09/16/rcv.YNA.20260916.PYH2026091603890001300_P1.jpg,1200,557,ok
https://ailens.sedaily.ai/markets/2026/09/16/2026-09-16-%EC%97%B0%EA%B8%B0%EA%B5%B0-%ED%99%94%EB%A0%A5%EC%97%90-%EC%82%BC%EC%A0%84-%EB%8B%89%EC%8A%A4-%EA%B0%95%EC%84%B8-%EC%A0%84%ED%99%98-%EC%BD%94%EC%8A%A4%ED%94%BC-6700-%EB%B3%B5%EA%B7%80-%EB%8F%84%EC%A0%84-%EC%9D%B4%EB%9F%B0%EA%B5%AD%EC%9E%A5-%EC%A0%80%EB%9F%B0%EC%A3%BC%EC%8B%9D,https://wimg.sedaily.com/news/cms/2026/09/16/news-p.v1.20260916.69f747b76da549c7a364194691c14e64_P1.jpg,1200,795,ok
https://ailens.sedaily.ai/international/2026/09/16/2026-09-16-%EB%8F%99%EB%A7%B9-73%EB%85%84-%ED%86%B5%EB%B3%B4-%EC%97%86%EC%9D%B4-%ED%9B%88%EB%A0%A8%EC%9D%B4-%EC%A4%84%EC%97%88%EB%8B%A4,https://wimg.sedaily.com/news/cms/2026/09/16/rcv.YNA.20260902.PGT20260902001801009_P1.jpg,1200,800,ok
https://ailens.sedaily.ai/markets/2026/09/16/2026-09-16-%EB%8C%80%ED%95%9C%ED%95%AD%EA%B3%B5-%EB%A7%88%EC%9D%BC%EB%A6%AC%EC%A7%80-%ED%86%B5%ED%95%A9-%EB%A7%88%EC%B9%A8%ED%91%9C-%EC%A1%B0%EC%A2%85%EC%82%AC-%EC%84%9C%EC%97%B4-%EB%AC%B8%EC%A0%9C%EB%A7%8C-%EB%82%A8%EC%95%98%EB%8B%A4-biz-%ED%94%8C%EB%9F%AC%EC%8A%A4,https://wimg.sedaily.com/news/cms/2026/09/15/news-p.v1.20260915.0df7a81d01bc4ba4a0256423cd5d4b2f_P1.jpg,1200,774,ok
https://ailens.sedaily.ai/industry/2026/09/16/2026-09-16-7%EA%B0%9C-%EC%86%A1%EC%A0%84%EB%A7%9D-%EC%B2%A0%ED%83%91-47-%EA%B0%90%EC%B6%95-%EC%86%A1%EC%A0%84%EC%84%A0-%EC%9D%B8%EA%B7%BC-300%EB%A7%8C-%EC%9B%90%EB%8C%80-%EA%B3%84%ED%86%B5%EC%86%8C%EB%93%9D-Pick%EC%BD%94%EB%85%B8%EB%AF%B8,https://wimg.sedaily.com/news/cms/2026/09/16/news-p.v1.20260915.d02205fda8064ea6864a361e78421213_P1.jpg,1200,826,ok
https://ailens.sedaily.ai/markets/2026/09/16/2026-09-16-BNK-%EC%9E%AC%EC%B0%A8-%EB%B0%98%EB%8F%84%EC%B2%B4-%EA%B2%BD%EA%B3%A0-%EC%82%BC%EC%A0%84%EB%8B%89%EC%8A%A4-%EC%8B%A4%EC%A0%81-%EC%A0%84%EB%A7%9D%EC%B9%98-%EC%9D%B4%EB%9F%B0%EA%B5%AD%EC%9E%A5-%EC%A0%80%EB%9F%B0%EC%A3%BC%EC%8B%9D,https://wimg.sedaily.com/news/cms/2026/09/15/news-p.v1.20260915.7b15e261c3b8423f92504ed9de249977_P1.png,610,407,ok
https://ailens.sedaily.ai/industry/2026/09/16/2026-09-16-60%EC%A1%B0-%EC%9B%90-%EC%95%BD%EC%86%8D-1%EB%85%84-%EB%A7%8C%EC%97%90-%EA%B3%84%EC%95%BD%EC%84%9C%EA%B0%80-%EB%90%90%EB%8B%A4,https://wimg.sedaily.com/news/cms/2026/09/16/news-p.v1.20260916.f49a029a3b0b4f91ac97f47685f23462_P1.jpg,1200,800,ok
https://ailens.sedaily.ai/industry/2026/09/16/2026-09-16-%EC%B6%94%EC%84%9D-%EC%A0%84%EC%97%90-%EB%82%A9%ED%92%88%EB%8C%80%EA%B8%88%EC%9D%B4-%EB%A8%BC%EC%A0%80-%EB%93%A4%EC%96%B4%EC%98%A8%EB%8B%A4,https://wimg.sedaily.com/news/cms/2026/09/16/news-p.v1.20260916.8d258213ac424418adca89cc12c9e508_P1.png,700,224,ok
https://ailens.sedaily.ai/industry/2026/09/16/2026-09-16-%EB%85%B8%EC%A1%B0%EC%9C%84%EC%9B%90%EC%9E%A5%EC%9D%B4-%ED%8C%8C%EC%97%85-%EC%9C%84%ED%98%91%ED%95%98%EB%8B%A4-%EA%B3%A8%ED%94%84-%ED%8F%AC%EC%8A%A4%EC%BD%94-%EB%85%B8%EC%A1%B0-%EC%BB%A4%EC%A7%80%EB%8A%94-%EB%82%B4%ED%99%8D,https://wimg.sedaily.com/news/cms/2026/09/16/rcv.NEWS1.NEWS1.20260916.2026-09-16T074421_1008108234_LOCAL_I_P1.jpg,1200,617,ok
https://ailens.sedaily.ai/industry/2026/09/16/2026-09-16-SK%ED%95%98%EC%9D%B4%EB%8B%89%EC%8A%A4-%EC%84%B1%EA%B3%BC%EA%B8%89-%ED%98%84%EA%B8%88-100-50-%EB%A1%9C-%EC%9E%84%EB%8B%A8%ED%98%91-%EC%88%98%EC%A0%95%EC%95%88-%EA%B0%80%EA%B2%B0,https://wimg.sedaily.com/news/cms/2026/09/16/news-p.v1.20260916.6471c650ce8a4b6abbe72979c72ca2bb_P1.png,700,493,ok
https://ailens.sedaily.ai/markets/2026/09/16/2026-09-16-FOMC-%EB%8C%80%EA%B8%B0-%EC%86%8D-%EC%BD%94%EC%8A%A4%ED%94%BC-%EB%B0%98%EB%93%B1-%EC%8B%9C%EB%8F%84-%EC%9A%B0%EC%84%A0%EC%A3%BC-%EC%86%8C%EA%B0%81%EB%A1%A0-%EC%97%90-%EC%82%BC%EC%A0%84%EC%9A%B0%EA%B0%80-%EB%8B%AC%EB%A6%B0%EB%8B%A4-%EC%9D%B4%EB%9F%B0%EA%B5%AD%EC%9E%A5-%EC%A0%80%EB%9F%B0%EC%A3%BC%EC%8B%9D,https://wimg.sedaily.com/news/cms/2026/09/16/news-p.v1.20260916.60f008ed4b9f4a6399e01f2c02372447_P1.png,600,450,ok
https://ailens.sedaily.ai/markets/2026/09/16/2026-09-16-%EC%9D%98%EB%A3%8C%EB%AF%B8%EC%9A%A9-%EC%88%98%EC%B6%9C%EC%95%A1-%EC%9D%98%EB%A3%8C%EA%B4%80%EA%B4%91-%EC%86%8C%EB%B9%84%EC%95%A1-%EC%A0%84%EC%9B%94-%EC%97%AD%EC%84%B1%EC%9E%A5-Why-%EB%B0%94%EC%9D%B4%EC%98%A4,https://wimg.sedaily.com/news/cms/2026/09/16/news-p.v1.20260916.a59c4e0fc90a49a2b5d4398e7a0c533f_P1.jpg,1200,800,ok
https://ailens.sedaily.ai/markets/2026/09/16/2026-09-16-3%EB%B6%84%EA%B8%B0-%EC%98%81%EC%97%85%EC%9D%B4%EC%9D%B5-168%EC%96%B5-%EC%9B%90-%EC%8B%9C%EC%9E%A5%EC%9D%B4-%EC%98%88%EC%83%81%ED%96%88%EB%8D%98-268%EC%96%B5-%EC%9B%90%EB%B3%B4%EB%8B%A4-100%EC%96%B5-%EC%9B%90-%EC%A0%81%EC%9D%80-%EC%88%AB%EC%9E%90%EC%9E%85%EB%8B%88%EB%8B%A4-NH%ED%88%AC%EC%9E%90%EC%A6%9D%EA%B6%8C%EC%9D%B4,https://wimg.sedaily.com/news/cms/2026/09/16/news-p.v1.20260916.9a54f0f12482401da79f0ab4773eaf90_P1.jpg,err,<urlopen error [Errno 8] noden,ok
https://ailens.sedaily.ai/markets/2026/09/16/2026-09-16-%EB%84%A4%ED%8A%B8%EC%9B%8C%ED%81%AC-%EC%9E%A5%EB%B9%84-AI-%EC%87%BC%ED%8B%B0%EC%A7%80-%EC%A3%BC%ED%8C%8C%EC%88%98-%EA%B2%BD%EB%A7%A4-%EC%97%90-%EB%8B%A4%EC%8B%9C-%EB%9B%B8%EA%B9%8C-%EC%A4%8D%EC%A4%8D%EB%A6%AC%ED%8F%AC%ED%8A%B8,https://wimg.sedaily.com/news/cms/2026/09/16/news-p.v1.20260916.05769f0251ad4feabb2d3ed0edd0ed36_P1.jpg,500,142,ok
https://ailens.sedaily.ai/markets/2026/09/16/2026-09-16-%EC%A4%91%EB%B3%B5%EC%83%81%EC%9E%A5-%EC%98%88%EC%99%B8-1%ED%98%B8-%EB%8D%95%EC%82%B0%EB%84%B5%EC%BD%94%EC%96%B4%EC%8A%A4-%EA%B3%B5%EB%AA%A8%EA%B0%80-%EC%83%81%EB%8B%A8-%ED%9D%A5%ED%96%89-%EA%B8%80%EB%A1%9C%EB%B2%8C%ED%85%8C%ED%81%AC%EB%8A%94-%ED%95%98%EB%8B%A8-%EB%AF%B8%EB%8B%AC-%EC%8B%9C%EA%B7%B8%EB%84%90,https://wimg.sedaily.com/news/cms/2026/09/15/news-p.v1.20260421.82a7bcb6482f4befbd2c41e4d5488882_P1.jpg,400,149,ok
https://ailens.sedaily.ai/industry/2026/09/16/2026-09-16-%EC%8B%9C%EC%88%A0-%EB%8B%A4%EC%9D%8C%EB%82%A0-%EB%B0%94%EB%A5%B4%EB%8A%94-%ED%99%94%EC%9E%A5%ED%92%88-%ED%86%A1%EC%8B%A0-%EA%B8%B0%EC%97%85%EC%9D%B4-%EB%A7%8C%EB%93%A0%EB%8B%A4,https://wimg.sedaily.com/news/cms/2026/09/15/news-p.v1.20260913.9d6ff0569f394a29ae726e2b76dc0378_P1.jpg,1200,633,ok
https://ailens.sedaily.ai/industry/2026/09/16/2026-09-16-38%EB%85%84%EB%A7%8C-%EC%9E%AC%EB%8B%A8%EC%9E%A5-%EB%82%98%EC%84%A0-%EB%A1%AF%EB%8D%B0-%EC%9E%A0%EC%8B%A4%EC%A0%90-4%EC%A1%B0-%ED%81%B4%EB%9F%BD-%EB%84%98%EC%96%B4-1%EC%9C%84-%EA%B2%A8%EB%83%A5,https://wimg.sedaily.com/news/cms/2026/09/15/news-p.v1.20260915.83b70121785c418abcfb2fb658ddbd28_P1.png,640,427,ok
https://ailens.sedaily.ai/industry/2026/09/16/2026-09-16-%EC%97%AC%EC%9D%98%EB%8F%84-3%EB%B0%B0-%ED%81%AC%EA%B8%B0-%EC%A0%95%EC%9C%A0%EA%B3%B5%EC%9E%A5-AI-%EB%B9%8C%EB%A0%A4-%EC%83%9D%EC%82%B0%EC%84%B1-1000%EC%96%B5-%EC%9B%90-%EB%86%92%EC%9D%B8%EB%8B%A4-biz-%ED%94%8C%EB%9F%AC%EC%8A%A4,https://wimg.sedaily.com/news/cms/2026/09/15/news-p.v1.20260915.e633c69125c340f092ae29d0ca4814dc_P1.jpg,1200,800,ok
https://ailens.sedaily.ai/industry/2026/09/16/2026-09-16-%ED%85%8C%EC%8A%AC%EB%9D%BC%EA%B0%80-%EA%B9%A8%EC%9A%B4-%EC%82%BC%EC%84%B1-%ED%85%8C%EC%9D%BC%EB%9F%AC-%EA%B3%B5%EC%9E%A5-SMIC%EA%B3%BC-%EA%B2%A9%EC%B0%A8-%EB%B2%8C%EB%A6%B0%EB%8B%A4-biz-%ED%94%8C%EB%9F%AC%EC%8A%A4,https://wimg.sedaily.com/news/cms/2026/09/15/news-p.v1.20260612.b20d614956fe47ed9c071f5aa44769be_P1.jpg,580,386,ok
https://ailens.sedaily.ai/markets/2026/09/16/2026-09-16-%ED%82%A4%ED%8A%B8%EB%A3%A8%EB%8B%A4-%EC%9C%84%ED%98%91%ED%95%98%EB%8A%94-%EC%9D%B4%EC%A4%91%ED%95%AD%EC%B2%B4-%EC%82%BC%EC%A4%91%ED%95%AD%EC%B2%B4%EB%A1%9C-%EB%8F%84%EC%A0%84%ED%95%98%EB%8A%94-K%EB%B0%94%EC%9D%B4%EC%98%A4,https://wimg.sedaily.com/news/cms/2026/09/15/news-g.v1.20260915.91957006376a403fa7769fe9bed43567_P1.jpg,631,313,ok
https://ailens.sedaily.ai/news/2026/09/16/2026-09-16-%EC%9D%B4%EC%86%8C%EC%98%81-%EC%A3%BC52%EC%8B%9C%EA%B0%84-%ED%9A%8D%EC%9D%BC%EC%A0%81-%EA%B7%9C%EC%A0%9C-%EA%B0%9C%EC%84%A0%ED%95%B4%EC%95%BC,https://wimg.sedaily.com/news/cms/2026/09/15/news-p.v1.20260915.8f0701a882cb40a3bbce964e7af1b4e1_P1.jpg,1200,762,ok
https://ailens.sedaily.ai/markets/2026/09/16/2026-09-16-%EC%84%9C%EC%9A%B8%EA%B2%BD%EC%A0%9C-%EC%82%AC%EC%B9%AD-%ED%88%AC%EC%9E%90%EC%82%AC%EA%B8%B0-%EC%A3%BC%EC%9D%98%ED%95%98%EC%84%B8%EC%9A%94,https://wimg.sedaily.com/news/cms/2026/09/15/news-p.v1.20260915.7efb3eab789447b49c1742089e0c0ea2_P1.png,910,363,ok
https://ailens.sedaily.ai/finance/2026/09/16/2026-09-16-%EB%8B%A8%EB%8F%85-45-%EB%A7%A4%EA%B0%81-%EA%B2%80%ED%86%A0-%EC%A0%95%EB%B6%80-%EC%A7%81%EC%9B%90%EC%8A%B9%EA%B3%84-%EC%A7%80%EC%9B%90,https://ailens.sedaily.ai/lens/default-cover.webp,960,960,ok
https://ailens.sedaily.ai/news/2026/09/16/2026-09-16-6%EC%96%B5-%EB%84%98%EB%8A%94-%EC%A7%80%EB%B0%A9-%EC%95%84%ED%8C%8C%ED%8A%B8%EB%8A%94-%EA%B0%90%EB%A9%B4%EC%9D%84-%EB%AA%BB-%EB%B0%9B%EC%95%98%EB%8B%A4,https://wimg.sedaily.com/news/cms/2026/09/15/rcv.YNA.20260908.PYH2026090805510005300_P1.jpg,1200,972,ok
https://ailens.sedaily.ai/property/2026/09/16/2026-09-15-%EC%97%AD%EA%B3%BC-%EC%97%AD-%EC%82%AC%EC%9D%B4-%EB%82%B4-%EB%8F%99%EB%84%A4%EB%8F%84-%EB%AA%A9%EB%A1%9D%EC%97%90-%EC%98%AC%EB%9E%90%EB%8B%A4,https://wimg.sedaily.com/news/cms/2026/09/15/news-g.v1.20260915.55f7d45f769340cab763e7c2e7573200_P1.jpg,638,545,ok
https://ailens.sedaily.ai/international/2026/09/16/2026-09-15-%EC%9D%BC%EC%A3%BC%EC%9D%BC-%EC%82%AC%EC%9D%B4%EC%97%90-%EB%8B%A4%EC%88%98-%EC%9D%98%EA%B2%AC%EC%9D%B4-%EB%92%A4%EC%A7%91%ED%98%94%EC%8A%B5%EB%8B%88%EB%8B%A4-25bp-%EC%9D%B8%EC%83%81%EC%9D%80-%EB%A7%88%EC%A7%80%EB%A7%89-%EC%A1%B0%EC%B9%98%EA%B0%80-%EC%95%84%EB%8B%88%EB%9D%BC-%EA%B8%B4%EC%B6%95%EC%9D%98-%EC%8B%9C%EC%9E%91%EC%9D%BC-%EC%88%98-%EC%9E%88%EB%8B%A4,https://wimg.sedaily.com/news/cms/2026/09/15/news-p.v1.20260915.9710da30f64a4c96a9ab5fbb276f5010_P1.jpg,1200,800,ok
https://ailens.sedaily.ai/industry/2026/09/16/2026-09-15-%EB%B9%84%EC%8B%B8%EC%84%9C-%EB%AA%BB-%EB%A8%B9%EB%8D%98-%EA%B2%B9%EC%82%B4-%EB%B0%B0%ED%84%B0%EC%A7%80%EA%B2%8C-%EB%A8%B9%EC%96%B4%EB%B3%BC%EA%B9%8C-%ED%95%9C%EB%8F%88-%EC%B5%9C%EB%8C%80-50-%ED%95%A0%EC%9D%B8-%EC%96%B4%EB%94%94%EC%84%9C,https://wimg.sedaily.com/news/cms/2026/09/15/news-p.v1.20260915.869b4baaf4474a24800d75c7df404e85_P1.png,1200,800,ok
https://ailens.sedaily.ai/industry/2026/09/16/2026-09-15-15%EC%9D%BC-%EC%84%9C%EC%9A%B8-%EC%A2%85%EB%A1%9C%EA%B5%AC-%ED%8F%AC%EC%8B%9C%EC%A6%8C%EC%8A%A4%ED%98%B8%ED%85%94-%EC%84%B1-%EA%B9%80-%ED%98%84%EB%8C%80%EC%B0%A8%EA%B7%B8%EB%A3%B9-%EC%A0%84%EB%9E%B5%EA%B8%B0%ED%9A%8D%EB%8B%B4%EB%8B%B9-%EC%82%AC%EC%9E%A5%EC%9D%B4-%EC%B9%B4%EC%8B%AC-%EC%A1%B0%EB%A7%88%EB%A5%B4%ED%8A%B8-%ED%86%A0%EC%B9%B4%EC%98%88%ED%94%84-%EC%B9%B4%EC%9E%90%ED%9D%90%EC%8A%A4%ED%83%84-%EB%8C%80,https://wimg.sedaily.com/news/cms/2026/09/15/news-p.v1.20260915.18a047c5a3df470881b53b18c2ce4784_P1.jpg,600,338,ok
https://ailens.sedaily.ai/industry/2026/09/16/2026-09-15-1%EC%96%B5-9000%EB%A7%8C-%EC%9B%90-%EB%B2%8C%EC%96%B4-2000%EB%A7%8C-%EC%9B%90%EC%9D%B4-%EB%82%A8%EB%8A%94%EB%8B%A4,https://wimg.sedaily.com/news/cms/2026/09/15/news-p.v1.20260915.873f58d38fbc443c821eb552d030444f_P1.jpg,1200,975,ok
https://ailens.sedaily.ai/industry/2026/09/16/2026-09-15-%ED%95%9C-%EC%9A%B0%EC%A6%88%EB%B2%A1-%EC%A0%84%EB%9E%B5%EC%A0%81-%EC%83%9D%EC%82%B0-%ED%8C%8C%ED%8A%B8%EB%84%88-%EB%8F%84%EC%95%BD-%ED%95%B5%EC%8B%AC%EA%B4%91%EB%AC%BC-%EB%93%B1-%EB%AF%B8%EB%9E%98%EC%82%B0%EC%97%85-%ED%95%A8%EA%BB%98-%EC%9D%BC%EA%B5%B0%EB%8B%A4,https://wimg.sedaily.com/news/cms/2026/09/15/news-p.v1.20260915.c38101295ebd4eb395406b0ff15a8135_P1.png,1200,775,ok
https://ailens.sedaily.ai/markets/2026/09/15/2026-09-15-15%EC%A1%B0%EB%A5%BC-%EB%AA%A8%EC%9D%80-%EB%8B%A4%EC%9D%8C-%EB%AA%A9%ED%91%9C%EB%8A%94-%EC%95%84%EC%8B%9C%EC%95%84%EC%9E%85%EB%8B%88%EB%8B%A4,https://wimg.sedaily.com/news/cms/2026/09/15/news-p.v1.20260106.13224849724943d39f64c1d660ec6d0f_P1.png,343,147,ok
https://ailens.sedaily.ai/markets/2026/09/15/2026-09-15-%EB%AF%B8%EB%9E%98%EC%97%90%EC%85%8B-TIGER-%EB%AF%B8%EA%B5%ADS-P500-%ED%95%98%EB%B0%98%EA%B8%B0%EB%A7%8C-%EA%B0%9C%EB%AF%B8-1-5%EC%A1%B0-%EC%88%9C%EB%A7%A4%EC%88%98,https://wimg.sedaily.com/news/cms/2026/09/15/news-p.v1.20260915.0d3f95e721cb4b43bf212991b0d93a69_P1.jpg,1102,739,ok
https://ailens.sedaily.ai/markets/2026/09/15/2026-09-15-%EC%84%9C%ED%95%99%EA%B0%9C%EB%AF%B8-%EC%B4%88%EB%8B%A8%EA%B8%B0%EC%B1%84%EB%A1%9C-%ED%94%BC%EC%8B%A0-%ED%95%9C%EB%8B%AC%EC%83%88-3000%EC%96%B5%EC%9B%90-%EB%AD%89%EC%B9%AB%EB%8F%88,https://wimg.sedaily.com/news/cms/2026/09/15/news-p.v1.20260915.a2b3b779f9ac4c05b078a976d7b05b27_P1.jpg,1200,765,ok
https://ailens.sedaily.ai/markets/2026/09/15/2026-09-15-%EA%B3%A0%EB%B0%9C%EB%8B%B9%ED%95%9C-%EB%8C%80%EC%A3%BC%EC%A3%BC-%EC%8B%A0%EB%8F%99%EA%B5%AD-%EA%B3%BC%EC%A7%95%EA%B8%88%EC%8B%9C-%ED%95%9C%EB%AF%B8%EC%82%AC%EC%9D%B4%EC%96%B8%EC%8A%A4-%EB%B0%98%EB%8C%80%EB%A7%A4%EB%A7%A4-%EA%B2%BD%EA%B3%A0%EB%93%B1-%EC%8B%9C%EA%B7%B8%EB%84%90,https://wimg.sedaily.com/news/cms/2026/09/15/news-p.v1.20260312.1e1c8e4329ef49c49683ea7e973a3d1d_P1.jpg,1200,887,ok
https://ailens.sedaily.ai/news/2026/09/15/2026-09-15-%EC%9D%98%EB%AC%B4%EA%B3%B5%EA%B0%9C%EB%A7%A4%EC%88%98-%EC%A0%95%EB%AC%B4%EC%9C%84-%EC%86%8C%EC%9C%84-%ED%86%B5%EA%B3%BC-%EA%B3%B5%EA%B0%9C%EB%A7%A4%EC%88%98-%EB%8C%80%EC%83%81-50-1%EC%A3%BC,https://wimg.sedaily.com/news/cms/2026/09/15/rcv.YNA.20260903.PYH2026090310750001300_P1.jpg,1200,513,ok
https://ailens.sedaily.ai/international/2026/09/15/2026-09-15-5-%EC%A0%80%EC%A7%80%EC%84%A0-%EB%9A%AB%EB%A6%B0-10%EB%85%84%EB%AC%BC-%EC%8B%9C%EC%9E%A5%EC%9D%80-%EA%B8%88%EB%A6%AC%EC%9D%B8%EC%83%81%EC%97%90-%EB%B2%A0%ED%8C%85,https://wimg.sedaily.com/news/cms/2026/09/15/news-p.v1.20260827.58ffe895cdb54a41b124245c52ce96f6_P1.png,658,438,ok
https://ailens.sedaily.ai/news/2026/09/15/2026-09-15-%EC%A0%95%EB%B6%80-%EB%A9%94%EA%B0%80%ED%8A%B9%EA%B5%AC-52%EC%8B%9C%EA%B0%84-%EC%99%84%ED%99%94-%EC%9B%90-%ED%8F%AC%EC%9D%B8%ED%8A%B8-%EC%82%AC%ED%9A%8C%EC%A0%81-%EB%8C%80%ED%99%94-%EC%A0%9C%EC%95%88,https://wimg.sedaily.com/news/cms/2026/09/15/rcv.YNA.20260915.PYH2026091508370001300_P1.jpg,1200,897,ok
https://ailens.sedaily.ai/markets/2026/09/15/2026-09-15-%EB%8C%80%ED%95%9C%ED%95%AD%EA%B3%B5-%EB%A7%88%EC%9D%BC%EB%A6%AC%EC%A7%80-%ED%86%B5%ED%95%A9-%EC%9E%91%EC%97%85-%EB%A7%88%EB%AC%B4%EB%A6%AC-%EC%95%84%EC%8B%9C%EC%95%84%EB%82%98-%EB%A7%88%EC%9D%BC%EB%A6%AC%EC%A7%80-10%EB%85%84%EA%B0%84-%EC%82%AC%EC%9A%A9-%EA%B0%80%EB%8A%A5,https://wimg.sedaily.com/news/cms/2026/09/15/news-p.v1.20260915.0df7a81d01bc4ba4a0256423cd5d4b2f_P1.jpg,1200,774,ok
https://ailens.sedaily.ai/industry/2026/09/15/2026-09-15-%EC%83%88-%EC%B2%A0%ED%83%91-%EC%A0%88%EB%B0%98%EC%9D%80-%EC%84%B8%EC%9A%B0%EC%A7%80-%EC%95%8A%EB%8A%94%EB%8B%A4,https://wimg.sedaily.com/news/cms/2026/09/15/news-p.v1.20260915.727a4ff71ec84b75af25c6ec11321ed5_P1.jpeg,1200,900,ok
https://ailens.sedaily.ai/news/2026/09/15/2026-09-15-30%EB%85%84-%EB%84%98%EC%9D%80-%ED%95%98%EC%88%98%EA%B4%80-6000-%EC%84%9C%EC%9A%B8-%EB%B0%9C%EB%B0%91-%EC%9D%B4-%EB%B6%88%EC%95%88%ED%95%98%EB%8B%A4,https://wimg.sedaily.com/news/cms/2026/09/15/news-p.v1.20260105.ea47bcf2415245f6a1a6358dfb31e17a_P1.jpg,1200,747,ok
https://ailens.sedaily.ai/markets/2026/09/15/2026-09-15-%EC%BD%94%EC%8A%A4%ED%94%BC%EB%8A%94-%EB%82%B4%EB%A6%AC%EA%B3%A0-%EC%BD%94%EC%8A%A4%EB%8B%A5%EB%A7%8C-%EC%98%AC%EB%9E%90%EC%8A%B5%EB%8B%88%EB%8B%A4,https://wimg.sedaily.com/news/cms/2026/09/15/rcv.YNA.20260915.PYH2026091503000001300_P1.jpg,1200,538,ok
https://ailens.sedaily.ai/markets/2026/09/15/2026-09-15-1%EC%A1%B0-%EC%9B%90%EC%9D%B4%EB%8D%98-%ED%9A%8C%EC%82%AC%EA%B0%80-4000%EC%96%B5-%EC%9B%90%EB%8C%80%EB%A1%9C-%EC%A0%81%ED%98%94%EB%8B%A4,https://wimg.sedaily.com/news/cms/2026/09/15/news-p.v1.20260825.91d2554fc7eb426e96d6756fa8283457_P1.jpg,1200,1718,ok
https://ailens.sedaily.ai/markets/2026/09/15/2026-09-15-%EB%B9%9A%EB%82%B4%EC%84%9C-%EC%82%B0-%EC%A3%BC%EC%8B%9D%EC%9D%B4-%EC%A4%84%EC%9E%90-%ED%8F%89%EA%B0%80%EA%B0%80-%EB%B0%94%EB%80%8C%EC%97%88%EB%8B%A4,https://wimg.sedaily.com/news/cms/2026/09/15/rcv.YNA.20260915.PYH2026091519400001300_P1.jpg,1200,884,ok
https://ailens.sedaily.ai/markets/2026/09/15/2026-09-15-%EA%B0%99%EC%9D%80-%EB%82%A0-%EC%BD%94%EC%8A%A4%ED%94%BC%EB%8A%94-%EB%82%B4%EB%A6%AC%EA%B3%A0-%EC%BD%94%EC%8A%A4%EB%8B%A5%EC%9D%80-%EC%98%AC%EB%9E%90%EB%8B%A4,https://wimg.sedaily.com/news/cms/2026/09/15/rcv.YNA.20260915.PYH2026091519420001300_P1.jpg,1200,815,ok
https://ailens.sedaily.ai/industry/2026/09/15/2026-09-15-%EB%A7%A4%EC%9B%94-70%EB%A7%8C-%EC%9B%90-%EC%A1%B0%EC%82%AC%EB%8A%94-%EC%95%84%EC%A7%81-%EC%8B%9C%EC%9E%91%EB%90%98%EC%A7%80-%EC%95%8A%EC%95%98%EB%8B%A4,https://wimg.sedaily.com/news/cms/2026/09/15/news-p.v1.20260915.b5c9ff89ac724219845a77fc4ad90557_P1.png,1200,1800,ok
https://ailens.sedaily.ai/industry/2026/09/15/2026-09-15-%EA%B5%90%ED%86%B5-%EC%88%99%EB%B0%95-%ED%95%A0%EC%9D%B8%EB%B0%9B%EA%B3%A0-%EC%A7%80%EB%B0%A9%EC%97%AC%ED%96%89-%EA%B0%80%EC%84%B8%EC%9A%94-%EB%AC%B8%EC%B2%B4%EB%B6%80-%EC%97%AC%ED%96%89%EA%B0%80%EB%8A%94-%EA%B0%80%EC%9D%84-%EC%BA%A0%ED%8E%98%EC%9D%B8,https://wimg.sedaily.com/news/cms/2026/09/15/news-p.v1.20260915.dd7b0bdca14047838fd91f91757beb61_P1.jpg,1200,772,ok
https://ailens.sedaily.ai/industry/2026/09/15/2026-09-15-N-%EC%84%B1%EA%B3%BC%EA%B8%89-%EA%B0%88%EB%93%B1-%ED%99%95%EC%82%B0-%EC%B6%94%EC%84%9D-%EC%95%9E%EB%91%90%EA%B3%A0-%EC%B6%94%ED%88%AC-%EC%9E%A5%EA%B8%B0%ED%99%94-%EC%A1%B0%EC%A7%90,https://wimg.sedaily.com/news/cms/2026/09/15/news-p.v1.20260915.fdc2771e83b64e5fb1f6ba6adfe11667_P1.jpg,1200,671,ok
https://ailens.sedaily.ai/industry/2026/09/15/2026-09-15-%EB%8B%A8%EB%8F%85-%EC%82%BC%EC%84%B1-%ED%85%8C%EC%9D%BC%EB%9F%AC%ED%8C%B9-%ED%85%8C%EC%8A%AC%EB%9D%BC-%EC%A3%BC%EB%AC%B8-%ED%8F%AD%EC%A3%BC%EC%97%90-%EC%96%91%EC%82%B0-%EC%8B%9C%EC%9E%91-%EA%B0%80%EB%8F%99%EB%A5%A0-%EB%B2%8C%EC%8D%A8-30,https://wimg.sedaily.com/news/cms/2026/09/15/news-p.v1.20260603.f1ac5ff13b754fec9fdc9afd124b8b88_P2.jpg,500,334,ok
https://ailens.sedaily.ai/markets/2026/09/15/2026-09-15-HLB-%EB%8B%B4%EA%B4%80%EC%95%94-%EC%8B%A0%EC%95%BD-%EB%AF%B8%EA%B5%AD-%EC%9D%B4%EC%96%B4-%EC%9C%A0%EB%9F%BD-%ED%92%88%EB%AA%A9%ED%97%88%EA%B0%80-%EC%8B%A0%EC%B2%AD,https://wimg.sedaily.com/news/cms/2026/09/15/news-p.v1.20260915.fa617316287c48bf8e0a9ba241354395_P1.jpg,1200,630,ok
https://ailens.sedaily.ai/markets/2026/09/15/2026-09-15-%EC%A6%9D%EA%B6%8C%EC%82%AC-%EA%B0%9C%EC%9D%B8%EC%A2%85%ED%95%A9%EC%9E%90%EC%82%B0%EA%B4%80%EB%A6%AC%EA%B3%84%EC%A2%8C-ISA-%EA%B0%80%EC%9E%85%EC%9E%90%EA%B0%80-989%EB%A7%8C-8-127%EB%AA%85%EC%9D%B4-%EB%90%90%EC%8A%B5%EB%8B%88%EB%8B%A4-2026%EB%85%84-7%EC%9B%94-%EB%A7%90-%EA%B8%B0%EC%A4%80%EC%9E%85%EB%8B%88%EB%8B%A4,https://wimg.sedaily.com/news/cms/2026/09/15/news-p.v1.20260914.f5b4ef232df14e9b8bff1702ea2c4724_P1.jpg,1200,815,ok
https://ailens.sedaily.ai/markets/2026/09/15/2026-09-15-%EC%B2%AB%EB%82%A0-1-8%EC%A1%B0-%EB%AA%B0%EB%A6%B0-KRX-%EC%95%A0%ED%94%84%ED%84%B0%EB%A7%88%EC%BC%93-%EA%B8%80%EB%A1%9C%EB%B2%8C-%EA%B1%B0%EB%9E%98%EC%8B%9C%EA%B0%84-%EC%97%B0%EC%9E%A5-%EA%B2%BD%EC%9F%81-%ED%95%A9%EB%A5%98,https://wimg.sedaily.com/news/cms/2026/09/15/rcv.YNA.20260914.PYH2026091418650001300_P1.jpg,1200,800,ok
https://ailens.sedaily.ai/markets/2026/09/15/2026-09-15-%EA%B8%88%EA%B0%90%EC%9B%90-%EC%A0%9C%EB%84%A8%EC%85%80-%ED%97%88%EC%9C%84-%EC%A0%95%EB%B3%B4%EB%A1%9C-%EC%A3%BC%EA%B0%80-%EB%B6%80%EC%96%91-%EA%B9%80%EC%8A%B9%EC%9B%90-%EC%9E%A5%EA%B4%80%EB%90%98%EB%A9%B4-%ED%94%BC%ED%95%B4%EC%9E%90%EB%B6%80%ED%84%B0-%EB%A7%8C%EB%82%A0-%EA%B2%83,https://wimg.sedaily.com/news/cms/2026/09/15/news-p.v1.20260915.72b6d624cc6e4b5e9eca9c6985300a84_P1.jpg,1200,545,ok
https://ailens.sedaily.ai/news/2026/09/15/2026-09-15-%EB%85%B8%EB%8F%99-%EC%9E%A5%EA%B4%80-%EB%A9%94%EA%B0%80-%ED%8A%B9%EA%B5%AC%EB%B2%95-%EB%85%B8%EB%8F%99-%ED%8A%B9%EB%A1%80-%EC%82%AC%ED%9A%8C%EC%A0%81-%EB%8C%80%ED%99%94%ED%95%98%EC%9E%90,https://wimg.sedaily.com/news/cms/2026/09/15/rcv.YNA.20260909.PYH2026090904360053001_P1.jpg,1200,801,ok
https://ailens.sedaily.ai/international/2026/09/15/2026-09-15-%EA%B5%AD%EC%A0%9C-%EC%9C%A0%EA%B0%80-100%EB%8B%AC%EB%9F%AC-%EB%84%98%EC%97%88%EB%8A%94%EB%8D%B0-%EA%B8%B0%EB%A6%84%EA%B0%92-%EB%AC%B6%EB%8A%94-%EC%A0%95%EB%B6%80-%EC%86%8D%ED%83%80%EB%8A%94-%EC%A0%95%EC%9C%A0%EC%82%AC,https://wimg.sedaily.com/news/cms/2026/09/15/rcv.YNA.20260913.PYH2026091303940001300_P1.jpg,1200,769,ok
https://ailens.sedaily.ai/markets/2026/09/15/2026-09-15-%EB%8B%A8%EB%8F%85-IMM-PE-10%EB%85%84%EB%A7%8C%EC%97%90-%ED%82%A4%EB%8B%A4%EB%A6%AC%EC%8A%A4%ED%8A%9C%EB%94%94%EC%98%A4-%EC%97%91%EC%8B%9C%ED%8A%B8-%EC%8B%9C%EA%B7%B8%EB%84%90,https://wimg.sedaily.com/news/cms/2026/09/15/news-p.v1.20260914.2822f7498d4c475db6a612ee5cd3697a_P1.jpg,300,150,ok
https://ailens.sedaily.ai/markets/2026/09/15/2026-09-15-691%EC%97%94-%EC%A3%BC%EC%8B%9D%EC%97%90-1000%EC%97%94%EC%9D%84-%EB%B6%80%EB%A5%B8-%EC%9D%B4%EC%9C%A0,https://wimg.sedaily.com/news/cms/2026/09/15/news-p.v1.20260915.fde12c97da81491899a988a0a91e7144_P1.jpg,637,248,ok
https://ailens.sedaily.ai/industry/2026/09/15/2026-09-15-%EC%9D%B4%EC%86%8C%EC%98%81-%EC%BD%94%EC%8A%A4%EB%8B%A5-%EC%8B%A0%EB%A2%B0-%ED%9A%8C%EB%B3%B5-5%EA%B7%B93%ED%8A%B9%EC%84%9C-%EC%A4%91%EA%B8%B0-%EC%97%AD%ED%95%A0-%EC%B0%BE%EC%95%84%EC%95%BC,https://wimg.sedaily.com/news/cms/2026/09/15/rcv.YNA.20260908.PYH2026090809410001300_P1.jpg,1200,844,ok
https://ailens.sedaily.ai/industry/2026/09/15/2026-09-15-%EC%BF%A0%ED%8C%A1-%EC%A0%95%EB%B3%B4%EB%B3%B4%ED%98%B8-%EC%9E%90%EB%AC%B8%EC%9C%84%EC%9B%90%ED%9A%8C-%EC%B6%9C%EB%B2%94-%EA%B0%9C%EC%9D%B8%EC%A0%95%EB%B3%B4-%EC%9C%A0%EC%B6%9C-%ED%9B%84%EC%86%8D%EC%A1%B0%EC%B9%98,https://wimg.sedaily.com/news/cms/2026/09/15/news-p.v1.20260915.36c076401db946519681c2caac2dcb2d_P1.jpeg,1200,655,ok
https://ailens.sedaily.ai/industry/2026/09/15/2026-09-15-LG%EC%A0%84%EC%9E%90-%EC%A0%9C%EC%A3%BC%EC%84%9C-%EB%B3%B4%EC%9D%BC%EB%9F%AC-%EC%97%86%EB%8A%94-%EC%95%84%ED%8C%8C%ED%8A%B8-%EC%8B%A4%EC%A6%9D-%EA%B3%B5%EB%8F%99%EC%A3%BC%ED%83%9D-%EC%A0%84%EA%B8%B0%ED%99%94-%EC%B2%AB%EB%B0%9C,https://wimg.sedaily.com/news/cms/2026/09/15/news-p.v1.20260915.7c27b44f4bf7465c9f284ad117a42e8e_P1.jpg,1200,849,ok
https://ailens.sedaily.ai/industry/2026/09/15/2026-09-15-%EB%B0%B0%EB%8B%AC%EC%9D%98%EB%AF%BC%EC%A1%B1%EA%B3%BC-%EC%BF%A0%ED%8C%A1%EC%9D%B4%EC%B8%A0%EC%97%90-%EC%9E%85%EC%A0%90%ED%95%9C-%EC%96%B4%EB%8A%90-%EC%97%85%EC%B2%B4%EB%8A%94-%EB%A7%A4%EC%B6%9C%EC%9D%98-45-%EB%A5%BC-%ED%94%8C%EB%9E%AB%ED%8F%BC-%EA%B1%B0%EB%9E%98%EB%B9%84%EC%9A%A9%EC%9C%BC%EB%A1%9C-%EB%83%88%EC%8A%B5%EB%8B%88%EB%8B%A4-100%EB%A7%8C-%EC%9B%90%EC%9D%84-%ED%8C%94%EB%A9%B4,https://wimg.sedaily.com/news/cms/2026/09/15/news-p.v1.20260701.cb8667e065ab456abfa3db66537b7b14_P1.jpg,600,430,ok
https://ailens.sedaily.ai/markets/2026/09/15/2026-09-15-MS-%EA%B5%AC%EA%B8%80-50-%EC%A7%91%EC%A4%91-%ED%88%AC%EC%9E%90-HANARO-%EB%AF%B8%EA%B5%AD%EC%97%90%EC%9D%B4%EC%A0%84%ED%8B%B1AI-TOP2-ETF-%EC%83%81%EC%9E%A5,https://wimg.sedaily.com/news/cms/2026/09/15/news-p.v1.20260915.38860b1199404f5f8bf64390386f9010_P1.png,1200,751,ok
https://ailens.sedaily.ai/markets/2026/09/15/2026-09-15-%ED%95%9C%ED%99%94%EC%9A%B4%EC%9A%A9-HBM-AI-%EB%B0%98%EB%8F%84%EC%B2%B4-%EC%86%8C%EB%B6%80%EC%9E%A5-ETF-2%EC%A2%85-%EC%83%81%EC%9E%A5,https://wimg.sedaily.com/news/cms/2026/09/15/news-p.v1.20260915.a655909cdc9f414e89079663e446018a_P1.jpg,891,630,ok
https://ailens.sedaily.ai/markets/2026/09/15/2026-09-15-%EC%82%BC%EC%84%B1%EC%9A%B4%EC%9A%A9-KODEX-%EB%AF%B8%EA%B5%ADAI%EB%A9%94%EB%AA%A8%EB%A6%ACTOP2%ED%94%8C%EB%9F%AC%EC%8A%A4-ETF-%EC%83%81%EC%9E%A5,https://wimg.sedaily.com/news/cms/2026/09/15/news-p.v1.20260915.7d4dbaf6c4694928b7406c1a22b2d57a_P1.jpg,1200,897,ok
https://ailens.sedaily.ai/markets/2026/09/15/2026-09-15-%EA%B8%B0%EA%B4%80%EB%A7%8C-%EA%B0%80%EB%8D%98-IR-30%EC%9D%BC%EC%97%94-%EB%88%84%EA%B5%AC%EB%82%98-%EB%93%A4%EC%96%B4%EA%B0%84%EB%8B%A4,https://wimg.sedaily.com/news/cms/2026/09/15/news-p.v1.20260915.6617da404c944184a478d2681ade56a7_P1.png,1200,732,ok
https://ailens.sedaily.ai/markets/2026/09/15/2026-09-15-%EA%B5%AD%EC%B1%84%EA%B8%88%EB%A6%AC-5-%EC%BD%94%EC%8A%A4%ED%94%BC%EB%8A%94-3-26-%EB%B9%A0%EC%A1%8C%EB%8B%A4,https://wimg.sedaily.com/news/cms/2026/09/15/rcv.YNA.20260911.PYH2026091103820001300_P1.jpg,1200,696,ok
https://ailens.sedaily.ai/property/2026/09/15/2026-09-15-%ED%86%A0%ED%97%88%EC%A0%9C-%EC%8B%A4%EA%B1%B0%EC%A3%BC-%EC%9C%A0%EC%98%88-%EB%82%B4%EB%85%84%EA%B9%8C%EC%A7%80-%EC%97%B0%EC%9E%A5-%EC%A0%9C%EC%95%88-%EC%9E%84%EB%8C%80%EC%B0%A8-%EA%B0%B1%EC%8B%A0%EB%8F%84-%ED%97%88%EC%9A%A9,https://wimg.sedaily.com/news/cms/2026/09/15/news-p.v1.20260915.362aa755bbc247ee8f569aeed19faecf_P1.jpg,1200,940,ok
https://ailens.sedaily.ai/industry/2026/09/15/2026-09-15-%EB%9D%BC%EC%9D%B4%ED%94%84%EC%9E%90%EC%82%B0%EC%9A%B4%EC%9A%A9-%EC%86%8C%EA%B0%81-%EC%A0%9C%EC%95%88%EC%97%90-%EC%82%BC%EC%84%B1%EC%A0%84%EC%9E%90%EC%9A%B0-%EB%82%98%ED%99%80%EB%A1%9C-3-%EC%83%81%EC%8A%B9-%EC%BD%94%EC%A3%BC%EB%B6%80,https://wimg.sedaily.com/news/cms/2026/09/15/news-p.v1.20260907.50b5659256e1446aa311d8382ae3a623_P1.jpg,640,445,ok
https://ailens.sedaily.ai/markets/2026/09/15/2026-09-15-FOMC-%EC%95%9E%EB%91%90%EA%B3%A0-%EB%8C%80%EA%B8%B0%EB%AA%A8%EB%93%9C-%EC%BD%94%EC%8A%A4%ED%94%BC-6600%EC%84%9C-%EC%95%BD%EB%B3%B4%ED%95%A9-%EB%A7%88%EC%BC%93%EC%8B%9C%EA%B7%B8%EB%84%90,https://wimg.sedaily.com/news/cms/2026/09/15/rcv.YNA.20260915.PYH2026091502640001300_P1.jpg,1200,435,ok
https://ailens.sedaily.ai/markets/2026/09/15/2026-09-15-%EA%B8%88%EB%A6%AC-5-%EB%84%98%EC%9D%80-%EB%82%A0-%EC%B4%88%EA%B3%A0%EC%88%98%EB%8A%94-%EC%82%BC%EC%84%B1%EC%A0%84%EC%9E%90%EB%A5%BC-%EC%83%80%EB%8B%A4,https://wimg.sedaily.com/news/cms/2026/09/15/news-p.v1.20260914.a1a3d4e083c2465f9936ba90e7594912_P1.png,500,142,ok
https://ailens.sedaily.ai/industry/2026/09/15/2026-09-15-%EB%AF%B8%EA%B5%AD-%EC%B4%88%EA%B3%A0%EC%95%95%EB%B3%80%EC%95%95%EA%B8%B0-%EC%A0%88%EB%B0%98%EC%9D%B4-%ED%95%9C-%ED%9A%8C%EC%82%AC-%EC%A0%9C%ED%92%88%EC%9D%B4%EB%8B%A4,https://wimg.sedaily.com/news/cms/2026/09/15/news-p.v1.20260915.f6ea2642098048ec9a9d1e2c7182c4e1_P1.jpg,640,480,ok
https://ailens.sedaily.ai/industry/2026/09/15/2026-09-15-%EB%9D%BC%EC%9D%B4%EB%8B%A4-%EC%97%86%EC%9D%B4%EB%8F%84-OK-%EC%82%BC%EC%84%B1%EC%A0%84%EC%9E%90-%ED%86%B5%EC%8B%A0%EC%82%AC%EC%99%80-%EC%9E%90%EC%9C%A8%EC%A3%BC%ED%96%89-%ED%95%B5%EC%8B%AC%EA%B8%B0%EC%88%A0-%ED%99%95%EB%B3%B4,https://wimg.sedaily.com/news/cms/2026/09/15/news-p.v1.20260915.c04d4264d049413d83428bc68e6bb0c1_P1.jpg,1195,896,ok
https://ailens.sedaily.ai/industry/2026/09/15/2026-09-15-25%ED%91%9C-%EC%B0%A8%EB%A1%9C-%EA%B0%88%EB%A6%B0-%EC%84%B1%EA%B3%BC%EA%B8%89-%EB%8B%A4%EC%8B%9C-%ED%88%AC%ED%91%9C%ED%95%A9%EB%8B%88%EB%8B%A4,https://wimg.sedaily.com/news/cms/2026/09/15/news-p.v1.20260915.5bdeefcfd6e74589803135e6a7f19550_P1.png,700,415,ok
https://ailens.sedaily.ai/industry/2026/09/15/2026-09-15-LS%EC%A0%84%EC%84%A0-%EB%85%B8%EC%A1%B0-%EC%84%A4%EB%A6%BD-37%EB%85%84%EB%A7%8C%EC%97%90-%EC%B2%AB-%ED%8C%8C%EC%97%85-%EC%9C%84%EA%B8%B0,https://wimg.sedaily.com/news/cms/2026/09/15/news-p.v1.20260915.6f5ec0d975c348c7b1599e2f21f699a5_P1.jpg,600,291,ok
https://ailens.sedaily.ai/markets/2026/09/15/2026-09-15-%EC%95%95%EB%8F%84%EC%A0%81-%EC%88%98%EC%A3%BC%EB%9F%89-HD%ED%98%84%EB%8C%80%EC%A4%91%EA%B3%B5%EC%97%85-%EB%AA%A9%ED%91%9C%EA%B0%80-%EC%A4%84%EC%83%81%ED%96%A5-%EC%A4%8D%EC%A4%8D%EB%A6%AC%ED%8F%AC%ED%8A%B8,https://wimg.sedaily.com/news/cms/2026/09/15/news-p.v1.20260729.98a17196db7a4ee4b752e132574bee95_P1.jpg,660,371,ok
https://ailens.sedaily.ai/markets/2026/09/15/2026-09-15-%EC%84%A4%EB%B9%84%EB%A5%BC-%EB%8B%AB%EB%8A%94%EB%8D%B0-%EC%9D%B4%EC%9D%B5-%EC%A0%84%EB%A7%9D%EC%9D%80-%EC%98%AC%EB%9D%BC%EA%B0%94%EB%8B%A4,https://wimg.sedaily.com/news/cms/2026/09/15/news-p.v1.20260914.143a068bdd2148478439d5012603f907_P1.jpg,1200,782,ok
https://ailens.sedaily.ai/markets/2026/09/15/2026-09-15-%EC%95%8C%ED%8C%8C%EB%B2%B3%EC%9D%84-%ED%8C%94%EA%B3%A0-%EA%B7%B8%EB%A7%8C%ED%81%BC-%EB%A9%94%ED%83%80%EB%A5%BC-%EC%83%80%EB%8B%A4,https://wimg.sedaily.com/news/cms/2026/09/15/news-p.v1.20260915.e4bd07e14aab415bafa4ae0b36e9ef33_P1.png,640,444,ok
https://ailens.sedaily.ai/markets/2026/09/15/2026-09-15-%EC%9D%B4%EB%8B%AC-9%EC%9D%BC-%EC%A2%85%EA%B0%80-%EA%B8%B0%EC%A4%80-%EC%82%BC%EC%84%B1%EC%A0%84%EC%9E%90-%EC%9A%B0%EC%84%A0%EC%A3%BC%EB%8A%94-%EB%B3%B4%ED%86%B5%EC%A3%BC%EB%B3%B4%EB%8B%A4-26-7-%EB%82%AE%EC%9D%80-%EA%B0%80%EA%B2%A9%EC%97%90-%EA%B1%B0%EB%9E%98%EB%90%98%EA%B3%A0-%EC%9E%88%EC%8A%B5%EB%8B%88%EB%8B%A4-%EA%B0%99%EC%9D%80-%ED%9A%8C%EC%82%AC%EA%B0%80-%EB%B0%9C,https://wimg.sedaily.com/news/cms/2026/09/15/news-p.v1.20260915.35fc94068daf4f99825e63991add38b7_P1.jpg,1200,841,ok
https://ailens.sedaily.ai/news/2026/09/15/2026-09-15-%EC%9C%A0%EA%B0%80%EB%8A%94-%EC%98%AC%EB%9E%90%EB%8A%94%EB%8D%B0-%EC%BB%A4%ED%94%BC-%EA%B0%92%EC%9D%80-%EB%82%B4%EB%A0%B8%EB%8B%A4,https://wimg.sedaily.com/news/cms/2026/09/15/ams.001.photo.202609141601418798459715_P1.jpg,1200,800,ok
https://ailens.sedaily.ai/international/2026/09/15/2026-09-15-%EC%84%B8%EA%B3%84-%EA%B8%88%EB%A6%AC%EC%9D%98-%EA%B8%B0%EC%A4%80%EC%84%A0%EC%9D%B4-3%EB%85%84-%EB%A7%8C%EC%97%90-5-%EB%A5%BC-%EB%84%98%EC%97%88%EC%8A%B5%EB%8B%88%EB%8B%A4,https://wimg.sedaily.com/news/cms/2026/09/15/rcv.YNA.20260914.PRU20260914368301009_P1.jpg,1200,800,ok
https://ailens.sedaily.ai/news/2026/09/15/2026-09-15-%EC%97%84%EB%A7%88-%EC%B7%A8%EC%97%85%EC%9D%B4-%EB%84%88%EB%AC%B4-%EC%95%88-%EB%8F%BC-IMF-%EC%9D%B4%ED%9B%84-%EC%9D%B4%EB%9F%B0-%EC%A0%81%EC%9D%80-%EC%B2%98%EC%9D%8C-20%EB%8C%80-%ED%95%9C%EC%88%A8,https://wimg.sedaily.com/news/cms/2026/09/15/news-p.v1.20260914.8133c06a88784ad6baaabd7aacf7fb71_P1.jpg,1200,800,ok
https://ailens.sedaily.ai/property/2026/09/15/2026-09-15-%EB%8B%B9%EC%B2%A8%EC%9D%80-%EB%90%90%EB%8A%94%EB%8D%B0-%EB%B6%84%EC%96%91%EA%B0%80%EA%B0%80-1%EC%96%B5-%EB%84%98%EA%B2%8C-%EC%98%AC%EB%9E%90%EB%8B%A4,https://wimg.sedaily.com/news/cms/2026/09/14/news-g.v1.20260914.e55d0aa6fa174851ab032bcd580467cc_P1.jpg,1200,616,ok
https://ailens.sedaily.ai/international/2026/09/15/2026-09-15-9%EC%9B%94-%EA%B8%88%EB%A6%AC-%EC%9D%B8%EC%83%81-%ED%99%95%EB%A5%A0-86-2-%EC%9B%8C%EC%8B%9C-%ED%8A%B8%EB%9F%BC%ED%94%84%EC%99%80-%EC%B6%A9%EB%8F%8C%ED%95%A0%EA%B9%8C,https://wimg.sedaily.com/news/cms/2026/09/14/news-p.v1.20260829.35c03f7fa66f475fb9c7ff87dca10922_P1.png,695,473,ok
https://ailens.sedaily.ai/news/2026/09/15/2026-09-15-2026%EB%85%84-9%EC%9B%94-11%EC%9D%BC-%EC%98%A4%ED%9B%84-5%EC%8B%9C-50%EB%B6%84-%EC%88%98%EC%8B%9C-%EC%9B%90%EC%84%9C%EC%A0%91%EC%88%98-%EB%A7%88%EA%B0%90%EC%9D%84-10%EC%97%AC-%EB%B6%84-%EC%95%9E%EB%91%94-%EC%8B%9C%EA%B0%81-%EC%9C%A0%EC%9B%A8%EC%9D%B4%EC%96%B4%ED%94%8C%EB%9D%BC%EC%9D%B4%EC%9D%98-%EC%A0%91%EC%88%98,https://wimg.sedaily.com/news/cms/2026/09/14/news-p.v1.20260914.255414a2f3324ee9b69dfe5bd779d283_P1.png,1200,800,ok
https://ailens.sedaily.ai/industry/2026/09/15/2026-09-15-%EB%98%90%EB%8B%A4%EC%8B%9C-%EA%B3%A0%EC%9C%A0%EA%B0%80-%EB%B9%84%EC%83%81-%EC%A4%91%EB%8F%99%EC%82%B0-%EC%88%98%EC%9E%85%EC%8B%9C-%EC%9A%B4%EC%9E%84-%EC%B0%A8%EC%95%A1%EC%A7%80%EC%9B%90-%EB%8A%98%EB%A6%B0-Pick%EC%BD%94%EB%85%B8%EB%AF%B8,https://wimg.sedaily.com/news/cms/2026/09/15/rcv.YNA.20260914.PAP20260914073501009_P1.jpg,1200,779,ok
https://ailens.sedaily.ai/news/2026/09/15/2026-09-15-%EC%8A%A4%EB%A7%88%ED%8A%B8%EC%9B%8C%EC%B9%98-%EC%A7%80%EA%B8%89%EC%9D%80-%EC%97%AD%EB%8C%80-%EC%B5%9C%EB%8C%80%EC%9D%B8%EB%8D%B0-3%EB%B6%84-%EB%A7%8C%EC%97%90-%EC%B6%9C%EB%8F%99-%ED%95%B4%EB%8F%84-%EC%82%B4%EC%9D%B8-%EC%B0%B8%EA%B7%B9-%EB%B0%98%EB%B3%B5,https://wimg.sedaily.com/news/cms/2026/09/14/news-g.v1.20260914.1965da782eba4fe99bb33ee2d89e1c8a_P1.jpg,1200,437,ok
https://ailens.sedaily.ai/industry/2026/09/15/2026-09-15-60%EB%B6%84%EC%A7%9C%EB%A6%AC-%ED%99%88%EC%87%BC%ED%95%91-%EB%B0%A9%EC%86%A1%EC%9D%B4-30%EC%B4%88%EB%A1%9C-%EC%9E%98%EB%A0%A4-%EB%82%98%EC%98%B5%EB%8B%88%EB%8B%A4-%EB%A1%AF%EB%8D%B0%ED%99%88%EC%87%BC%ED%95%91%EC%9D%B4-2024%EB%85%84-%EB%A7%8C%EB%93%A0-%EC%88%8F%ED%8F%BC-%EC%84%9C%EB%B9%84%EC%8A%A4-%EC%88%8F%ED%95%91-%EC%9D%B4-%ED%95%B4%EC%98%A8,https://wimg.sedaily.com/news/cms/2026/09/14/news-p.v1.20260914.74d34848f23b4fbf99e6ffcd70ae9423_P1.png,813,1296,ok
https://ailens.sedaily.ai/industry/2026/09/15/2026-09-15-%ED%83%88%EB%AA%A8%EC%95%BD-%ED%9B%84%EB%B3%B4%EB%AC%BC%EC%A7%88-%ED%95%98%EB%A3%A8%EB%A9%B4-%EB%B0%9C%EA%B5%B4-LG-%EC%8B%A0%EC%86%8C%EC%9E%AC-%EC%B0%BE%EB%8A%94-%ED%99%94%ED%95%99%EC%9E%90-AI-%ED%82%A4%EC%9A%B4%EB%8B%A4,https://wimg.sedaily.com/news/cms/2026/09/14/news-p.v1.20260914.56d6b4e158c040699f4a3ba6c8ab72e3_P1.jpeg,1200,800,ok
https://ailens.sedaily.ai/industry/2026/09/15/2026-09-15-%EC%97%B0%EB%A7%90-%EC%A7%80%EB%82%98%EB%8F%84-%ED%95%9C%EC%97%AC%EB%A6%84%EC%97%90%EB%8F%84-%EC%A3%BC%EB%AC%B8-%ED%8F%AD%EC%A3%BC-%EC%82%AC%EA%B3%84%EC%A0%88-%EC%84%B1%EC%88%98%EA%B8%B0-%EB%A7%9E%EC%9D%80-K%EB%B7%B0%ED%8B%B0,https://wimg.sedaily.com/news/cms/2026/09/14/news-p.v1.20260914.05acdcb4ce704efe8c2b929ca4f4a55b_P1.jpeg,700,467,ok
https://ailens.sedaily.ai/industry/2026/09/15/2026-09-15-%EC%95%84%EC%9D%B4%ED%8F%B0-%EB%93%80%EC%98%A4-%ED%8C%94%EB%A6%B4%EC%88%98%EB%A1%9D-%EC%82%BC%EC%84%B1%EB%8F%84-%EC%9B%83%EB%8A%94%EB%8B%A4-%EC%82%BC%EC%84%B1D-2-7%EC%A1%B0-%EB%8D%94-%EB%B2%88%EB%8B%A4-%EA%B0%AD-%EC%9B%94%EB%93%9C,https://wimg.sedaily.com/news/cms/2026/09/14/news-p.v1.20260911.0236e060bf544c4199495e4807733b15_P1.jpg,1200,675,ok
https://ailens.sedaily.ai/markets/2026/09/15/2026-09-15-%EC%88%98%EC%B6%9C-%EC%97%AD%EB%8C%80-%EC%B5%9C%EB%8C%80%EC%97%90%EB%8F%84-%ED%99%98%EC%9C%A8-%EB%B6%80%EB%8B%B4-%ED%99%94%EC%9E%A5%ED%92%88%EC%A3%BC-%ED%9D%AC%EB%B9%84-%EB%A7%88%EC%BC%93%EC%8B%9C%EA%B7%B8%EB%84%90,https://wimg.sedaily.com/news/cms/2026/09/14/rcv.NEWS1.NEWS1.20260823.2026-08-23T133517_1008067969_INDUSTRY_I_P1.jpg,1200,800,ok
https://ailens.sedaily.ai/finance/2026/09/15/2026-09-15-%EB%8B%A8%EB%8F%85-%EB%87%8C%EC%A7%84%ED%83%95-%EC%A7%84%EB%8B%A8-%ED%95%B4%EB%93%9C%EB%A0%A4%EC%9A%94-%ED%95%B4%EB%8F%84-%EB%84%88%EB%AC%B4%ED%95%9C-%ED%95%9C%EB%B0%A9%EB%B3%91%EC%9B%90,https://wimg.sedaily.com/news/cms/2026/09/14/news-p.v1.20260914.502e81f8c10445d787129af1a9798b90_P1.jpg,1200,800,ok
https://ailens.sedaily.ai/news/2026/09/15/2026-09-15-%EA%B2%A9%EB%A6%AC%EB%90%9C-AI%EA%B0%80-%EC%8A%A4%EC%8A%A4%EB%A1%9C-%EB%82%98%EC%99%80-%EA%B3%B5%EA%B2%A9%ED%96%88%EB%8B%A4,https://wimg.sedaily.com/news/cms/2026/09/14/news-p.v1.20260914.9620646886244a1fb26709bfbc9a0bbf_P1.png,1200,675,ok
https://ailens.sedaily.ai/news/2026/09/15/2026-09-14-%EA%B0%90%EC%82%AC%EC%9B%90-YTN-%EB%A7%A4%EA%B0%81%EC%97%90-%EC%9D%B4%EB%8F%99%EA%B4%80-%EB%B6%80%EB%8B%B9%EA%B0%9C%EC%9E%85-2,https://wimg.sedaily.com/news/cms/2026/09/14/news-p.v1.20251227.20294a6ca01c4ede8c12624713088a05_P1.jpg,1200,741,ok
https://ailens.sedaily.ai/news/2026/09/15/2026-09-14-%EA%B0%90%EC%82%AC%EC%9B%90-YTN-%EB%A7%A4%EA%B0%81%EC%97%90-%EC%9D%B4%EB%8F%99%EA%B4%80-%EB%B6%80%EB%8B%B9%EA%B0%9C%EC%9E%85,https://wimg.sedaily.com/news/cms/2026/09/14/news-p.v1.20251227.20294a6ca01c4ede8c12624713088a05_P1.jpg,1200,741,ok
https://ailens.sedaily.ai/industry/2026/09/15/2026-09-14-%EA%B0%80%EC%98%A8%EC%A0%84%EC%84%A0-%EC%88%98%EC%83%81%ED%83%9C%EC%96%91%EA%B4%91-%EC%8B%9C%EC%9E%A5-%EC%B2%AB-%EC%A7%84%EC%B6%9C-%EC%84%9D%EB%AC%B8%ED%98%B8-%EC%83%88%EB%A7%8C%EA%B8%88%EC%97%90-%EC%BC%80%EC%9D%B4%EB%B8%94-%EA%B3%B5%EA%B8%89,https://wimg.sedaily.com/news/cms/2026/09/14/news-p.v1.20260914.234f1e1a4f6c4b498e04717d712e608d_P1.jpg,1200,800,ok
https://ailens.sedaily.ai/news/2026/09/15/2026-09-14-%EC%B5%9C%EA%B5%90%EC%A7%84-%EC%9B%90%EC%84%9C%EC%A0%91%EC%88%98-%EC%9E%A5%EC%95%A0-%EA%B5%AC%EC%A0%9C-%EC%B5%9C%EC%84%A0-%EC%B1%85%EC%9E%84%EC%A7%88-%EC%9D%BC-%EC%9E%88%EC%9C%BC%EB%A9%B4-%EC%B1%85%EC%9E%84%EC%A7%88-%EA%B2%83,https://wimg.sedaily.com/news/cms/2026/09/14/rcv.YNA.20260914.PYH2026091413370001300_P1.jpg,1200,854,ok
https://ailens.sedaily.ai/industry/2026/09/15/2026-09-14-%ED%8A%B9%ED%97%88%EB%8A%94-%EB%82%AC%EC%A7%80%EB%A7%8C-%EC%95%BD%EC%9D%80-%EC%95%84%EC%A7%81-%EC%97%86%EC%8A%B5%EB%8B%88%EB%8B%A4,https://wimg.sedaily.com/news/cms/2026/09/14/news-p.v1.20260914.301ff5e927a345789cfe9fb0445c620a_P1.jpg,800,800,ok
https://ailens.sedaily.ai/property/2026/09/15/2026-09-14-GTX-C%EB%85%B8%EC%84%A0-15%EC%9D%BC-%EC%B2%AB-%EC%82%BD-%EC%95%88%EC%82%B0-%EC%9D%98%EC%99%95-%EC%96%91%EC%A3%BC-%EB%93%B1-%EC%88%98%ED%98%9C,https://wimg.sedaily.com/news/cms/2026/09/14/news-g.v1.20260914.d46b9aa27b8348cfafb5628b7d62fa8c_P1.jpg,639,675,ok
https://ailens.sedaily.ai/industry/2026/09/15/2026-09-14-%EA%B0%80%EC%88%98-%EB%8B%A4%EC%9D%B4%EB%82%98%EB%AF%B9-%EB%93%80%EC%98%A4-%EA%B0%95%EC%97%B0%EC%9C%BC%EB%A1%9C-%EC%95%8C%EB%A0%A4%EC%A7%84-%EA%B9%80%EC%B0%BD%EC%98%A5%EC%9D%98-%EC%BD%98%ED%85%90%EC%B8%A0%EA%B0%80-%ED%99%88%EC%87%BC%ED%95%91-%EC%95%B1-%EC%95%88%EC%97%90%EC%84%9C-%EC%9E%AC%EC%83%9D%EB%90%A9%EB%8B%88%EB%8B%A4-CJ%EC%98%A8%EC%8A%A4%ED%83%80%EC%9D%BC%EC%9D%B4-%EC%A7%81%EC%A0%91-%ED%98%91,https://wimg.sedaily.com/news/cms/2026/09/14/news-g.v1.20260914.473ae4393e484d3298521c49834787bd_P1.jpg,640,673,ok
https://ailens.sedaily.ai/culture/2026/09/15/2026-09-14-%EB%82%A0%EC%94%A8%EB%8F%84-%EC%A2%8B%EC%9D%80%EB%8D%B0-%EB%8B%A4%EB%93%A4-%EB%A7%88%EC%8A%A4%ED%81%AC-%EC%93%B0%EB%8D%94%EB%8B%88-%ED%99%98%EC%9E%90-10%EB%B0%B0-%ED%8F%AD%EC%A6%9D-%ED%95%9C-%EB%8B%AC-%EB%B9%A8%EB%A6%AC-%EB%8D%AE%EC%B9%9C-%EB%8F%85%EA%B0%90%EC%97%90-%EB%B9%84%EC%83%81,https://wimg.sedaily.com/news/cms/2026/09/14/news-p.v1.20260914.e8d8dc77a184445fa101a5d0f6ed6699_P1.png,888,612,ok
https://ailens.sedaily.ai/markets/2026/09/14/2026-09-14-%EC%95%94%EC%84%B8%ED%8F%AC%EA%B0%80-%EC%82%B4%EC%95%84%EB%82%9C-%EC%9D%B4%EC%9C%A0%EB%8A%94-%EC%95%94%EC%84%B8%ED%8F%AC%EA%B0%80-%EC%95%84%EB%8B%88%EC%97%88%EB%8B%A4,https://wimg.sedaily.com/news/cms/2026/09/14/news-p.v1.20260914.754df9eb14824e71bf718950d1bb353d_P1.jpg,1200,900,ok
https://ailens.sedaily.ai/industry/2026/09/14/2026-09-14-%EC%A0%95%EC%9C%A0%EC%82%AC-%EA%B8%B4%EA%B8%89-%EC%86%8C%EC%A7%91-%EC%A4%91%EB%8F%99%EC%82%B0-%EC%9B%90%EC%9C%A0-%EC%88%98%EC%9E%85%EB%95%90-%EC%9A%B4%EC%9E%84-%EC%B0%A8%EC%95%A1%EC%A7%80%EC%9B%90-%ED%99%95%EB%8C%80,https://wimg.sedaily.com/news/cms/2026/09/14/news-p.v1.20260914.9b92d76de7e043fa95d2eac84890595b_P1.jpg,1200,791,ok
https://ailens.sedaily.ai/markets/2026/09/14/2026-09-14-%EA%B5%AD%EB%B6%80%ED%8E%80%EB%93%9C-KIC-%EC%8B%A4%EB%A6%AC%EC%BD%98%EB%B0%B8%EB%A6%AC%EC%84%9C-IR-%ED%96%89%EC%82%AC-K%EC%8A%A4%ED%83%80%ED%8A%B8%EC%97%85-%EC%A7%80%EC%9B%90-%EC%8B%9C%EA%B7%B8%EB%84%90,https://wimg.sedaily.com/news/cms/2026/09/14/news-p.v1.20260914.6c911eb38c2d48848fe1cfc83841c46f_P1.jpg,1200,900,ok
https://ailens.sedaily.ai/markets/2026/09/14/2026-09-14-%EA%B0%99%EC%9D%80-%EB%82%A0-%EC%B1%84%EA%B6%8C%EC%9D%84-%EB%83%88%EB%8A%94%EB%8D%B0-%EC%98%A8%EB%8F%84%EB%8A%94-%EA%B0%88%EB%A0%B8%EB%8B%A4,https://wimg.sedaily.com/news/cms/2026/09/14/news-p.v1.20260818.2e8f950427bd412fa24b207fbf39b9bc_P1.png,647,485,ok
https://ailens.sedaily.ai/markets/2026/09/14/2026-09-14-5%EC%8B%9C%EA%B0%84-%EB%A7%8C%EC%97%90-%EB%8B%AB%ED%9E%8C-%EC%97%B0-4-5-%EC%B0%BD%EA%B5%AC,https://wimg.sedaily.com/news/cms/2026/09/14/news-p.v1.20260914.cf317f69b5224b7db4f99ceed9745774_P1.png,572,761,ok
https://ailens.sedaily.ai/markets/2026/09/14/2026-09-14-7%EC%A0%84-8%EA%B8%B0-%EB%B9%85%EC%9B%A8%EC%9D%B4%EB%B8%8C%EB%A1%9C%EB%B3%B4%ED%8B%B1%EC%8A%A4-%EA%B3%B5%EB%AA%A8%EA%B0%80-%EC%83%81%EB%8B%A8-%ED%99%95%EC%A0%95-%EC%8B%9C%EA%B7%B8%EB%84%90,https://wimg.sedaily.com/news/cms/2026/09/14/news-p.v1.20260911.9256d79469774a3c943100ca2e59b70d_P1.jpg,1200,900,ok
https://ailens.sedaily.ai/markets/2026/09/14/2026-09-14-%ED%95%98%EB%82%98-%EC%97%85%EB%B9%84%ED%8A%B8-%EA%B8%80%EB%A1%9C%EB%B2%8C%EA%B3%BC-%EB%94%94%EC%A7%80%ED%84%B8%EC%9E%90%EC%82%B0-%EC%82%AC%EC%97%85-%EB%A7%9E%EC%86%90-%EC%8B%B1%EA%B0%80%ED%8F%AC%EB%A5%B4-%EA%B3%B5%EB%9E%B5,https://wimg.sedaily.com/news/cms/2026/09/14/news-p.v1.20260914.8449528151294595864c77a1377040c7_P1.jpg,1200,802,ok
https://ailens.sedaily.ai/industry/2026/09/14/2026-09-14-%EC%B6%94%EC%84%9D-%EC%83%81%EC%83%9D-%ED%96%89%EB%B3%B4-%EC%82%BC%EC%84%B1-%ED%98%91%EB%A0%A5%EC%82%AC-%EB%8C%80%EA%B8%88-1-3%EC%A1%B0-%EB%A8%BC%EC%A0%80-%ED%91%BC%EB%8B%A4,https://wimg.sedaily.com/news/cms/2026/09/14/news-p.v1.20260914.ad931ac4a7ea451cb5939d9cb03657a9_P1.jpg,1200,900,ok
https://ailens.sedaily.ai/industry/2026/09/14/2026-09-14-%EC%82%BC%EC%84%B1D-%EC%84%B8%EA%B3%84-%EC%B2%AB-2K-165Hz-OLED-%EA%B0%9C%EB%B0%9C-%EA%B2%8C%EC%9D%B4%EB%B0%8D%ED%8F%B0-%ED%99%94%EC%A7%88-%EC%9E%A1%EC%95%98%EB%8B%A4,https://wimg.sedaily.com/news/cms/2026/09/14/news-p.v1.20260914.22c69160db3a439fbc062b07ecb65939_P1.jpg,1200,800,ok
https://ailens.sedaily.ai/industry/2026/09/14/2026-09-14-%EB%82%B4%EA%B0%80-%EC%98%88%EC%95%BD%ED%95%9C-OZ%ED%8E%B8%EC%9D%B4-KE%ED%8E%B8%EC%9C%BC%EB%A1%9C-%EB%B0%94%EB%80%9D%EB%8B%88%EB%8B%A4,https://wimg.sedaily.com/news/cms/2026/09/14/news-p.v1.20260914.d79351a41660497c95d0c58e4e3fafc2_P1.jpg,1200,800,ok
https://ailens.sedaily.ai/industry/2026/09/14/2026-09-14-%EC%BD%94%ED%8A%B8%EB%9D%BC-%EC%A4%91%EB%8F%99-%EB%AC%BC%EB%A5%98%EB%82%9C-%EB%8F%8C%ED%8C%8C-%EC%88%98%EC%B6%9C%EA%B8%B0%EC%97%85-%EC%A7%80%EC%9B%90-1-5%EB%B0%B0-%EB%8A%98%EB%A6%B0%EB%8B%A4,https://wimg.sedaily.com/news/cms/2026/09/14/news-p.v1.20260914.9cc74a613f7b47dd938e52203376401e_P1.jpg,1200,800,ok
https://ailens.sedaily.ai/markets/2026/09/14/2026-09-14-1866%EC%A1%B0%EB%A5%BC-%EA%B5%B4%EB%A6%B4-%EC%82%AC%EB%9E%8C%EC%9D%B4-%EB%B0%94%EB%80%90%EB%8B%A4,https://wimg.sedaily.com/news/cms/2026/09/14/news-g.v1.20260914.79a75c75683a41ceb0c35957f8203522_P1.jpg,1200,579,ok
https://ailens.sedaily.ai/finance/2026/09/14/2026-09-14-1%EC%A1%B0-%ED%83%88%EB%A3%A8-%ED%98%90%EC%9D%98-%EB%B0%B0%EB%AF%BC-%EB%93%B1-41%EA%B3%B3-%EC%84%B8%EB%AC%B4%EC%A1%B0%EC%82%AC,https://wimg.sedaily.com/news/cms/2026/09/14/news-p.v1.20260914.92250e08ed8c437a91b83bba8649a477_P1.jpg,640,427,ok
https://ailens.sedaily.ai/markets/2026/09/14/2026-09-14-%EC%A4%91%EA%B0%84%EC%84%A0%EA%B1%B0-%EB%88%84%EA%B0%80-%EC%9D%B4%EA%B8%B8%EA%B9%8C-ETF%EB%A1%9C-%EB%B2%A0%ED%8C%85,https://wimg.sedaily.com/news/cms/2026/09/14/news-p.v1.20260911.e8544effe3ec4495a089e01611552139_P1.png,860,584,ok
https://ailens.sedaily.ai/industry/2026/09/14/2026-09-14-%EC%82%BC%EC%A0%84%EB%8B%89%EC%8A%A4-%EB%8D%95%EB%B6%84%EC%97%90-%EB%B2%95%EC%9D%B8%EC%84%B8-%EC%84%B8%EC%88%98-15%EB%85%84%EB%A7%8C%EC%97%90-%EC%86%8C%EB%93%9D%EC%84%B8-%EC%B6%94%EC%9B%94,https://wimg.sedaily.com/news/cms/2026/09/14/news-p.v1.20260910.bc3596ae40e947b0ac0c48d496f0051b_P1.png,500,319,ok
https://ailens.sedaily.ai/markets/2026/09/14/2026-09-14-%EC%98%A4%ED%9B%84-4%EC%8B%9C-20%EB%B6%84%EC%97%90-15-7%EC%8B%9C-50%EB%B6%84%EC%97%94-%EC%A0%9C%EC%9E%90%EB%A6%AC-14%EC%9D%BC-%EC%98%A4%ED%9B%84-4%EC%8B%9C-20%EB%B6%84-%ED%95%9C%ED%99%94%EA%B0%A4%EB%9F%AC%EB%A6%AC%EC%95%84-%EC%A3%BC%EA%B0%80%EB%8A%94-3-070%EC%9B%90,https://wimg.sedaily.com/news/cms/2026/09/14/rcv.YNA.20260914.PYH2026091418650001300_P1.jpg,1200,800,ok
https://ailens.sedaily.ai/property/2026/09/14/2026-09-14-2%EC%A1%B0-%EC%9E%AC%EC%B4%88%ED%99%98-%EC%B2%AD%EA%B5%AC%EC%84%9C-%EC%86%8C%EC%86%A1%EC%A0%84%EC%9F%81-%EB%B6%88%EB%B6%99%EB%8A%94%EB%8B%A4,https://wimg.sedaily.com/news/cms/2026/09/14/news-p.v1.20260914.913924ec2f0f40d3a08b73092f4515a2_P1.png,1200,748,ok
https://ailens.sedaily.ai/markets/2026/09/14/2026-09-14-%EA%B7%B8%EB%9E%98%EB%8F%84-%EB%B0%98%EB%8F%84%EC%B2%B4-%EC%95%84%EB%8B%88%EB%A9%B4-%EB%AD%98-%EC%82%AC%EA%B2%A0%EB%83%90-%ED%95%98%EC%9D%B4%EB%8B%89%EC%8A%A4-ADR-%EC%A4%8D%EC%A4%8D-50-%EB%B9%84%EC%8B%B8%EB%8F%84-%EC%93%B8%EC%96%B4%EB%8B%B4%EC%95%98%EB%8B%A4,https://wimg.sedaily.com/news/cms/2026/09/14/news-p.v1.20260914.98236dbb071a4f11b5a676124cc214a4_P1.png,910,585,ok
https://ailens.sedaily.ai/international/2026/09/14/2026-09-14-13%EC%9D%BC-%ED%98%84%EC%A7%80-%EC%8B%9C%EA%B0%84-%EB%A1%9C%EC%9D%B4%ED%84%B0%ED%86%B5%EC%8B%A0%EC%9D%B4-%EB%8B%A4%EC%88%98%EC%9D%98-%EC%86%8C%EC%8B%9D%ED%86%B5%EC%9D%84-%EC%9D%B8%EC%9A%A9%ED%95%B4-%EB%B3%B4%EB%8F%84%ED%95%9C-%EB%82%B4%EC%9A%A9%EC%9E%85%EB%8B%88%EB%8B%A4-%EC%97%94%EB%B9%84%EB%94%94%EC%95%84%EA%B0%80-%EC%9D%B8%EA%B3%B5%EC%A7%80%EB%8A%A5-%EA%B8%B0%EC%97%85-%EC%95%A4%ED%8A%B8%EB%A1%9C%ED%94%BD,https://wimg.sedaily.com/news/cms/2026/09/14/news-p.v1.20260903.63af486d6a074f039cc2136f15cdb9c1_P1.jpg,860,573,ok
https://ailens.sedaily.ai/finance/2026/09/14/2026-09-14-%EA%B0%99%EC%9D%80-%EA%B0%91%EC%83%81%EC%84%A0%EC%95%94-11%EB%A7%8C-%EC%9B%90%EA%B3%BC-3800%EB%A7%8C-%EC%9B%90,https://wimg.sedaily.com/news/cms/2026/09/14/news-g.v1.20260914.a35d439e389b41319bff874f20b5e220_P1.jpg,1200,674,ok
https://ailens.sedaily.ai/international/2026/09/14/2026-09-14-%ED%98%B8%EB%A5%B4%EB%AC%B4%EC%A6%88-%ED%95%A9%EC%9D%98-%EB%A9%88%EC%B6%98-%EB%82%A0-%ED%9B%84%ED%8B%B0-%EA%B3%B5%EA%B2%A9-%EC%9E%AC%EA%B0%9C-%EC%82%AC%EC%9A%B0%EB%94%94-%EC%9B%90%EC%9C%A0-%EC%88%98%EC%B6%9C-%EB%B0%98%ED%86%A0%EB%A7%89,https://wimg.sedaily.com/news/cms/2026/09/14/rcv.YNA.20260914.PRU20260914202601009_P1.jpg,1200,779,ok
https://ailens.sedaily.ai/news/2026/09/14/2026-09-14-%EA%B2%BD%EC%98%81%EA%B6%8C-%ED%8C%94%EB%A6%B4-%EB%95%8C-%EB%82%B4-%EC%A3%BC%EC%8B%9D%EB%8F%84-%EA%B0%99%EC%9D%80-%EA%B0%92%EC%97%90,https://wimg.sedaily.com/news/cms/2026/09/14/rcv.YNA.20260903.PYH2026090310780001300_P1.jpg,1200,612,ok
https://ailens.sedaily.ai/property/2026/09/14/2026-09-14-%EC%82%B0%EC%A0%95%EB%B0%A9%EC%8B%9D-%EC%95%88-%EB%B0%94%EA%BE%B8%EB%A9%B4-%EB%B6%80%EB%8B%B4%EA%B8%88-%EB%AA%BB%EB%82%B4-%ED%99%8D%EC%A7%80%EC%84%A0-%ED%95%A9%EB%A6%AC%EC%A0%81-%ED%95%B4%EB%B2%95-%EC%B0%BE%EA%B2%A0%EB%8B%A4-%EA%B0%95%EB%82%A8-%EC%9E%AC%EC%B4%88%ED%99%98-%EC%B2%AD%EA%B5%AC%EC%84%9C,https://wimg.sedaily.com/news/cms/2026/09/14/news-g.v1.20260914.4255e340010a441995bd8ffdc2500cc7_P1.jpg,1200,537,ok
https://ailens.sedaily.ai/industry/2026/09/14/2026-09-14-%EA%B0%99%EC%9D%80-5-000%EC%96%B5%EC%9D%B8%EB%8D%B0-%EB%B0%B0%EC%88%98%EB%8A%94-%EB%91%90-%EB%B0%B0%EA%B0%80-%EB%90%90%EB%8B%A4,https://wimg.sedaily.com/news/cms/2026/09/14/news-p.v1.20260902.3cba25bb96ad43f19ebd5db639183f6b_P1.png,1200,800,ok
https://ailens.sedaily.ai/industry/2026/09/14/2026-09-14-%EA%B3%B5%EC%9E%A5-%EB%A9%88%EC%B6%9C-%ED%8B%88-%EC%97%86%EB%8B%A4-K%EB%B7%B0%ED%8B%B0-%EC%97%B4%ED%92%8D%EC%97%90-%EC%82%AC%EB%9D%BC%EC%A7%80%EB%8A%94-%EB%B9%84%EC%88%98%EA%B8%B0,https://wimg.sedaily.com/news/cms/2026/09/14/news-g.v1.20260914.ede772919f634e4fb737d90c51c79dad_P1.jpg,1200,663,ok
https://ailens.sedaily.ai/industry/2026/09/14/2026-09-14-%EC%9E%90%EB%8F%99%EC%B0%A8-%EC%83%81%EB%B0%98%EA%B8%B0-%EA%B8%80%EB%A1%9C%EB%B2%8C-%EC%A0%84%EA%B8%B0%EC%B0%A8-%EC%A0%90%EC%9C%A0%EC%9C%A8-62-%EB%8F%8C%ED%8C%8C,https://wimg.sedaily.com/news/cms/2026/09/14/news-p.v1.20260914.d49adc9084e445df8ee2ad41cc045020_P1.jpg,1200,673,ok
https://ailens.sedaily.ai/industry/2026/09/14/2026-09-14-%EA%B8%B0%EC%95%84-%EB%8C%80%ED%98%95-%EC%A0%84%EA%B8%B0-PBV-PV7-%EC%84%B8%EA%B3%84-%EC%B5%9C%EC%B4%88-%EA%B3%B5%EA%B0%9C,https://wimg.sedaily.com/news/cms/2026/09/14/news-p.v1.20260914.8bd07a5ddac443b69a3f57c5634c0138_P1.jpg,1200,675,ok
https://ailens.sedaily.ai/industry/2026/09/14/2026-09-14-%EA%B4%80%EA%B4%91%EA%B0%9D%EC%9D%80-%EB%AA%85%EB%8F%99%EB%A7%8C%ED%81%BC%EC%9D%B8%EB%8D%B0-%ED%98%B8%ED%85%94%EC%9D%80-7%EA%B3%B3,https://wimg.sedaily.com/news/cms/2026/09/14/news-p.v1.20260823.3d21f69cf5134575a42eb31b95bb5525_P1.jpg,1200,561,ok
https://ailens.sedaily.ai/markets/2026/09/14/2026-09-14-%ED%83%9C%EA%B4%91%EC%82%B0%EC%97%85%EC%97%90-%ED%94%BC%EC%86%8C-%ED%8A%B8%EB%9F%AC%EC%8A%A4%ED%86%A4%EC%9A%B4%EC%9A%A9-%EC%A3%BC%EC%A3%BC-%EC%A7%88%EC%9D%98%EC%97%90-%EA%B3%A0%EC%86%8C%EB%A1%9C-%EB%8B%B5%EB%B3%80-%EC%8B%9C%EA%B7%B8%EB%84%90,https://wimg.sedaily.com/news/cms/2026/09/14/news-p.v1.20260107.88b1b4778caa40698f245537f6b4d900_P2.jpeg,400,170,ok
https://ailens.sedaily.ai/markets/2026/09/14/2026-09-14-%EB%B6%84%EB%B0%B0%EC%9C%A8-23-%EC%9D%B8%EB%8D%B0-%EC%88%98%EC%9D%B5%EC%9D%80-24-%EC%84%B1%EA%B3%BC-%EA%B4%B4%EB%A6%AC-%ED%81%B0-%EC%BB%A4%EB%B2%84%EB%93%9C%EC%BD%9C,https://wimg.sedaily.com/news/cms/2026/09/14/news-p.v1.20260817.17cb6b55e48943b5947cfb13c1fd31c3_P1.jpg,640,425,ok
https://ailens.sedaily.ai/markets/2026/09/14/2026-09-14-%EB%B0%B0%EB%9F%B4%EB%8B%B9-123-66%EB%8B%AC%EB%9F%AC-%EC%A7%80%EB%82%9C-11%EC%9D%BC-%EB%91%90%EB%B0%94%EC%9D%B4%EC%9C%A0-%ED%98%84%EB%AC%BC-%EC%A2%85%EA%B0%80%EC%9E%85%EB%8B%88%EB%8B%A4-%EB%B6%88%EA%B3%BC-%ED%95%9C-%EC%A3%BC-%EC%A0%84%EC%9D%B8-4%EC%9D%BC%EC%97%90%EB%8A%94-101-91%EB%8B%AC%EB%9F%AC%EC%98%80,https://wimg.sedaily.com/news/cms/2026/09/14/rcv.YNA.20260914.PYH2026091416450001300_P1.jpg,1200,847,ok
https://ailens.sedaily.ai/news/2026/09/14/2026-09-14-%EA%B2%80%EC%B0%B0-%EC%88%98%EC%A1%B0%EC%9B%90%EB%8C%80-%EA%B0%80%EA%B2%A9-%EB%8B%B4%ED%95%A9-%EC%84%9D%ED%99%94%EC%97%85%EC%B2%B4-%EA%B2%BD%EC%98%81%EC%A7%84-8%EB%AA%85-%EA%B5%AC%EC%86%8D%EC%98%81%EC%9E%A5,https://wimg.sedaily.com/news/cms/2026/09/14/news-p.v1.20260914.88338e25bb954a51bd13c3ded0082a71_P1.jpg,860,573,ok
https://ailens.sedaily.ai/markets/2026/09/14/2026-09-14-%EC%98%A4%ED%9B%84-%ED%95%9C%EB%95%8C-%EC%BD%94%EC%8A%A4%ED%94%BC%EB%8A%94-6900%EC%84%A0%EC%9D%84-%ED%9A%8C%EB%B3%B5%ED%96%88%EC%8A%B5%EB%8B%88%EB%8B%A4-%EC%A0%80%EA%B0%80-%EB%A7%A4%EC%88%98%EC%84%B8%EA%B0%80-%EB%93%A4%EC%96%B4%EC%98%A8-%EA%B2%B0%EA%B3%BC%EC%98%80%EC%8A%B5%EB%8B%88%EB%8B%A4-%EA%B7%B8%EB%9F%B0%EB%8D%B0-%EC%9E%A5-%EB%A7%88%EA%B0%90-%EC%A7%81%EC%A0%84-%EB%A7%A4%EB%AC%BC,https://wimg.sedaily.com/news/cms/2026/09/14/rcv.YNA.20260914.PYH2026091416360001300_P1.jpg,1200,866,ok
https://ailens.sedaily.ai/news/2026/09/14/2026-09-14-%EC%84%9C%EC%9A%B8-3%EC%84%B8-%EB%AC%B4%EC%83%81%EA%B5%90%EC%9C%A1-5%EA%B0%9C%EC%9B%94-%EC%95%9E%EB%8B%B9%EA%B8%B4%EB%8B%A4-%EC%82%AC%EB%A6%BD%EC%9C%A0%EC%B9%98%EC%9B%90-11%EB%A7%8C%EC%9B%90-%EC%A7%80%EC%9B%90,https://wimg.sedaily.com/news/cms/2026/09/14/news-p.v1.20260914.9373af2dd07e411981e5de74570d4ee8_P1.png,1200,392,ok
https://ailens.sedaily.ai/news/2026/09/14/2026-09-14-0-96-p%EB%A5%BC-%EB%8D%94-%ED%8C%94%EC%9E%90-%EB%8C%80%EA%B8%B0%EC%97%85%EC%9D%80-%EB%B9%A0%EC%A1%8C%EB%8B%A4,https://wimg.sedaily.com/news/cms/2026/09/14/news-p.v1.20260101.49496cc0177d4c84a52b386ee7a6434b_P1.png,1200,808,ok
https://ailens.sedaily.ai/news/2026/09/14/2026-09-14-%EC%98%AC%ED%95%B4-1%EC%9B%94-%EC%84%9C%EC%9A%B8-%EC%8B%9C%EB%82%B4%EB%B2%84%EC%8A%A4%EA%B0%80-%EC%A0%84%EB%A9%B4-%ED%8C%8C%EC%97%85%ED%96%88%EC%9D%84-%EB%95%8C-%EC%9A%B4%ED%96%89%EB%A5%A0%EC%9D%80-6-8-%EA%B9%8C%EC%A7%80-%EB%96%A8%EC%96%B4%EC%A1%8C%EC%8A%B5%EB%8B%88%EB%8B%A4-%EC%A0%95%EB%A5%98%EC%9E%A5%EC%97%90%EC%84%9C-%EA%B8%B0%EB%8B%A4%EB%A0%A4%EB%8F%84-%EC%97%B4-%EB%8C%80,https://wimg.sedaily.com/news/cms/2026/09/14/news-p.v1.20260810.6f02a757099546e0a57fcbf32404e4a4_P1.jpg,1200,791,ok
https://ailens.sedaily.ai/finance/2026/09/14/2026-09-14-%EC%9E%A5%EB%B0%94%EA%B5%AC%EB%8B%88%EC%97%90-%EC%9E%88%EB%8D%98-41%EA%B3%B3%EC%9D%B4-%EC%A1%B0%EC%82%AC%EB%B0%9B%EB%8A%94%EB%8B%A4,https://wimg.sedaily.com/news/cms/2026/09/14/news-p.v1.20260914.6394b62b2c2c4257bcf6c1746cb5718b_P1.jpg,1200,800,ok
https://ailens.sedaily.ai/markets/2026/09/14/2026-09-14-%EB%8B%A8%EB%8F%85-SK%EB%84%A5%EC%8B%A4%EB%A6%AC%EC%8A%A4-8000%EC%96%B5-%EC%9E%90%EB%B3%B8%ED%99%95%EC%B6%A9-SKC-%EB%A6%AC%EB%B0%B8%EB%9F%B0%EC%8B%B1-%EA%B0%80%EC%86%8D%ED%99%94-%EC%8B%9C%EA%B7%B8%EB%84%90,https://wimg.sedaily.com/news/cms/2026/09/14/news-p.v1.20260105.e26659f16acb49328e53f2241318a819_P1.jpg,604,403,ok
https://ailens.sedaily.ai/industry/2026/09/14/2026-09-14-HD%ED%98%84%EB%8C%80%EC%9D%B4%EC%95%A4%EC%97%90%ED%94%84-4350%EC%96%B5-%EC%9B%90-%EA%B7%9C%EB%AA%A8-LNG%EC%97%B4%EB%B3%91%ED%95%A9%EB%B0%9C%EC%A0%84%EC%86%8C-%EC%A4%80%EA%B3%B5,https://wimg.sedaily.com/news/cms/2026/09/14/news-p.v1.20251212.d92f2ca8869b437f86fac35e877c2fa7_P1.jpeg,1200,633,ok
https://ailens.sedaily.ai/industry/2026/09/14/2026-09-14-%EB%AF%B8%EC%8B%9C%EA%B0%84%EC%97%90-%EA%B0%84-%ED%95%9C%EA%B5%AD-%EB%B0%B0%ED%84%B0%EB%A6%AC-%EC%84%9C%EC%9A%B8%EC%97%90-%EB%8B%A4%EC%8B%9C-%EB%AA%A8%EC%98%80%EB%8B%A4,https://wimg.sedaily.com/news/cms/2026/09/13/news-p.v1.20260713.9b2f05cd1af94c7a9bb05ab9e5ee4d69_P1.jpg,1200,826,ok
https://ailens.sedaily.ai/industry/2026/09/14/2026-09-14-%EC%82%BC%EC%84%B1-LG-%EC%B6%94%EC%84%9D-%EC%95%9E%EB%91%90%EA%B3%A0-%ED%98%91%EB%A0%A5%EC%82%AC%EC%97%90-1-9%EC%A1%B0-%EC%A1%B0%EA%B8%B0-%EC%A7%80%EA%B8%89,https://wimg.sedaily.com/news/cms/2026/09/14/news-p.v1.20260914.ad931ac4a7ea451cb5939d9cb03657a9_P1.jpg,1200,900,ok
https://ailens.sedaily.ai/industry/2026/09/14/2026-09-14-HS%ED%9A%A8%EC%84%B1%EC%97%90%EB%84%88%EC%A7%80%EC%86%94%EB%A3%A8%EC%85%98%EC%BD%94%EB%A6%AC%EC%95%84-%EC%9A%B8%EC%82%B0%EC%97%90-1-2%EC%A1%B0-%ED%88%AC%EC%9E%90-%EC%8B%A4%EB%A6%AC%EC%BD%98-%EC%9D%8C%EA%B7%B9%EC%9E%AC-%EA%B3%B5%EC%9E%A5-%EC%8B%A0%EC%84%A4,https://wimg.sedaily.com/news/cms/2026/09/14/news-p.v1.20260914.ebcab0342c494c4a91bfcf8715d987e0_P1.png,1200,173,ok
https://ailens.sedaily.ai/markets/2026/09/14/2026-09-14-%EA%B3%B5%EB%AA%A8%EC%A3%BC-%EC%B2%AD%EC%95%BD-5%EA%B3%B3-%EB%AA%B0%EB%A6%B0%EB%8B%A4-%EB%8D%95%EC%82%B0%EB%84%B5%EC%BD%94%EC%96%B4%EC%8A%A4-%EB%A1%9C%EB%B4%87-%EC%A4%84%EC%A4%84%EC%9D%B4-%EC%B6%9C%EA%B2%A9-%EC%9D%B4%EB%B2%88%EC%A3%BC-%EC%A6%9D%EC%8B%9C-%EC%BA%98%EB%A6%B0%EB%8D%94,https://wimg.sedaily.com/news/cms/2026/09/13/news-p.v1.20260913.0e8c948445e64fee980786ada680fb79_P1.png,823,534,ok
https://ailens.sedaily.ai/property/2026/09/14/2026-09-14-3%EA%B8%B0-%EC%8B%A0%EB%8F%84%EC%8B%9C-%EB%B6%84%EC%96%91%EA%B0%80-%EB%8D%94%EB%9B%B4%EB%8B%A4-%EB%91%90-%EB%8B%AC-%EC%83%88-%EA%B8%B0%EB%B3%B8%ED%98%95-%EA%B1%B4%EC%B6%95%EB%B9%84-4-%EB%84%98%EA%B2%8C-%EC%83%81%EC%8A%B9,https://wimg.sedaily.com/news/cms/2026/09/14/news-p.v1.20260429.889797bf8b7047aa84cbe9b7d6c9d5b4_P1.png,860,587,ok
https://ailens.sedaily.ai/markets/2026/09/14/2026-09-14-%EA%B3%A8%EB%93%9C%EB%A7%8C%EC%82%AD%EC%8A%A4-%EC%98%86%EC%97%90-%ED%95%9C%EA%B5%AD-%EC%9A%B4%EC%9A%A9%EC%82%AC%EA%B0%80-%EC%95%89%EC%95%98%EB%8B%A4,,,,fetch-err:<urlopen error [Errno 8] noden
https://ailens.sedaily.ai/news/2026/09/14/2026-09-14-AI-%EB%B6%90%EC%97%90-ICT-%EC%88%98%EC%B6%9C%EC%95%A1-600%EC%96%B5-%EC%9C%A1%EB%B0%95-%EC%88%98%EC%B6%9C-%EB%B9%84%EC%A4%91-60-%EC%B2%AB-%EB%8F%8C%ED%8C%8C,https://wimg.sedaily.com/news/cms/2026/09/14/ams.001.photo.202607310844013645172859_P1.jpg,1200,864,ok
https://ailens.sedaily.ai/markets/2026/09/14/2026-09-14-%EA%B9%80%EC%9E%AC%EC%9A%B0-%EC%82%BC%EC%84%B1%EC%A6%9D%EA%B6%8C-%EC%97%B0%EA%B5%AC%EC%9B%90%EC%9D%80-%ED%95%9C%EA%B5%AD%EC%9D%80%ED%96%89%EC%9D%98-%EC%97%B0%EC%9D%B4%EC%9D%80-%EA%B8%B0%EC%A4%80%EA%B8%88%EB%A6%AC-%EC%9D%B8%EC%83%81%EC%9D%B4-%EC%8B%9C%EC%B0%A8%EB%A5%BC-%EB%91%90%EA%B3%A0-%EC%9D%80%ED%96%89-%EC%88%9C%EC%9D%B4%EC%9E%90%EB%A7%88%EC%A7%84%EC%97%90-%EA%B8%8D%EC%A0%95%EC%A0%81%EC%9C%BC%EB%A1%9C-%EA%B8%B0%EC%97%AC%ED%95%A0,https://wimg.sedaily.com/news/cms/2026/09/14/rcv.YNA.20260914.PYH2026091402740001300_P1.jpg,1200,639,ok
https://ailens.sedaily.ai/news/2026/09/14/2026-09-14-%EB%8C%80%ED%86%B5%EB%A0%B9-%EC%9A%B0%EC%A6%88%EB%B2%A1%EA%B3%BC-%EC%A0%95%EC%83%81%ED%9A%8C%EB%8B%B4-%EC%A4%91%EC%95%99%EC%95%84-5%EA%B0%9C%EA%B5%AD-%EB%A6%B4%EB%A0%88%EC%9D%B4-%EC%99%B8%EA%B5%90-%EC%8B%9C%EB%8F%99,https://wimg.sedaily.com/news/cms/2026/09/14/news-p.v1.20260911.8afd748ecd0544dca89a0c16932c9128_P1.jpg,1200,688,ok
https://ailens.sedaily.ai/news/2026/09/14/2026-09-14-10%EB%85%84%EC%9D%84-%EB%AC%B6%EC%97%AC%EB%8F%84-11%EB%8C%80-1%EC%9D%B4%EC%97%88%EC%8A%B5%EB%8B%88%EB%8B%A4,https://wimg.sedaily.com/news/cms/2026/09/14/news-p.v1.20260914.6216810909ce4f99b9a296970411367b_P1.png,1145,1374,ok
https://ailens.sedaily.ai/markets/2026/09/14/2026-09-14-%ED%95%9C-%EB%8B%AC-%EC%83%88-%EC%A6%9D%EC%8B%9C-%EC%8B%9C%EC%B4%9D-212%EC%A1%B0-%EC%A6%9D%EB%B0%9C-%EC%82%BC%EC%84%B1%EC%A0%84%EC%9E%90-SK%ED%95%98%EC%9D%B4%EB%8B%89%EC%8A%A4-%EB%B6%80%EC%A7%84-%EC%A7%81%EA%B2%A9%ED%83%84-%EC%9D%B4%EB%9F%B0%EA%B5%AD%EC%9E%A5-%EC%A0%80%EB%9F%B0%EC%A3%BC%EC%8B%9D,https://wimg.sedaily.com/news/cms/2026/09/14/rcv.YNA.20260914.PYH2026091402740001300_P1.jpg,1200,639,ok
https://ailens.sedaily.ai/markets/2026/09/14/2026-09-14-%EB%B2%84%EA%B1%B0%ED%82%B9%EC%9D%80-%EB%8B%A4-%EC%97%B4%EC%97%88%EA%B3%A0-%ED%8C%80%ED%99%80%ED%8A%BC%EC%9D%80-32%EA%B0%9C%EB%BF%90%EC%9D%B4%EB%8B%A4-%EB%B2%84%EA%B1%B0%ED%82%B9%EC%9D%98-%ED%98%84%EA%B8%88-%EC%B0%BD%EC%B6%9C%EB%A0%A5%EA%B3%BC-%ED%8C%80%ED%99%80%ED%8A%BC%EC%9D%98-%EC%84%B1%EC%9E%A5%EC%84%B1%EC%9D%84-%EC%95%9E%EC%84%B8%EC%9B%8C-%ED%95%B4%EC%99%B8-F-B-%EA%B8%B0,https://wimg.sedaily.com/news/cms/2026/09/14/news-p.v1.20260911.4873e07461884baba3a23f7507e03071_P1.jpg,1200,570,ok
https://ailens.sedaily.ai/industry/2026/09/14/2026-09-14-AI%EA%B0%80-%ED%92%88%EC%A7%88-%EA%B2%80%EC%82%AC%ED%95%98%EA%B3%A0-%ED%99%94%ED%95%99%EC%86%8C%EC%9E%AC-%EC%8B%A4%ED%97%98-LG-%EC%97%91%EC%82%AC%EC%9B%90-%EC%8B%A0%EA%B8%B0%EC%88%A0-%EA%B3%B5%EA%B0%9C,https://wimg.sedaily.com/news/cms/2026/09/14/news-p.v1.20260914.3e32b4c2eb61484987252c2f6063b0ff_P1.png,760,449,ok
https://ailens.sedaily.ai/industry/2026/09/14/2026-09-14-%EC%83%81%EC%84%A0-%EB%AA%A9%ED%91%9C%EB%8A%94-%EB%84%98%EC%97%88%EA%B3%A0-%ED%95%B4%EC%96%91%EC%9D%80-%EC%A0%88%EB%B0%98%EC%9E%85%EB%8B%88%EB%8B%A4,https://wimg.sedaily.com/news/cms/2026/09/14/news-p.v1.20260914.34ae9bc94c5441249c0f797234eb2b5d_P1.jpg,1200,800,ok
https://ailens.sedaily.ai/industry/2026/09/14/2026-09-14-SK%EB%B0%94%EC%9D%B4%EC%98%A4%ED%8C%9C-%EC%84%B8%EC%BB%A8%EB%93%9C-%EC%8B%A0%EC%95%BD-%EC%98%A4%ED%8C%8C%EC%B9%BC%EB%A6%BC-FDA-%EC%95%88%EC%A0%84%EC%84%B1-%EA%B2%80%EC%A6%9D%EB%8C%80-Why-%EB%B0%94%EC%9D%B4%EC%98%A4,https://wimg.sedaily.com/news/cms/2026/09/14/news-p.v1.20260914.ed8677446d5c4d4e9102f75832b62fb8_P1.jpg,600,338,ok
https://ailens.sedaily.ai/industry/2026/09/14/2026-09-14-%EC%82%BC%EC%84%B1%EC%A0%84%EC%9E%90%EC%99%80-SK%ED%95%98%EC%9D%B4%EB%8B%89%EC%8A%A4%EA%B0%80-%EB%8B%B9%EC%82%AC%EC%9D%98-%EC%A0%9C%EC%95%88%EC%97%90-%EA%B1%B0%EC%A0%88-%EC%9D%98%EC%82%AC%EB%A5%BC-%EC%A0%84%EB%8B%AC%ED%95%9C-%EA%B2%83%EC%9D%80-%EC%82%AC%EC%8B%A4%EC%9E%85%EB%8B%88%EB%8B%A4-%ED%95%9C%EA%B5%AD%EC%A0%84%EB%A0%A5-%EA%B4%80%EA%B3%84%EC%9E%90%EC%9D%98-%EB%A7%90%EC%9E%85%EB%8B%88%EB%8B%A4,https://wimg.sedaily.com/news/cms/2026/09/14/news-p.v1.20260914.3eee42523f6342f0beb2f8239e4c044d_P1.png,700,248,ok
https://ailens.sedaily.ai/markets/2026/09/14/2026-09-14-3%EB%B6%84%EA%B8%B0-%EC%88%9C%EC%9D%B5-%EB%98%90-%EC%82%AC%EC%83%81-%EC%B5%9C%EB%8C%80-%ED%95%98%EB%82%98-KB%EA%B8%88%EC%9C%B5-%EB%AA%A9%ED%91%9C%EA%B0%80-%EC%83%81%ED%96%A5-%EC%A4%8D%EC%A4%8D%EB%A6%AC%ED%8F%AC%ED%8A%B8,https://wimg.sedaily.com/news/cms/2026/09/14/rcv.YNA.20260914.PYH2026091401240001300_P1.jpg,1200,681,ok
https://ailens.sedaily.ai/markets/2026/09/14/2026-09-14-127-%EA%B4%80%EC%84%B8%EB%A1%9C-%EB%A7%89%ED%98%80-%EC%9E%88%EB%8D%98-%EB%AC%B8%EC%9D%B4-%EC%97%B4%EB%A6%B0%EB%8B%A4%EB%A9%B4,https://wimg.sedaily.com/news/cms/2026/09/14/news-p.v1.20260912.1e16cb9f859f48d4bca0bbd6a9ae8faa_P1.png,658,438,ok
https://ailens.sedaily.ai/news/2026/09/14/2026-09-14-%EC%88%98%EC%8B%9C-%EB%A8%B9%ED%86%B5-%ED%9B%84%ED%8F%AD%ED%92%8D-%EB%AF%B8%EB%A6%AC-%EC%A0%91%EC%88%98%ED%95%9C-%EC%82%AC%EB%9E%8C%EB%A7%8C-%EB%B0%94%EB%B3%B4,https://wimg.sedaily.com/news/cms/2026/09/13/news-g.v1.20260913.4dec2af0a70e4415ac3b9c5b6f416008_P1.jpg,1200,581,ok
https://ailens.sedaily.ai/markets/2026/09/14/2026-09-14-%EB%82%B4-%EA%B5%AD%EB%AF%BC%EC%97%B0%EA%B8%88-%EA%B5%B4%EB%A6%AC%EB%8A%94-%EC%82%AC%EB%9E%8C%EC%9D%B4-%EB%B0%94%EB%80%8C%EC%97%88%EC%8A%B5%EB%8B%88%EB%8B%A4,https://wimg.sedaily.com/news/cms/2026/09/14/news-p.v1.20260625.8297243a91c842828e2d6a4bf43b88d6_P1.jpg,354,472,ok
https://ailens.sedaily.ai/markets/2026/09/14/2026-09-14-%EB%89%B4%EC%9A%95%EC%9D%80-%EC%98%AC%EB%9E%90%EB%8A%94%EB%8D%B0-%EC%84%9C%EC%9A%B8%EB%A7%8C-3-%EB%B9%A0%EC%A1%8C%EB%8B%A4,https://wimg.sedaily.com/news/cms/2026/09/14/rcv.YNA.20260914.PYH2026091402630001300_P1.jpg,1200,710,ok
https://ailens.sedaily.ai/news/2026/09/14/2026-09-14-%EA%B1%B0%EC%A3%BC%ED%95%98%EC%A7%80-%EC%95%8A%EC%95%98%EB%8B%A4%EB%8A%94-%EC%82%AC%EC%8B%A4%EB%A7%8C%EC%9C%BC%EB%A1%9C-%ED%88%AC%EA%B8%B0%EC%A0%81-%EC%88%98%EC%9A%94%EB%A1%9C-%EB%8B%A8%EC%A0%95%ED%95%98%EA%B8%B0%EB%8A%94-%EC%96%B4%EB%A0%A4%EC%9A%B4-%EC%B8%A1%EB%A9%B4%EC%9D%B4-%EC%9E%88%EC%8A%B5%EB%8B%88%EB%8B%A4-%EC%9D%B4%ED%98%95%EC%9D%BC-%EB%B6%80%EC%B4%9D%EB%A6%AC-%EA%B2%B8-%EC%9E%AC%EC%A0%95%EA%B2%BD%EC%A0%9C,https://wimg.sedaily.com/news/cms/2026/09/13/news-g.v1.20260913.e419832bae2c454e8826aa498338cd39_P1.jpg,1200,530,ok
https://ailens.sedaily.ai/finance/2026/09/14/2026-09-14-%EC%8A%A4%ED%85%8C%EC%9D%B4%EB%B8%94%EC%BD%94%EC%9D%B8-%EA%B2%B0%EC%A0%9C%EC%97%90%EB%8F%84-%EC%84%B8%EA%B8%88-%EC%BD%94%EC%9D%B8-%EA%B3%BC%EC%84%B8-%EC%95%9E%EB%91%90%EA%B3%A0-%EA%B3%B3%EA%B3%B3%EC%9D%B4-%EB%B9%88%ED%8B%88,https://wimg.sedaily.com/news/cms/2026/09/13/news-p.v1.20260913.2d2b61c50bb94a6e8f50078ef3a70686_P1.jpg,1200,800,ok
https://ailens.sedaily.ai/industry/2026/09/14/2026-09-14-%EC%BD%94%EB%A1%9C%EB%82%98-%EA%B2%80%EC%82%AC-%EB%8C%80%EC%8B%A0-%EA%B2%B0%ED%95%B5%EC%9D%84-%EA%B2%80%EC%82%AC%ED%95%A9%EB%8B%88%EB%8B%A4,https://sedaily-mbti-cms-media-dev.s3.us-east-1.amazonaws.com/media/mustknow-auto/20090251-webtoon-cut001.png,1086,965,ok
https://ailens.sedaily.ai/industry/2026/09/14/2026-09-14-%EC%97%B0%EB%AC%B4%EC%9E%A5%EA%B8%B8-1%EC%B8%B5%EC%9D%80-%EA%B3%B5%EC%8B%A4%EB%A5%A0%EC%9D%B4-%EC%82%AC%EC%8B%A4%EC%83%81-0-%EC%9E%85%EB%8B%88%EB%8B%A4-%EC%84%B1%EC%88%98%EB%8F%99%EC%97%90%EC%84%9C-%EC%9D%BC%ED%95%98%EB%8A%94-%EA%B3%B5%EC%9D%B8%EC%A4%91%EA%B0%9C%EC%82%AC-A%EC%94%A8%EC%9D%98-%EB%A7%90%EC%9E%85%EB%8B%88%EB%8B%A4-2%EC%B8%B5-%EC%9D%B4%EC%83%81%EC%9C%BC%EB%A1%9C,https://wimg.sedaily.com/news/cms/2026/09/14/news-p.v1.20260914.5b1aceabab3542a190aa20fce9506a2c_P1.jpg,1200,561,ok
https://ailens.sedaily.ai/industry/2026/09/14/2026-09-14-%EB%B0%94%EB%8B%A4-%EC%9C%84%EC%97%90-%ED%9D%B0-%EC%B2%A0%ED%83%91-10%EA%B8%B0%EA%B0%80-%EC%86%9F%EC%95%84-%EC%9E%88%EC%8A%B5%EB%8B%88%EB%8B%A4-%ED%95%B4%EC%88%98%EB%A9%B4%EC%97%90%EC%84%9C-%ED%9A%8C%EC%A0%84%EB%82%A0%EA%B0%9C-%EB%81%9D%EA%B9%8C%EC%A7%80-227m-%EB%82%A8%EC%82%B0%EC%84%9C%EC%9A%B8%ED%83%80%EC%9B%8C-%EC%95%BD-239m,https://wimg.sedaily.com/news/cms/2026/09/13/news-p.v1.20260913.87f3857525e549e28f230314a5926e49_P1.jpg,1200,557,ok
https://ailens.sedaily.ai/industry/2026/09/14/2026-09-14-%EA%B0%A4%EB%9F%AD%EC%8B%9CS26-%EC%B6%9C%EA%B3%A0%EA%B0%80-%EC%9D%B8%EC%83%81-%EC%B6%94%EC%A7%84-15-%EC%8B%BC-%EB%A6%AC%ED%8D%BC%ED%8F%B0%EB%8F%84-%EC%B6%9C%EC%8B%9C%ED%95%9C%EB%8B%A4,https://wimg.sedaily.com/news/cms/2026/09/13/news-p.v1.20260911.1557f864f222472493af9fa147a32112_P1.png,620,425,ok
https://ailens.sedaily.ai/markets/2026/09/14/2026-09-14-%EB%B0%98%EB%8F%84%EC%B2%B4-ETF-%EB%8D%98%EC%A7%84-%EA%B0%9C%EB%AF%B8-%EA%B8%88-%EC%9B%90%EC%A0%84-2%EC%B0%A8%EC%A0%84%EC%A7%80%EB%A1%9C-%EB%B6%84%EC%82%B0-%EC%9D%B4%EB%9F%B0%EA%B5%AD%EC%9E%A5-%EC%A0%80%EB%9F%B0%EC%A3%BC%EC%8B%9D,https://wimg.sedaily.com/news/cms/2026/09/13/rcv.YNA.20260911.PYH2026091112880001300_P1.jpg,1200,799,ok
https://ailens.sedaily.ai/markets/2026/09/14/2026-09-14-%EC%BD%94%EC%8A%A4%ED%94%BC%EB%8A%94-%EC%A7%80%EB%82%9C-9%EC%9D%BC-7-051-64%EB%A1%9C-%EA%B1%B0%EB%9E%98%EB%A5%BC-%EB%A7%88%EC%B3%A4%EC%8A%B5%EB%8B%88%EB%8B%A4-7%EC%9B%94-23%EC%9D%BC-%EC%9D%B4%ED%9B%84-%EC%B2%98%EC%9D%8C-%EB%90%98%EC%B0%BE%EC%9D%80-7-000%EC%84%A0%EC%9D%B4%EC%97%88%EC%8A%B5%EB%8B%88%EB%8B%A4,https://wimg.sedaily.com/news/cms/2026/09/13/news-p.v1.20260709.21ed2202008e45f18358995c5072982c_P1.jpg,1200,800,ok
https://ailens.sedaily.ai/markets/2026/09/14/2026-09-14-9%EC%9B%94-%EC%A6%9D%EC%8B%9C%EC%97%90%EC%84%9C-%EA%B0%80%EC%9E%A5-%EB%A7%8E%EC%9D%B4-%EC%98%A4%EB%A5%B8-%EA%B1%B4-%EA%B1%B4%EC%84%A4%EC%9D%B4%EC%97%88%EB%8B%A4,https://wimg.sedaily.com/news/cms/2026/09/13/news-p.v1.20260904.190604d8843e49b39cba14224b89296d_P1.jpg,1200,900,ok
https://ailens.sedaily.ai/markets/2026/09/14/2026-09-14-%EB%B9%85%ED%8C%8C%EB%A7%88-%EC%9E%A5%EB%B0%94%EA%B5%AC%EB%8B%88%EC%97%90-%ED%95%9C%EA%B5%AD-%EB%AC%BC%EA%B1%B4%EC%9D%B4-%EC%97%86%EB%8B%A4,https://wimg.sedaily.com/news/cms/2026/09/13/news-g.v1.20260913.61379d4700d64e5d832cfb4172a5db22_P1.jpg,1200,810,ok
https://ailens.sedaily.ai/markets/2026/09/14/2026-09-14-ADC-RNA-%EB%9C%A8%EB%8A%94%EB%8D%B0-%EC%9D%80-%EA%B8%B0%EC%88%A0%EC%88%98%EC%B6%9C-0,https://sedaily-mbti-cms-media-dev.s3.us-east-1.amazonaws.com/media/mustknow-auto/20090291-webtoon-cut001.png,1086,965,ok
https://ailens.sedaily.ai/markets/2026/09/14/2026-09-14-1-440%EC%96%B5-%EB%8B%AC%EB%9F%AC-%EA%B8%B0%EC%88%A0-%EA%B1%B0%EB%9E%98-%ED%95%9C%EA%B5%AD-%EB%AA%AB%EC%9D%80-0%EA%B1%B4,https://sedaily-mbti-cms-media-dev.s3.us-east-1.amazonaws.com/media/frontpage-auto/20090291-webtoon-cut001.png,1086,965,ok
https://ailens.sedaily.ai/industry/2026/09/14/2026-09-14-%ED%98%84%EB%8C%80%EC%B0%A8-2033%EB%85%84-%ED%85%8C%EC%8A%AC%EB%9D%BC-%EB%8D%B0%EC%9D%B4%ED%84%B0-%EB%94%B0%EB%9D%BC%EC%9E%A1%EC%9D%84-%EA%B2%83,https://sedaily-mbti-cms-media-dev.s3.us-east-1.amazonaws.com/media/frontpage-auto/20090288-webtoon-cut001.png,1086,965,ok
https://ailens.sedaily.ai/finance/2026/09/14/2026-09-14-4%EA%B0%9C%EC%9B%94-%EC%82%B4%EA%B3%A0-17%EB%85%84-%EB%B3%B4%EC%9C%A0-%ED%88%AC%EA%B8%B0%EC%9D%BC%EA%B9%8C%EC%9A%94,https://wimg.sedaily.com/news/cms/2026/09/13/news-p.v1.20260913.15b8983176ba453db281b1bcd16ce105_P1.jpg,1200,894,ok
https://ailens.sedaily.ai/news/2026/09/13/2026-09-13-%EA%B3%B5%EC%86%8C%EC%B2%AD-%EC%B6%9C%EB%B2%94-%EC%BD%94%EC%95%9E%EC%9D%B8%EB%8D%B0-%EC%A7%81%EC%A0%9C-%EC%9E%AC%EB%85%BC%EC%9D%98-%EB%8B%B9%EC%A0%95-%EA%B3%B5%EB%B0%B1-%EC%97%86%EC%9D%84-%EA%B2%83,https://wimg.sedaily.com/news/cms/2026/09/13/rcv.YNA.20260913.PYH2026091309870001300_P1.jpg,1200,552,ok
https://ailens.sedaily.ai/news/2026/09/13/2026-09-13-%EC%9D%B4%EB%B2%88-%EC%A3%BC-%ED%91%9C%EA%B2%B0-60%ED%91%9C%EC%97%90%EC%84%9C-%EA%B0%88%EB%A6%BD%EB%8B%88%EB%8B%A4,https://sedaily-mbti-cms-media-dev.s3.us-east-1.amazonaws.com/media/mustknow-auto/20090284-webtoon-cut001.png,1086,965,ok
https://ailens.sedaily.ai/markets/2026/09/13/2026-09-13-%EC%9C%A0%EA%B0%80-100%EB%8B%AC%EB%9F%AC-%EA%B8%88%EB%A6%AC-5-%EB%88%88%EC%95%9E-FOMC%EA%B0%80-7000%ED%94%BC-%EC%95%88%EC%B0%A9-%EC%8B%9C%ED%97%98%EB%8C%80-%EC%84%A0%EB%8D%B0%EC%9D%B4%EB%A8%B8%EB%8B%88%EC%B9%B4%ED%8E%98,https://wimg.sedaily.com/news/cms/2026/09/12/rcv.YNA.20260911.PYH2026091112850001300_P1.jpg,1200,832,ok
https://ailens.sedaily.ai/finance/2026/09/13/2026-09-13-%EB%8B%A8%EB%8F%85-AI%EC%97%90%EC%9D%B4%EC%A0%84%ED%8A%B8-%EA%B2%B0%EC%A0%9C%EC%88%98%EB%8B%A8-%EC%8A%A4%ED%85%8C%EC%9D%B4%EB%B8%94%EC%BD%94%EC%9D%B8%EB%8F%84-%EA%B3%BC%EC%84%B8,https://wimg.sedaily.com/news/cms/2026/09/13/news-p.v1.20260913.e2637f427005424db61d4a34f73dfda2_P1.png,1200,797,ok
https://ailens.sedaily.ai/news/2026/09/13/2026-09-13-%EC%9D%B4%ED%98%95%EC%9D%BC-%EA%B8%88%ED%88%AC%EC%84%B8-%EC%8B%9C%EC%9E%A5-%EC%95%88%EC%A0%95%EB%90%98%EB%A9%B4-%EA%B2%80%ED%86%A0-%EC%83%81%EC%86%8D%EC%84%B8-%EC%99%84%ED%99%94%EB%8A%94-%EB%8D%94-%EB%85%BC%EC%9D%98%ED%95%B4%EC%95%BC,https://wimg.sedaily.com/news/cms/2026/09/13/news-p.v1.20260901.3af91c761cf742399f80fd55ccf6b6c2_P1.jpg,1200,806,ok
https://ailens.sedaily.ai/news/2026/09/13/2026-09-13-%EC%9A%A9%ED%98%9C%EC%9D%B8-%EA%B2%B0%EA%B5%AD-%EC%9E%90%EC%A7%84%EC%82%AC%ED%87%B4-%EA%B5%AD%ED%9E%98-%EB%8B%A4%EC%9D%8C%EC%9D%80-%EA%B9%80%EC%8A%B9%EC%9B%90,https://wimg.sedaily.com/news/cms/2026/09/13/news-p.v1.20260913.bd4ab13793144b968130cf10a6852350_P1.jpg,1200,1827,ok
https://ailens.sedaily.ai/finance/2026/09/13/2026-09-13-%EC%9D%80%ED%96%89-%EC%86%8C%EC%83%81%EA%B3%B5%EC%9D%B8%EC%97%90-%EC%B6%94%EC%84%9D%EC%9E%90%EA%B8%88-103%EC%A1%B0-%EA%B3%B5%EA%B8%89,https://wimg.sedaily.com/news/cms/2026/09/13/news-p.v1.20260911.1a937f9c0fcc4361a5a580954f2d6885_P1.jpg,1200,800,ok
https://ailens.sedaily.ai/news/2026/09/13/2026-09-13-17%EB%85%84-%EB%B3%B4%EC%9C%A0%EC%97%90-%EA%B1%B0%EC%A3%BC-4%EA%B0%9C%EC%9B%94-%EC%9D%B4%EA%B1%B4-%ED%88%AC%EA%B8%B0%EC%9D%B8%EA%B0%80,https://wimg.sedaily.com/news/cms/2026/09/13/news-p.v1.20260831.a68a314ce747422f83ca8dbc1b613f6e_P1.jpg,1200,800,ok
https://ailens.sedaily.ai/finance/2026/09/13/2026-09-13-%EC%BD%94%EC%9D%B8-%EC%86%90%EC%8B%A4%EC%9D%80-%EC%84%B8%EA%B8%88%EC%97%90%EC%84%9C-%EB%B9%A0%EC%A7%80%EC%A7%80-%EC%95%8A%EB%8A%94%EB%8B%A4,https://wimg.sedaily.com/news/cms/2026/09/13/news-p.v1.20260913.2d2b61c50bb94a6e8f50078ef3a70686_P1.jpg,1200,800,ok
https://ailens.sedaily.ai/news/2026/09/13/2026-09-13-1%EB%85%84-%EC%A0%84-16%EC%9C%84-%EC%A7%80%EB%82%9C%EB%8B%AC-1%EC%9C%84,https://wimg.sedaily.com/news/cms/2026/09/13/news-p.v1.20260913.dacbafea59db4fe1a212f44a17ff713d_P1.jpg,500,203,ok
https://ailens.sedaily.ai/news/2026/09/13/2026-09-13-%EC%B4%88%EC%A4%91%EA%B3%A0%EC%83%9D-%EC%9E%90%EC%82%B4-244%EB%AA%85-%EC%97%AD%EB%8C%80-%EC%B5%9C%EB%8C%80-%ED%95%99%EC%97%85-%EC%A7%84%EB%A1%9C-%EB%AC%B8%EC%A0%9C%EB%8F%84-54%EA%B1%B4,https://wimg.sedaily.com/news/cms/2026/09/13/rcv.NEWS1.NEWS1.20260910.2026-09-10T152341_1008099797_SOCIETY_I_P1.jpg,1200,846,ok
https://ailens.sedaily.ai/news/2026/09/13/2026-09-13-%EC%9A%A9%ED%98%9C%EC%9D%B8-%EC%9E%A5%EA%B4%80-%ED%9B%84%EB%B3%B4%EC%A7%81-%EC%82%AC%ED%87%B4-%EB%AF%BC%EC%A3%BC%EB%8B%B9%EC%9D%B4-%EA%B2%B0%EB%8B%A8-%EC%9A%94%EC%B2%AD,https://wimg.sedaily.com/news/cms/2026/09/13/news-p.v1.20260913.0d0fbd4a59344164a72ca95e4dbc64d4_P1.jpg,1200,798,ok
https://ailens.sedaily.ai/finance/2026/09/13/2026-09-13-%EC%9E%84%EA%B4%91%ED%98%84-%EB%AA%B0%EB%9D%BC%EC%84%9C-%EB%8D%94-%EB%82%B8-%EB%B6%80%EB%B6%80-%EA%B3%B5%EB%8F%99%EB%AA%85%EC%9D%98-%EC%A2%85%EB%B6%80%EC%84%B8-%EB%8F%8C%EB%A0%A4%EB%93%9C%EB%A6%AC%EA%B2%A0%EB%8B%A4,https://wimg.sedaily.com/news/cms/2026/09/13/news-p.v1.20260913.fb185e4c90d345678a16d65394ef0f27_P1.jpg,1200,800,ok
https://ailens.sedaily.ai/industry/2026/09/12/2026-09-12-%EB%B0%B0-%EB%AC%BC%EB%9F%89%EC%9D%B4-%ED%8F%89%EC%8B%9C%EC%9D%98-3-5%EB%B0%B0%EB%A1%9C-%EB%8A%98%EC%97%88%EB%8B%A4,https://wimg.sedaily.com/news/cms/2026/09/12/rcv.YNA.20260910.PYH2026091017630001300_P1.jpg,1200,800,ok
https://ailens.sedaily.ai/property/2026/09/12/2026-09-12-%EC%95%84%ED%8C%8C%ED%8A%B8%EC%97%90-%EC%9D%B4%EC%82%AC-%EC%98%A8-6%EB%AA%85-%EB%AA%A8%EB%91%90-1990%EB%85%84%EC%83%9D-%EC%9B%94%EC%84%B8-%EB%8D%94%EC%9D%B4%EC%83%81-%EB%AA%BB%EB%B2%84%ED%85%A8-%EB%B9%9A%EB%82%B4%EC%84%9C-%EC%A7%91-%EC%83%80%EB%8B%A4,https://wimg.sedaily.com/news/cms/2026/09/12/news-p.v1.20260912.f4fba05547454e80b9c98255f4967024_P1.png,844,473,ok
https://ailens.sedaily.ai/news/2026/09/12/2026-09-12-%ED%98%90%EC%9D%98%EB%8A%94-%EC%9D%B8%EC%A0%95%EB%90%90%EB%8A%94%EB%8D%B0-%EC%9E%AC%ED%8C%90%EC%9D%80-%EC%97%86%EC%97%88%EB%8B%A4,https://wimg.sedaily.com/news/cms/2026/09/12/news-p.v1.20260912.abae1ea377e740cda8bd148df1eb3a10_P1.jpg,394,248,ok
https://ailens.sedaily.ai/news/2026/09/12/2026-09-12-%EB%B0%9B%EC%9D%84-%EC%88%98-%EC%9E%88%EB%8B%A4%EB%8D%98-%EC%82%B0%ED%9B%84%EC%A1%B0%EB%A6%AC%EB%B9%84-%EC%9D%B4%EB%8B%AC-%EB%A7%90-%EB%81%8A%EA%B8%B4%EB%8B%A4,https://wimg.sedaily.com/news/cms/2026/09/12/news-p.v1.20260911.3af5393788de48d397b6b159a6443cc0_P1.png,662,400,ok
https://ailens.sedaily.ai/international/2026/09/12/2026-09-12-%ED%8A%B8%EB%9F%BC%ED%94%84-%EC%9E%90%EB%8F%99%EC%B0%A8-%EB%AF%B8%EA%B5%AD-%EB%82%B4-%EC%83%9D%EC%82%B0-%EC%98%A4%EC%BC%80%EC%9D%B4-%EB%AF%B8%EC%A4%91%ED%9A%8C%EB%8B%B4-%EC%A0%84-%EC%9C%A0%ED%99%94%EC%B1%85,https://wimg.sedaily.com/news/cms/2026/09/12/news-p.v1.20260911.de0ce1880abe44cda3f9265c0ca1b451_P1.jpg,728,461,ok
https://ailens.sedaily.ai/news/2026/09/12/2026-09-12-%ED%9C%98%EB%B0%9C%EC%9C%A0%EA%B0%92%EC%9D%80-%EA%B3%84%EC%86%8D-%EC%95%88%EC%A0%95%EB%90%9C%EB%8B%A4%EA%B3%A0-%ED%96%88%EC%8A%B5%EB%8B%88%EB%8B%A4,https://wimg.sedaily.com/news/cms/2026/09/12/rcv.YNA.20260911.PYH2026091111090001300_P1.jpg,1200,877,ok
https://ailens.sedaily.ai/international/2026/09/12/2026-09-12-%EA%B5%AD%EC%A0%9C-%EC%9C%A0%EA%B0%80-%EC%B2%9C%EC%A0%95%EB%B6%80%EC%A7%80%EC%9D%B8%EB%8D%B0-%EA%B5%AD%EB%82%B4-%EA%B8%B0%EB%A6%84%EA%B0%92%EC%9D%80-17%EC%A3%BC%EC%A7%B8-%ED%95%98%EB%9D%BD-%EC%99%9C,https://wimg.sedaily.com/news/cms/2026/09/12/rcv.YNA.20260823.PYH2026082304010001300_P1.jpg,1200,800,ok
https://ailens.sedaily.ai/industry/2026/09/12/2026-09-12-%EB%B9%84%EB%8B%90%EB%B4%89%ED%88%AC%EC%9D%B8-%EC%A4%84-%EC%95%8C%EC%95%98%EB%8A%94%EB%8D%B0-%ED%92%88%EC%A0%88%EC%97%90-%ED%94%84%EB%A6%AC%EB%AF%B8%EC%97%84-%EB%B6%99%EC%9D%80-%EC%8A%A4%ED%83%80%EB%B2%85%EC%8A%A4-%EA%B0%80%EB%B0%A9-%EB%98%91%EB%98%91-%EC%8A%A4%EB%A7%88%EC%8A%88%EB%A8%B8,https://wimg.sedaily.com/news/cms/2026/09/11/news-p.v1.20260911.46d8d37425dd496db0f591d39ca8b56a_P1.jpg,1200,980,ok
https://ailens.sedaily.ai/industry/2026/09/12/2026-09-12-%EB%8C%80%ED%91%9C-%EC%A6%9D%EA%B6%8C%EC%82%AC%EB%8F%84-%ED%95%9C%EA%B5%AD%EC%9C%BC%EB%A1%9C-K%EB%B7%B0%ED%8B%B0%EC%97%90-%EA%BD%82%ED%9E%8C-%EA%B8%80%EB%A1%9C%EB%B2%8C-%ED%81%B0%EC%86%90%EB%93%A4-%EA%B9%80%EC%97%B0%ED%95%98%EC%9D%98-%ED%82%AC%EB%A7%81%EC%9D%B4%EC%8A%88,https://wimg.sedaily.com/news/cms/2026/09/11/news-p.v1.20260911.6cdab360798f404aabd353a7cbb89e9d_P1.jpg,1200,900,ok
https://ailens.sedaily.ai/industry/2026/09/12/2026-09-12-1300%EB%A7%8C-%EB%8B%AC%EB%9F%AC-%EC%A3%BC%EB%AC%B8%EC%84%9C%EA%B0%80-%ED%95%B4%EC%99%B8%EC%97%90%EC%84%9C-%EC%99%94%EB%8B%A4,https://wimg.sedaily.com/news/cms/2026/09/12/news-p.v1.20260911.554cdb90e64d4756861648879ae59c1f_P1.png,1200,800,ok
https://ailens.sedaily.ai/news/2026/09/12/2026-09-12-%ED%95%A9%EC%B0%B8-%EB%8F%99%ED%95%B4%EC%83%81%EC%9C%BC%EB%A1%9C-%EB%AF%B8%EC%83%81-%EB%B0%9C%EC%82%AC%EC%B2%B4-%EB%B0%9C%EC%82%AC-%ED%83%84%EB%8F%84%EB%AF%B8%EC%82%AC%EC%9D%BC%EC%9D%B4%EB%A9%B4-23%EC%9D%BC%EB%A7%8C,https://wimg.sedaily.com/news/cms/2026/09/12/news-p.v1.20260912.21d5e0b8ae6e4611a2eb1eea55992503_P1.jpg,1200,665,ok
https://ailens.sedaily.ai/news/2026/09/12/2026-09-12-%ED%9B%88%EB%A0%A8%EC%9D%B4-%EB%81%9D%EB%82%9C-%EB%8B%A4%EC%9D%8C%EB%82%A0-%EC%83%88%EB%B2%BD-%EB%AF%B8%EC%82%AC%EC%9D%BC%EC%9D%B4-%EB%82%A0%EC%95%98%EB%8B%A4,https://wimg.sedaily.com/news/cms/2026/09/12/rcv.YNA.20260911.PYH2026091115180001300_P1.jpg,1200,526,ok
https://ailens.sedaily.ai/industry/2026/09/12/2026-09-12-%EB%A0%88%EC%9D%B4%EC%8A%A4%EC%BD%94%EC%96%B4-%EC%95%9E%EC%84%B8%EC%9B%8C-GS%EC%83%B5-FW-%ED%8C%A8%EC%85%98-%EA%B3%B5%EB%9E%B5-%EB%B3%B8%EA%B2%A9%ED%99%94,https://wimg.sedaily.com/news/cms/2026/09/11/news-p.v1.20260911.06fa9112c2e04926841948f4c2aa383d_P1.png,1200,675,ok
https://ailens.sedaily.ai/markets/2026/09/12/2026-09-12-%EC%83%88%EB%82%B4%EA%B8%B0%EC%A3%BC-70-%EA%B3%B5%EB%AA%A8%EA%B0%80-%EB%B0%91%EB%8F%8C%EC%95%84-%EC%BD%94%EC%8A%A4%EB%8B%A5-%EC%8B%9C%EC%9E%A5-%EA%B0%9C%ED%8E%B8-%EC%8B%9C%EA%B8%89-%EB%A7%88%EC%BC%93%EC%8B%9C%EA%B7%B8%EB%84%90,https://wimg.sedaily.com/news/cms/2026/09/11/news-p.v1.20260707.1e3be1d225424324a57c93a1d32cab23_P1.jpg,860,572,ok
https://ailens.sedaily.ai/international/2026/09/12/2026-09-12-%EA%B5%AD%EC%B1%84-%EC%9C%A0%EA%B0%80-%EC%B6%A9%EA%B2%A9-%EA%B5%AD%EA%B3%A0%EC%B1%84-3%EB%85%84%EB%AC%BC-4-%EB%8F%8C%ED%8C%8C-Pick%EC%BD%94%EB%85%B8%EB%AF%B8,https://wimg.sedaily.com/news/cms/2026/09/12/rcv.YNA.20260911.PYH2026091103610001300_P1.jpg,1200,839,ok
https://ailens.sedaily.ai/industry/2026/09/12/2026-09-12-%EB%A7%A4%EC%B6%9C%EC%9D%98-5%EB%B6%84%EC%9D%98-1%EC%9D%B4-1%EB%85%84-%EB%A7%8C%EC%97%90-%ED%9C%B4%EB%A8%B8%EB%85%B8%EC%9D%B4%EB%93%9C%EC%97%90%EC%84%9C-%EB%82%98%EC%99%94%EB%8B%A4,https://wimg.sedaily.com/news/cms/2026/09/12/news-p.v1.20260911.9256d79469774a3c943100ca2e59b70d_P1.jpg,1200,900,ok
https://ailens.sedaily.ai/markets/2026/09/12/2026-09-12-%EC%9C%A0%EA%B0%80-102%EB%8B%AC%EB%9F%AC-%EC%BD%94%EC%8A%A4%ED%94%BC-7000%EC%84%A0%EC%9D%B4-%ED%9D%94%EB%93%A4%EB%A0%B8%EB%8B%A4,https://wimg.sedaily.com/news/cms/2026/09/11/rcv.NEWS1.NEWS1.20260911.2026-09-11T160516_1008101772_FINANCE-STOCK_I_P1.jpg,1200,593,ok
https://ailens.sedaily.ai/news/2026/09/12/2026-09-12-%EB%8C%80%EB%B2%95%EC%9B%90%EC%9E%A5%EC%9D%80-2%EC%A3%BC%EC%A7%B8-%EB%8B%B5%ED%95%98%EC%A7%80-%EC%95%8A%EC%95%98%EB%8B%A4,https://wimg.sedaily.com/news/cms/2026/09/11/rcv.YNA.20260911.PYH2026091107780001300_P1.jpg,1200,1315,ok
https://ailens.sedaily.ai/news/2026/09/12/2026-09-11-%EC%97%B0%EC%9E%84-%EC%9C%A0%EB%A0%A5%ED%96%88%EB%8D%98-%ED%9A%8C%EC%9E%A5%EC%9D%B4-%ED%9B%84%EB%B3%B4%EC%97%90%EC%84%9C-%EB%B9%A0%EC%A1%8C%EB%8B%A4,https://wimg.sedaily.com/news/cms/2026/09/11/news-p.v1.20260911.cb4710684ae14916841db29cb7b2a4b9_P1.jpg,500,391,ok
https://ailens.sedaily.ai/news/2026/09/12/2026-09-11-AI-%EC%8B%A4%EC%97%85-%EC%98%A4%EB%8A%94%EB%8D%B0-%EC%9E%AC%EC%B7%A8%EC%97%85-%ED%88%AC%EC%9E%90-%EC%97%AD%EC%A3%BC%ED%96%89,https://ailens.sedaily.ai/lens/default-cover.webp,960,960,ok
https://ailens.sedaily.ai/industry/2026/09/12/2026-09-11-AI%EA%B0%80-%EA%B8%B0%EA%B8%88-%EC%9A%B4%EC%9A%A9%ED%95%B4-%EC%88%98%EC%9D%B5-%EA%B7%B9%EB%8C%80%ED%99%94-LG-%EA%B5%AD%EB%AF%BC%EC%97%B0%EA%B8%88%EA%B3%B5%EB%8B%A8-%EB%A7%9E%EC%86%90,https://wimg.sedaily.com/news/cms/2026/09/11/news-p.v1.20260911.317451d12be34febbe93ca8fd06551b9_P1.jpg,856,571,ok
https://ailens.sedaily.ai/finance/2026/09/12/2026-09-11-KB-%EA%B3%BC%EA%B0%90%ED%95%9C-%EC%84%B8%EB%8C%80%EA%B5%90%EC%B2%B4-%EC%B0%A8%EA%B8%B0-%ED%9A%8C%EC%9E%A5%EC%97%90-%EC%9D%B4%EC%9E%AC%EA%B7%BC,https://wimg.sedaily.com/news/cms/2026/09/11/news-p.v1.20260911.fa9361e29627431bbd73adb6bc108f72_P1.jpg,994,1392,ok
https://ailens.sedaily.ai/news/2026/09/12/2026-09-11-16%EC%9D%BC-%EC%A4%91%EC%95%99-%EC%A0%95%EC%83%81%ED%9A%8C%EC%9D%98-%EC%A4%91%EC%9E%A5%EA%B8%B0-%ED%98%91%EB%A0%A5-%EB%B9%84%EC%A0%84-%EC%84%9C%EC%9A%B8%EC%84%A0%EC%96%B8-%EC%B1%84%ED%83%9D,https://wimg.sedaily.com/news/cms/2026/09/11/news-p.v1.20260911.a736fa7ff3d946b583c8a8983a8762ef_P1.jpg,1200,800,ok
https://ailens.sedaily.ai/industry/2026/09/12/2026-09-11-%EC%A0%95%EC%9B%90-1%EB%AA%85%EC%97%90-66%EB%AA%85-%EB%B0%98%EB%8F%84%EC%B2%B4-%ED%95%99%EA%B3%BC%EB%A1%9C-%EB%AA%B0%EB%A0%B8%EB%8B%A4,https://wimg.sedaily.com/news/cms/2026/09/11/news-p.v1.20260814.5011867672e94f1b9ae3c6916f7f992e_P1.png,550,297,ok
https://ailens.sedaily.ai/news/2026/09/12/2026-09-11-%ED%8A%B8%EB%9F%BC%ED%94%84-3%EC%A4%91-%EC%87%BC%ED%81%AC%EC%97%90-3%EB%85%84%EB%AC%BC-4-%EB%8F%8C%ED%8C%8C,https://wimg.sedaily.com/news/cms/2026/09/11/news-p.v1.20260911.aee5dc6ca32c44aca8d8025ecedf74d1_P1.jpg,1200,696,ok
https://ailens.sedaily.ai/news/2026/09/12/2026-09-11-2%EB%85%84-10%EA%B0%9C%EC%9B%94-%EB%A7%8C%EC%97%90-%EA%B5%AD%EC%B1%84%EA%B8%88%EB%A6%AC%EA%B0%80-4-%EB%A5%BC-%EB%84%98%EC%97%88%EB%8B%A4,https://wimg.sedaily.com/news/cms/2026/09/11/news-p.v1.20260911.aee5dc6ca32c44aca8d8025ecedf74d1_P1.jpg,1200,696,ok
https://ailens.sedaily.ai/markets/2026/09/12/2026-09-11-%EB%88%84%EB%B9%88%EC%9A%B4%EC%9A%A9-%EA%B3%A0%EA%B8%88%EB%A6%AC-%EC%9E%A5%EA%B8%B0%ED%99%94%ED%95%A0-%EA%B2%83-%EB%A6%AC%ED%85%8C%EC%9D%BC-%EC%9E%84%EB%8C%80%EC%A3%BC%ED%83%9D-%ED%88%AC%EC%9E%90-%EC%A3%BC%EB%AA%A9-%EC%8B%9C%EA%B7%B8%EB%84%90,https://wimg.sedaily.com/news/cms/2026/09/11/news-p.v1.20260911.efc81cb259e64699a3bf5249f6e6aaa6_P1.jpg,1200,800,ok
https://ailens.sedaily.ai/industry/2026/09/12/2026-09-11-%EB%9D%BC%ED%8F%AC%EB%9E%A9%EC%8A%A4-SK%EC%8A%A4%ED%86%A0%EC%95%84-%EC%9D%B8%EC%88%98-%EC%9E%AC%EC%8B%9C%EB%8F%99-%EA%B1%B0%EB%9E%98%EA%B5%AC%EC%A1%B0-%EC%9E%AC%ED%8E%B8-%EC%A0%84%EC%95%A1-%EC%9E%90%EA%B8%B0%EC%9E%90%EB%B3%B8-%EC%9D%B8%EC%88%98,https://wimg.sedaily.com/news/cms/2026/09/11/news-p.v1.20260911.517ea2bc1d87442285cd8b298781a0e1_P1.png,1200,800,ok
https://ailens.sedaily.ai/news/2026/09/12/2026-09-11-%EC%86%8D%EB%B3%B4-%EC%9D%B4%EC%A2%85%EC%84%AD-%ED%98%B8%EC%A3%BC%EB%8C%80%EC%82%AC-%EC%9E%84%EB%AA%85-%EB%8F%84%ED%94%BC-%EC%9D%98%ED%98%B9-1%EC%8B%AC-%EB%AC%B4%EC%A3%84,https://wimg.sedaily.com/news/cms/2026/09/11/news-p.v1.20260729.586135ff598744f8b10d17b777b0568d_P1.png,500,282,ok
https://ailens.sedaily.ai/markets/2026/09/12/2026-09-11-%EA%B8%B0%EC%97%85-%EA%B3%B5%EC%8B%9C-9%EC%9B%94-11%EC%9D%BC,https://ailens.sedaily.ai/lens/default-cover.webp,960,960,ok
https://ailens.sedaily.ai/industry/2026/09/12/2026-09-11-%ED%85%83%EB%B0%AD-%EC%82%AC%EC%9A%B0%EB%94%94%EC%97%90%EC%84%9C-%EC%88%98%ED%96%89%ED%95%98%EB%8A%94-%EC%98%A4%EB%9E%9C-%EC%8B%A0%EB%A2%B0%EA%B4%80%EA%B3%84%EC%9D%98-%EB%B0%9C%EC%A3%BC%EC%B2%98-%EC%A3%BC%EB%A0%A5-%EC%82%AC%EC%97%85%EC%9E%85%EB%8B%88%EB%8B%A4-%EC%82%BC%EC%84%B1E-A-%EA%B4%80%EA%B3%84%EC%9E%90%EB%8A%94-7%EC%9B%94-11%EC%9D%BC-%EC%B2%B4%EA%B2%B0,https://wimg.sedaily.com/news/cms/2026/09/11/news-g.v1.20260911.103be33529d34fa4b27abd64582b2e84_P1.jpg,1200,541,ok
https://ailens.sedaily.ai/industry/2026/09/12/2026-09-11-%EC%97%B4%ED%9D%98-%EB%8F%99%EC%95%88-349%EC%96%B5-7000%EB%A7%8C-%EB%8B%AC%EB%9F%AC-%EA%B4%80%EC%84%B8%EC%B2%AD%EC%9D%B4-11%EC%9D%BC-%EB%B0%9C%ED%91%9C%ED%95%9C-%EC%9D%B4%EB%8B%AC-1-10%EC%9D%BC-%EC%88%98%EC%B6%9C-%EC%8B%A4%EC%A0%81%EC%9E%85%EB%8B%88%EB%8B%A4-1-10%EC%9D%BC-%EA%B8%B0,https://wimg.sedaily.com/news/cms/2026/09/11/rcv.YNA.20260906.PYH2026090603570006100_P1.jpg,1200,694,ok
https://ailens.sedaily.ai/markets/2026/09/12/2026-09-11-%EC%A7%80%EC%88%98%EB%8A%94-%EC%98%AC%EB%9E%90%EB%8A%94%EB%8D%B0-%EB%82%B4-ETF%EB%8A%94-%EC%8B%A0%EC%A0%80%EA%B0%80,https://wimg.sedaily.com/news/cms/2026/09/11/news-p.v1.20260911.aa17aa2e5a1641b28b85844b360394b6_P1.png,640,509,ok
https://ailens.sedaily.ai/industry/2026/09/11/2026-09-11-422%EC%96%B5-%EB%A7%A4%EB%8F%84-%EA%B3%84%ED%9A%8D-%EC%82%AC%ED%9D%98-%EB%A7%8C%EC%97%90-99-%EA%B0%80-%EB%81%9D%EB%82%AC%EB%8B%A4,https://wimg.sedaily.com/news/cms/2026/09/11/news-p.v1.20260911.f2b382ee8bda4ceab629e352ffd3a0da_P1.jpg,1200,1439,ok
https://ailens.sedaily.ai/industry/2026/09/11/2026-09-11-%ED%95%9C%EB%B9%9B-2%ED%98%B8%EA%B8%B0%EB%8F%84-%EB%A9%88%EC%B6%B0-%EC%9B%90%EC%A0%84-4%EA%B8%B0-%EA%B0%9C%EC%A0%90%ED%9C%B4%EC%97%85%EC%97%90-%EC%A0%84%EB%A0%A5%EC%88%98%EA%B8%89-%EB%B9%A8%EA%B0%84%EB%B6%88,https://wimg.sedaily.com/news/cms/2026/09/11/news-p.v1.20260911.ebe0626f23b14a35bed052454a74ed14_P1.jpg,1200,607,ok
https://ailens.sedaily.ai/markets/2026/09/11/2026-09-11-%EC%B9%98%EC%86%9F%EB%8A%94-%EC%9C%A0%EA%B0%80%EC%97%90-%ED%95%B4%EC%99%B8%EC%97%AC%ED%96%89-%EA%B0%90%EC%86%8C-%EB%8C%80%ED%95%9C%ED%95%AD%EA%B3%B5-%EC%A3%BC%EA%B0%80-2-9-%ED%95%98%EB%9D%BD-%EC%9D%B4%EB%9F%B0%EA%B5%AD%EC%9E%A5-%EC%A0%80%EB%9F%B0%EC%A3%BC%EC%8B%9D-2,https://wimg.sedaily.com/news/cms/2026/09/11/news-p.v1.20260911.7fc2c1f590af4d4f9195b129bc82cda8_P1.jpg,1200,691,ok
https://ailens.sedaily.ai/markets/2026/09/11/2026-09-11-%EC%B9%98%EC%86%9F%EB%8A%94-%EC%9C%A0%EA%B0%80%EC%97%90-%ED%95%B4%EC%99%B8%EC%97%AC%ED%96%89-%EA%B0%90%EC%86%8C-%EB%8C%80%ED%95%9C%ED%95%AD%EA%B3%B5-%EC%A3%BC%EA%B0%80-2-9-%ED%95%98%EB%9D%BD-%EC%9D%B4%EB%9F%B0%EA%B5%AD%EC%9E%A5-%EC%A0%80%EB%9F%B0%EC%A3%BC%EC%8B%9D,https://wimg.sedaily.com/news/cms/2026/09/11/news-p.v1.20260911.7fc2c1f590af4d4f9195b129bc82cda8_P1.jpg,1200,691,ok
https://ailens.sedaily.ai/international/2026/09/11/2026-09-11-%EB%8B%A4%EC%9D%8C%EC%A3%BC-%EA%B8%88%EB%A6%AC-%EB%B9%85%EC%9C%84%ED%81%AC-%EB%8F%99%EA%B2%B0%EB%95%90-%EC%8B%A0%EB%A2%B0-%EC%9C%84%EA%B8%B0-%ED%8C%8C%EC%9E%A5-%EC%98%AC-%EC%88%98%EB%8F%84,https://wimg.sedaily.com/news/cms/2026/09/11/rcv.NEWS1.NEWS1.20260910.2026-09-10T080900_1008098264_ECONOMY_I_P1.jpg,1200,765,ok
https://ailens.sedaily.ai/markets/2026/09/11/2026-09-11-%EA%B5%AD%EB%AF%BC%EC%97%B0%EA%B8%88-%ED%99%98%EC%9C%A8-%EB%B6%84%EC%84%9D%EC%97%90-AI-%EC%93%B4%EB%8B%A4-LG%EC%99%80-%EB%A7%9E%EC%86%90-%EC%8B%9C%EA%B7%B8%EB%84%90,https://wimg.sedaily.com/news/cms/2026/09/11/news-p.v1.20260911.71bb701e42434bd39774bd015be43fbd_P1.jpg,900,599,ok
https://ailens.sedaily.ai/news/2026/09/11/2026-09-11-%EB%B6%80%EB%8F%99%EC%82%B0-%EC%A0%95%EC%B1%85%EC%9D%B4-%EB%B6%80%EC%A1%B1%ED%95%9C-%EA%B2%8C-%EB%A7%8E%EB%8B%A4-%ED%95%9C%EC%84%B1%EC%88%99-%EA%B5%AD%EB%AC%B4%EC%B4%9D%EB%A6%AC%EA%B0%80-11%EC%9D%BC-%EA%B5%AD%ED%9A%8C%EC%97%90%EC%84%9C-%ED%95%9C-%EB%A7%90%EC%9E%85%EB%8B%88%EB%8B%A4-%EC%A0%95%EB%B6%80%EA%B0%80-%EC%9E%90%EA%B8%B0-%EC%A0%95%EC%B1%85%EC%9D%98-%EB%AF%B8%EB%B9%84,https://wimg.sedaily.com/news/cms/2026/09/11/rcv.YNA.20260911.PYH2026091112440001300_P1.jpg,1200,800,ok
https://ailens.sedaily.ai/markets/2026/09/11/2026-09-11-%EB%8B%A8%EB%8F%85-%ED%82%A4%EC%9B%80-USA-15%EC%9D%BC-%EC%84%9C-K%EB%B0%98%EB%8F%84%EC%B2%B4-ETF-%EC%B2%AB%EC%84%A0,https://wimg.sedaily.com/news/cms/2026/09/11/news-p.v1.20260728.a01cfc4c707c4a769f4a50e5459bceae_P1.png,963,578,ok
https://ailens.sedaily.ai/news/2026/09/11/2026-09-11-%EB%B6%80%EC%82%B0%EC%8B%9C%EB%AF%BC-330%EB%A7%8C%EB%AA%85-%EA%B8%B0%ED%9B%84%EB%B3%B4%ED%97%98-%EB%82%B4%EB%85%84-4%EC%9B%94%EB%B6%80%ED%84%B0-%EC%9E%90%EB%8F%99-%EA%B0%80%EC%9E%85,https://wimg.sedaily.com/news/cms/2026/09/11/news-p.v1.20260714.449b3db3b5f34c6ea8664178b1a48f6b_P1.jpg,1200,800,ok
https://ailens.sedaily.ai/markets/2026/09/11/2026-09-11-%EB%82%B4-%EC%A3%BC%EC%8B%9D-%EC%95%B1%EC%97%90-%EC%A0%80PBR-%ED%91%9C%EC%8B%9C%EA%B0%80-%EB%B6%99%EB%8A%94%EB%8B%A4,https://wimg.sedaily.com/news/cms/2026/09/11/news-p.v1.20260907.b8a1887c1d0444bd84b39d58f12d4ea5_P1.png,640,424,ok
https://ailens.sedaily.ai/news/2026/09/11/2026-09-11-%EC%84%9C%EC%9A%B8%EC%97%90%EC%84%9C-%ED%95%9C-%EC%A3%BC-%EB%A7%8C%EC%97%90-9-%ED%8F%AC%EC%9D%B8%ED%8A%B8%EA%B0%80-%EB%B9%A0%EC%A1%8C%EB%8B%A4,https://wimg.sedaily.com/news/cms/2026/09/11/news-p.v1.20260911.3839e095a38a4042a9b6f72ad217cd85_P1.jpg,1200,823,ok
https://ailens.sedaily.ai/news/2026/09/11/2026-09-11-4000%EB%A7%8C-%EA%B0%9C%EA%B0%80-%EC%83%88%EA%B8%B0-%EC%A0%84%EC%97%90-%EC%B7%A8%EC%95%BD%EC%A0%90%EC%9D%80-%EC%9D%B4%EB%AF%B8-%EC%95%8C%EB%A0%A4%EC%A0%B8-%EC%9E%88%EC%97%88%EB%8B%A4,https://wimg.sedaily.com/news/cms/2026/09/11/rcv.NEWS1.NEWS1.20260911.2026-09-11T143709_1008101515_POLITICS_I_P1.jpg,1200,795,ok
https://ailens.sedaily.ai/industry/2026/09/11/2026-09-11-%EC%82%BC%EC%84%B1E-A-%EC%82%AC%EC%9A%B0%EB%94%94%EC%97%90-4-7%EC%A1%B0-%EC%B2%A8%EB%8B%A8-%EB%B9%84%EB%A3%8C%EA%B3%B5%EC%9E%A5-%EC%A7%93%EB%8A%94%EB%8B%A4,https://wimg.sedaily.com/news/cms/2026/09/11/news-p.v1.20260911.c0e170907af24e2d88971b3602c07701_P1.png,1150,646,ok
https://ailens.sedaily.ai/news/2026/09/11/2026-09-11-%EC%84%B8%EA%B8%88-41%EC%A1%B0-%EB%8D%94-%EA%B1%B7%ED%98%94%EB%8A%94%EB%8D%B0-%EB%B9%9A%EC%9D%80-86%EC%A1%B0-%EB%8A%98%EC%97%88%EB%8B%A4,https://wimg.sedaily.com/news/cms/2026/09/11/news-p.v1.20260911.88b180fc9faa4f7bb96fb2e7dcedc783_P1.png,846,452,ok
https://ailens.sedaily.ai/markets/2026/09/11/2026-09-11-2025%EB%85%84-6%EC%9B%94-%EB%A7%90-%EA%B3%B5%EB%AA%A8%ED%8E%80%EB%93%9C-%EC%88%9C%EC%9E%90%EC%82%B0%EC%9D%80-897%EC%A1%B0-4-000%EC%96%B5-%EC%9B%90%EC%9E%85%EB%8B%88%EB%8B%A4-%EC%84%9D-%EB%8B%AC-%EC%A0%84%EB%B3%B4%EB%8B%A4-191%EC%A1%B0-9-000%EC%96%B5-%EC%9B%90,https://wimg.sedaily.com/news/cms/2026/09/11/news-g.v1.20260911.a85622b809564aa9856d1232be5679ae_P1.jpg,1200,629,ok
https://ailens.sedaily.ai/industry/2026/09/11/2026-09-11-%EC%82%BC%EC%84%B1-%EC%A7%81%EC%9B%90%EC%9D%B4-%EB%8C%80%ED%95%99-%ED%8C%B9%EC%97%90-6%EA%B0%9C%EC%9B%94-%EC%83%81%EC%A3%BC%ED%96%88%EB%8B%A4,https://wimg.sedaily.com/news/cms/2026/09/11/news-p.v1.20260716.73a88ec47f7846668675fedf70c1000a_P1.png,1200,841,ok
https://ailens.sedaily.ai/markets/2026/09/11/2026-09-11-124%ED%8F%AC%EC%9D%B8%ED%8A%B8-%EB%B9%A0%EC%A1%8C%EB%8A%94%EB%8D%B0-%EC%82%AC%EC%9D%B4%EB%93%9C%EC%B9%B4%EB%8A%94-%EC%97%86%EC%97%88%EB%8B%A4,https://wimg.sedaily.com/news/cms/2026/09/11/rcv.YNA.20260911.PYH2026091112650001300_P1.jpg,1200,804,ok
https://ailens.sedaily.ai/industry/2026/09/11/2026-09-11-%EC%95%85%EC%84%B1-%EB%A6%AC%EB%B7%B0-%ED%8F%89%EC%A0%90-%EA%B9%8E%EC%95%84%EB%A8%B9%EC%96%B4-%EC%A4%91%EA%B8%B0%EB%B6%80-%ED%94%8C%EB%9E%AB%ED%8F%BC-%EB%A6%AC%EB%B7%B0-%EA%B0%84%EB%8B%B4%ED%9A%8C,https://wimg.sedaily.com/news/cms/2026/09/11/news-p.v1.20260911.6fe19a3fdc4440dcb68ea778cbae24eb_P1.jpg,1200,800,ok
https://ailens.sedaily.ai/markets/2026/09/11/2026-09-11-7%EC%9B%94-4%EC%9D%BC-267%EC%A1%B0-%EC%9B%90%EC%9D%B4%EB%8D%98-%EB%A8%B8%EB%8B%88%EB%A7%88%EC%BC%93%ED%8E%80%EB%93%9C-MMF-%EC%84%A4%EC%A0%95%EC%95%A1%EC%9D%B4-%EB%8B%B7%EC%83%88-%EB%92%A4-248%EC%A1%B0-%EC%9B%90%EC%9C%BC%EB%A1%9C-%EC%A4%84%EC%97%88%EC%8A%B5%EB%8B%88%EB%8B%A4-18%EC%A1%B0-952,https://wimg.sedaily.com/news/cms/2026/09/11/rcv.YNA.20260911.PYH2026091112660001300_P1.jpg,1200,808,ok
https://ailens.sedaily.ai/industry/2026/09/11/2026-09-11-HD%ED%98%84%EB%8C%80-%EB%85%B8%EC%A1%B0-%EC%A0%84%EC%B2%B4-%EC%A1%B0%ED%95%A9%EC%9B%90-4%EC%8B%9C%EA%B0%84-%EB%B6%80%EB%B6%84%ED%8C%8C%EC%97%85-%EB%8F%8C%EC%9E%85,https://wimg.sedaily.com/news/cms/2026/09/11/news-p.v1.20260911.c18750a7ba6645849faec8d5d3c6e50e_P1.jpg,1200,672,ok
https://ailens.sedaily.ai/markets/2026/09/11/2026-09-11-3%EA%B1%B0%EB%9E%98%EC%9D%BC-%EB%A7%8C%EC%97%90-7-000%EC%84%A0%EC%9D%B4-%EC%82%AC%EB%9D%BC%EC%A1%8C%EB%8B%A4,https://wimg.sedaily.com/news/cms/2026/09/11/rcv.NEWS1.NEWS1.20260911.2026-09-11T155409_1008101778_FINANCE-STOCK_I_P1.jpg,1200,571,ok
https://ailens.sedaily.ai/news/2026/09/11/2026-09-11-%EC%86%8D%EB%B3%B4-%EA%B5%AD%EA%B3%A0%EC%B1%84-3%EB%85%84%EB%AC%BC-%EA%B8%88%EB%A6%AC-%EC%9E%A5%EC%A4%91-4-%EB%8F%8C%ED%8C%8C-2%EB%85%84-10%EA%B0%9C%EC%9B%94%EB%A7%8C,https://wimg.sedaily.com/news/cms/2026/09/11/news-p.v1.20260909.58084bafb5334054b1625f2be94da85a_P1.jpg,640,360,ok
https://ailens.sedaily.ai/industry/2026/09/11/2026-09-11-%EA%B8%B0%EC%97%85-%EC%B0%A8%EB%B3%84-%ED%95%98%EC%A7%80-%EC%95%8A%EB%8A%94%EB%8B%A4-%EC%BF%A0%ED%8C%A1-%EC%9B%8C%EC%8B%B1%ED%84%B4-%EB%A1%9C%EB%B9%84-%EB%B0%98%EB%B0%95,https://wimg.sedaily.com/news/cms/2026/09/11/rcv.YNA.20260911.PYH2026091107240001301_P1.jpg,1200,758,ok
https://ailens.sedaily.ai/industry/2026/09/11/2026-09-11-%EC%88%98%EC%B6%9C-100%EB%8B%AC%EB%9F%AC-%EC%A4%91-47%EB%8B%AC%EB%9F%AC%EA%B0%80-%EB%B0%98%EB%8F%84%EC%B2%B4%EC%98%80%EB%8B%A4,https://wimg.sedaily.com/news/cms/2026/09/11/rcv.YNA.20260901.PYH2026090110410005100_P1.jpg,1200,758,ok
https://ailens.sedaily.ai/markets/2026/09/11/2026-09-11-%ED%8C%8C%EB%9E%80%EB%B6%88-%EC%A6%9D%EC%8B%9C-%EC%97%90%EB%8F%84-%EC%83%81%ED%95%9C%EA%B0%80-%EC%A7%81%ED%96%89-%EC%95%84%EB%AA%A8%ED%85%8D-AI-%EB%B0%B8%EB%A5%98%EC%B2%B4%EC%9D%B8-%EC%A7%84%EC%9E%85-%EC%A3%BC%EB%AA%A9-%EC%BD%94%EC%A3%BC%EB%B6%80,https://wimg.sedaily.com/news/cms/2026/09/11/news-p.v1.20260911.c5e782b4461d4c7bb88b54a604253e3d_P1.jpg,950,404,ok
https://ailens.sedaily.ai/industry/2026/09/11/2026-09-11-%EC%88%98%EC%B6%9C%EC%9D%80-68-7-%EB%8A%98%EC%97%88%EB%8A%94%EB%8D%B0-%EC%A7%80%EA%B0%91%EC%9D%80-%EB%8B%AB%ED%98%94%EC%8A%B5%EB%8B%88%EB%8B%A4,https://wimg.sedaily.com/news/cms/2026/09/11/news-p.v1.20260731.97cfb08846e746f2bf5b673f089baa73_P1.jpg,1200,800,ok
https://ailens.sedaily.ai/markets/2026/09/11/2026-09-11-%EC%82%BC%EC%84%B1%EC%A0%84%EC%9E%90-HBM-%EC%A0%90%EC%9C%A0%EC%9C%A8-40-%EA%B0%88-%EA%B2%83-%EB%AA%A9%ED%91%9C%EC%A3%BC%EA%B0%80-60%EB%A7%8C-%EC%9B%90-%EC%A4%8D%EC%A4%8D%EB%A6%AC%ED%8F%AC%ED%8A%B8,https://wimg.sedaily.com/news/cms/2026/09/11/news-p.v1.20260907.50b5659256e1446aa311d8382ae3a623_P1.jpg,640,445,ok
https://ailens.sedaily.ai/industry/2026/09/11/2026-09-11-%ED%95%98%EB%A3%A8-33%EB%A7%8C-%ED%86%A4-100%EB%A7%8C-%EB%AA%85%EC%9D%B4-%EB%84%98%EB%8A%94-%EC%82%AC%EB%9E%8C%EC%9D%B4-%ED%95%98%EB%A3%A8-%EB%8F%99%EC%95%88-%EC%93%B8-%EC%88%98-%EC%9E%88%EB%8A%94-%EC%83%9D%ED%99%9C%EC%9A%A9%EC%88%98%EC%99%80-%EB%A7%9E%EB%A8%B9%EB%8A%94-%EC%96%91%EC%9E%85%EB%8B%88%EB%8B%A4-%EC%82%BC%EC%84%B1%EC%A0%84%EC%9E%90-%EB%B0%98%EB%8F%84%EC%B2%B4-DS-%EB%B6%80%EB%AC%B8%EC%9D%80-%EC%9D%B4,https://wimg.sedaily.com/news/cms/2026/09/11/news-p.v1.20260911.619f983cb711459eb9a0bba8b5f8d77e_P1.png,962,654,ok
https://ailens.sedaily.ai/markets/2026/09/11/2026-09-11-2024%EB%85%84-6%EC%9B%94-%ED%95%9C%EA%B5%AD%EC%98%88%ED%83%81%EA%B2%B0%EC%A0%9C%EC%9B%90%EC%97%90-%EA%B3%84%EC%A2%8C-%ED%95%98%EB%82%98%EA%B0%80-%EC%97%B4%EB%A0%B8%EC%8A%B5%EB%8B%88%EB%8B%A4-%EA%B5%AD%EC%A0%9C%EC%98%88%ED%83%81%EA%B2%B0%EC%A0%9C%EA%B8%B0%EA%B5%AC%EA%B0%80-%EA%B0%9C%EC%84%A4%ED%95%9C-%EB%B3%B4%EA%B4%80%EA%B3%84%EC%A2%8C%EC%98%80%EC%8A%B5%EB%8B%88%EB%8B%A4-2%EB%85%84%EC%9D%B4,https://wimg.sedaily.com/news/cms/2026/09/11/news-p.v1.20260911.660922ee7c214191b6fe63bdaf828a7a_P1.jpg,734,328,ok
https://ailens.sedaily.ai/industry/2026/09/11/2026-09-11-%EC%82%AC%EC%9A%B0%EB%94%94%EC%97%90%EC%84%9C-%EB%A7%8C%EB%93%A0-%EB%B9%84%EB%A3%8C-%ED%95%9C-%ED%86%A8%EB%8F%84-%EC%82%AC%EC%9A%B0%EB%94%94%EC%97%90-%EB%82%A8%EC%A7%80-%EC%95%8A%EB%8A%94%EB%8B%A4,https://wimg.sedaily.com/news/cms/2026/09/11/news-p.v1.20260911.662742ae707745dfbac47a78b1fc0ca3_P1.png,1150,646,ok
https://ailens.sedaily.ai/markets/2026/09/11/2026-09-11-%EB%B0%9C%ED%91%9C-%ED%95%98%EB%A3%A8-%EB%A7%8C%EC%97%90-%EA%B3%84%EC%97%B4%EC%82%AC-%EC%A3%BC%EA%B0%80%EA%B0%80-%ED%95%A8%EA%BB%98-%EC%98%AC%EB%9E%90%EB%8B%A4,https://wimg.sedaily.com/news/cms/2026/09/11/news-p.v1.20260824.b46b497796984469b6f65bf620fa5b23_P1.png,640,362,ok
https://ailens.sedaily.ai/news/2026/09/11/2026-09-11-%EC%9D%B4%EC%A2%85%EC%84%AD-%ED%98%B8%EC%A3%BC-%EB%8F%84%ED%94%BC-%EC%98%A4%EB%8A%98-1%EC%8B%AC-%EC%84%A0%EA%B3%A0-%ED%8A%B9%EA%B2%80-%EC%A7%95%EC%97%AD-5%EB%85%84-%EA%B5%AC%ED%98%95,https://wimg.sedaily.com/news/cms/2026/09/10/news-p.v1.20260520.778b831186c549c58a8f914630592b9c_P1.png,640,360,ok
https://ailens.sedaily.ai/industry/2026/09/11/2026-09-11-SK%EB%B0%94%EC%9D%B4%EC%98%A4%ED%8C%9C-%EC%98%A4%ED%8C%8C%EC%B9%BC%EB%A6%BC-%EB%8F%85%EC%84%B1-%EC%9D%B4%EC%8A%88-%EA%B3%84%EC%95%BD-%EC%A0%84-%EC%9D%B8%EC%A7%80-11%EC%9B%94-%ED%95%B4%EC%A0%9C-%EC%A0%84%EB%A7%9D,https://wimg.sedaily.com/news/cms/2026/09/11/news-p.v1.20260911.fbcde2985c9448d99f1e19c9a0b586b1_P1.jpg,860,479,ok
https://ailens.sedaily.ai/property/2026/09/11/2026-09-11-%EB%B9%88-%EA%B3%B5%EC%9E%A5-%EA%B1%B4%EB%AC%BC%EC%9D%B4-%EC%B2%AD%EB%85%84-%EC%9E%84%EB%8C%80%EC%A3%BC%ED%83%9D%EC%9D%B4-%EB%90%9C%EB%8B%A4,https://wimg.sedaily.com/news/cms/2026/09/11/rcv.NEWS1.NEWS1.20260907.2026-09-07T140857_1008092206_REALESTATE_I_P1.jpg,1200,820,ok
https://ailens.sedaily.ai/industry/2026/09/11/2026-09-11-%EA%B8%B0%EB%82%B4-%EC%99%80%EC%9D%B4%ED%8C%8C%EC%9D%B4%EA%B0%80-%EB%AC%B4%EB%A3%8C%EA%B0%80-%EB%90%A9%EB%8B%88%EB%8B%A4-%EB%8B%A8-14%EB%8C%80%EB%B6%80%ED%84%B0,https://wimg.sedaily.com/news/cms/2026/09/11/news-p.v1.20260911.db2c6eb25b5d4a3481334ecfdf876160_P1.jpg,1200,800,ok
https://ailens.sedaily.ai/finance/2026/09/11/2026-09-11-3%EB%85%84-%EB%84%98%EC%9D%80-%EC%97%B0%EC%B2%B4-%EC%9B%90%EA%B8%88-80-%EC%9D%B4%EC%83%81-%EA%B9%8E%EC%9D%B8%EB%8B%A4,https://wimg.sedaily.com/news/cms/2026/09/10/news-g.v1.20260910.9de8d5ecb571434da616399be4199b96_P1.jpg,1200,613,ok
https://ailens.sedaily.ai/markets/2026/09/11/2026-09-11-%ED%95%9C-%EB%8B%AC-48-%EC%98%A4%EB%A5%B8-%EC%A2%85%EB%AA%A9%EC%9D%B4-%ED%95%98%EB%A3%A8%EC%97%90-%ED%9D%94%EB%93%A4%EB%A0%B8%EC%8A%B5%EB%8B%88%EB%8B%A4,https://wimg.sedaily.com/news/cms/2026/09/11/rcv.YNA.20260911.PYH2026091102820001300_P1.jpg,1200,816,ok
https://ailens.sedaily.ai/news/2026/09/11/2026-09-11-%EC%B2%AD%EC%A3%BC-%EC%A0%9C%EC%A3%BC-%EC%A2%8C%EC%84%9D%EC%9D%80-%EC%A4%84%EC%96%B4%EB%93%A4%EC%A7%80-%EC%95%8A%EC%8A%B5%EB%8B%88%EB%8B%A4,https://wimg.sedaily.com/news/cms/2026/09/10/news-p.v1.20260908.402ab18833c2483a9ec7b6edf0f801e2_P1.jpg,1200,800,ok
https://ailens.sedaily.ai/markets/2026/09/11/2026-09-11-%EC%9C%A0%EA%B0%80-%ED%95%98%EB%82%98%EC%97%90-%EC%82%BC%EC%84%B1%EC%A0%84%EC%9E%90%EA%B0%80-4-%EB%B9%A0%EC%A1%8C%EB%8B%A4,https://wimg.sedaily.com/news/cms/2026/09/11/rcv.NEWS1.NEWS1.20260911.2026-09-11T091733_1008100695_FINANCE-STOCK_I_P1.jpg,1200,785,ok
https://ailens.sedaily.ai/international/2026/09/11/2026-09-11-%EA%B8%B0%EB%A6%84%EA%B0%92%EA%B3%BC-%EA%B8%88%EB%A6%AC%EA%B0%80-%EA%B0%99%EC%9D%80-%EB%82%A0-%EC%98%AC%EB%9E%90%EC%8A%B5%EB%8B%88%EB%8B%A4-%EB%B0%B0%EB%9F%B4%EB%8B%B9-108-77%EB%8B%AC%EB%9F%AC-10%EC%9D%BC-%ED%98%84%EC%A7%80-%EC%8B%9C%EA%B0%84-%EB%9F%B0%EB%8D%98-ICE%EA%B1%B0%EB%9E%98%EC%86%8C%EC%97%90%EC%84%9C-%EB%B8%8C%EB%A0%8C%ED%8A%B8%EC%9C%A0-11%EC%9B%94%EB%AC%BC%EC%9D%B4-%EC%9E%A5%EC%A4%91,https://wimg.sedaily.com/news/cms/2026/09/11/news-p.v1.20260911.dd4fe4d367fd4ccfa1442da6301f8718_P1.jpg,1200,800,ok
https://ailens.sedaily.ai/markets/2026/09/11/2026-09-11-%EC%9E%A5%EC%9D%B4-%EC%97%B4%EB%A6%AC%EA%B8%B0-%EC%A0%84%EC%97%90-%EC%9D%B4%EB%AF%B8-%ED%8C%8C%EB%9E%80%EB%B6%88%EC%9D%B4%EC%97%88%EB%8B%A4,https://wimg.sedaily.com/news/cms/2026/09/11/rcv.YNA.20260910.PYH2026091017080001300_P1.jpg,1200,637,ok
https://ailens.sedaily.ai/industry/2026/09/11/2026-09-11-%EB%A7%88%EC%9D%B4%EB%84%88%EC%8A%A4%ED%86%B5%EC%9E%A5%EC%97%90%EC%84%9C-%EB%8F%88%EC%9D%84-%EB%AF%B8%EB%A6%AC-%EC%B0%BE%EC%95%84-%EB%93%A4%EA%B3%A0-%EC%9E%88%EB%8A%94-%EA%B2%83-%EA%B9%80%EC%9A%B0%EC%B2%A0-%ED%95%9C%EA%B5%AD%EC%9E%AC%EC%A0%95%ED%95%99%ED%9A%8C%EC%9E%A5%EC%9D%B4-%EC%A0%95%EB%B6%80%EA%B0%80-%EB%82%B4%EB%85%84-%EC%8B%A0%EC%84%A4%ED%95%98%EB%8A%94-%EB%AF%B8%EB%9E%98%EB%8C%80%EC%9D%91%EA%B8%B0%EA%B8%88%EC%9D%84-%EB%91%90%EA%B3%A0-%ED%95%9C-%EB%A7%90%EC%9E%85%EB%8B%88%EB%8B%A4,https://wimg.sedaily.com/news/cms/2026/09/10/rcv.YNA.20260901.PYH2026082807130001300_P1.jpg,1200,800,ok
https://ailens.sedaily.ai/markets/2026/09/11/2026-09-11-SK%EB%B0%94%EC%9D%B4%EC%98%A4%ED%8C%9C-%EB%8F%84%EC%9E%85-%EB%87%8C%EC%A0%84%EC%A6%9D-%EC%8B%A0%EC%95%BD-%EB%B6%80%EB%B6%84-%EC%9E%84%EC%83%81-%EB%B3%B4%EB%A5%98-%EC%97%90-%EC%A3%BC%EA%B0%80-6-Why-%EB%B0%94%EC%9D%B4%EC%98%A4,https://wimg.sedaily.com/news/cms/2026/09/11/news-p.v1.20260911.35e209456edd48808dd9000a8c78cf9e_P1.png,547,227,ok
https://ailens.sedaily.ai/international/2026/09/11/2026-09-11-5-%EA%B9%8C%EC%A7%80-0-05-%ED%8F%AC%EC%9D%B8%ED%8A%B8-%EB%82%A8%EC%95%98%EB%8B%A4,https://wimg.sedaily.com/news/cms/2026/09/11/news-p.v1.20260911.700e2db2d99445fb84a64cd5b6ff859c_P1.jpg,1200,800,ok
https://ailens.sedaily.ai/international/2026/09/11/2026-09-11-%EC%A7%80%EC%A7%80%EC%9C%A8-30-%EB%8C%80-%ED%8A%B8%EB%9F%BC%ED%94%84-1%EC%9D%B8%EB%8B%B9-5000%EB%8B%AC%EB%9F%AC-%EC%8A%B9%EB%B6%80%EC%88%98-%EB%8D%98%EC%A0%B8-%EA%B8%80%EB%A1%9C%EB%B2%8C-%EB%AA%A8%EB%8B%9D-%EB%B8%8C%EB%A6%AC%ED%95%91,https://wimg.sedaily.com/news/cms/2026/09/10/news-p.v1.20260910.1cbc03ec79994b70956ed7821795d164_P1.jpg,1200,800,ok
https://ailens.sedaily.ai/industry/2026/09/11/2026-09-11-%ED%83%81%EC%86%8C%ED%85%94-%EB%93%B1%EC%97%90-%EC%97%85%EC%9D%80-%EB%B3%B4%EB%A0%B9-4%EB%85%84%EB%82%B4-%EC%88%98%EC%B6%9C-16%EB%B0%B0-%ED%82%A4%EC%9A%B4%EB%8B%A4-%EB%B0%94%EC%9D%B4%EC%98%A4%EB%A6%AC%EB%8D%94%EC%8A%A4%ED%81%B4%EB%9F%BD,https://wimg.sedaily.com/news/cms/2026/09/10/news-p.v1.20260722.f317b913265d4b9a91220fc63984e941_P1.jpg,500,142,ok
https://ailens.sedaily.ai/industry/2026/09/11/2026-09-11-%EC%84%B1%EA%B3%BC%EA%B8%89-%ED%98%84%EA%B8%88%EB%B9%84%EC%A4%91-%EB%8A%98%EB%A6%B0-SK%ED%95%98%EC%9D%B4%EB%8B%89%EC%8A%A4-%EC%9D%B4%EB%B2%88%EC%97%94-%EC%9E%84%EB%8B%A8%ED%98%91-%EB%84%98%EC%9D%84%EA%B9%8C-biz-%ED%94%8C%EB%9F%AC%EC%8A%A4,https://wimg.sedaily.com/news/cms/2026/09/10/news-p.v1.20260910.a9d64a772ea7423bbe26cb89769dfbcf_P1.png,700,457,ok
https://ailens.sedaily.ai/industry/2026/09/11/2026-09-11-%ED%95%9C-%EC%8B%9C%EA%B0%84%EC%97%90-10%EC%96%B5-%EC%9E%90%EB%A6%AC%EB%8A%94-%EC%9D%B4%EB%AF%B8-%EC%97%86%EB%8B%A4,https://wimg.sedaily.com/news/cms/2026/09/10/news-g.v1.20260910.8e703331591e42158cefe1b7aaa0a19a_P1.jpg,1200,445,ok
https://ailens.sedaily.ai/industry/2026/09/11/2026-09-11-%EC%A4%91%EA%B5%AD-%EA%B0%80%EB%8A%94-%EB%B9%84%ED%96%89%EA%B8%B0%EA%B0%80-10%EB%85%84-%EB%A7%8C%EC%97%90-%EA%B0%80%EC%9E%A5-%EB%B6%90%EB%B3%90%EB%8B%A4,https://wimg.sedaily.com/news/cms/2026/09/10/news-p.v1.20260910.785143e314f440e98a0fca0d464e7146_P1.jpg,480,255,ok
https://ailens.sedaily.ai/markets/2026/09/11/2026-09-11-%EC%9E%90%EC%82%B0%EC%9A%B4%EC%9A%A9%EC%82%AC-2%EB%B6%84%EA%B8%B0-%EC%88%9C%EC%9D%B4%EC%9D%B5-2%EC%A1%B0-6889%EC%96%B5-%EC%A0%81%EC%9E%90-%ED%9A%8C%EC%82%AC-%EB%B9%84%EC%9C%A8%EC%9D%80-%EC%98%A4%ED%9E%88%EB%A0%A4-%EB%8A%98%EC%97%88%EB%8B%A4,https://wimg.sedaily.com/news/cms/2026/09/10/news-p.v1.20260910.57276137aa9046048d8a844d04cc0825_P1.png,600,400,ok
https://ailens.sedaily.ai/markets/2026/09/11/2026-09-11-%ED%94%BC%EB%B6%80-%EC%95%88%EA%B5%AC-%EA%B0%84%EC%97%90%EC%84%9C-%EB%87%8C%EB%A1%9C-%EC%98%81%EC%97%AD-%ED%99%95%EC%9E%A5%ED%95%98%EB%8A%94-RNA-%EC%B9%98%EB%A3%8C%EC%A0%9C,https://wimg.sedaily.com/news/cms/2026/09/10/news-g.v1.20260910.c0cac7f9319c46779df22ac0d5e15ce1_P1.jpg,602,540,ok
https://ailens.sedaily.ai/markets/2026/09/11/2026-09-11-100%EB%8B%AC%EB%9F%AC%EB%A9%B4-%EA%B3%A0%EC%A0%90-%EC%B9%98%EC%86%9F%EB%8A%94-%EC%9C%A0%EA%B0%80%EC%97%90-%EA%B0%9C%EB%AF%B8%EB%8A%94-800%EC%96%B5-%EC%97%AD%EB%B2%A0%ED%8C%85-%EC%BD%94%EC%A3%BC%EB%B6%80,https://wimg.sedaily.com/news/cms/2026/09/10/news-p.v1.20260910.5bbfe40fd7354a838dcceb9300e2f032_P1.png,640,427,ok
https://ailens.sedaily.ai/news/2026/09/11/2026-09-11-%EC%9B%90%EC%B2%AD-%EA%B5%90%EC%84%AD-1%ED%98%B8-%ED%95%9C%EB%8F%99%EB%8C%80-%EA%B2%B0%EA%B5%AD-%ED%8C%8C%EC%97%85-%EC%88%98%EC%88%9C-%EB%B0%9F%EB%8A%94%EB%8B%A4,https://sedaily-mbti-cms-media-dev.s3.us-east-1.amazonaws.com/media/frontpage-auto/20089547-webtoon-cut001.png,1086,965,ok
https://ailens.sedaily.ai/property/2026/09/11/2026-09-11-%EA%B0%99%EC%9D%80-%EC%98%A4%ED%94%BC%EC%8A%A4%ED%85%94-%EC%A0%84%EC%84%B8%EA%B8%88%EC%9D%B4-2%EC%96%B5-%EB%B2%8C%EC%96%B4%EC%A1%8C%EC%8A%B5%EB%8B%88%EB%8B%A4-%EC%95%84%ED%8C%8C%ED%8A%B8-%EC%A0%84%EC%84%B8-%EB%A7%A4%EB%AC%BC%EC%9D%B4-%EC%A4%84%EC%96%B4%EB%93%A4%EB%8B%A4-%EB%B3%B4%EB%8B%88-%EB%8C%80%EC%B2%B4%EC%9E%AC%EC%9D%B8-%EC%A4%91%EB%8C%80%ED%98%95-%EC%98%A4%ED%94%BC%EC%8A%A4%ED%85%94-%EC%A0%84%EC%84%B8%EA%B0%80%EA%B0%80-%EC%98%A4%EB%A5%B4%EB%8A%94-%EC%83%81%ED%99%A9%EC%9E%85%EB%8B%88,https://wimg.sedaily.com/news/cms/2026/09/10/news-p.v1.20260910.d1dc0a0d57894e60bf61822758bd464a_P1.jpg,1200,522,ok
https://ailens.sedaily.ai/international/2026/09/11/2026-09-11-%EC%9E%AC%EB%AC%B4%EB%B6%80%EA%B0%80-%ED%83%B1%ED%81%AC%EC%99%80-%EC%A0%84%ED%88%AC%EC%97%90-%EC%BD%A9%EC%95%8C%EC%B4%9D%EC%9D%84-%EB%93%A4%EA%B3%A0-%EB%82%98%EC%98%A8-%EA%B2%A9%EC%9E%85%EB%8B%88%EB%8B%A4-%EC%97%98%EB%A6%AC%EC%95%84%EC%8A%A4-%ED%95%98%EB%8B%A4%EB%93%9C-%EB%B8%8C%EB%9D%BC%EC%9A%B4%EB%B8%8C%EB%9F%AC%EB%8D%94%EC%8A%A4%ED%95%B4%EB%A6%AC%EB%A8%BC-%EC%A0%84%EB%9E%B5%EA%B0%80%EA%B0%80-%EB%AF%B8-%EC%9E%AC%EB%AC%B4%EB%B6%80%EC%9D%98-%EA%B5%AD%EC%B1%84-%EC%9E%AC%EB%A7%A4%EC%9E%85-%EB%B0%9C,https://wimg.sedaily.com/news/cms/2026/09/10/news-p.v1.20260910.65a0b9a3320943a288cd89d631f5b81e_P1.jpg,1200,800,ok
https://ailens.sedaily.ai/international/2026/09/11/2026-09-10-%EC%9D%B4%EB%9E%80%EC%A0%84-%EA%B2%A9%ED%99%94%EC%97%90-%EC%9C%A0%EA%B0%80-%EA%B3%A0%EA%B3%B5%ED%96%89%EC%A7%84-WTI%EB%8F%84-%EB%B0%B0%EB%9F%B4%EB%8B%B9-100%EB%8B%AC%EB%9F%AC-%EB%8F%8C%ED%8C%8C,https://wimg.sedaily.com/news/cms/2026/09/10/news-p.v1.20260910.65cabf8b0ce04c13bb99ec7934345bfc_P1.jpg,860,575,ok
https://ailens.sedaily.ai/international/2026/09/11/2026-09-10-ECB-%EA%B8%88%EB%A6%AC-%EC%9D%B8%EC%83%81-%EC%98%88%EA%B8%88%EA%B8%88%EB%A6%AC-%EC%97%B0-2-50-%EB%A1%9C-0-25-P,https://ailens.sedaily.ai/lens/default-cover.webp,960,960,ok
https://ailens.sedaily.ai/international/2026/09/11/2026-09-10-60%EC%96%B5-%EB%B0%94%EC%9D%B4%EB%B0%B1%EC%97%90%EB%8F%84-%EA%B5%AD%EC%B1%84%EA%B8%88%EB%A6%AC-%EA%B8%89%EB%93%B1-%EC%9E%A5%EB%82%9C%EA%B0%90-%EC%B4%9D%EB%93%A4%EA%B3%A0-%ED%83%B1%ED%81%AC%EC%A0%84,https://wimg.sedaily.com/news/cms/2026/09/10/news-p.v1.20260910.e7885337162541c698834ddb474b2edf_P1.jpg,1200,872,ok
https://ailens.sedaily.ai/industry/2026/09/11/2026-09-10-%EB%B9%9A-106%EC%A1%B0-%EB%8A%98%EB%A0%A4-104%EC%A1%B0-%EB%B9%84%EC%B6%95-%EB%A7%88%EC%9D%B4%EB%84%88%EC%8A%A4-%ED%86%B5%EC%9E%A5%EC%84%9C-%ED%98%84%EA%B8%88-%EB%B9%BC%EB%86%93%EB%8A%94-%EC%85%88,https://wimg.sedaily.com/news/cms/2026/09/10/news-p.v1.20260910.2bd788838fc84269acb8a246688c1091_P1.jpg,1200,800,ok
https://ailens.sedaily.ai/industry/2026/09/11/2026-09-10-AI-%EB%B0%9C%EC%A0%84-%EC%B4%88%EC%84%9D%EB%90%A0-%EA%B3%B3-%EC%B5%9C%ED%83%9C%EC%9B%90-7%EC%A1%B0-%EB%8D%B0%EC%9D%B4%ED%84%B0%EC%84%BC%ED%84%B0-%EC%A0%90%EA%B2%80-AI-%ED%92%80%EC%8A%A4%ED%83%9D-%EC%97%AD%EB%9F%89-%EA%B3%A0%EB%8F%84%ED%99%94,https://wimg.sedaily.com/news/cms/2026/09/10/news-p.v1.20260910.b0dc03f66da54bef9d1530d340d890a2_P2.jpg,500,403,ok
https://ailens.sedaily.ai/finance/2026/09/11/2026-09-10-%ED%94%BC%ED%84%B0%ED%8C%AC-%EC%95%84%EB%B9%A0-%EB%9C%BB-%EC%9D%B4%EC%96%B4-%EC%A0%95%EB%B6%80-%EB%B0%9C%EB%8B%AC%EC%9E%A5%EC%95%A0%EC%9D%B8-%EC%83%9D%EC%95%A0%EC%A3%BC%EA%B8%B0-%EB%8F%8C%EB%B4%84-%EA%B0%95%ED%99%94,https://wimg.sedaily.com/news/cms/2026/09/10/news-p.v1.20260910.90c3b296a51b47d9b64518ddfd20663f_P1.jpg,1200,836,ok
https://ailens.sedaily.ai/markets/2026/09/11/2026-09-10-%EC%9A%B0%EB%A6%AC%ED%88%AC%EC%9E%90%EC%A6%9D%EA%B6%8C-%EC%88%98%EC%8B%A0%EC%83%81%ED%92%88-%EA%B8%88%EB%A6%AC-%EC%98%AC%EB%A0%A4-%EC%A0%95%EA%B8%B0%EC%98%88%EA%B8%88-%EC%B5%9C%EA%B3%A0-%EC%97%B0-4-05,https://wimg.sedaily.com/news/cms/2026/09/10/news-p.v1.20260910.b6baddc631b2495d88978f4225634d54_P1.png,700,700,ok
https://ailens.sedaily.ai/markets/2026/09/11/2026-09-10-SLL%EC%A4%91%EC%95%99-%ED%94%84%EB%9E%99%EC%8B%9C%EC%8A%A4-1050%EC%96%B5-%EC%A1%B0%EB%8B%AC-%ED%81%90%EB%A6%AC%EC%96%B4%EC%8A%A4-%EC%98%A4%EB%84%88-1300%EC%96%B5-%EB%8B%B4%EB%B3%B4-%EC%8B%9C%EA%B7%B8%EB%84%90,https://wimg.sedaily.com/news/cms/2026/09/10/news-p.v1.20260703.e5d2cca2cdfa44c7af877e3a5959008d_P1.jpg,1200,1718,ok
https://ailens.sedaily.ai/markets/2026/09/11/2026-09-10-%EA%B8%88%EB%A6%AC-%EA%B2%BD%EA%B3%84%EA%B0%90-%EB%86%92%EC%95%84%EC%A7%84-%EC%BD%94%EC%8A%A4%ED%94%BC-%EC%A0%84%EB%B0%98%EC%A0%81-%EC%A0%80%ED%8F%89%EA%B0%80-%EB%B9%84%EC%A4%91-%EC%A4%84%EC%9D%BC%EB%95%8C-%EC%95%84%EB%83%90,https://wimg.sedaily.com/news/cms/2026/09/10/rcv.YNA.20260910.PYH2026091017080001300_P1.jpg,1200,637,ok
https://ailens.sedaily.ai/industry/2026/09/11/2026-09-10-%EB%B0%B1%ED%99%94%EC%A0%90-%EC%83%81%ED%92%88%EB%8F%84-%EC%BF%A0%ED%8C%A1%EC%9D%B4%EC%B8%A0%EB%A1%9C-%EC%A3%BC%EB%AC%B8-%EB%A1%AF%EB%8D%B0-%ED%80%B5%EC%BB%A4%EB%A8%B8%EC%8A%A4-%EC%8B%9C%EC%9E%A5-%EA%B3%B5%EB%9E%B5,https://wimg.sedaily.com/news/cms/2026/09/09/news-p.v1.20260909.5c0bc6f6c8ac4e5ea77b74847e17f617_P1.jpg,810,540,ok
https://ailens.sedaily.ai/markets/2026/09/10/2026-09-10-%EA%B3%A0%EA%B8%88%EB%A6%AC-%EB%9A%AB%EA%B3%A0-%EA%B8%88%EB%8F%84-%EA%B5%AC%EB%A6%AC%EB%8F%84-%EB%9B%B4%EB%8B%A4-%EB%9C%A8%EA%B1%B0%EC%9A%B4-%EB%A9%94%ED%83%88-%EB%9E%A0%EB%A6%AC,https://wimg.sedaily.com/news/cms/2026/09/10/news-p.v1.20260910.ac1ff9cbbf5046949590c1db33d0e214_P1.jpg,1200,944,ok
https://ailens.sedaily.ai/news/2026/09/10/2026-09-10-%EB%8B%A8%EB%8F%85-%ED%95%9C%EA%B5%AD%ED%98%95-%EC%9A%B0%EB%B8%90%EC%8B%9C%ED%8B%B0-%EB%8F%84%EC%9E%85-%EB%B3%B4%EB%A5%98-%ED%8C%8C%EA%B2%AC-%EA%B7%BC%EB%A1%9C-%ED%97%88%EC%9A%A9%EB%8F%84-%EB%B9%A0%EC%A1%8C%EB%8B%A4,https://wimg.sedaily.com/news/cms/2026/09/10/rcv.YNA.20260904.PYH2026090412120001300_P1.jpg,1200,433,ok
https://ailens.sedaily.ai/industry/2026/09/10/2026-09-10-%EC%82%BC%EC%84%B1%EB%B0%94%EC%9D%B4%EC%98%A4%EB%A1%9C%EC%A7%81%EC%8A%A4-%EC%9C%A0%EB%9F%BD-%EC%A0%9C%EC%95%BD%EC%82%AC%EC%99%80-3508%EC%96%B5-CMO-%EA%B3%84%EC%95%BD-2033%EB%85%84%EA%B9%8C%EC%A7%80-%EC%9E%A5%EA%B8%B0-%EA%B3%B5%EA%B8%89,https://wimg.sedaily.com/news/cms/2026/09/10/news-p.v1.20260910.29ecd8aca01849fd9eff789b74e0ba07_P1.jpg,700,390,ok
https://ailens.sedaily.ai/markets/2026/09/10/2026-09-10-%EC%BD%94%EC%8A%A4%EB%8B%A5-%EC%95%84%EC%A7%81%EB%8F%84-30%EB%85%84-%EC%88%98%EC%A4%80-%ED%88%AC%EC%9E%90-%EC%83%81%EC%9E%A5-%EC%8A%A4%EC%BC%80%EC%9D%BC%EC%97%85-%EC%84%A0%EC%88%9C%ED%99%98-%EB%81%8A%EA%B2%A8,https://wimg.sedaily.com/news/cms/2026/09/10/news-p.v1.20260910.7cd7bf0fe6f34ad798541707c52a1b38_P1.jpg,1200,584,ok
https://ailens.sedaily.ai/industry/2026/09/10/2026-09-10-%EB%86%8D%ED%98%91-%EC%B6%94%EC%84%9D%EB%A7%9E%EC%9D%B4-%ED%95%A0%EC%9D%B8%EB%8C%80%EC%A0%84-%ED%86%B5%ED%95%B4-%EB%AC%BC%EA%B0%80-%EC%95%88%EC%A0%95%EC%97%90-%EC%95%9E%EC%9E%A5,https://wimg.sedaily.com/news/cms/2026/09/10/news-p.v1.20260910.e85b8f5d816e465ea2c7f37e647e56ab_P1.jpg,1200,816,ok
https://ailens.sedaily.ai/international/2026/09/10/2026-09-10-%EB%8C%80%ED%86%B5%EB%A0%B9-%EC%9D%B4%EB%A5%B4%EB%A9%B4-%EB%8B%A4%EC%9D%8C%EC%A3%BC-%EA%B8%B0%EC%9E%90%ED%9A%8C%EA%B2%AC-%EA%B0%9C%EA%B0%81-%EB%B6%80%EB%8F%99%EC%82%B0-%ED%8C%8C%EB%B3%91-%ED%98%84%EC%95%88-%EC%82%B0%EC%A0%81,https://wimg.sedaily.com/news/cms/2026/09/10/news-p.v1.20260910.f60919a4849e4dbba99a226f43c5a1c0_P1.jpg,1200,825,ok
https://ailens.sedaily.ai/industry/2026/09/10/2026-09-10-55%EB%A7%8C%EB%AA%85-%EC%93%B8-%EB%AC%BC-%EB%A7%A4%EC%9D%BC-%EC%95%84%EA%BB%B4-SK%ED%95%98%EC%9D%B4%EB%8B%89%EC%8A%A4-%EB%AC%BC-%EC%88%9C%ED%99%98-%EC%8A%B9%EB%B6%80%EC%88%98,https://wimg.sedaily.com/news/cms/2026/09/10/news-p.v1.20260910.a8210de9b4654865b16490e3b0c83f20_P1.jpg,1200,860,ok
https://ailens.sedaily.ai/news/2026/09/10/2026-09-10-%EA%B0%9C%EC%A0%95-%EB%85%B8%EC%A1%B0%EB%B2%95-6%EA%B0%9C%EC%9B%94-%EB%A7%8C%EC%97%90-%EC%9B%90-%ED%95%98%EC%B2%AD-%EA%B5%90%EC%84%AD-%EC%B2%AB-%ED%83%80%EA%B2%B0-%EB%82%98%EC%99%94%EB%8B%A4,https://wimg.sedaily.com/news/cms/2026/09/10/news-p.v1.20260729.ad485417c3394943bd2fc9f30556c89b_P2.jpg,500,281,ok
https://ailens.sedaily.ai/news/2026/09/10/2026-09-10-%EA%B0%9C%EC%9D%B8%EC%A0%95%EB%B3%B4-%EB%B0%98%EB%B3%B5-%EC%9C%A0%EC%B6%9C%EB%95%90-%EB%A7%A4%EC%B6%9C-10-%EA%B3%BC%EC%A7%95%EA%B8%88-11%EC%9D%BC%EB%B6%80%ED%84%B0-%EC%8B%9C%ED%96%89,https://wimg.sedaily.com/news/cms/2026/09/10/news-p.v1.20260910.7085dc81aac54cd794d1aedf589e2363_P1.jpg,1200,900,ok
https://ailens.sedaily.ai/markets/2026/09/10/2026-09-10-%EB%82%A9%ED%92%88%EB%8B%A8%EA%B0%80-%EC%95%95%EB%B0%95%EC%97%90-%ED%98%B8%EC%9E%AC-%EC%84%A0%EB%B0%98%EC%98%81%EA%B9%8C%EC%A7%80-%EC%95%A0%ED%94%8C-%EC%B2%AB-%EC%A0%91%EB%8A%94-%ED%8F%B0-%EC%97%90%EB%8F%84-%EB%B6%80%ED%92%88%EC%A3%BC-%EB%8D%A4%EB%8D%A4,https://wimg.sedaily.com/news/cms/2026/09/10/news-p.v1.20260910.ee261f825a7048e398968bc5d01a692e_P1.png,1200,675,ok
https://ailens.sedaily.ai/news/2026/09/10/2026-09-10-12%EC%9B%94%EB%B6%80%ED%84%B0-%EC%A7%80%EB%B0%A9%EC%A0%95%EB%B6%80%EB%8F%84-%EC%82%AC%EC%97%85%EC%9E%A5-%EA%B7%BC%EB%A1%9C%EA%B0%90%EB%8F%85-%ED%95%9C%EB%8B%A4,https://wimg.sedaily.com/news/cms/2026/09/10/rcv.YNA.20260909.PYH2026090921890001300_P1.jpg,1200,684,ok
https://ailens.sedaily.ai/property/2026/09/10/2026-09-10-%EC%A0%88%EB%B0%98%EC%9D%B4-%EB%B6%88-%EA%BA%BC%EC%A7%84-%EC%A7%80%EC%82%B0-%EC%B2%AD%EB%85%84-%EC%9E%84%EB%8C%80%EC%A3%BC%ED%83%9D%EC%9C%BC%EB%A1%9C-%EA%B3%B5%EA%B8%89-%EC%88%A8%ED%86%B5-%ED%8B%94%EC%9A%B4%EB%8B%A4,https://wimg.sedaily.com/news/cms/2026/09/10/rcv.NEWS1.NEWS1.20260814.2026-08-14T150930_1008056603_REALESTATE_I_P1.jpg,1200,612,ok
https://ailens.sedaily.ai/markets/2026/09/10/2026-09-10-SK%EB%B0%94%EC%9D%B4%EC%98%A4%ED%8C%9C-%EB%8F%84%EC%9E%85-%EB%87%8C%EC%A0%84%EC%A6%9D-%EC%8B%A0%EC%95%BD-%EB%B6%80%EB%B6%84-%EC%9E%84%EC%83%81-%EB%B3%B4%EB%A5%98-%EA%B0%9C%EB%B0%9C-%EC%98%81%ED%96%A5-%EC%A0%9C%ED%95%9C%EC%A0%81,https://wimg.sedaily.com/news/cms/2026/09/10/news-p.v1.20260828.f0efe379c52b485687a82f22f2f84513_P1.png,547,227,ok
https://ailens.sedaily.ai/finance/2026/09/10/2026-09-10-%EB%8B%A8%EB%8F%85-%EC%BD%94%EB%A1%9C%EB%82%98-%EB%8C%80%EC%B6%9C-5-4%EC%A1%B0-%EB%B9%9A%ED%83%95%EA%B0%90-1%EC%96%B5-%EB%AF%B8%EB%A7%8C-3%EB%85%84-%EC%9D%B4%EC%83%81-%EC%97%B0%EC%B2%B4-%EB%8C%80%EC%83%81,https://wimg.sedaily.com/news/cms/2026/09/10/news-p.v1.20260104.e9dea3fc9bab45bdb5273652db9d8cf7_P1.jpg,1200,690,ok
https://ailens.sedaily.ai/international/2026/09/10/2026-09-10-%EC%88%98%EC%84%B8-%EB%AA%B0%EB%A6%B0-%ED%8A%B8%EB%9F%BC%ED%94%84-%EC%83%81%ED%95%98%EC%9B%90-%EC%8A%B9%EB%A6%AC-%EC%8B%9C-%EC%A0%84%EA%B5%AD%EB%AF%BC%EC%97%90-670%EB%A7%8C%EC%9B%90-%EC%A7%80%EA%B8%89-%EC%A2%85%ED%95%A9,https://wimg.sedaily.com/news/cms/2026/09/10/news-p.v1.20260910.f24d94e271e148a38c75cd9a1bfbad45_P1.jpg,1200,800,ok
https://ailens.sedaily.ai/markets/2026/09/10/2026-09-10-%EB%8B%A8%EB%8F%85-%EB%B0%95%ED%98%84%EC%A3%BC-VC-%ED%88%AC%EC%9E%90-100%EC%A1%B0%EB%A1%9C-%ED%82%A4%EC%9B%8C%EC%95%BC-%EC%A0%9C%EC%A1%B0%EC%97%85-%EC%82%B0%EB%8B%A4,https://wimg.sedaily.com/news/cms/2026/09/10/news-p.v1.20260910.78f7e976114746a783123da541c44953_P1.jpg,640,436,ok
https://ailens.sedaily.ai/international/2026/09/10/2026-09-10-%ED%8A%B8%EB%9F%BC%ED%94%84-%EC%A0%84%EA%B5%AD%EB%AF%BC-670%EB%A7%8C%EC%9B%90%EC%94%A9-%EB%B0%B0%EB%8B%B9-%EC%8A%B9%EB%B6%80%EC%88%98-%EB%85%BC%EB%9E%80-%EC%BB%A4%EC%A7%80%EC%9E%90-%EB%B0%B4%EC%8A%A4-%EB%B6%80%EC%9C%A0%EC%B8%B5%EC%9D%80-%EC%A0%9C%EC%99%B8,https://wimg.sedaily.com/news/cms/2026/09/10/news-p.v1.20260910.c2df940243764270a5a429cddeb37945_P1.jpg,1200,800,ok
https://ailens.sedaily.ai/news/2026/09/10/2026-09-10-130-%EB%96%A0%EB%82%B4%EB%A0%A4%EA%B0%84-%EC%8B%9C%EC%8B%A0-%EB%B6%80%EC%82%B0-%EC%98%88%EC%9D%B8%EC%84%A0-%EC%8B%A4%EC%A2%85%EC%9E%90-%EC%88%98%EC%83%89-%EC%9E%A5%EA%B1%B0%EB%A6%AC-%ED%91%9C%EB%A5%98-%EC%97%90-%EC%B4%88%EC%A0%90,https://wimg.sedaily.com/news/cms/2026/09/10/rcv.YNA.20260908.PYH2026090821750005100_P1.jpg,856,451,ok
https://ailens.sedaily.ai/markets/2026/09/10/2026-09-10-%EC%82%BC%EC%A0%84%EB%8B%89%EC%8A%A4%EA%B0%80-%EB%8B%A4-%ED%96%88%EB%84%A4-%EC%9D%B4-%EB%A7%90-%EC%A7%84%EC%A7%9C%EC%98%80%EB%8B%A4-%EA%BF%88%EC%9D%98-9000%ED%94%BC-%EB%95%8C-%EC%83%81%EC%8A%B9-%EA%B8%B0%EC%97%AC%EB%8F%84-99,https://wimg.sedaily.com/news/cms/2026/09/10/news-p.v1.20260910.bc3596ae40e947b0ac0c48d496f0051b_P1.png,500,319,ok
https://ailens.sedaily.ai/markets/2026/09/10/2026-09-10-%EA%B0%80%EB%B9%84%EC%95%84-%ED%8A%B9%EB%B3%84%EC%9C%84-%EC%9D%B4%EC%82%AC%ED%9A%8C%EC%97%90-%EA%B3%B5%EA%B0%9C%EB%A7%A4%EC%88%98-%EC%A4%91%EB%A6%BD-%EC%9D%98%EA%B2%AC-%ED%91%9C%EB%AA%85-%EA%B6%8C%EA%B3%A0-%EC%8B%9C%EA%B7%B8%EB%84%90,https://wimg.sedaily.com/news/cms/2026/09/10/news-p.v1.20260910.bd6f3a1ef55b42baa9aff2b320340e19_P1.jpg,600,419,ok
https://ailens.sedaily.ai/news/2026/09/10/2026-09-10-%EB%B0%98%EB%8F%84%EC%B2%B4-%ED%98%B8%ED%99%A9%EC%97%90-%EB%AA%85%EB%AA%A9%EC%84%B1%EC%9E%A5%EB%A5%A0-20-%EB%8F%8C%ED%8C%8C-%ED%95%9C%EC%9D%80-%EB%AC%BC%EA%B0%80-%EA%B8%88%EC%9C%B5%EB%B6%88%EA%B7%A0%ED%98%95-%EC%9C%A0%EC%9D%98,https://wimg.sedaily.com/news/cms/2026/09/10/news-p.v1.20260827.03617cd9c2b74698abc7f02c72d73f95_P1.jpg,1200,800,ok
https://ailens.sedaily.ai/industry/2026/09/10/2026-09-10-%ED%95%9C%ED%95%9C%EB%A0%B9%EC%97%90-%EC%9C%84%EC%B6%95%EB%90%9C-%EB%85%B8%EC%84%A0-%EB%B6%80%ED%99%9C-%EB%AC%B4%EB%B9%84%EC%9E%90-%EA%B7%BC%EA%B1%B0%EB%A6%AC-%EC%97%AC%ED%96%89%EC%88%98%EC%9A%94%EB%A1%9C,https://wimg.sedaily.com/news/cms/2026/09/10/news-p.v1.20260910.a2cb7290c512494f878b0681fb043e5e_P1.jpg,1200,581,ok
https://ailens.sedaily.ai/markets/2026/09/10/2026-09-10-%EC%BC%80%EC%9D%B4%EC%A1%B0%EC%84%A0-%EC%9E%AC%EB%A7%A4%EA%B0%81-%EC%B0%A9%EC%88%98-%EC%8A%A4%ED%86%A0%ED%82%B9%ED%98%B8%EC%8A%A4-%EB%B0%A9%EC%8B%9D-%EC%B1%84%ED%83%9D-%EC%8B%9C%EA%B7%B8%EB%84%90,https://wimg.sedaily.com/news/cms/2026/09/10/news-p.v1.20260910.3e8aa194e38d4d2cb9f58685eeb8c17e_P1.jpg,1200,674,ok
https://ailens.sedaily.ai/industry/2026/09/10/2026-09-10-%EB%8B%A8%EB%8F%85-%EB%B6%90%EB%B9%84%EB%8A%94-%ED%95%9C%EC%A4%91-%ED%95%98%EB%8A%98%EA%B8%B8-%EC%9D%B4%EC%9A%A9%EA%B0%9D-%EC%97%AD%EB%8C%80-%EC%B5%9C%EB%8B%A4,https://wimg.sedaily.com/news/cms/2026/09/10/news-p.v1.20260910.f18fd9b94a834356915efb80350f9092_P1.jpg,1200,761,ok
https://ailens.sedaily.ai/markets/2026/09/10/2026-09-10-%EC%B1%84%EA%B6%8C%EC%8B%9C%EC%9E%A5-%ED%81%B0%EC%86%90-%EB%B3%B5%EA%B7%80-SK%ED%95%98%EC%9D%B4%EB%8B%89%EC%8A%A4-3%EC%A1%B0-%EC%8B%A4%ED%83%84-%ED%91%BC%EB%8B%A4-%EC%8B%9C%EA%B7%B8%EB%84%90,https://wimg.sedaily.com/news/cms/2026/09/10/news-p.v1.20260821.e08b509886134986947c11b1bdb6ce9b_P1.png,860,556,ok
https://ailens.sedaily.ai/markets/2026/09/10/2026-09-10-3%EB%8C%80-%EB%A9%94%EA%B0%80-%EC%97%AD%EB%8C%80%EA%B8%89-%ED%88%AC%EC%9E%90%EC%97%90%EB%8F%84-%EB%B2%A4%EC%B2%98-%EC%A4%91%EA%B8%B0%EC%97%90%EB%8A%94-%EA%B7%B8%EB%A6%BC%EC%9D%98-%EB%96%A1,https://wimg.sedaily.com/news/cms/2026/09/10/news-p.v1.20260109.79d2bad376d64c1a8ec3db722e3fa6e3_P1.jpg,1200,656,ok
https://ailens.sedaily.ai/finance/2026/09/10/2026-09-10-%EC%96%BC%EB%9D%BC%EC%9D%B8-JB-BNK-%ED%95%A9%EB%B3%91-%EA%B2%80%ED%86%A0-%EC%9A%94%EA%B5%AC-%EC%A0%91%EC%97%88%EB%8B%A4-%EC%8B%9C%EA%B7%B8%EB%84%90,https://wimg.sedaily.com/news/cms/2026/09/10/news-p.v1.20260723.1fc390de50024f20a8c30cf44615502e_P1.jpg,800,637,ok
https://ailens.sedaily.ai/markets/2026/09/10/2026-09-10-BDC-%EC%84%B8%EC%BB%A8%EB%8D%94%EB%A6%AC-%ED%8E%80%EB%93%9C-%EC%B6%94%EC%A7%84-%ED%88%AC%EC%9E%90%ED%9A%8C%EC%88%98-%EA%B8%B8-%EB%84%93%EC%96%B4%EC%A7%80%EB%82%98,https://wimg.sedaily.com/news/cms/2026/09/10/news-p.v1.20260910.2cf1845646aa4859a178b83e1c0d64e6_P1.jpg,640,425,ok
https://ailens.sedaily.ai/news/2026/09/10/2026-09-08-%EC%B2%AD%EB%85%84%EA%B3%A0%EC%9A%A9%EC%A0%95%EC%B1%85-%EB%8C%80%EC%83%81-29%EC%84%B8-34%EC%84%B8-%EC%9D%B4%ED%95%98%EB%A1%9C-%ED%99%95%EB%8C%80,https://wimg.sedaily.com/news/cms/2026/09/08/news-p.v1.20260908.d2f04e62146d49e09127841d9a1c5a6f_P1.jpg,640,427,ok
https://ailens.sedaily.ai/industry/2026/09/10/2026-09-10-%EB%B0%94%EC%9D%B4%EC%98%A4-%ED%88%AC%EC%9E%90-54-%EA%B8%89%EC%A6%9D-%ED%94%84%EB%A6%AC-IPO%EC%97%90%EB%8F%84-%EB%AD%89%EC%B9%AB%EB%8F%88,https://wimg.sedaily.com/news/cms/2026/09/09/news-g.v1.20260909.ff6d70db00c843febb3f23897ff631e4_P1.jpg,1200,585,ok
https://ailens.sedaily.ai/markets/2026/09/10/2026-09-10-%EC%82%BC%EC%A0%84%EB%8B%89%EC%8A%A4-%EA%B3%B5%EB%A7%A4%EB%8F%84-%EC%9D%BC%EC%A3%BC%EC%9D%BC-%EC%83%88-6709%EC%96%B5-%EB%B0%98%EB%93%B1-%EA%B8%B0%EB%8C%80%EC%97%90-%EC%88%8F-%EB%B2%A0%ED%8C%85-%EC%B6%95%EC%86%8C,https://wimg.sedaily.com/news/cms/2026/09/10/news-p.v1.20260712.5f540f6eb8b84f54b4dc6e9c18f1d1fd_P1.png,620,400,ok
https://ailens.sedaily.ai/industry/2026/09/10/2026-09-10-%EC%95%84%EC%9D%B4%ED%8F%B0-%EB%93%80%EC%98%A4-%EB%B0%98%EC%AA%BD-AI-%EA%B0%A4Z%ED%8F%B4%EB%93%9C8%EB%B3%B4%EB%8B%A4-%EC%B5%9C%EB%8C%80-200%EB%A7%8C%EC%9B%90-%EB%B9%84%EC%8B%B8,https://wimg.sedaily.com/news/cms/2026/09/10/news-p.v1.20260910.a0c6fe607751450d9ebf4cd5e4a16310_P1.jpg,1200,675,ok
https://ailens.sedaily.ai/markets/2026/09/10/2026-09-10-%EB%B3%B8%EC%A3%BC%EB%B3%B4%EB%8B%A4-44-%EB%B9%84%EC%8B%B8%EC%A7%84-SK%ED%95%98%EC%9D%B4%EB%8B%89%EC%8A%A4-ADR-250-%EA%B0%84%EB%8B%A4,https://wimg.sedaily.com/news/cms/2026/09/10/news-p.v1.20260910.44f3bfbea4614bd39f4ce50268d1455c_P1.png,1104,723,ok
https://ailens.sedaily.ai/industry/2026/09/10/2026-09-10-%ED%83%88%ED%8C%A1-%ED%95%9C%EB%8B%A4%EB%8D%98-%EC%82%AC%EB%9E%8C%EB%93%A4-%EA%B7%B8%EB%A0%87%EA%B2%8C-%EB%A7%8E%EC%95%98%EB%8A%94%EB%8D%B0-%EA%B2%B0%EC%A0%9C%EC%95%A1-5%EC%A1%B0-%EB%84%98%EA%B3%A0-%EC%9D%B4%EC%9A%A9%EC%9E%90%EB%8A%94-%EB%8D%94-%EB%8A%98%EC%97%88%EB%8B%A4,https://wimg.sedaily.com/news/cms/2026/09/10/news-p.v1.20260909.a808e357a430444bb0352b8d88199f2a_P1.jpg,1200,778,ok
https://ailens.sedaily.ai/industry/2026/09/10/2026-09-10-HD%ED%98%84%EB%8C%80-AI-DC%EC%9A%A9-%EB%B0%9C%EC%A0%84%EC%97%94%EC%A7%84-SMR%EC%97%90-1%EC%A1%B0%EC%9B%90-%ED%88%AC%EC%9E%90,https://wimg.sedaily.com/news/cms/2026/09/10/news-p.v1.20260910.c3af2e2e68d744278a43a9b406f3f38d_P1.jpg,1000,680,ok
https://ailens.sedaily.ai/markets/2026/09/10/2026-09-10-%ED%95%9C%EB%AF%B8%EC%95%BD%ED%92%88-%EB%A1%9C%EC%8A%88-%EB%B9%84%EB%A7%8C%EC%95%BD-%EA%B0%9C%EB%B0%9C-%EA%B0%80%EC%86%8D%EC%97%90-%EC%88%98%ED%98%9C-%EB%AA%A9%ED%91%9C%EA%B0%80-12-Why-%EB%B0%94%EC%9D%B4%EC%98%A4,https://wimg.sedaily.com/news/cms/2026/09/10/news-p.v1.20260904.50845dc449ed4976bd335a58466d7f7c_P1.jpg,1200,800,ok
https://ailens.sedaily.ai/markets/2026/09/10/2026-09-10-AI%EA%B0%80-%EC%86%8C%EC%9D%8C-%EC%86%8D-%EB%A7%90%EC%86%8C%EB%A6%AC-%EA%B0%80%EB%A0%A4%EB%82%B8%EB%8B%A4-4000%EC%96%B5-%EB%B3%B4%EC%B2%AD%EA%B8%B0-%EC%8B%9C%EC%9E%A5-%EA%B0%81%EC%B6%95%EC%A0%84,https://wimg.sedaily.com/news/cms/2026/09/09/news-p.v1.20260907.868aff9fb2e340b0ab5d35097d6fdd6b_P1.jpg,1200,900,ok
https://ailens.sedaily.ai/markets/2026/09/10/2026-09-10-%EA%B8%80%EB%A1%9C%EB%B2%8C-%EC%9E%90%EA%B8%88-%EB%AA%B0%EB%A6%AC%EB%8A%94-%EB%AC%BC%EB%A5%98%EC%84%BC%ED%84%B0-%EB%B8%94%EB%9E%99%EC%8A%A4%ED%86%A4-ESR-33%EB%A7%8C-%EA%B0%9C%EB%B0%9C-%ED%88%AC%EC%9E%90-%EC%8B%9C%EA%B7%B8%EB%84%90,https://wimg.sedaily.com/news/cms/2026/09/10/news-p.v1.20260910.ea112e028b4141a59cf0dff6ba532629_P1.png,835,355,ok
https://ailens.sedaily.ai/markets/2026/09/10/2026-09-10-%ED%95%98%EC%9D%B4%EB%8B%89%EC%8A%A4-300%EB%A7%8C%EC%9B%90%EC%97%90-%EC%83%80%EB%8B%A4%EB%A9%B4-%EA%B7%B8%EA%B1%B4-%EC%B6%A9%EB%8F%99%EA%B5%AC%EB%A7%A4-%EC%B0%A8%EB%9D%BC%EB%A6%AC-%EB%8C%80%EC%B6%9C-%EB%B0%9B%EC%95%84-%EC%A7%91%EC%9D%84-%EC%82%AC%EB%9D%BC,https://wimg.sedaily.com/news/cms/2026/09/10/news-p.v1.20260910.44f3bfbea4614bd39f4ce50268d1455c_P1.png,1104,723,ok
https://ailens.sedaily.ai/international/2026/09/10/2026-09-10-%EA%B8%88%EC%88%98%EB%A0%B9-%EC%A4%91%EB%8F%99-%ED%99%95%EC%A0%84-%EC%9E%90%EA%B8%B0-%EB%8D%AB-%EC%97%90-%EA%B0%87%ED%9E%8C-%ED%8A%B8%EB%9F%BC%ED%94%84,https://wimg.sedaily.com/news/cms/2026/09/09/news-p.v1.20260909.1c293fb4fd364576973a341746282c7b_P1.jpg,1200,1600,ok
https://ailens.sedaily.ai/property/2026/09/10/2026-09-10-1%EA%B8%B0-%EC%8B%A0%EB%8F%84%EC%8B%9C-%EC%9E%AC%EA%B1%B4%EC%B6%95-%EB%AC%BC%EB%9F%89-%EB%8D%94-%EC%A4%84%EC%96%B4%EB%93%A0%EB%8B%A4,https://sedaily-mbti-cms-media-dev.s3.us-east-1.amazonaws.com/media/frontpage-auto/20089056-webtoon-cut001.png,1086,965,ok
https://ailens.sedaily.ai/industry/2026/09/10/2026-09-10-10%EB%85%84-%EB%A9%88%EC%B7%84%EB%8D%98-%ED%95%B4%EC%99%B8%EC%9E%90%EC%9B%90%EA%B0%9C%EB%B0%9C-%EC%9D%B4%EB%A5%B4%EB%A9%B4-%EC%97%B0%EB%82%B4-%EB%B6%80%ED%99%9C,https://wimg.sedaily.com/news/cms/2026/09/09/news-p.v1.20260909.64614a3de81f48b5846c4ec0389bfb7d_P1.jpg,1200,900,ok
https://ailens.sedaily.ai/news/2026/09/10/2026-09-10-%EC%B1%84%EB%AC%B4%EC%A1%B0%EC%A0%95-%EC%8B%A4%ED%8C%A8%ED%95%B4%EB%8F%84-1%EC%A1%B0-%EC%B6%94%EA%B0%80%EB%A1%9C-%EB%B9%9A%ED%83%95%EA%B0%90,https://wimg.sedaily.com/news/cms/2026/09/09/news-p.v1.20260729.63a3fa2d5313494ea9943a9ec9d0a2ad_P1.jpg,860,646,ok
https://ailens.sedaily.ai/industry/2026/09/10/2026-09-10-SK%ED%95%98%EC%9D%B4%EB%8B%89%EC%8A%A4-%EC%84%B1%EA%B3%BC%EA%B8%89-%ED%98%84%EA%B8%88-40-50-%EC%A3%BC%EC%8B%9D-%EB%B9%84%EC%A4%91%EC%9D%80-%EC%A7%81%EC%A0%91-%EC%84%A0%ED%83%9D,https://wimg.sedaily.com/news/cms/2026/09/10/news-p.v1.20260910.e2242f853d0d4f6cb8307d73ec2a0374_P1.png,700,453,ok
https://ailens.sedaily.ai/industry/2026/09/10/2026-09-10-%EC%95%A0%ED%94%8C-%EC%B2%AB-%ED%8F%B4%EB%8D%94%EB%B8%94%ED%8F%B0-%EC%95%84%EC%9D%B4%ED%8F%B0-%EB%93%80%EC%98%A4-%EB%B2%A0%EC%9D%BC-%EB%B2%97%EC%97%88%EB%8B%A4-%EC%B5%9C%EA%B3%A0-509%EB%A7%8C%EC%9B%90,https://wimg.sedaily.com/news/cms/2026/09/10/news-p.v1.20260910.7448527f0fb9410c9beb52977d855a95_P1.jpg,1200,959,ok
https://ailens.sedaily.ai/industry/2026/09/10/2026-09-10-%EA%B5%AD%EB%82%B4%EC%84%9C-%EB%A7%8C%EB%93%A4%EC%96%B4%EB%8F%84-%EC%88%98%EC%B6%9C%ED%95%98%EB%A9%B4-%EC%84%B8%EC%95%A1%EA%B3%B5%EC%A0%9C-0-%ED%95%9C%EA%B2%BD%ED%98%91-%EC%A0%95%EB%B6%80%EC%95%88-%EC%86%90%EB%B4%90%EC%95%BC,https://wimg.sedaily.com/news/cms/2026/09/10/news-p.v1.20260910.1d984164a98d44b3964b99ac69bde6c3_P1.png,659,354,ok
https://ailens.sedaily.ai/markets/2026/09/10/2026-09-10-%ED%95%9C%EB%AF%B8%EC%95%BD%ED%92%88-%EB%A1%9C%EC%8A%88-%EA%B8%B0%EC%88%A0%EC%9D%B4%EC%A0%84%EC%9C%BC%EB%A1%9C-%EA%B2%BD%EC%9F%81%EB%A0%A5-%EC%9E%85%EC%A6%9D-%EB%AA%A9%ED%91%9C%EA%B0%80-12-%EC%91%A5-%EC%A4%8D%EC%A4%8D-%EB%A6%AC%ED%8F%AC%ED%8A%B8,https://wimg.sedaily.com/news/cms/2026/09/10/news-p.v1.20260910.371d76de0c54466da72b3564f0e4d5c4_P1.png,680,454,ok
https://ailens.sedaily.ai/markets/2026/09/10/2026-09-10-%EC%97%AC%EC%9C%B3%EB%8F%88-1300%EB%A7%8C%EC%9B%90-%EC%9E%88%EC%9C%BC%EB%A9%B4-%ED%95%9C%EA%B5%AD-%EC%A3%BC%EC%8B%9D-%EC%82%AC%EB%9D%BC-%EC%A0%84%EB%AC%B8%EA%B0%80%EB%93%A4-%ED%88%AC%EC%9E%90%EC%B2%98%EB%A1%9C-%EC%BD%95-%EC%A7%91%EC%9D%80-%EC%9D%B4%EC%9C%A0%EA%B0%80,https://wimg.sedaily.com/news/cms/2026/09/10/news-p.v1.20260910.f6521c7db53d45ac832df45f79f73877_P1.jpg,1200,646,ok
https://ailens.sedaily.ai/markets/2026/09/10/2026-09-10-%EC%97%B0%EA%B8%88%EB%A7%8C-%EB%AF%BF%EB%8B%A4%EA%B0%84-%EC%A7%84%EC%A7%9C-%ED%81%B0%EC%9D%BC-%EB%82%9C%EB%8B%A4-%EB%85%B8%ED%9B%84-%EC%A4%80%EB%B9%84-%EB%8B%AC%EB%9D%BC%EC%A7%84-2030-%EC%A3%BC%EC%8B%9D-%EC%B1%84%EA%B6%8C-%EC%84%A0%ED%83%9D-%EB%8A%98%EC%97%88%EB%8B%A4,https://wimg.sedaily.com/news/cms/2026/09/10/news-p.v1.20260910.5bfeebfe6ded459f90e3d910a38677b3_P1.jpg,1200,800,ok
https://ailens.sedaily.ai/markets/2026/09/10/2026-09-10-%EB%8B%A4%EC%8B%9C-100-%EB%8F%8C%ED%8C%8C%ED%95%9C-%EC%9C%A0%EA%B0%80-%EA%B5%AD%EB%82%B4-%EC%A0%95%EC%9C%A0%EC%A3%BC-%EB%B0%A9%EA%B8%8B-%EC%9D%B4%EB%9F%B0%EA%B5%AD%EC%9E%A5-%EC%A0%80%EB%9F%B0%EC%A3%BC%EC%8B%9D,https://wimg.sedaily.com/news/cms/2026/09/10/news-p.v1.20260910.7d051696e5584b669c682ec3071d7f6f_P1.png,860,605,ok
https://ailens.sedaily.ai/international/2026/09/10/2026-09-10-%EC%86%8D%EB%B3%B4-%EB%B0%94%EC%9D%B4%EB%B0%B1-%EA%B7%9C%EB%AA%A8-60%EC%96%B5%EB%8B%AC%EB%9F%AC-%EC%8B%9C%EC%9E%A5-%EC%8B%A4%EB%A7%9D-10%EB%85%84%EB%AC%BC-4-8-%EB%8F%8C%ED%8C%8C,https://wimg.sedaily.com/news/cms/2026/09/10/news-p.v1.20260910.5dae40580b41443285bdce946fbe8f42_P1.jpg,1200,798,ok
https://ailens.sedaily.ai/news/2026/09/10/2026-09-10-%ED%95%99%EA%B5%90%ED%8F%AD%EB%A0%A5-%EB%8B%B9%ED%96%88%EB%8B%A4-100%EB%AA%85-%EC%A4%91-3%EB%AA%85-%EC%8B%A0%EC%B2%B4%ED%8F%AD%EB%A0%A5-%EB%94%B0%EB%8F%8C%EB%A6%BC-%EB%8D%94-%EB%8A%98%EC%96%B4,https://wimg.sedaily.com/news/cms/2026/09/10/news-p.v1.20260909.5eae5034e7fc461e8fce71ed622f84d3_P1.jpg,500,305,ok
https://ailens.sedaily.ai/property/2026/09/10/2026-09-10-%EB%82%A8%EC%95%84%EB%8F%84%EB%8A%94-%EC%A7%80%EC%8B%9D%EC%82%B0%EC%97%85%EC%84%BC%ED%84%B0-%EC%9D%B4%EC%A0%9C-%EC%A7%91%EC%9C%BC%EB%A1%9C-%EC%93%B4%EB%8B%A4-%EA%B1%B4%EB%AC%BC-%ED%86%B5%EC%A7%B8-%EC%98%A4%ED%94%BC%EC%8A%A4%ED%85%94-%EC%A0%84%ED%99%98,https://wimg.sedaily.com/news/cms/2026/09/10/news-p.v1.20260810.6723b08ed8e84cc58e19ee43adc6dc7d_P1.jpeg,640,428,ok
https://ailens.sedaily.ai/international/2026/09/10/2026-09-10-%EC%9E%A5%EB%82%9C%EA%B0%90-%EC%B4%9D-%EB%93%A4%EA%B3%A0-%ED%83%B1%ED%81%AC%EC%A0%84-%EB%B0%94%EC%9D%B4%EB%B0%B1-%ED%99%95%EB%8C%80%EC%97%90%EB%8F%84-%EA%B5%AD%EC%B1%84%EA%B8%88%EB%A6%AC-%EA%B8%89%EB%93%B1-%EC%9D%B4%ED%83%9C%EA%B7%9C%EC%9D%98-%EC%9B%8C%EC%8B%B1%ED%84%B4-%ED%94%8C%EB%A0%88%EC%9D%B4%EB%B6%81,https://wimg.sedaily.com/news/cms/2026/09/10/news-p.v1.20260910.7702fc4f0c104170bddc36989592143f_P1.jpg,1200,800,ok
https://ailens.sedaily.ai/international/2026/09/10/2026-09-10-%EB%A7%90-%EB%8D%9C-%ED%95%98%EB%8A%94-%EC%A4%91%EC%95%99%EC%9D%80%ED%96%89-%EC%9B%8C%EC%8B%9C%EC%9D%98-%EC%97%B0%EC%A4%80-%ED%9A%8C%EC%9D%98-%EC%B6%95%EC%86%8C-%ED%9E%98-%EC%96%BB%EC%96%B4,https://wimg.sedaily.com/news/cms/2026/09/09/news-p.v1.20260829.35c03f7fa66f475fb9c7ff87dca10922_P1.png,695,473,ok
https://ailens.sedaily.ai/finance/2026/09/10/2026-09-10-%EC%B1%84%EB%AC%B4%EC%A1%B0%EC%A0%95-%EC%8B%A4%ED%8C%A8%ED%95%B4%EB%8F%84-%EA%B5%AC%EC%A0%9C-%EC%83%88%EB%8F%84%EC%95%BD%EA%B8%B0%EA%B8%88-%EC%9E%A5%EA%B8%B0%EC%97%B0%EC%B2%B4-1%EC%A1%B0-%EC%B6%94%EA%B0%80-%EB%A7%A4%EC%9E%85,https://wimg.sedaily.com/news/cms/2026/09/09/news-g.v1.20260909.d53b4aa518684171bd7f1fe31f62c9c7_P1.jpg,1200,511,ok
https://ailens.sedaily.ai/property/2026/09/10/2026-09-10-%EB%AC%BC%EB%9F%89-%EC%A0%9C%ED%95%9C%EC%9D%B4-%EC%98%A4%ED%9E%88%EB%A0%A4-%EA%B3%B5%EA%B8%89-%EB%8A%A6%EC%B6%98%EB%8B%A4-1%EA%B8%B0-%EC%8B%A0%EB%8F%84%EC%8B%9C-%EC%9E%AC%EA%B1%B4%EC%B6%95-%EC%97%87%EB%B0%95%EC%9E%90-%EC%A7%91%EC%8A%90%EB%9E%AD,https://wimg.sedaily.com/news/cms/2026/09/09/news-g.v1.20260909.e127787453094c2cb256d7e965c340ff_P1.jpg,1200,504,ok
https://ailens.sedaily.ai/industry/2026/09/10/2026-09-10-%EB%94%94%EC%98%AC-%EB%B0%B1-100%EB%A7%8C%EC%9B%90-%ED%95%A0%EC%9D%B8-%ED%9A%A8%EA%B3%BC-%ED%99%98%EC%9C%A8-%ED%95%98%EB%9D%BD%EC%97%90-%EB%A9%B4%EC%84%B8%EC%A0%90-%EB%B0%B1%ED%99%94%EC%A0%90-%EA%B0%80%EA%B2%A9-%EC%97%AD%EC%A0%84-%EC%82%AC%EB%9D%BC%EC%A7%84%EB%8B%A4,https://wimg.sedaily.com/news/cms/2026/09/09/news-p.v1.20260402.3e79b770ab6a4a2692e7d2beecc5924c_P1.jpg,640,374,ok
https://ailens.sedaily.ai/industry/2026/09/10/2026-09-10-%EC%88%98%EC%9E%85%EC%BD%A9-%EB%B6%80%EC%A1%B1%EC%97%90-%EB%91%90%EB%B6%80-%EC%83%9D%EC%82%B0-%EC%B0%A8%EC%A7%88-%EC%9A%B0%EB%A0%A4-%EC%97%85%EA%B3%84-25%EB%A7%8C%ED%86%A4-%EC%9D%B4%EC%83%81-%EA%B3%B5%EA%B8%89%ED%95%B4%EC%95%BC,https://wimg.sedaily.com/news/cms/2026/09/09/news-p.v1.20260909.ca7bba1532b040e4bb941e0bf2501617_P1.jpg,1200,440,ok
https://ailens.sedaily.ai/industry/2026/09/10/2026-09-10-%EC%A3%BC%EA%B0%80-%EB%B6%80%EB%8B%B4-%EC%A4%84%EC%98%80%EB%8B%A4-%ED%99%8D%EB%9D%BC%ED%9D%AC-2%EC%A1%B0-%EC%A7%80%EB%B6%84-%EB%B8%94%EB%A1%9D%EB%94%9C-%EB%8C%80%EC%8B%A0-%EC%9D%B4%EC%9E%AC%EC%9A%A9%EC%97%90-biz-%ED%94%8C%EB%9F%AC%EC%8A%A4,https://wimg.sedaily.com/news/cms/2026/09/09/news-p.v1.20251230.3b9bba96cdc34155b22c7ce3e083ce60_P1.jpg,1200,800,ok
https://ailens.sedaily.ai/industry/2026/09/10/2026-09-10-%ED%8F%AC%EC%8A%A4%EC%BD%94-%EC%B0%BD%EC%82%AC-%ED%9B%84-%EC%B2%AB-%ED%8C%8C%EC%97%85-58%EB%85%84-%EB%AC%B4%EB%B6%84%EA%B7%9C-%EC%A0%84%ED%86%B5-%EC%A4%91%EB%8C%80-%EB%B6%84%EA%B8%B0%EC%A0%90-biz-%ED%94%8C%EB%9F%AC%EC%8A%A4,https://wimg.sedaily.com/news/cms/2026/09/09/news-p.v1.20260909.94d0a70ab5224a41bcbaf7c15543f9a3_P1.jpg,1200,772,ok
https://ailens.sedaily.ai/markets/2026/09/10/2026-09-10-%EA%B8%B0%EA%B3%A0-K-%EB%B0%94%EC%9D%B4%EC%98%A4-%EC%9D%B4%EC%A0%9C%EB%8A%94-%EA%B8%B0%EC%88%A0-%EC%9D%84-%EB%84%98%EC%96%B4-%EC%8B%9C%EC%9E%A5-%EC%9C%BC%EB%A1%9C,https://wimg.sedaily.com/news/cms/2026/09/09/news-p.v1.20260909.242afa57d68f4b7f90de0716fc4fd8cf_P1.jpg,1200,1800,ok
https://ailens.sedaily.ai/markets/2026/09/10/2026-09-10-%EC%A6%9D%EA%B6%8C%EC%82%AC-2%EB%B6%84%EA%B8%B0-%EC%88%9C%EC%9D%B4%EC%9D%B5-5-2%EC%A1%B0-%EC%9B%90-%EC%A0%84%EB%85%84-82-%EB%8A%98%EC%96%B4,https://wimg.sedaily.com/news/cms/2026/09/09/news-p.v1.20260909.948f3a2652a241cea568c381284bb74e_P1.png,600,400,ok
https://ailens.sedaily.ai/markets/2026/09/10/2026-09-10-16-8%EC%A1%B0-%EA%B0%9C%EB%AF%B8-%EB%A7%A4%EB%AC%BC-%ED%84%B4-%EC%BD%94%EC%8A%A4%ED%94%BC-%EB%84%A4-%EB%A7%88%EB%85%80%EC%9D%98-%EB%82%A0-%EB%94%9B%EA%B3%A0-7000%EC%84%A0-%EC%A7%80%ED%82%AC%EA%B9%8C-%EC%BD%94%EC%A3%BC%EB%B6%80,https://wimg.sedaily.com/news/cms/2026/09/09/news-p.v1.20260909.9c4c73cae46946dc9e99f2255a0ae31b_P1.png,860,244,ok
https://ailens.sedaily.ai/industry/2026/09/10/2026-09-09-%ED%95%98%EC%9D%B4%ED%8A%B8%EC%A7%84%EB%A1%9C-%EC%9D%B5%EC%82%B0%EA%B3%B5%EC%9E%A5-10%EC%9B%94-%EC%9A%B4%EC%98%81-%EC%A2%85%EB%A3%8C-%EC%83%9D%EC%82%B0-%EC%9D%B8%ED%94%84%EB%9D%BC-%EC%A0%84%EC%A3%BC%EB%A1%9C-%ED%86%B5%ED%95%A9,https://wimg.sedaily.com/news/cms/2026/09/09/news-p.v1.20260909.63bce6ac853c4eeb9171dfa244b98bd2_P1.jpg,371,136,ok
https://ailens.sedaily.ai/industry/2026/09/10/2026-09-09-%EC%B0%A8%EC%84%B8%EB%8C%80-AI-%EA%B8%B0%ED%8C%90-%EB%9D%84%EC%9A%B4-%EC%82%BC%EC%84%B1-LG-%EB%8C%80%EB%A9%B4%EC%A0%81-%EC%9C%A0%EB%A6%AC%EA%B8%B0%ED%8C%90-%EC%B4%9D%EC%B6%9C%EB%8F%99,https://wimg.sedaily.com/news/cms/2026/09/09/news-p.v1.20260909.5b9668d020764991bab56fe09d19eb81_P1.jpg,1200,778,ok
https://ailens.sedaily.ai/industry/2026/09/10/2026-09-09-PV5-180%EA%B0%9C-%EB%AA%A8%EB%8D%B8-%EC%9E%90%EB%8F%99%ED%99%94-%EC%84%A4%EB%B9%84%EB%A1%9C-%ED%95%9C-%EB%9D%BC%EC%9D%B8%EC%84%9C-%EB%9A%9D%EB%94%B1-%EC%9E%90%EB%8F%99%ED%99%94-%EC%8B%9C%EC%8A%A4%ED%85%9C%EC%9C%BC%EB%A1%9C-%EB%8B%A4%ED%92%88%EC%A2%85-%EA%B3%A0%ED%92%88%EC%A7%88-%EB%AA%A8%EB%91%90-%EC%9E%A1%EB%8A%94%EB%8B%A4,https://wimg.sedaily.com/news/cms/2026/09/09/news-p.v1.20260909.b15a12d8726f4386ad05696b9a209b31_P1.jpg,1200,773,ok
https://ailens.sedaily.ai/markets/2026/09/10/2026-09-09-%EA%B8%B0%EB%A6%84%EA%B0%92-%ED%8F%AD%EB%93%B1-%EC%97%90-%EC%A0%95%EC%9C%A0-%EC%84%9D%ED%99%94-%EB%9E%A0%EB%A6%AC-%EB%A1%AF%EB%8D%B0%EC%BC%80%EB%AF%B8%EC%B9%BC-%EB%8C%80%ED%95%9C%EC%9C%A0%ED%99%94-10-%EB%8C%80-%EA%B8%89%EB%93%B1-%EC%9D%B4%EB%9F%B0%EA%B5%AD%EC%9E%A5-%EC%A0%80%EB%9F%B0%EC%A3%BC%EC%8B%9D,https://wimg.sedaily.com/news/cms/2026/09/09/news-p.v1.20260909.9937afb31f2f42f6b1645ea7edf317d6_P1.jpg,500,142,ok
https://ailens.sedaily.ai/news/2026/09/09/2026-09-09-%ED%95%99%ED%8F%AD-%ED%94%BC%ED%95%B4%EC%9D%91%EB%8B%B5%EB%A5%A0-2-9-%EC%97%AD%EB%8C%80-%EC%B5%9C%EA%B3%A0-%EC%8B%A0%EC%B2%B4%ED%8F%AD%EB%A0%A5-%EC%A7%91%EB%8B%A8%EB%94%B0%EB%8F%8C%EB%A6%BC-%EB%8A%98%EC%97%88%EB%8B%A4,https://wimg.sedaily.com/news/cms/2026/09/09/news-p.v1.20260909.ea7d033058bc4a838af75c9e83591314_P1.png,1200,478,ok
https://ailens.sedaily.ai/markets/2026/09/09/2026-09-09-%ED%88%AC%EC%9E%90%EC%9D%98-%EC%B0%BD-%ED%87%B4%EC%A7%81%EC%97%B0%EA%B8%88-%EC%86%8D-%EA%B0%9C%EC%9D%B8%ED%88%AC%EC%9E%90%EC%9A%A9-%EA%B5%AD%EC%B1%84,https://wimg.sedaily.com/news/cms/2026/09/09/news-p.v1.20260908.48a100248942425ba695916ed041ac58_P1.jpg,189,252,ok
https://ailens.sedaily.ai/international/2026/09/09/2026-09-09-R-D-%ED%88%AC%EC%9E%90-847%EC%A1%B0%EC%9B%90-%EC%A0%84%EC%84%B8%EA%B3%84-1%EC%9C%84-45%EB%85%84-%EB%A7%8C%EC%97%90-%EC%B6%94%EC%9B%94,https://wimg.sedaily.com/news/cms/2026/09/09/news-p.v1.20260909.8c33864c89474273b36d99c14548ff89_P1.png,860,573,ok
https://ailens.sedaily.ai/markets/2026/09/09/2026-09-09-%EB%8B%A8%EC%9D%BC-%EB%A0%88%EB%B2%84%EB%A6%AC%EC%A7%80-1%EC%9C%84-%EC%9A%B4%EC%9A%A9%EC%82%AC-%EA%B7%B8%EB%9E%98%EB%8B%9B%EC%85%B0%EC%96%B4%EC%A6%88-%EA%B7%9C%EC%A0%9C%EC%97%90%EB%8F%84-%EC%84%9C%ED%95%99%EA%B0%9C%EB%AF%B8-2%EB%B0%B0-%EB%B2%A0%ED%8C%85-%EC%97%B4%EA%B8%B0-%EC%97%AC%EC%A0%84,https://wimg.sedaily.com/news/cms/2026/09/09/news-p.v1.20260909.01cc482506d041ce8423ecfb9a64b201_P1.png,700,490,ok
https://ailens.sedaily.ai/news/2026/09/09/2026-09-09-AI-%EC%97%90%EC%9D%B4%EC%A0%84%ED%8A%B8-1%EB%A7%8C%EA%B0%9C-%ED%88%AC%EC%9E%85-88%EC%8B%9C%EA%B0%84-%EB%A7%8C%EC%97%90-90%EB%85%84-%EC%88%98%ED%95%99-%EB%82%9C%EC%A0%9C-%ED%92%80%EC%97%88%EB%8B%A4,https://wimg.sedaily.com/news/cms/2026/09/09/rcv.YNA.20260903.PAF20260903041201009_P1.jpg,1200,800,ok
https://ailens.sedaily.ai/markets/2026/09/09/2026-09-09-%EC%9D%B4%EC%9E%AC%EC%9A%A9-%EB%AA%A8%EC%B9%9C-%ED%99%8D%EB%9D%BC%ED%9D%AC-%EC%A7%80%EB%B6%84-1-9%EC%A1%B0-%EC%9B%90-%EB%A7%A4%EC%88%98-%EC%82%BC%EC%84%B1%EC%A0%84%EC%9E%90-%EC%A7%80%EB%B6%84%EC%9C%A8-1-58-%EB%A1%9C,https://wimg.sedaily.com/news/cms/2026/09/09/news-p.v1.20260909.6af5fce292ac4842a2bd0bdd0d08bd93_P1.png,569,427,ok
https://ailens.sedaily.ai/industry/2026/09/09/2026-09-09-%EC%BB%A4%ED%94%BC-%ED%94%84%EB%9E%9C%EC%B0%A8%EC%9D%B4%EC%A6%88-%EB%93%B1-4%EA%B0%9C%EC%82%AC-%EB%82%A9%ED%92%88%EB%8C%80%EA%B8%88-%EC%97%B0%EB%8F%99%EC%A0%9C-%EC%9C%84%EB%B0%98-%EC%A0%81%EB%B0%9C,https://wimg.sedaily.com/news/cms/2026/09/09/news-p.v1.20260909.b3fd7176f29248dcb81093b4de70812f_P1.jpg,722,230,ok
https://ailens.sedaily.ai/industry/2026/09/09/2026-09-09-%EB%8B%A8%EB%8F%85-%EB%B0%B1%ED%99%94%EC%A0%90%EB%8F%84-%ED%80%B5%EC%BB%A4%EB%A8%B8%EC%8A%A4-%EB%A1%AF%EB%8D%B0-%EC%BF%A0%ED%8C%A1%EC%9D%B4%EC%B8%A0%EC%97%90-%EC%A0%84%EC%9A%A9%EA%B4%80-%EC%8B%A0%EC%84%A4,https://wimg.sedaily.com/news/cms/2026/09/09/news-p.v1.20260909.5c0bc6f6c8ac4e5ea77b74847e17f617_P1.jpg,810,540,ok
https://ailens.sedaily.ai/finance/2026/09/09/2026-09-09-%EC%A3%BC%EB%8B%B4%EB%8C%80-%EB%8B%A4%EC%8B%9C-%EA%BF%88%ED%8B%80-%EC%A7%80%EB%82%9C%EB%8B%AC-4%EC%A1%B0-%EC%A6%9D%EA%B0%80,https://wimg.sedaily.com/news/cms/2026/09/09/news-p.v1.20260626.219c5f8fe9c34ccb8fd8d3682c97b478_P1.jpg,1200,644,ok
https://ailens.sedaily.ai/industry/2026/09/09/2026-09-09-2%EB%B6%84%EA%B8%B0-%ED%8C%8C%EC%9A%B4%EB%93%9C%EB%A6%AC-%EC%8B%9C%EC%9E%A5-11-%EC%84%B1%EC%9E%A5-%EC%82%BC%EC%84%B1-%EC%A0%90%EC%9C%A0%EC%9C%A8-%EC%86%8C%ED%8F%AD-%ED%95%98%EB%9D%BD,https://wimg.sedaily.com/news/cms/2026/09/09/news-p.v1.20260909.551a78fecaad4cc0960b07a527274568_P1.png,600,397,ok
https://ailens.sedaily.ai/industry/2026/09/09/2026-09-09-%ED%99%8D%EB%9D%BC%ED%9D%AC-%EC%82%BC%EC%84%B1%EC%A0%84%EC%9E%90-%EC%A7%80%EB%B6%84-0-11-%EC%9D%B4%EC%9E%AC%EC%9A%A9-%ED%9A%8C%EC%9E%A5%EC%97%90-%EB%A7%A4%EA%B0%81-1-9%EC%A1%B0-%EC%9E%A5%EC%99%B8%EA%B1%B0%EB%9E%98,https://wimg.sedaily.com/news/cms/2026/09/09/news-p.v1.20260909.a960209461e64a528235dc7823c672a4_P1.png,569,427,ok
https://ailens.sedaily.ai/finance/2026/09/09/2026-09-09-%EC%9B%90%ED%99%94-%EC%8A%A4%ED%85%8C%EC%9D%B4%EB%B8%94%EC%BD%94%EC%9D%B8-%EC%93%B0%EB%A9%B4-%EA%B0%80%EB%A7%B9%EC%A0%90%EC%88%98%EC%88%98%EB%A3%8C-5%EC%A1%B0-%EC%A0%88%EC%95%BD,https://wimg.sedaily.com/news/cms/2026/09/09/news-p.v1.20260909.2e71b4f89ce249888e2cc0723058f93f_P1.png,747,257,ok
https://ailens.sedaily.ai/markets/2026/09/09/2026-09-09-%EC%97%B0%EA%B3%A0%EC%A0%90-%EB%8B%A4%EC%8B%9C-%EC%93%B4-%EB%8C%80%ED%95%9C%ED%95%AD%EA%B3%B5-%EC%9B%90%ED%99%94-%EA%B0%95%EC%84%B8%EC%97%90-%ED%95%A9%EB%B3%91-%EA%B8%B0%EB%8C%80%EB%8F%84-%EB%B6%80%EA%B0%81-%EC%A2%85%EB%AA%A9-%EB%8F%8B%EB%B3%B4%EA%B8%B0,https://wimg.sedaily.com/news/cms/2026/09/09/news-p.v1.20260908.402ab18833c2483a9ec7b6edf0f801e2_P1.jpg,1200,800,ok
https://ailens.sedaily.ai/news/2026/09/09/2026-09-09-%EB%8B%A8%EB%8F%85-%EC%9E%85%EC%B0%B0-%EA%B8%88%EC%A7%80-%EC%B2%98%EB%B6%84-%EB%AC%B4%EC%83%89-%EB%B6%80%EC%A0%95%EB%8B%B9%EC%97%85%EC%9E%90-%EC%9E%85%EC%B0%B0%EC%8B%9C%EC%9E%A5-%ED%99%9C%EB%B3%B4,https://wimg.sedaily.com/news/cms/2026/09/09/news-p.v1.20260909.4a5bc53db9c7434c97f834fd19f7885b_P1.jpg,853,1280,ok
https://ailens.sedaily.ai/markets/2026/09/09/2026-09-09-%EC%97%AC%EC%9D%98%EB%8F%84-%EC%A7%91%EA%B2%B0%ED%95%9C-%EA%B8%80%EB%A1%9C%EB%B2%8C-%ED%88%AC%EC%9E%90%EC%9E%90%EB%93%A4-%ED%95%9C%EA%B5%AD-%EC%9E%90%EB%B3%B8%EC%8B%9C%EC%9E%A5-%EC%A7%80%EA%B8%88%EC%9D%B4-%EC%A0%84%ED%99%98%EC%A0%90,https://wimg.sedaily.com/news/cms/2026/09/09/news-p.v1.20260909.cb2225cec1d64250b5efb9326df15a0c_P1.jpg,1200,800,ok
https://ailens.sedaily.ai/industry/2026/09/09/2026-09-09-%EC%A0%95%EB%B6%80-%EB%A8%B9%EB%8A%94-%EC%9E%84%EC%8B%A0%EC%A4%91%EC%A7%80%EC%95%BD-%EB%AF%B8%ED%94%84%EC%A7%84-%EA%B5%AD%EB%82%B4%EB%8F%84%EC%9E%85-%ED%97%88%EC%9A%A9-%EA%B0%80%EB%8B%A5,https://sedaily-mbti-cms-media-dev.s3.us-east-1.amazonaws.com/media/mustknow-auto/20088987-webtoon-cut001.png,1824,1248,ok
https://ailens.sedaily.ai/markets/2026/09/09/2026-09-09-%EA%B8%88-%EC%A7%80%EA%B8%88-%EC%82%AC-%EC%A2%80-%EB%8D%94-%EA%B8%B0%EB%8B%A4%EB%A0%A4-%EC%9E%98-%EB%82%98%EA%B0%80%EB%8B%A4%EA%B0%80-%EB%98%90-%ED%95%98%EB%9D%BD%EC%84%B8-%EA%B7%B8%EB%9E%98%EB%8F%84-%EC%82%AC%EB%9D%BC%EB%8A%94-%EC%9D%B4%EC%9C%A0%EA%B0%80,https://wimg.sedaily.com/news/cms/2026/09/09/news-p.v1.20260909.d003341912204e8c9e5e749d8a27d508_P1.jpg,1200,783,ok
https://ailens.sedaily.ai/markets/2026/09/09/2026-09-09-%EC%9D%B4%EC%B0%BD%EC%9A%A9-%EB%B0%98%EB%8F%84%EC%B2%B4-%EB%8B%A4%EC%9A%B4%ED%84%B4-%EB%95%8C-%ED%88%AC%EC%9E%90-%EB%8A%98%EB%A6%AC%EB%A9%B4-%EC%B6%94%EA%B2%A9-%EA%B0%80%EC%86%8D-%EC%95%88%EC%8B%AC-%EB%AA%BB%ED%95%B4,https://wimg.sedaily.com/news/cms/2026/09/09/news-p.v1.20260909.c19bde4a17ca44a2a96d6737e4591388_P1.jpg,1200,800,ok
https://ailens.sedaily.ai/news/2026/09/09/2026-09-09-%ED%8C%8C%EB%B3%91-NSC-%EC%9D%B4%EB%A5%B4%EB%A9%B4-17%EC%9D%BC-%EB%8C%80%ED%86%B5%EB%A0%B9%EC%9D%B4-%EC%B5%9C%EC%A2%85-%EC%9D%98%EC%82%AC%EA%B2%B0%EC%A0%95,https://wimg.sedaily.com/news/cms/2026/09/09/rcv.NEWS1.NEWS1.20260909.2026-09-09T134533_1008096981_POLITICS_I_P1.jpg,1200,800,ok
https://ailens.sedaily.ai/news/2026/09/09/2026-09-09-%EB%B9%85%ED%85%8C%ED%81%AC%EC%B2%98%EB%9F%BC-%EC%A4%91%EA%B8%B0-%EC%97%90%EC%9D%B4%EC%8A%A4-%EB%B9%BC%EA%B0%80%EB%8A%94-%EB%8C%80%EA%B8%B0%EC%97%85-%EA%B2%B0%ED%95%A9%EC%8B%AC%EC%82%AC-%EB%B0%9B%EB%8A%94%EB%8B%A4,https://wimg.sedaily.com/news/cms/2026/09/09/rcv.YNA.20260909.PYH2026090909830001301_P1.jpg,1200,800,ok
https://ailens.sedaily.ai/international/2026/09/09/2026-09-09-%ED%98%B8%EB%A5%B4%EB%AC%B4%EC%A6%88-%EB%84%98%EC%96%B4-%EC%82%AC%EC%9A%B0%EB%94%94-%EC%A0%95%EC%9C%A0%EC%8B%9C%EC%84%A4%EA%B9%8C%EC%A7%80-%EB%B6%88%EA%B8%B8-%EC%9C%A0%EA%B0%80-150-%EA%B0%88-%EC%88%98%EB%8F%84,https://wimg.sedaily.com/news/cms/2026/09/09/news-p.v1.20260909.ca79014da989423f9071b0f4b3bdeb28_P1.jpg,1200,675,ok
https://ailens.sedaily.ai/markets/2026/09/09/2026-09-09-%EB%8B%A8%EB%8F%85-MBK-%EC%85%B0%EC%96%B4%EB%A7%81%ED%85%8C%ED%81%AC%EB%86%80%EB%A1%9C%EC%A7%80-3400%EC%96%B5%EC%97%90-%EC%9D%B8%EC%88%98-%EC%8B%9C%EA%B7%B8%EB%84%90,https://wimg.sedaily.com/news/cms/2026/09/09/news-p.v1.20260909.44a6f07235d442d49e1e519f800f7d90_P1.jpg,637,248,ok
https://ailens.sedaily.ai/industry/2026/09/09/2026-09-09-%EB%A9%B4%EC%84%B8%EC%A0%90-%EA%B8%B0%EC%A4%80%ED%99%98%EC%9C%A8-%ED%95%9C-%EB%8B%AC-%EB%A7%8C%EC%97%90-%EB%98%90-%EB%82%B4%EB%A6%B0%EB%8B%A4-%EB%AF%B8%EB%81%84%EB%9F%AC%EC%A7%80%EB%8A%94-%ED%99%98%EC%9C%A8%EC%97%90-%EA%B2%BD%EC%98%81-%EC%85%88%EB%B2%95-%EC%95%88%EA%B0%AF%EC%86%8D,https://wimg.sedaily.com/news/cms/2026/09/09/news-p.v1.20260624.22c56ffccbcc45b193c2efbd0c646040_P1.jpg,1200,800,ok
https://ailens.sedaily.ai/industry/2026/09/09/2026-09-09-%EA%B3%A0%EB%A0%A4%EC%95%84%EC%97%B0-%EC%B5%9C%EC%9C%A4%EB%B2%94-%ED%9A%8C%EC%9E%A5-%EC%B8%A1-%EB%B0%B1%EC%9D%B8%EA%B7%9C-%ED%9B%84%EB%B3%B4-%EA%B0%90%EC%82%AC%EC%9C%84%EC%9B%90-%EC%84%A0%EC%9E%84,https://wimg.sedaily.com/news/cms/2026/09/09/news-p.v1.20260909.ec5ef32c14364dd9bd6cc4a5fd45b0ee_P1.jpg,1200,800,ok
https://ailens.sedaily.ai/industry/2026/09/09/2026-09-09-%EB%8B%A8%EB%8F%85-%EC%98%A8%EB%88%84%EB%A6%AC%EC%83%81%ED%92%88%EA%B6%8C-%EC%88%98%EC%88%A0%EB%8C%80-%EB%82%B4%EB%85%84-%EB%B0%9C%ED%96%89-9000%EC%96%B5-%EC%A4%84%EC%9D%B8%EB%8B%A4,https://wimg.sedaily.com/news/cms/2026/09/09/news-g.v1.20260909.4c50e79b7e454afea7880b7ca8fc1fb2_P1.jpg,1200,534,ok
https://ailens.sedaily.ai/industry/2026/09/09/2026-09-09-%EC%A7%81%EA%B3%A0%EC%9A%A9-%ED%9B%84%ED%8F%AD%ED%92%8D%EC%97%90-%ED%8F%AC%EC%8A%A4%EC%BD%94-58%EB%85%84-%EB%AC%B4%EB%B6%84%EA%B7%9C-%EA%B9%A8%EC%A1%8C%EB%8B%A4,https://wimg.sedaily.com/news/cms/2026/09/09/news-g.v1.20260909.89d9cbb1810c4f53bda9577e2e030a49_P1.jpg,1200,842,ok
https://ailens.sedaily.ai/markets/2026/09/09/2026-09-09-%EC%82%BC%EC%A0%84-%EB%B3%B4%ED%95%A9-%EC%97%90%EB%8F%84-%EC%BD%94%EC%8A%A4%ED%94%BC-7000-%EC%95%88%EC%B0%A9-2%EC%B0%A8%EC%A0%84%EC%A7%80-%EC%A0%95%EC%9C%A0%ED%99%94%ED%95%99-%EC%8C%8D%EB%81%8C%EC%9D%B4-%EC%9D%B4%EB%9F%B0%EA%B5%AD%EC%9E%A5-%EC%A0%80%EB%9F%B0%EC%A3%BC%EC%8B%9D,https://wimg.sedaily.com/news/cms/2026/09/09/news-p.v1.20260909.37fdfa5b10d14be484938c71ea3bd703_P1.jpg,1200,725,ok
https://ailens.sedaily.ai/markets/2026/09/09/2026-09-09-%EC%BD%94%EC%8A%A4%ED%94%BC-%ED%95%9C%EB%8B%AC%EB%B0%98-%EB%A7%8C%EC%97%90-7000-%ED%83%88%ED%99%98-%EB%B0%98%EB%8F%84%EC%B2%B4-%EC%82%AC%EC%9D%B4%ED%81%B4-%EA%B5%AC%EC%A1%B0%EC%A0%81-%EB%B3%80%ED%99%94,https://wimg.sedaily.com/news/cms/2026/09/09/rcv.YNA.20260909.PYH2026090919200001300_P1.jpg,1200,731,ok
https://ailens.sedaily.ai/markets/2026/09/09/2026-09-09-KRX-%EC%95%A0%ED%94%84%ED%84%B0%EB%A7%88%EC%BC%93-14%EC%9D%BC-%EA%B0%9C%EC%9E%A5-%EC%98%A4%ED%9B%84-8%EC%8B%9C%EA%B9%8C%EC%A7%80-2700%EC%97%AC%EA%B0%9C-%EC%A2%85%EB%AA%A9-%EC%8B%A4%EC%8B%9C%EA%B0%84-%EA%B1%B0%EB%9E%98,https://wimg.sedaily.com/news/cms/2026/09/09/news-p.v1.20260909.464193cf74f14ba5bd4dcbed76335d87_P1.png,508,181,ok
https://ailens.sedaily.ai/markets/2026/09/09/2026-09-09-%EC%82%BC%EC%84%B1-9%EB%85%84-%EC%88%99%EC%9B%90-%ED%92%80%EC%97%88%EB%8B%A4-%EB%B0%9C%ED%96%89%EC%96%B4%EC%9D%8C-8%EB%B2%88%EC%A7%B8-%EC%82%AC%EC%97%85%EC%9E%90%EB%A1%9C,https://wimg.sedaily.com/news/cms/2026/09/09/news-g.v1.20260909.7be582f2f1804968bdad0b90c04c9bc0_P1.jpg,1200,754,ok
https://ailens.sedaily.ai/news/2026/09/09/2026-09-09-%EC%86%8D%EB%B3%B4-%EA%B6%8C%ED%98%81%EB%B9%88-%EC%8A%A4%EB%A7%88%EC%9D%BC%EA%B2%8C%EC%9D%B4%ED%8A%B8-%EC%B0%BD%EC%97%85%EC%9E%90-%EC%9D%B4%ED%98%BC-%EC%9D%B8%EC%A0%95-%EB%B2%95%EC%9B%90-%EC%A3%BC%EC%8B%9D-35-%EC%9E%AC%EC%82%B0%EB%B6%84%ED%95%A0,https://wimg.sedaily.com/news/cms/2026/09/09/news-p.v1.20260103.01574f7b3a1f467dbd3ca46c80f5a7db_P1.png,570,365,ok
https://ailens.sedaily.ai/finance/2026/09/09/2026-09-09-%EC%A3%BC%EB%8B%B4%EB%8C%80-4%EC%A1%B0%EC%9B%90%EC%9C%BC%EB%A1%9C-%EB%8B%A4%EC%8B%9C-%ED%99%95%EB%8C%80-%EC%88%98%EB%8F%84%EA%B6%8C-%EC%A3%BC%ED%83%9D-%EA%B1%B0%EB%9E%98-%EC%98%81%ED%96%A5,https://wimg.sedaily.com/news/cms/2026/09/09/rcv.YNA.20260908.PYH2026090814470001300_P1.jpg,1200,800,ok
https://ailens.sedaily.ai/industry/2026/09/09/2026-09-09-%EC%B6%94%EC%84%9D-%EB%86%8D%EC%B6%95%EC%82%B0%EB%AC%BC-%EC%A3%BC-2%EB%A7%8C%EC%9B%90-%ED%95%A0%EC%9D%B8-%ED%95%9C%EB%8F%84-%EC%97%86%EC%95%A4%EB%8B%A4-%ED%96%89%EC%82%AC-%EA%B8%B0%EA%B0%84-30%EC%9D%BC%EA%B9%8C%EC%A7%80-%EC%97%B0%EC%9E%A5,https://wimg.sedaily.com/news/cms/2026/09/09/rcv.YNA.20260902.PYH2026090213460001300_P1.jpg,1200,800,ok
https://ailens.sedaily.ai/markets/2026/09/09/2026-09-09-%EB%8B%A8%EB%8F%85-1%EC%A1%B0-%EB%A7%A4%EC%B6%9C-%EC%BB%B4%ED%93%A8%EC%A1%B4-%EB%A7%A4%EA%B0%81-%ED%83%80%EC%A7%84-PEF-%EB%AC%BC%EB%B0%91-%ED%98%91%EC%83%81-%EC%8B%9C%EA%B7%B8%EB%84%90,https://wimg.sedaily.com/news/cms/2026/09/09/news-p.v1.20260909.f7fe7853072b4495a00edb1931678bd0_P1.png,497,416,ok
https://ailens.sedaily.ai/industry/2026/09/09/2026-09-09-%EC%82%BC%EC%84%B1%EC%A0%84%EC%9E%90-%EB%85%B8%EC%A1%B0%EC%9C%84%EC%9B%90%EC%9E%A5-%EC%9E%A5%EC%9D%B8-%ED%9A%8C%EC%82%AC%EC%99%80-%EC%A1%B0%EB%81%BC-%EA%B3%84%EC%95%BD-%EA%B0%9C%EC%9D%B8-%EC%9D%B4%EC%9D%B5-%EC%97%86%EC%96%B4,https://wimg.sedaily.com/news/cms/2026/09/09/rcv.YNA.20260513.PYH2026051310160006100_P1.jpg,1200,873,ok
https://ailens.sedaily.ai/industry/2026/09/09/2026-09-09-N-%EC%84%B1%EA%B3%BC%EA%B8%89-%ED%98%84%EA%B8%88-%EC%A7%80%EA%B8%89-%EB%8A%98%EB%A6%B4%EA%B9%8C-SK%ED%95%98%EC%9D%B4%EB%8B%89%EC%8A%A4-%EC%9E%84%EB%8B%A8%ED%98%91-3%EC%A3%BC-%EB%A7%8C%EC%97%90-%EC%9E%AC%ED%88%AC%ED%91%9C,https://wimg.sedaily.com/news/cms/2026/09/09/news-p.v1.20260820.2b72d5fb2e9f4948ab676dcaf71e4ef3_P1.png,700,453,ok
https://ailens.sedaily.ai/industry/2026/09/09/2026-09-09-LX%ED%8C%90%ED%86%A0%EC%8A%A4-%EC%A0%84%EC%84%B8%EA%B8%B0%EB%A1%9C-%EA%B3%84%EB%9E%80-1120%EB%A7%8C%EA%B0%9C-%EB%93%A4%EC%97%AC%EC%99%94%EB%8B%A4,https://wimg.sedaily.com/news/cms/2026/09/09/news-p.v1.20260909.d6c80774a8264b498918cb0aa39350a7_P1.jpg,1200,1096,ok
https://ailens.sedaily.ai/industry/2026/09/09/2026-09-09-%EA%B3%A0%EB%A0%A4%EC%95%84%EC%97%B0-%EB%8F%85%EB%A6%BD%EC%9D%B4%EC%82%AC-4%EC%9D%B8-%EC%84%A0%EC%9E%84-%ED%9A%8C%EC%9E%A5-%EC%B8%A1-2%EB%AA%85-MBK-%EC%98%81%ED%92%8D-2%EB%AA%85,https://wimg.sedaily.com/news/cms/2026/09/09/news-p.v1.20260909.c9598e18dfe2450faac0c1a3e0568ed3_P1.jpg,1200,800,ok
https://ailens.sedaily.ai/markets/2026/09/09/2026-09-09-AI-%EA%B4%91%ED%86%B5%EC%8B%A0-%EA%B3%B5%EA%B8%89%EB%82%9C-%EB%B6%80%EA%B0%81%EC%97%90-%EC%BD%94%EC%8A%A4%EB%8B%A5-%EB%84%A4%ED%8A%B8%EC%9B%8C%ED%81%AC-%EC%9E%A5%EB%B9%84%EC%A3%BC-%ED%9B%A8%ED%9B%A8-%EC%A4%8D%EC%A4%8D%EB%A6%AC%ED%8F%AC%ED%8A%B8,https://wimg.sedaily.com/news/cms/2026/09/09/news-p.v1.20260909.d7dcce758d51490eb943118cd1c63ff2_P1.jpg,500,142,ok
https://ailens.sedaily.ai/markets/2026/09/09/2026-09-09-%EA%B1%B0%EB%9E%98%EC%86%8C-%EC%B6%94%EC%84%9D-%EC%97%B0%ED%9C%B4-%EC%A0%84%EC%9D%BC-%ED%8C%8C%EC%83%9D%EC%83%81%ED%92%88-%EC%95%BC%EA%B0%84%EA%B1%B0%EB%9E%98-%ED%9C%B4%EC%9E%A5,https://wimg.sedaily.com/news/cms/2026/09/09/news-p.v1.20260909.4466df9f3197492998b57c47e38577a6_P1.png,620,411,ok
https://ailens.sedaily.ai/markets/2026/09/09/2026-09-09-%EA%B3%B5%EB%AA%A8-%EB%AA%A9%ED%91%9C%EC%A0%84%ED%99%98%ED%98%95-%ED%8E%80%EB%93%9C-%EC%83%81%EB%B0%98%EA%B8%B0%EB%A7%8C-3-2%EC%A1%B0-A%ED%81%B4%EB%9E%98%EC%8A%A4-%EA%B0%80%EC%9E%85%ED%96%88%EB%8B%A4%EB%A9%B4-%EB%B9%84%EC%9A%A9-%EC%86%90%ED%95%B4,https://wimg.sedaily.com/news/cms/2026/09/09/news-p.v1.20260909.047d3370529242a790dd9faa7269abd0_P1.png,600,400,ok
https://ailens.sedaily.ai/markets/2026/09/09/2026-09-09-%EA%B3%A0%EB%A0%A4%EC%95%84%EC%97%B0-%EC%9D%B4%EC%82%AC%ED%9A%8C-12%EB%8C%80-7-%EC%9E%AC%ED%8E%B8-%EA%B0%90%EC%82%AC%EC%9C%84%EC%9B%90%EC%9D%80-%EC%B5%9C%EC%9C%A4%EB%B2%94-%ED%9A%8C%EC%9E%A5-%EC%B8%A1-%EC%84%A0%EC%9E%84-%EC%8B%9C%EA%B7%B8%EB%84%90,https://wimg.sedaily.com/news/cms/2026/09/09/news-p.v1.20260909.c215ae2313b54bde87e77433d15622a7_P1.jpg,1200,800,ok
https://ailens.sedaily.ai/news/2026/09/09/2026-09-09-%EC%B7%A8%EC%97%85%EC%9E%90-18-4%EB%A7%8C%EB%AA%85-%EC%B2%AD%EB%85%84%EA%B3%A0%EC%9A%A9%EB%A5%A0-28%EA%B0%9C%EC%9B%94%EC%A7%B8-%EB%82%B4%EB%A6%AC%EB%A7%89,https://wimg.sedaily.com/news/cms/2026/09/09/news-p.v1.20260909.707d33350f8c43eda4ef24c87545298e_P1.jpg,1200,740,ok
https://ailens.sedaily.ai/international/2026/09/09/2026-09-09-3%EC%96%B5-%EC%A3%BC%EA%B3%A0-%EC%A7%80%EB%B6%84-%EB%B0%9B%EC%9D%80-%EC%A0%95%EB%B6%80-%EB%94%94%EC%9B%A8%EC%9D%B4%EB%B8%8C-%EB%93%B1-%EC%96%91%EC%9E%90%EC%BB%B4-%EC%A3%BC%EA%B0%80-%EC%9D%BC%EC%A0%9C%ED%9E%88-%EC%83%81%EC%8A%B9-%EB%A7%88%EC%BC%93%EB%AC%B4%EB%B2%84,https://wimg.sedaily.com/news/cms/2026/09/09/9/news-p.v1.20260519.3eaf1102b37c4b41b97464a4ef903312_P1.jpg,1200,747,ok
https://ailens.sedaily.ai/international/2026/09/09/2026-09-09-%ED%8A%B8%EB%9F%BC%ED%94%84-%EA%B4%80%EC%84%B8%EA%B2%81%EB%B0%95%EC%9D%98-%EC%A7%84%ED%99%94-%EC%BA%90%EB%82%98%EB%8B%A4-%EC%9D%BC%EB%B6%80%EC%A0%9C%ED%92%88-%EC%B4%88%EC%9C%A0%EC%9D%98-%EC%88%98%EC%9E%85%EA%B8%88%EC%A7%80-%EC%9D%B4%ED%83%9C%EA%B7%9C%EC%9D%98-%EC%9B%8C%EC%8B%B1%ED%84%B4-%ED%94%8C%EB%A0%88%EC%9D%B4%EB%B6%81,https://wimg.sedaily.com/news/cms/2026/09/09/news-p.v1.20260909.9bef15bc1bfc497ca9dbbb88921873b3_P1.jpg,1200,800,ok
https://ailens.sedaily.ai/markets/2026/09/09/2026-09-09-%EC%95%84%EB%8B%B4%EC%8A%A4-%EC%8A%A4%ED%8A%B8%EB%A6%AC%ED%8A%B8-%EC%95%84%EC%8B%9C%EC%95%84-%EC%9E%90%EB%AC%B8%EC%9C%84%EC%9B%90%ED%9A%8C-%EC%B6%9C%EB%B2%94-%EC%8B%9C%EA%B7%B8%EB%84%90,https://wimg.sedaily.com/news/cms/2026/09/09/news-p.v1.20260909.b0e5b7f58e684cb980794434a3351a96_P1.jpg,1200,628,ok
https://ailens.sedaily.ai/markets/2026/09/09/2026-09-09-%EC%A0%9C%EC%9D%B4%EC%95%8C%EB%A6%AC%EC%B8%A0-%EC%98%81%EA%B5%AD-%EC%86%8C%EC%86%A1-%ED%8C%A8%EC%86%8C-%EC%BA%90%EC%8B%9C%ED%8A%B8%EB%9E%A9-%EC%A7%80%EC%86%8D-%EC%8B%9C%EA%B7%B8%EB%84%90,https://wimg.sedaily.com/news/cms/2026/09/09/news-p.v1.20260909.491dc2a44ee3454ba647b8818be1c7a6_P1.jpg,489,740,ok
https://ailens.sedaily.ai/industry/2026/09/09/2026-09-09-%ED%8A%B9%ED%97%88-%EC%A0%88%EB%B2%BD-%EB%B9%85%ED%8C%8C%EB%A7%88-K%EB%B0%94%EC%9D%B4%EC%98%A4%EC%97%90-%EC%A3%BC%EB%AA%A9-%EA%B8%80%EB%A1%9C%EB%B2%8C-VC-%EC%B4%88%EC%B2%AD%EB%8F%84-%EC%B6%94%EC%A7%84,https://wimg.sedaily.com/news/cms/2026/09/08/news-p.v1.20260908.f9427750f6104a519c210687cfd6c634_P1.png,1200,900,ok
https://ailens.sedaily.ai/industry/2026/09/09/2026-09-09-%EA%B3%BD%EB%85%B8%EC%A0%95-%EB%A9%94%EB%AA%A8%EB%A6%AC-%EA%B2%BD%EC%9F%81%EC%9D%80-%EC%9D%B4%EC%A0%9C-%EA%B3%A1%EC%84%A0%EB%8F%84%EB%A1%9C-SK%ED%95%98%EB%8B%89-AI-%ED%8C%B9-%EC%B2%AD%EC%82%AC%EC%A7%84%EB%8F%84-%EC%A0%9C%EC%8B%9C,https://wimg.sedaily.com/news/cms/2026/09/09/news-p.v1.20260909.c9d140eae4f54d86adc1c1ce17264ef3_P1.jpg,1200,675,ok
https://ailens.sedaily.ai/industry/2026/09/09/2026-09-09-%EA%B2%BD%EC%A0%9C%ED%98%91%EB%A0%A5-%ED%8C%90-%EB%84%93%ED%9E%8C%EB%8B%A4-%ED%95%9C%EA%B2%BD%ED%98%91-%EB%B9%84%EC%A6%88%EB%8B%88%EC%8A%A4-%EB%9D%BC%EC%9A%B4%EB%93%9C%ED%85%8C%EC%9D%B4%EB%B8%94-%EA%B0%9C%EC%B5%9C,https://wimg.sedaily.com/news/cms/2026/09/09/news-p.v1.20260909.71d940632ae24555a3ede3f0885f2f92_P1.png,1200,787,ok
https://ailens.sedaily.ai/industry/2026/09/09/2026-09-09-%EA%B2%BD%EC%A0%9C-%EC%A7%84%EC%A7%9C-%EB%8C%80%EB%8F%84%EC%95%BD-%ED%95%B4%EB%B3%B4%EC%9E%90-%EA%B5%AD%ED%9A%8C-%EC%9E%AC%EA%B3%84-%EC%83%81%EC%8B%9C-%ED%98%91%EB%A0%A5%EC%B2%B4-%EA%B0%80%EB%8F%99,https://wimg.sedaily.com/news/cms/2026/09/09/news-p.v1.20260909.9ccfe15ffdd445df9a79d5cef2885ac6_P1.jpg,1200,789,ok
https://ailens.sedaily.ai/markets/2026/09/09/2026-09-09-%EB%85%B8%EB%B0%94%ED%8B%B0%EC%8A%A4-AOC-%EC%9E%84%EC%83%81-%EC%8B%A4%ED%8C%A8%EC%97%90-%EC%95%8C%ED%85%8C%EC%98%A4%EC%A0%A0-%EB%AA%A9%ED%91%9C%EA%B0%80-Why-%EB%B0%94%EC%9D%B4%EC%98%A4,https://wimg.sedaily.com/news/cms/2026/09/09/news-p.v1.20260909.31d900dc085d4c00853e71e802cbe982_P1.jpg,1200,760,ok
https://ailens.sedaily.ai/markets/2026/09/09/2026-09-09-%EA%B5%AC%EB%A6%AC-%EC%82%AC%EC%83%81-%EC%B5%9C%EA%B3%A0%EA%B0%80%EC%97%90-%EC%A0%84%EB%A0%A5%EB%A7%9D-%EA%B3%B5%EA%B8%89%EB%82%9C-%EA%B2%B9%EC%B3%90-LS-%EA%B7%B8%EB%A3%B9%EC%A3%BC-%EC%9D%BC%EC%A0%9C-%EA%B8%89%EB%93%B1-%EC%A4%8D%EC%A4%8D%EB%A6%AC%ED%8F%AC%ED%8A%B8,https://wimg.sedaily.com/news/cms/2026/09/09/news-p.v1.20260909.63be6146dda34c6db4e1fcb0dd340072_P1.jpg,500,142,ok
https://ailens.sedaily.ai/markets/2026/09/09/2026-09-09-%EA%B0%80%EA%B2%A9-%EC%98%AC%EB%A6%B0%EB%8B%A4-%EC%86%8C%EB%A6%AC%EC%97%90-9-%EA%B8%89%EB%93%B1-%EC%98%AC%ED%95%B4%EB%A7%8C-140-%EC%98%A4%EB%A5%B8-%EC%9D%B4-%EC%A3%BC%EC%8B%9D-%EB%A8%B8%EC%8A%A4%ED%81%AC%EB%8F%84-%EC%86%90%EC%9E%A1%EC%95%98%EB%8B%A4,https://wimg.sedaily.com/news/cms/2026/09/09/news-p.v1.20260909.c6c5951b9b564c939bbdf932d997f45d_P1.png,1200,842,ok
https://ailens.sedaily.ai/markets/2026/09/09/2026-09-09-%EA%B8%88%EA%B0%90%EC%9B%90-%EA%B3%A0%EC%9C%84%ED%97%98-%ED%8E%80%EB%93%9C-%EC%9A%B4%EC%9A%A9%EC%82%AC-%EC%86%8C%EC%A7%91-%EC%8B%AC%EC%82%AC-%EA%B0%95%ED%99%94%ED%95%A0-%EA%B2%83,https://wimg.sedaily.com/news/cms/2026/09/09/news-p.v1.20260909.6c6cf014e458439fb00ea30dc221937c_P1.png,600,400,ok
https://ailens.sedaily.ai/international/2026/09/09/2026-09-09-%EC%86%8D%EB%B3%B4-%EB%AF%B8%EA%B5%B0-%EC%9D%B4%EB%9E%80-%EC%9C%A0%EC%A1%B0%EC%84%A0-5%EC%B2%99-%EA%B2%A9%EC%B9%A8-%EC%9D%B4%EB%9E%80%EC%9D%98-%ED%95%B4%EA%B5%B0%ED%95%A8%EC%A0%95-%EA%B3%B5%EA%B2%A9%EC%97%90-%EB%8C%80%EC%9D%91,https://wimg.sedaily.com/news/cms/2026/09/09/news-p.v1.20260909.eb32fb5cda3e428c9d00e4cfe8f27418_P1.png,660,360,ok
https://ailens.sedaily.ai/international/2026/09/09/2026-09-09-%EC%86%8D%EB%B3%B4-%ED%8A%B8%EB%9F%BC%ED%94%84-%EC%A0%95%EB%B6%80-%EC%A1%B0%EB%8B%AC%EC%8B%9C%EC%9E%A5%EC%84%9C-%EC%BA%90%EB%82%98%EB%8B%A4%EC%82%B0-%ED%87%B4%EC%B6%9C-%EA%B4%80%EC%84%B8-%EC%9E%AC%EB%B3%B4%EB%B3%B5,https://wimg.sedaily.com/news/cms/2026/09/09/news-p.v1.20260909.5cd83af99b7140a684a546f811dd36c9_P1.jpg,1200,800,ok
https://ailens.sedaily.ai/news/2026/09/09/2026-09-09-%ED%98%91%EB%A0%A5%EB%AC%B8%EA%B1%B4-16%EA%B1%B4-%EC%B1%84%ED%83%9D-AI-%EB%B0%A9%EC%82%B0-%ED%98%91%EB%A0%A5-%ED%99%95%EB%8C%80-%EA%B8%B0%EB%B0%98-%EB%A7%88%EB%A0%A8,https://wimg.sedaily.com/news/cms/2026/09/09/rcv.YNA.20260908.PYH2026090825020001300_P1.jpg,1200,783,ok
https://ailens.sedaily.ai/international/2026/09/09/2026-09-09-%EA%B5%AD%EB%AF%BC%EC%86%8C%EB%93%9D-12%EB%85%84-%EB%A7%8C%EC%97%90-3%EB%A7%8C-%EB%8A%AA-%ED%83%88%EC%B6%9C-%EC%A0%80%EC%B6%9C%EC%82%B0-%EB%93%B1-%ED%95%B4%EA%B2%B0-%EC%97%86%EC%9D%B8-%EC%9E%AC%EC%B6%94%EB%9D%BD-%EC%9A%B0%EB%A0%A4-Pick%EC%BD%94%EB%85%B8%EB%AF%B8,https://wimg.sedaily.com/news/cms/2026/09/08/rcv.YNA.20260308.PYH2026030608870005400_P1.jpg,1200,800,ok
https://ailens.sedaily.ai/industry/2026/09/09/2026-09-09-%EC%A0%80%EB%85%81%EC%97%90-%EA%B0%80%EB%A9%B4-%EB%8D%94-%EC%8B%B8%EB%8B%A4-%EC%9E%A5%EB%B0%94%EA%B5%AC%EB%8B%88-%EB%B6%80%EB%8B%B4%EC%97%90-%EB%A7%88%EA%B0%90-%ED%95%A0%EC%9D%B8-%EC%A1%B1-%EB%8A%98%EC%96%B4,https://wimg.sedaily.com/news/cms/2026/09/08/news-p.v1.20260908.793af3f32b3d4e5ab81f40f9e3f535cc_P1.jpg,1032,1432,ok
https://ailens.sedaily.ai/industry/2026/09/09/2026-09-09-%EC%98%B7-%EC%82%AC%EB%9F%AC-%EC%99%94%EB%8B%A4-%ED%99%94%EC%9E%A5%ED%92%88%EC%97%90-%EC%A7%80%EA%B0%91-%EC%97%B4%EC%97%88%EB%8B%A4-1640%EB%A7%8C%EB%AA%85-%EC%97%85%EC%9D%80-%EB%AC%B4%EC%8B%A0%EC%82%AC%EC%9D%98-%EB%B3%80%EC%8B%A0-%EA%B9%80%EC%97%B0%ED%95%98%EC%9D%98-%ED%82%AC%EB%A7%81%EC%9D%B4%EC%8A%88,https://wimg.sedaily.com/news/cms/2026/09/08/news-p.v1.20260907.0c92f15a1a2341ef9bf69070f67f160c_P1.jpg,1200,705,ok
https://ailens.sedaily.ai/industry/2026/09/09/2026-09-09-%ED%8F%AC%EC%8A%A4%EC%BD%94-%EB%85%B8%EC%A1%B0-%EC%B0%BD%EC%82%AC-%ED%9B%84-%EC%B2%AB-%ED%8C%8C%EC%97%85-%EC%9E%84%EA%B8%88%ED%98%91%EC%83%81-%EC%A0%91%EC%A0%90-%EB%AA%BB%EC%B0%BE%EC%95%84,https://wimg.sedaily.com/news/cms/2026/09/09/news-p.v1.20260909.74575ec65ffd4db2b0667cfaa22b1f0e_P1.jpg,1200,834,ok
https://ailens.sedaily.ai/industry/2026/09/09/2026-09-09-%EC%82%BC%EC%84%B1-%EB%AF%B8%EC%8A%A4%ED%8A%B8%EB%9E%84-AI%EC%99%80-%EC%A0%84%EB%9E%B5%EC%A0%81-%ED%8C%8C%ED%8A%B8%EB%84%88%EC%8B%AD-AI-%ED%8C%A9%ED%86%A0%EB%A6%AC-%EB%8F%99%EB%A7%B9,https://wimg.sedaily.com/news/cms/2026/09/09/news-p.v1.20260722.476e39ccf70a4c2e9326a7667d3b3144_P1.jpg,1200,720,ok
https://ailens.sedaily.ai/markets/2026/09/09/2026-09-09-7000%EC%84%A0-%EB%AA%BB-%EB%AF%BF%EB%8A%94-%EA%B0%9C%EB%AF%B8-%EC%9D%B4%ED%8B%80%EA%B0%84-%EC%9D%B8%EB%B2%84%EC%8A%A4-2800%EC%96%B5-%EC%93%B8%EC%96%B4%EB%8B%B4%EC%95%98%EB%8B%A4-%EC%BD%94%EC%A3%BC%EB%B6%80,https://wimg.sedaily.com/news/cms/2026/09/08/news-p.v1.20260908.9319e3641a1c42459cf2294b8e7c52e6_P1.jpg,1200,783,ok
https://ailens.sedaily.ai/news/2026/09/09/2026-09-09-%EB%B0%98%EB%8F%84%EC%B2%B4-AI-%EB%8F%99%EB%A7%B9-%EC%82%BC%EC%84%B1-%EC%A3%BC%EB%8F%84-%EB%AF%B8%EC%8A%A4%ED%8A%B8%EB%9E%84%EC%97%90-4-7%EC%A1%B0-%ED%88%AC%EC%9E%90,https://wimg.sedaily.com/news/cms/2026/09/08/rcv.YNA.20260908.PYH2026090824930001300_P1.jpg,1200,834,ok
https://ailens.sedaily.ai/news/2026/09/09/2026-09-08-%EA%B5%AD%EB%B0%A9%EB%B6%80-%ED%98%B8%EB%A5%B4%EB%AC%B4%EC%A6%88-%ED%98%84%EC%A7%80-%EC%83%81%ED%99%A9-%ED%8C%8C%EC%95%85-%EC%9C%84%ED%95%B4-%ED%98%84%EC%A7%80%EC%A1%B0%EC%82%AC%EB%8B%A8-%ED%8C%8C%EA%B2%AC,https://wimg.sedaily.com/news/cms/2026/09/08/rcv.YNA.20260814.PYH2026081402400001300_P1.jpg,1200,800,ok
https://ailens.sedaily.ai/news/2026/09/09/2026-09-08-%EB%B9%84%EB%A6%AC-%EC%8B%A0%EA%B3%A0%ED%95%98%EA%B3%A0-18%EC%96%B5-%EB%B0%9B%EC%95%98%EB%8B%A4-%EB%B3%B4%EC%83%81-%EB%8D%94-%EC%84%B8%EC%A7%84%EB%8B%A4-%EA%B3%B5%EC%9D%B5%EC%8B%A0%EA%B3%A0-%EB%B3%B4%EC%83%81%EA%B8%88-%EC%98%88%EC%82%B0-49%EC%96%B5-451%EC%96%B5,https://wimg.sedaily.com/news/cms/2026/09/08/7/news-p.v1.20260908.e2661df071bf4160bd511d4663c091b8_P1.png,1200,675,ok
https://ailens.sedaily.ai/industry/2026/09/09/2026-09-08-%EC%98%A4%ED%94%88%EB%9F%B0-%EB%8C%80%EC%8B%A0-%EB%A7%88%EA%B0%90%EB%9F%B0-%EA%B3%A0%EB%AC%BC%EA%B0%80%EA%B0%80-%EB%B0%94%EA%BE%BC-%EC%9E%A5%EB%B3%B4%EA%B8%B0-%EC%8B%9C%EA%B0%84,https://wimg.sedaily.com/news/cms/2026/09/08/news-p.v1.20260908.793af3f32b3d4e5ab81f40f9e3f535cc_P1.jpg,1032,1432,ok
https://ailens.sedaily.ai/news/2026/09/09/2026-09-08-%EC%B4%9D%EB%A6%AC-%EC%86%8C%EB%B9%84%EC%9E%90-%EB%B6%84%EC%95%BC-%EC%A7%91%EB%8B%A8%EC%86%8C%EC%86%A1%EC%A0%9C-%EB%8F%84%EC%9E%85-%EB%8C%80%EA%B7%9C%EB%AA%A8-%ED%94%BC%ED%95%B4-%EA%B5%AC%EC%A0%9C,https://wimg.sedaily.com/news/cms/2026/09/08/rcv.YNA.20260908.PYH2026090816410001300_P1.jpg,1200,850,ok
https://ailens.sedaily.ai/industry/2026/09/09/2026-09-08-%ED%9D%91%EC%9E%90%EC%A0%84%ED%99%98%EC%97%90%EB%8F%84-%ED%9A%A8%EC%84%B1%ED%99%94%ED%95%99-%EB%B2%A0%ED%8A%B8%EB%82%A8-%EC%9E%90%ED%9A%8C%EC%82%AC-%EC%86%90%EC%8B%A4%EB%88%84%EC%A0%81-%EB%B6%80%EB%8B%B4,https://wimg.sedaily.com/news/cms/2026/09/08/news-p.v1.20260908.44f23a40ae4340b08abcf38d03ed4326_P1.jpg,960,540,ok
https://ailens.sedaily.ai/industry/2026/09/09/2026-09-08-7%EB%85%84-14%EB%A7%8C-%EB%AC%B4%EC%83%81%EB%B3%B4%EC%A6%9D-%EB%A5%B4%EB%85%B8%EC%9D%98-%ED%8C%8C%EA%B2%A9-%ED%98%9C%ED%83%9D,https://wimg.sedaily.com/news/cms/2026/09/08/news-p.v1.20260908.816fc73553c443af8db4d8d595c80c58_P1.jpg,1200,800,ok
https://ailens.sedaily.ai/news/2026/09/09/2026-09-08-IAEA-%ED%95%B5%EC%9E%A0-%EB%8F%84%EC%9E%85-%ED%98%91%EC%9D%98-%EC%9D%98%ED%96%A5-%ED%86%B5%EB%B3%B4-%EC%98%81%EB%B3%80-%EB%86%8D%EC%B6%95-%EA%B0%80%EB%8F%99-%EB%8B%A8%EA%B3%84,https://wimg.sedaily.com/news/cms/2026/09/08/news-p.v1.20260625.d2ed9a8d413043f0b16f744007256828_P1.png,860,703,ok
https://ailens.sedaily.ai/industry/2026/09/09/2026-09-08-%EC%82%BC%EC%84%B1-%ED%8C%8C%EC%9A%B4%EB%93%9C%EB%A6%AC-%EC%8B%9C%EB%86%92%EC%8B%9C%EC%8A%A4%EC%99%80-%EC%84%A0%EB%8B%A8%EA%B3%B5%EC%A0%95-%ED%98%91%EC%97%85-%EC%97%91%EC%8B%9C%EB%85%B8%EC%8A%A4%EA%B9%8C%EC%A7%80-%EB%B3%B4%ED%8F%AD-%EB%84%93%ED%9E%8C%EB%8B%A4,https://wimg.sedaily.com/news/cms/2026/09/08/news-p.v1.20260908.d02278c2507342c385041507ae670bc2_P1.jpg,1200,800,ok
https://ailens.sedaily.ai/international/2026/09/09/2026-09-08-%EA%B5%90%EB%8F%84%ED%86%B5%EC%8B%A0-%EC%9D%BC%EB%B3%B8%EC%9D%80%ED%96%89-9%EC%9B%94-%EA%B8%88%EB%A6%AC-1-25-%EB%A1%9C-%EC%9D%B8%EC%83%81-%EB%B0%A9%EC%B9%A8,https://wimg.sedaily.com/news/cms/2026/09/08/rcv.YNA.20260818.PRU20260818139401009_P1.jpg,1200,811,ok
https://ailens.sedaily.ai/markets/2026/09/08/2026-09-08-%EB%B3%80%EB%8F%99%EC%84%B1-%EC%9E%A5%EC%84%B8-ETF-%EC%A0%84%EB%9E%B5-%EC%8B%A0%ED%95%9C-%EC%A3%BC%EC%8B%9D-60-%EC%B1%84%EA%B6%8C-30-%EA%B8%88-8-%EB%B9%84%ED%8A%B8%EC%BD%94%EC%9D%B8-2-%EB%8B%B4%EC%95%84%EB%9D%BC,https://wimg.sedaily.com/news/cms/2026/09/08/news-p.v1.20260908.5f11ffa556d043e2b89a1fdcdb0d5f9a_P1.png,1200,900,ok
https://ailens.sedaily.ai/news/2026/09/08/2026-09-08-%ED%95%99%EC%83%9D-%EC%9D%BD%EA%B8%B0-%EC%A0%90%EC%88%98-3%EB%85%84%EC%83%88-14%EC%A0%90-%EB%9A%9D-%EC%88%8F%ED%8F%BC-%EC%8B%9C%EC%B2%AD-%EC%A6%9D%EA%B0%80%EC%97%90-%EB%AC%B8%ED%95%B4%EB%A0%A5-%ED%9D%94%EB%93%A4,https://wimg.sedaily.com/news/cms/2026/09/08/news-p.v1.20260908.5ad72b8cf5744b5e93225f6878e88d8c_P1.jpg,500,305,ok
https://ailens.sedaily.ai/markets/2026/09/08/2026-09-08-%EC%B9%A0%EC%B2%9C%ED%94%BC-%ED%83%88%ED%99%98-%EB%88%88%EC%95%9E%EC%84%9C-%EB%98%90-%EB%AF%B8%EB%81%8C-%EC%9C%A0%EA%B0%80-%EA%B8%88%EB%A6%AC-%EB%B6%80%EB%8B%B4-%EB%8D%9C%EC%96%B4%EC%95%BC,https://wimg.sedaily.com/news/cms/2026/09/08/rcv.YNA.20260908.PYH2026090818910001300_P1.jpg,1200,800,ok
https://ailens.sedaily.ai/news/2026/09/08/2026-09-08-%EB%8C%80%EB%AF%B8-%ED%88%AC%EC%9E%90-3500%EC%96%B5%EB%8B%AC%EB%9F%AC-%EB%84%98%EA%B2%8C-%EC%9A%94%EA%B5%AC-%EC%A0%95%EB%B6%80-%EC%82%AC%EC%97%85-%EA%B8%88%EC%95%A1-%EC%A1%B0%EC%9C%A8,https://wimg.sedaily.com/news/cms/2026/09/08/rcv.YNA.20260724.PYH2026072400650001300_P1.jpg,1200,841,ok
https://ailens.sedaily.ai/markets/2026/09/08/2026-09-08-AI-%EB%A1%9C%EB%B4%87-%EC%88%98%EC%9A%94-%EA%B8%89%EC%A6%9D-KB-DB%ED%95%98%EC%9D%B4%ED%85%8D-%EB%AA%A9%ED%91%9C%EA%B0%80-20%EB%A7%8C-%EC%9B%90%EC%9C%BC%EB%A1%9C-%EC%9D%B4%EB%9F%B0%EA%B5%AD%EC%9E%A5-%EC%A0%80%EB%9F%B0%EC%A3%BC%EC%8B%9D,https://wimg.sedaily.com/news/cms/2026/09/08/news-p.v1.20260806.b3595662a02d486e9bc97f785e3b898c_P1.jpg,845,594,ok
https://ailens.sedaily.ai/international/2026/09/08/2026-09-08-%EA%B5%AD%EB%AF%BC%EC%86%8C%EB%93%9D-12%EB%85%84-%EB%A7%8C%EC%97%90-3%EB%A7%8C-%EB%8A%AA-%ED%83%88%EC%B6%9C-%EC%9E%A0%EC%9E%AC%EC%84%B1%EC%9E%A5%EB%A5%A0-%EC%83%81%EC%8A%B9-%EC%9D%B4%EC%96%B4%EC%A0%B8%EC%95%BC,https://wimg.sedaily.com/news/cms/2026/09/08/news-p.v1.20260114.2beb67dc91494b309d42438e5b44a7cb_P1.jpg,1200,828,ok
https://ailens.sedaily.ai/markets/2026/09/08/2026-09-08-%EB%8B%A8%EB%8F%85-%EB%AF%B8%EB%9E%98%EC%97%90%EC%85%8B%EC%9A%B4%EC%9A%A9-%EC%84%9C-K%EB%B0%98%EB%8F%84%EC%B2%B4-ETF-%EC%B2%AB%EC%84%A0,https://wimg.sedaily.com/news/cms/2026/09/08/news-p.v1.20260908.c12250eba44d4c56baadb789b6f1d975_P1.png,875,351,ok
https://ailens.sedaily.ai/markets/2026/09/08/2026-09-08-%EB%AC%BC-%EB%93%A4%EC%96%B4%EC%98%A4%EB%8B%88-%EA%B3%B3%EA%B3%B3%EC%84%9C-%EB%B9%A8%EB%8C%80%EB%A7%8C-325%EC%A1%B0-%EC%A5%90%EA%B3%A0%EB%8F%84-M-A-%EA%B5%AC%EA%B2%BD%EA%BE%BC-%EC%8B%A0%EC%84%B8-%EC%8B%9C%EA%B7%B8%EB%84%90,https://wimg.sedaily.com/news/cms/2026/09/08/news-p.v1.20260908.bf9653613aaf4f3eaead6a58040701dc_P1.jpg,640,425,ok
https://ailens.sedaily.ai/industry/2026/09/08/2026-09-08-%EC%9D%B4%EC%86%8C%EC%98%81-%EC%A4%91%EA%B8%B0%EC%9E%A5%EA%B4%80-%ED%9B%84%EB%B3%B4-%EC%9E%90%EC%98%81%EC%97%85%EC%9E%90-%EB%B9%84%EC%9A%A9-%EA%B5%AC%EC%A1%B0-%EA%B0%9C%EC%84%A0-%EB%A1%9C%EB%93%9C%EB%A7%B5-%EC%A7%A4-%EA%B2%83,https://wimg.sedaily.com/news/cms/2026/09/08/rcv.YNA.20260908.PYH2026090809390001300_P1.jpg,1200,911,ok
https://ailens.sedaily.ai/industry/2026/09/08/2026-09-08-%ED%99%88%ED%94%8C%EB%9F%AC%EC%8A%A4-%ED%9A%8C%EC%83%9D-%EC%9D%B8%EA%B0%80%EC%97%90%EB%8F%84-%EC%9E%90%EA%B8%88%EB%82%9C-%ED%87%B4%EC%A7%81%EA%B8%89%EC%97%AC-%EC%A7%80%EA%B8%89-%EC%97%B0%EA%B8%B0,https://wimg.sedaily.com/news/cms/2026/09/08/news-p.v1.20260908.497377316f6f4061a3daab50e4f9d6fe_P1.png,860,550,ok
https://ailens.sedaily.ai/industry/2026/09/08/2026-09-08-%EC%82%BC%EC%84%B1-ASML%EA%B3%BC-%EC%B0%A8%EC%84%B8%EB%8C%80-EUV-%EB%A7%88%EC%8A%A4%ED%81%AC-%EB%A7%8C%EB%93%A0%EB%8B%A4,https://wimg.sedaily.com/news/cms/2026/09/08/news-p.v1.20260908.9203bd18312c4383a813375c96908559_P1.png,700,394,ok
https://ailens.sedaily.ai/industry/2026/09/08/2026-09-08-%ED%95%9C%ED%99%94%EC%98%A4%EC%85%98-%ED%83%9C%EA%B5%AD%EC%84%9C-6800%EC%96%B5-%ED%98%B8%EC%9C%84%ED%95%A8-%EC%88%98%EC%A3%BC-%EC%B5%9C%EB%8C%80-4%EC%A1%B0-%EB%B6%80%ED%91%BC-%EA%BF%88,https://wimg.sedaily.com/news/cms/2026/09/08/news-p.v1.20260908.7ac04f43e2da4332a03bf6f39a5bd268_P1.jpg,720,479,ok
https://ailens.sedaily.ai/markets/2026/09/08/2026-09-08-%EB%B0%98%EB%8F%84%EC%B2%B4-%EB%B6%88%EC%94%A8-%EC%82%B4%EB%A6%B0-GPT-6-%EC%83%81%EC%9C%84-1-SK%ED%95%98%EB%8B%89-%EC%82%BC%EC%A0%84-%EC%93%B8%EC%96%B4%EB%8B%B4%EC%95%98%EB%8B%A4-%EC%A3%BC%EC%8B%9D%EC%B4%88%EA%B3%A0%EC%88%98%EB%8A%94-%EC%A7%80%EA%B8%88,https://wimg.sedaily.com/news/cms/2026/09/08/news-p.v1.20260908.f97c58ebe0924007b8d45f2d513704a1_P1.png,429,1797,ok
https://ailens.sedaily.ai/markets/2026/09/08/2026-09-08-%EC%8B%A4%EC%A0%81-%EB%88%88%EB%86%92%EC%9D%B4-%EA%BB%91%EC%B6%A9-%ED%99%94%ED%95%99-%EA%B1%B4%EC%84%A4-%EB%B3%B4%ED%97%98-%EC%8B%9C%EC%84%A0%EB%81%84%EB%84%A4,https://wimg.sedaily.com/news/cms/2026/09/08/news-p.v1.20260903.8f63d9d42f8b43a882aa32e340346ddf_P1.jpg,640,425,ok
https://ailens.sedaily.ai/news/2026/09/08/2026-09-08-%EC%9D%B8%EC%9E%AC-%EC%8B%9C%EA%B8%89%ED%95%9C%EB%8D%B0-%EC%97%B0%EA%B3%B5%EC%84%9C%EC%97%B4-%EB%8D%AB-%EA%B1%B8%EB%A6%B0-%EA%B8%B0%EC%97%85%EB%93%A4,https://sedaily-mbti-cms-media-dev.s3.us-east-1.amazonaws.com/media/mustknow-auto/20088566-webtoon-cut001.png,1824,1248,ok
https://ailens.sedaily.ai/markets/2026/09/08/2026-09-08-LS-%EC%A4%91%EB%8F%99%EC%A0%84%EC%9F%81%EC%97%90-%EB%B0%9C%EB%AA%A9-%ED%95%9C%EC%A0%84-%EB%AA%A9%ED%91%9C%EA%B0%80-4%EB%A7%8C-8000%EC%9B%90%EC%9C%BC%EB%A1%9C-%EC%BD%94%EC%A3%BC%EB%B6%80,https://wimg.sedaily.com/news/cms/2026/09/08/news-p.v1.20260515.6b5e3f2e822a4171b21fd66a7fb657ae_P1.jpg,1200,785,ok
https://ailens.sedaily.ai/international/2026/09/08/2026-09-08-%EB%AA%85%EB%AA%A9-GDP-47%EB%85%84%EB%A7%8C%EC%97%90-%EC%B5%9C%EA%B3%A0-%EC%98%AC%ED%95%B4-%EA%B5%AD%EB%AF%BC%EC%86%8C%EB%93%9D-4%EB%A7%8C-%EC%9C%A0%EB%A0%A5,https://wimg.sedaily.com/news/cms/2026/09/08/rcv.NEWS1.NEWS1.20260908.2026-09-08T100640_1008093845_FINANCE-STOCK_I_P1.jpg,1200,800,ok
https://ailens.sedaily.ai/markets/2026/09/08/2026-09-08-10%EB%8C%80-%EA%B7%B8%EB%A3%B9-2%EB%85%84%EA%B0%84-17-%EC%82%AC%EC%97%85-%EC%B2%98%EB%B6%84-%EB%AF%B8%EB%9E%98-%ED%88%AC%EC%9E%90%EB%B3%B4%EB%8B%A4-%EB%A6%AC%EB%B0%B8%EB%9F%B0%EC%8B%B1-%EC%B9%98%EC%9A%B0%EC%B3%90-%EC%8B%9C%EA%B7%B8%EB%84%90,https://wimg.sedaily.com/news/cms/2026/09/08/news-p.v1.20260103.87f7e906a3cc4b4bbeedbd567869e022_P1.jpg,1200,661,ok
https://ailens.sedaily.ai/news/2026/09/08/2026-09-08-%EB%B6%80%EC%8B%A4%EB%8C%80-2029%EB%85%84%EB%B6%80%ED%84%B0-%EC%9C%A0%ED%95%99%EC%83%9D-%EB%AA%BB-%EB%BD%91%EB%8A%94%EB%8B%A4,https://wimg.sedaily.com/news/cms/2026/09/08/news-p.v1.20260908.42dcbec8cbc64943895311a0b1190bb5_P1.jpg,500,305,ok
https://ailens.sedaily.ai/news/2026/09/08/2026-09-08-%EB%8B%A8%EB%8F%85-%EC%9D%98%EB%AC%B4%EA%B3%B5%EA%B0%9C%EB%A7%A4%EC%88%98-%EC%9C%84%EB%B0%98%EC%8B%9C-%EA%B0%95%EC%A0%9C%EB%A7%A4%EA%B0%81-%EC%A0%84%EC%B2%B4-%EC%A7%80%EB%B6%84-25-%EC%B4%88%EA%B3%BC%EB%B6%84-%EC%99%84%ED%99%94,https://wimg.sedaily.com/news/cms/2026/09/08/news-p.v1.20260908.081c91ea27ea4275b5ddf356dcb3fae0_P1.jpg,1200,727,ok
https://ailens.sedaily.ai/news/2026/09/08/2026-09-08-%EC%A3%BC-6%ED%9A%8C%EA%BC%B4-%EB%B3%91%EC%9B%90-%EA%B0%80%EB%A9%B4-%EB%B3%B8%EC%9D%B8%EB%B6%80%EB%8B%B4-90-%EB%82%B4%EB%85%84%EB%B6%80%ED%84%B0-%EA%B3%BC%EC%9E%89%EC%A7%84%EB%A3%8C-%EA%B4%80%EB%A6%AC-%EA%B0%95%ED%99%94,https://wimg.sedaily.com/news/cms/2026/09/08/news-p.v1.20260908.4c14814fafea4c68b6294be2b3835ac7_P1.jpg,1200,763,ok
https://ailens.sedaily.ai/industry/2026/09/08/2026-09-08-8000%EC%96%B5-%EB%B3%B4%EC%9E%A5-%ED%99%95%EB%8C%80-%ED%9D%AC%EA%B7%80-%EC%A4%91%EC%A6%9D%EB%82%9C%EC%B9%98-%EB%B6%80%EB%8B%B4-%EB%82%AE%EC%B6%98%EB%8B%A4,https://sedaily-mbti-cms-media-dev.s3.us-east-1.amazonaws.com/media/mustknow-auto/20088502-webtoon-cut001.png,1824,1248,ok
https://ailens.sedaily.ai/markets/2026/09/08/2026-09-08-%EC%84%B8%EA%B3%84%EB%8A%94-2%EC%A1%B0-%EB%A9%94%EA%B0%80%EB%94%9C-%EC%9D%80-%EB%B0%B8%EB%A5%98%EC%97%85%EB%A7%8C-%EC%8B%9C%EA%B7%B8%EB%84%90,https://wimg.sedaily.com/news/cms/2026/09/08/news-p.v1.20260908.0ce22f8116a74772a508a31e4d026017_P1.jpg,640,359,ok
https://ailens.sedaily.ai/industry/2026/09/08/2026-09-08-%ED%86%B5%ED%95%A9-%ED%95%9C%EC%9C%A0%EC%9B%90-%EA%B3%B5%EC%98%81%ED%99%88%EC%87%BC%ED%95%91-%EC%A4%91%EC%86%8C%EA%B8%B0%EC%97%85%EB%A7%88%EC%BC%80%ED%8C%85%EC%A7%84%ED%9D%A5%EA%B3%B5%EC%82%AC-%EB%90%9C%EB%8B%A4,https://wimg.sedaily.com/news/cms/2026/09/08/news-p.v1.20260908.8fd9bad6118f4f979217713304a89170_P1.jpg,1200,800,ok
https://ailens.sedaily.ai/industry/2026/09/08/2026-09-08-%EC%A0%90%EC%A3%BC-10-%EC%97%90-%ED%98%91%EC%9D%98%EA%B6%8C-%EA%B0%80%EB%A7%B9%EC%82%AC%EC%97%85%EB%B2%95-%EC%8B%9C%ED%96%89%EB%A0%B9-%EB%B3%B4%EC%99%84%ED%95%B4%EC%95%BC,https://wimg.sedaily.com/news/cms/2026/09/08/news-p.v1.20260908.e7eb6ceee0d641938e40a2061d6614cc_P1.jpg,1200,795,ok
https://ailens.sedaily.ai/industry/2026/09/08/2026-09-08-%EC%82%BC%EC%84%B1%EC%A0%84%EC%9E%90-%EC%9C%A0%EB%9F%BD-AI%EA%B8%B0%EC%97%85%EC%97%90-%EB%8C%80%EA%B7%9C%EB%AA%A8-%ED%88%AC%EC%9E%90-%EB%AF%B8%EC%8A%A4%ED%8A%B8%EB%9E%84-30%EC%96%B5%EC%9C%A0%EB%A1%9C-%EC%9C%A0%EC%B9%98,https://wimg.sedaily.com/news/cms/2026/09/08/news-p.v1.20260722.476e39ccf70a4c2e9326a7667d3b3144_P1.jpg,1200,720,ok
https://ailens.sedaily.ai/industry/2026/09/08/2026-09-08-%EB%8C%80%ED%95%9C%ED%95%AD%EA%B3%B5-%EC%A1%B0%EC%A2%85%EC%82%AC%EB%85%B8%EC%A1%B0-10%EB%85%84-%EB%A7%8C%EC%97%90-%ED%8C%8C%EC%97%85%ED%95%98%EB%82%98-%EC%95%84%EC%8B%9C%EC%95%84%EB%82%98%EC%99%80-%EC%84%9C%EC%97%B4-%EA%B0%88%EB%93%B1,https://wimg.sedaily.com/news/cms/2026/09/08/news-p.v1.20260908.402ab18833c2483a9ec7b6edf0f801e2_P1.jpg,1200,800,ok
https://ailens.sedaily.ai/markets/2026/09/08/2026-09-08-%EB%B0%B1%ED%99%94%EC%A0%90-%EB%8F%99%EB%B0%98-%EA%B0%95%EC%84%B8-%EC%9D%B8%EB%B0%94%EC%9A%B4%EB%93%9C-%EA%B3%A0%EA%B0%80%EC%86%8C%EB%B9%84%EC%97%90-%EC%97%B0%EB%A7%90-%EB%8D%94-%EC%A2%8B%EB%8B%A4,https://wimg.sedaily.com/news/cms/2026/09/08/news-p.v1.20260824.5cb38fa9147a4069808eae10a546c23a_P1.jpg,1200,638,ok
https://ailens.sedaily.ai/markets/2026/09/08/2026-09-08-%EC%82%BC%EC%A0%95KPMG-VC-%ED%88%AC%EC%9E%90-%ED%9A%8C%EB%B3%B5%EC%97%90-IPO-%EB%B9%84%EC%A4%91-%EC%8B%A4%EC%A0%81%EC%9D%B4-%EA%B4%80%EA%B1%B4-%EC%8B%9C%EA%B7%B8%EB%84%90,https://wimg.sedaily.com/news/cms/2026/09/08/news-p.v1.20260908.cf519b1cf9da412790db30fa0418af5a_P1.jpg,1160,1135,ok
https://ailens.sedaily.ai/markets/2026/09/08/2026-09-08-%EC%BD%94%EC%8A%A4%ED%94%BC-7000%EC%84%A0-%ED%83%88%ED%99%98-%EC%8B%A4%ED%8C%A8-%EC%9C%A0%EA%B0%80-%ED%86%B5%EC%83%81-%EB%A6%AC%EC%8A%A4%ED%81%AC%EC%97%90-6950%EC%84%A0-%EB%A7%88%EA%B0%90-%EB%A7%88%EC%BC%93%EC%8B%9C%EA%B7%B8%EB%84%90,https://wimg.sedaily.com/news/cms/2026/09/08/news-p.v1.20260908.13b2442303004f14835d0840e73ef970_P1.jpg,1200,730,ok
https://ailens.sedaily.ai/markets/2026/09/08/2026-09-08-%EA%B0%80%EC%82%B0%EA%B8%88%EB%A6%AC-3%EB%B6%84%EC%9D%98-1%ED%86%A0%EB%A7%89-%EA%B0%9C%EC%9D%B8%EC%9A%A9-%EA%B5%AD%EC%B1%84-%EB%84%89%EB%8B%AC-%EC%97%B0%EC%86%8D-%EC%B2%AD%EC%95%BD-%EB%AF%B8%EB%8B%AC%EB%90%98%EB%82%98-%EC%BD%94%EC%A3%BC%EB%B6%80,https://wimg.sedaily.com/news/cms/2026/09/08/news-p.v1.20260908.a9c68a8799e54326acd78e341c755bdf_P1.png,1200,382,ok
https://ailens.sedaily.ai/news/2026/09/08/2026-09-08-%EA%B5%90%EC%9C%A1%EB%B6%80-%EC%9C%A0%ED%95%99%EC%83%9D-%EC%9E%A5%EC%82%AC-%EC%A0%9C%EB%8F%99-%EA%B1%B4%EB%8B%A4-%EB%B6%80%EC%8B%A4%EB%8C%80%EB%8A%94-2029%EB%85%84%EB%B6%80%ED%84%B0-%EC%9C%A0%EC%B9%98-%EC%A0%9C%ED%95%9C,https://wimg.sedaily.com/news/cms/2026/09/08/news-p.v1.20260908.42dcbec8cbc64943895311a0b1190bb5_P1.jpg,500,305,ok
https://ailens.sedaily.ai/industry/2026/09/08/2026-09-08-%EA%B5%AD%EB%82%B4-%EC%9E%90%EB%8F%99%EC%B0%A8-%EC%97%85%EC%B2%B4-%EC%B6%94%EC%84%9D-%ED%8A%B9%EB%B3%84-%EB%AC%B4%EC%83%81%EC%A0%90%EA%B2%80-%EC%84%9C%EB%B9%84%EC%8A%A4-%EC%8B%A4%EC%8B%9C,https://wimg.sedaily.com/news/cms/2026/09/08/news-p.v1.20260908.45e8aa0c000940ec9dc7a43033d62842_P1.jpg,1200,800,ok
https://ailens.sedaily.ai/industry/2026/09/08/2026-09-08-%ED%8F%AC%EC%8A%A4%EC%BD%94-4800%EC%96%B5-%EB%93%A4%EC%97%AC-%EC%9E%90%EB%8F%99%EC%B0%A8%EC%9A%A9-%EB%8F%84%EA%B8%88%EA%B0%95%ED%8C%90-%EA%B3%B5%EC%9E%A5-%EC%A7%93%EB%8A%94%EB%8B%A4,https://wimg.sedaily.com/news/cms/2026/09/08/news-p.v1.20260617.a75010a05e734f11b7b7542c5cc79c12_P1.jpg,1200,480,ok
https://ailens.sedaily.ai/industry/2026/09/08/2026-09-08-%ED%95%9C%EA%B5%AD%EC%9D%B8%EB%93%A4-%ED%8E%B8%EC%9D%98%EC%A0%90%EC%84%9C-%EC%9B%94-10%EB%A7%8C%EC%9B%90-%EC%93%B4%EB%8B%A4-%ED%95%9C-%EB%B2%88%EC%97%90-6000%EC%9B%90%EC%94%A9-%EA%B8%81%EB%8D%94%EB%8B%88-4%EA%B0%9C%EC%82%AC-%EA%B2%B0%EC%A0%9C%EC%95%A1-3-7%EC%A1%B0,https://wimg.sedaily.com/news/cms/2026/09/08/news-p.v1.20260908.24d953c842b34d30b73f791927153138_P1.png,706,494,ok
https://ailens.sedaily.ai/industry/2026/09/08/2026-09-08-%ED%94%84%EB%9E%9C%EC%B0%A8%EC%9D%B4%EC%A6%88-10-%EC%A0%90%EC%A3%BC%EA%B0%80-%EC%A0%84%EC%B2%B4-%EB%8C%80%ED%91%9C%ED%95%98%EB%82%98-%ED%98%91%EC%9D%98-%EB%82%A8%EB%B0%9C-%EB%B6%84%EC%9F%81-%EB%B0%98%EB%B3%B5-%EC%9A%B0%EB%A0%A4,https://wimg.sedaily.com/news/cms/2026/09/08/news-p.v1.20260908.e7eb6ceee0d641938e40a2061d6614cc_P1.jpg,1200,795,ok
https://ailens.sedaily.ai/markets/2026/09/08/2026-09-08-%EB%B6%88%EB%B6%99%EC%9D%80-%ED%83%88%EB%AA%A8-%EC%8B%A0%EC%95%BD-%EA%B8%B0%EB%8C%80%EA%B0%90-7%EA%B1%B0%EB%9E%98%EC%9D%BC-%EC%83%88-60-%EB%84%98%EA%B2%8C-%EB%9B%B4-%ED%83%88%EB%AA%A8-%EC%9D%B4%EB%9F%B0%EA%B5%AD%EC%9E%A5-%EC%A0%80%EB%9F%B0%EC%A3%BC%EC%8B%9D,https://wimg.sedaily.com/news/cms/2026/09/08/news-p.v1.20260102.44fb83cd59e943fe84e11490a6a14a19_P1.jpg,640,427,ok
https://ailens.sedaily.ai/markets/2026/09/08/2026-09-08-%EC%95%84%EC%8A%A4%ED%8A%B8%EB%9D%BC-%EB%B0%98%EB%8F%84%EC%B2%B4-%ED%9B%88%ED%92%8D-%EC%9D%B4%EC%96%B4%EC%A7%80%EB%82%98-%EC%BD%94%EC%8A%A4%ED%94%BC-7000%EC%84%A0-%ED%9A%8C%EB%B3%B5-%EB%A7%88%EC%BC%93%EC%8B%9C%EA%B7%B8%EB%84%90,https://wimg.sedaily.com/news/cms/2026/09/08/rcv.NEWS1.NEWS1.20260908.2026-09-08T091458_1008093644_FINANCE-STOCK_I_P1.jpg,1200,748,ok
https://ailens.sedaily.ai/markets/2026/09/08/2026-09-08-%EC%9D%B4%EB%9F%AC%EB%8B%A4-%ED%95%9C%EA%B5%AD%EC%B2%98%EB%9F%BC-%EB%90%A0%EB%9D%BC-%EB%B9%9A%EB%82%B4%EC%84%9C-%EC%A3%BC%EC%8B%9D-%EC%83%80%EB%8B%A4%EA%B0%80-%EC%99%80%EB%A5%B4%EB%A5%B4-%EB%8F%84-%EB%B9%9A%ED%88%AC-%ED%8F%AD%ED%83%84-%EA%B2%BD%EA%B3%A0%EB%93%B1,https://wimg.sedaily.com/news/cms/2026/09/08/news-p.v1.20260908.dc1693dee88c44d8aae42d31006b653a_P1.jpg,1200,800,ok
https://ailens.sedaily.ai/markets/2026/09/08/2026-09-08-19%EB%85%84-%EB%A7%8C%EC%97%90-%EC%84%9C%EC%9A%B8-%EC%B0%BE%EC%9D%80-%EC%84%B8%EA%B3%84%ED%8F%90%EC%95%94%ED%95%99%ED%9A%8C-%EB%A3%A8%EB%8B%9B-%EC%9C%A0%ED%95%9C-%EB%93%B1-%EC%B6%9C%EA%B2%A9,https://wimg.sedaily.com/news/cms/2026/09/08/news-p.v1.20260908.24b82c837ec9491b93c45d2965336b41_P1.png,1200,326,ok
https://ailens.sedaily.ai/international/2026/09/08/2026-09-08-GDP-%EB%94%94%ED%94%8C%EB%A0%88%EC%9D%B4%ED%84%B0-21-9-45%EB%85%84-%EB%A7%8C%EC%97%90-%EC%B5%9C%EA%B3%A0-%EB%AA%85%EB%AA%A9-GDP-26-4,https://wimg.sedaily.com/news/cms/2026/09/08/rcv.YNA.20260906.PYH2026090603560006100_P1.jpg,1200,794,ok
https://ailens.sedaily.ai/culture/2026/09/08/2026-09-08-%EA%B1%B4%EB%B3%B4%EB%A3%8C-%EB%98%90-%EC%98%A4%EB%A5%B4%EB%82%98-%EC%9D%98%ED%98%91-%EB%8F%99%EA%B2%B0-%EC%95%88%EB%8F%BC-vs-%EC%84%9C%EB%AF%BC-%EC%9D%B8%EC%83%81-%EB%B6%88%EA%B0%80,https://wimg.sedaily.com/news/cms/2026/09/08/rcv.YNA.20260811.PYH2026081106260001300_P1.jpg,1200,1566,ok
https://ailens.sedaily.ai/industry/2026/09/08/2026-09-08-HMM-%EB%B8%8C%EB%9D%BC%EC%A7%88-%EA%B4%91%EC%82%B0%EC%97%85%EC%B2%B4%EC%99%80-4-7%EC%A1%B0-%EC%9E%A5%EA%B8%B0%EC%9A%B4%EC%86%A1%EA%B3%84%EC%95%BD,https://wimg.sedaily.com/news/cms/2026/09/08/news-p.v1.20260908.65f0fa53abbe44cc943e996aef97f911_P1.jpg,1200,638,ok
https://ailens.sedaily.ai/industry/2026/09/08/2026-09-08-%EB%A1%AF%EB%8D%B0%EC%8A%88%ED%8D%BC%EB%8F%84-1%EC%8B%9C%EA%B0%84-%EB%B0%B0%EC%86%A1-%EC%B0%B8%EC%A0%84-SSM-%ED%80%B5%EC%BB%A4%EB%A8%B8%EC%8A%A4-%EA%B2%BD%EC%9F%81-%ED%99%95%EC%82%B0,https://wimg.sedaily.com/news/cms/2026/09/07/news-p.v1.20260907.78ea0e6f06824b8db6907fbd9c40b07a_P1.jpg,1200,800,ok
https://ailens.sedaily.ai/industry/2026/09/08/2026-09-08-%EC%9E%98-%EB%82%98%EA%B0%80%EB%8A%94-K%EB%B7%B0%ED%8B%B0%EC%97%90-%EC%98%AC%EB%9D%BC%ED%83%80%EC%9E%90-%EA%B8%80%EB%A1%9C%EB%B2%8C-%ED%99%94%EC%9E%A5%ED%92%88-%EC%9C%A0%ED%86%B5%EC%B1%84%EB%84%90%EB%8F%84-K%EB%B7%B0%ED%8B%B0-%EB%A7%88%EC%BC%80%ED%8C%85,https://wimg.sedaily.com/news/cms/2026/09/07/news-p.v1.20260907.5409111180de4bedb81c3c7463a4d826_P1.jpg,1024,683,ok
https://ailens.sedaily.ai/industry/2026/09/08/2026-09-08-6%EC%96%B5-%EC%84%B1%EA%B3%BC%EA%B8%89%EC%97%90-70%EB%A7%8C%EC%9B%90-%EC%A3%BC%EA%B1%B0%EB%B9%84%EA%B9%8C%EC%A7%80-%EC%82%BC%EC%84%B1%EC%A0%84%EC%9E%90-%EB%B6%80%EC%A0%95%EC%88%98%EA%B8%89-%EC%9D%98%ED%98%B9-%EC%A1%B0%EC%82%AC-%EC%B0%A9%EC%88%98,https://wimg.sedaily.com/news/cms/2026/09/08/news-p.v1.20260902.ae28a9da4bda4d228d199e758a74af47_P1.png,620,447,ok
https://ailens.sedaily.ai/markets/2026/09/08/2026-09-08-%EC%83%81%ED%8F%90-%EC%95%9E%EB%91%94-%EC%B9%B4%ED%94%84%EB%A1%9C-%EC%A0%95%EB%A6%AC%EB%A7%A4%EB%A7%A4-%EC%B2%AB%EB%82%A0-90-%EB%8C%80-%ED%8F%AD%EB%9D%BD-%EC%BD%94%EC%A3%BC%EB%B6%80,https://wimg.sedaily.com/news/cms/2026/09/08/news-p.v1.20260908.654cfdf118234d928cfc65b4ae0eb4c8_P1.jpg,960,283,ok
https://ailens.sedaily.ai/markets/2026/09/08/2026-09-08-%EC%98%81%ED%92%8D-MBK-%EA%B3%A0%EB%A0%A4%EC%95%84%EC%97%B0-%ED%88%AC%EC%9E%90-%EC%97%94%ED%84%B0-%EC%86%90%EC%8B%A4-%EA%B7%9C%EB%AA%A8-290%EC%96%B5-390%EC%96%B5-%EC%8B%9C%EA%B7%B8%EB%84%90,https://wimg.sedaily.com/news/cms/2026/09/08/news-p.v1.20260908.243a54b04c534484a026332dab579566_P1.jpg,860,307,ok
https://ailens.sedaily.ai/markets/2026/09/08/2026-09-08-%EB%8C%80%EB%AF%B8%ED%88%AC%EC%9E%90-1200%EC%96%B5-%EC%9B%90%EC%A0%84-%EA%B8%B0%EB%8C%80%EC%97%90-%ED%95%9C%EC%A0%84%EA%B8%B0%EC%88%A0-12-%ED%95%9C%EC%A0%84-3-%EC%9D%B4%EB%9F%B0%EA%B5%AD%EC%9E%A5-%EC%A0%80%EB%9F%B0%EC%A3%BC%EC%8B%9D,https://wimg.sedaily.com/news/cms/2026/09/08/news-p.v1.20260127.2afe2402342c409cab63b8a64647336e_P1.jpg,1200,800,ok
https://ailens.sedaily.ai/markets/2026/09/08/2026-09-08-%EC%86%8D%EB%B3%B4-%EC%BD%94%EC%8A%A4%ED%94%BC-%EC%9E%A5%EC%A4%91-7000%EC%84%A0-%EB%8F%8C%ED%8C%8C-15%EA%B1%B0%EB%9E%98%EC%9D%BC-%EB%A7%8C,https://wimg.sedaily.com/news/cms/2026/09/08/news-p.v1.20260903.1891a405fd3b41cbb7a844264b04c3b3_P1.jpg,640,360,ok
https://ailens.sedaily.ai/news/2026/09/08/2026-09-08-%EC%82%AC%EC%84%A4-%EB%8C%80%EB%AF%B8%ED%88%AC%EC%9E%90-1%ED%98%B8-%ED%99%95%EC%A0%95-%ED%95%9C%EB%AF%B8-%ED%86%B5%EC%83%81-%EC%95%88%EB%B3%B4-%EC%8B%A4%ED%83%80%EB%9E%98-%ED%92%80-%EC%A0%84%EA%B8%B0-%EB%90%98%EA%B8%B8,https://wimg.sedaily.com/news/cms/2026/09/07/rcv.YNA.20260907.PYH2026090709380001300_P1.jpg,1200,819,ok
https://ailens.sedaily.ai/international/2026/09/08/2026-09-08-%ED%99%98%EC%9C%A8-%EC%B6%94%EA%B0%80%ED%95%98%EB%9D%BD-%EC%A0%84%EB%A7%9D%EC%97%90-%EC%97%B0%EC%87%84-%EB%8B%AC%EB%9F%AC-%EB%A7%A4%EB%8F%84-Pick%EC%BD%94%EB%85%B8%EB%AF%B8,https://wimg.sedaily.com/news/cms/2026/09/07/news-p.v1.20260907.92ee668e967f49768c585ebf307a07f3_P1.jpg,1200,461,ok
https://ailens.sedaily.ai/news/2026/09/08/2026-09-08-%EB%AF%B8%EA%B5%AD%EC%97%90-%EC%9B%90%EC%A0%84-8%EA%B8%B0-%EA%B1%B4%EC%84%A4-1%ED%98%B8-%ED%94%84%EB%A1%9C%EC%A0%9D%ED%8A%B8%EB%8A%94-LNG%EB%B0%9C%EC%A0%84-Pick%EC%BD%94%EB%85%B8%EB%AF%B8,https://wimg.sedaily.com/news/cms/2026/09/07/rcv.YNA.20260901.PYH2026090104620001301_P1.jpg,1200,816,ok
https://ailens.sedaily.ai/industry/2026/09/08/2026-09-08-%ED%94%84%EB%A6%AC%EB%AF%B8%EC%97%84TV-%EC%8B%9C%EC%9E%A5-%EC%A5%94-%EC%82%BC%EC%84%B1-LG%EB%94%94%EC%8A%A4%ED%94%8C%EB%A0%88%EC%9D%B4-%EC%86%8C%EB%8B%88%EC%97%90-OLED-%ED%8C%A8%EB%84%90-%EA%B3%B5%EA%B8%89,https://wimg.sedaily.com/news/cms/2026/09/07/news-p.v1.20260907.4b7d3e0e85ab4f00a742fb83c7c75626_P1.png,1200,847,ok
https://ailens.sedaily.ai/industry/2026/09/08/2026-09-08-CAR-T-%EB%B6%80%EC%9E%91%EC%9A%A9%EC%97%90-%EC%9E%84%EC%83%81%EC%A4%91%EB%8B%A8-%EB%A9%B4%EC%97%AD%EB%B0%98%EC%9D%91-%EC%A0%9C%EC%96%B4-%ED%94%8C%EB%9E%AB%ED%8F%BC%EC%97%90-%EC%A3%BC%EB%AA%A9,https://wimg.sedaily.com/news/cms/2026/09/07/news-p.v1.20260907.b350d5142a7347f7a1ff9e94d64381f7_P1.jpg,1200,633,ok
https://ailens.sedaily.ai/industry/2026/09/08/2026-09-08-%EC%82%BC%EC%84%B1-%ED%9C%B4%EB%A8%B8%EB%85%B8%EC%9D%B4%EB%93%9C-%EA%B0%9C%EB%B0%9C-%EC%A7%84%EC%9A%A9-%EA%B0%96%EC%B7%84%EB%8B%A4-%EB%82%B4%EB%85%84-CES-%EC%B6%9C%EA%B2%A9-biz-%ED%94%8C%EB%9F%AC%EC%8A%A4,https://wimg.sedaily.com/news/cms/2026/09/08/news-p.v1.20260908.31c16bb7dade4fedad9fa92bcffa1066_P1.jpg,1200,763,ok
https://ailens.sedaily.ai/industry/2026/09/08/2026-09-08-K-%EB%B8%8C%EB%9E%9C%EB%93%9C-%ED%95%B4%EC%99%B8-%EC%B6%9C%EA%B2%A9-%EC%A4%91%EA%B8%B0%EB%B6%80-188%EA%B0%9C-%EA%B8%B0%EC%97%85-%EC%88%98%EC%B6%9C-%EC%A7%80%EC%9B%90,https://wimg.sedaily.com/news/cms/2026/09/07/news-p.v1.20260907.e7af7a4df76a47aea58d15953d9b8aa5_P1.jpg,1200,900,ok
https://ailens.sedaily.ai/markets/2026/09/08/2026-09-08-%EC%BD%94%EC%8A%A4%ED%94%BC-7000%EC%84%A0-%EB%8B%A4%EC%8B%9C-%EB%84%98%EB%B3%B4%EB%8A%94%EB%8D%B0-%EC%A6%9D%EA%B6%8C%EC%82%AC%EB%8A%94-%EC%9A%B8%EC%83%81-%EC%BD%94%EC%A3%BC%EB%B6%80,https://wimg.sedaily.com/news/cms/2026/09/07/rcv.YNA.20260907.PYH2026090718530001300_P1.jpg,1200,701,ok
https://ailens.sedaily.ai/finance/2026/09/08/2026-09-08-%EB%8B%A8%EB%8F%85-%EC%83%9D%EB%B3%B4-%EB%B9%854-%EC%98%AC%ED%95%B4-%EA%B5%AD%EA%B3%B5%EC%B1%84-%ED%88%AC%EC%9E%90-14%EC%A1%B0-%EC%A4%84%EC%98%80%EB%8B%A4,https://wimg.sedaily.com/news/cms/2026/09/07/news-p.v1.20260904.b24f46b7d4a44f5ba1ee6512ca92e63b_P1.png,600,396,ok
https://ailens.sedaily.ai/industry/2026/09/08/2026-09-07-%EC%9C%A0%ED%95%9C%EC%96%91%ED%96%89-%EB%85%B8%EB%B0%94%ED%8B%B0%EC%8A%A4-%EB%91%90%EB%93%9C%EB%9F%AC%EA%B8%B0%EC%95%BD-%EB%9E%A9%EC%8B%9C%EB%8F%84-%EA%B5%AD%EB%82%B4-%EC%9C%A0%ED%86%B5-%EB%A7%A1%EB%8A%94%EB%8B%A4,https://wimg.sedaily.com/news/cms/2026/09/07/news-p.v1.20260907.f2201d4f4945486f9be0ab10437904d1_P1.jpg,1000,667,ok
https://ailens.sedaily.ai/industry/2026/09/08/2026-09-07-%EB%A1%AF%EB%8D%B0%EC%8A%88%ED%8D%BC%EB%8F%84-%EC%B0%B8%EC%A0%84-%ED%8C%90-%EC%BB%A4%EC%A7%80%EB%8A%94-SSM-%ED%80%B5%EC%BB%A4%EB%A8%B8%EC%8A%A4,https://wimg.sedaily.com/news/cms/2026/09/07/news-p.v1.20260907.98902634a3744bb2a662055065b48189_P1.jpg,1200,800,ok
https://ailens.sedaily.ai/industry/2026/09/08/2026-09-07-%EC%85%80%ED%8A%B8%EB%A6%AC%EC%98%A8-%ED%82%A4%ED%8A%B8%EB%A3%A8%EB%8B%A4-%EC%A0%95%EC%A1%B0%EC%A4%80-FDA%EC%84%9C-%EC%8B%9C%EB%B0%80%EB%9F%AC-3%EC%83%81-%EC%8A%B9%EC%9D%B8,https://wimg.sedaily.com/news/cms/2026/09/07/news-p.v1.20260907.7b1b220169ac4537b4e0d0a66b7f330b_P1.jpeg,512,512,ok
https://ailens.sedaily.ai/industry/2026/09/08/2026-09-07-%EC%84%B8%EA%B3%84%EB%A1%9C-%EB%BB%97%EB%8A%94-K%EB%B7%B0%ED%8B%B0-%EA%B7%9C%EC%A0%9C-%ED%98%91%EB%A0%A5%EB%8F%84-%EC%86%8D%EB%8F%84-12%EA%B0%9C%EA%B5%AD-%ED%95%9C%EC%9E%90%EB%A6%AC%EC%97%90,https://wimg.sedaily.com/news/cms/2026/09/07/news-p.v1.20260907.fb312cda18ac46159ced74db5eed641a_P1.jpg,1200,800,ok
https://ailens.sedaily.ai/markets/2026/09/07/2026-09-07-CJ%EC%A0%9C%EC%9D%BC%EC%A0%9C%EB%8B%B9-%EC%A0%84%EB%B6%84%EB%8B%B9-%EB%AA%B8%EA%B0%92-1000%EC%96%B5-%EB%82%AE%EC%B6%B0-%ED%8C%90%EB%8B%A4-%EC%8B%9C%EA%B7%B8%EB%84%90,https://wimg.sedaily.com/news/cms/2026/09/07/news-p.v1.20260907.38b986e9e3b44a8ebd9b05a4bd5c2d5d_P1.jpg,1017,470,ok
https://ailens.sedaily.ai/news/2026/09/07/2026-09-07-%EC%97%90-%EC%9B%90%EC%A0%84-8%EA%B8%B0-%EA%B1%B4%EC%84%A4-%EB%8C%80%EB%AF%B8%ED%88%AC%EC%9E%90-1%ED%98%B8%EB%8A%94-LNG-%EB%B0%9C%EC%A0%84%EC%86%8C,https://wimg.sedaily.com/news/cms/2026/09/07/news-p.v1.20260907.4cb1cd4410594007b5b99a48e49278c2_P1.jpeg,1200,800,ok
https://ailens.sedaily.ai/markets/2026/09/07/2026-09-07-%ED%88%AC%EC%9E%90%EC%9D%98-%EC%B0%BD-%EB%B0%B0%ED%84%B0%EB%A6%AC%EC%9D%98-%EB%8B%A4%EC%9D%8C-%EC%8A%B9%EB%B6%80%EC%B2%98,https://wimg.sedaily.com/news/cms/2026/09/07/news-p.v1.20260904.830554b1ffce4b3f9b38ae8232272379_P1.jpg,316,381,ok
https://ailens.sedaily.ai/markets/2026/09/07/2026-09-07-270%EB%A7%8C%EC%9B%90-%EB%84%A3%EC%97%88%EB%8A%94%EB%8D%B0-60%EC%96%B5%EC%9B%90-%EB%90%90%EB%8B%A4-14%EB%85%84-%EB%A7%8C%EC%97%90-%EB%90%98%EC%B0%BE%EC%9D%80-%EB%B9%84%ED%8A%B8%EC%BD%94%EC%9D%B8-%EC%B4%88%EB%8C%80%EB%B0%95,https://wimg.sedaily.com/news/cms/2026/09/07/news-p.v1.20260907.4a9be2d4b0a04cc2a520d502fcc24b53_P1.jpg,1200,629,ok
https://ailens.sedaily.ai/markets/2026/09/07/2026-09-07-%EA%B5%AD%EB%AF%BC%EC%97%B0%EA%B8%88-%EA%B0%80%EC%A0%90-%EB%B0%9B%EC%9E%90-%EC%A0%84%EC%A3%BC%ED%96%89-%EC%A4%84%EC%9E%87%EC%A7%80%EB%A7%8C-%EC%9A%B4%EC%9A%A9%EC%82%AC-%EC%82%AC%EB%AC%B4%EC%8B%A4%EC%9D%80-%ED%85%85%ED%85%85,https://wimg.sedaily.com/news/cms/2026/09/07/news-p.v1.20260907.eb081490ec5b4343b9b45eb75b78d471_P1.png,620,464,ok
https://ailens.sedaily.ai/culture/2026/09/07/2026-09-07-%EB%8C%80%ED%86%B5%EB%A0%B9-5%EB%85%84%EA%B0%84-%EC%98%81%ED%99%94-%EC%98%81%EC%83%81%EC%82%B0%EC%97%85%EC%97%90-8000%EC%96%B5%EC%94%A9-%ED%88%AC%EC%9E%90-%EB%A4%BC%EB%AF%B8%EC%97%90%EB%A5%B4-%EC%84%A0%EC%96%B8-%EC%B1%84%ED%83%9D,https://wimg.sedaily.com/news/cms/2026/09/07/rcv.YNA.20260907.PYH2026090722530001300_P1.jpg,1200,781,ok
https://ailens.sedaily.ai/news/2026/09/07/2026-09-07-%EC%B4%88%EB%8C%80-%EC%A4%91%EC%88%98%EC%B2%AD%EC%9E%A5-%ED%9B%84%EB%B3%B4%EC%97%90-%EC%B6%9C%EC%8B%A0-%EA%B9%80%EC%A7%80%EC%9A%A9,https://wimg.sedaily.com/news/cms/2026/09/07/rcv.NEWS1.NEWS1.20260907.2026-09-07T160512_1008092758_SOCIETY_I_P2.jpg,500,643,ok
https://ailens.sedaily.ai/industry/2026/09/07/2026-09-07-%EC%9B%A8%EC%9D%B4%EB%AA%A8-%ED%95%9C%EA%B5%AD%EC%97%90-%EC%A7%84%EC%B6%9C%ED%95%98%EA%B3%A0-%EC%8B%B6%EB%8B%A4-%EC%95%84%EC%9D%B4%EC%98%A4%EB%8B%895-%EC%9A%B4%ED%96%89-%EA%B2%80%EC%A6%9D,https://wimg.sedaily.com/news/cms/2026/09/07/news-p.v1.20260907.2bfc15a2743c4c52b16e8c3535f73883_P1.jpg,860,439,ok
https://ailens.sedaily.ai/property/2026/09/07/2026-09-07-%EB%B3%B4%EC%A6%9D%EA%B8%88-%EB%96%BC%EB%A8%B9%EC%9D%80-%EC%9E%84%EB%8C%80%EC%9D%B8-HUG-%EB%93%B1-%EC%A0%84%EC%84%B8%EB%B3%B4%EC%A6%9D-%EA%B0%80%EC%9E%85-%EB%A7%89%ED%9E%8C%EB%8B%A4,https://sedaily-mbti-cms-media-dev.s3.us-east-1.amazonaws.com/media/mustknow-auto/20088102-webtoon-cut001.png,1824,1248,ok
https://ailens.sedaily.ai/industry/2026/09/07/2026-09-07-%EC%95%A0%ED%94%8C-%EC%B0%B8%EC%A0%84%EC%97%90-%EA%B8%89%EC%84%B1%EC%9E%A5-%ED%8F%B4%EB%8D%94%EB%B8%94%ED%8F%B0-%EB%88%84%EC%A0%81-1%EC%96%B5%EB%8C%80-%ED%8C%94%EB%A6%B0%EB%8B%A4,https://wimg.sedaily.com/news/cms/2026/09/07/news-p.v1.20260907.73f40960c76747d3807dee5b2c04d22c_P1.png,1200,618,ok
https://ailens.sedaily.ai/industry/2026/09/07/2026-09-07-%ED%95%9C%ED%99%94-K9-%EC%9D%B4%EC%96%B4-%EB%8B%A4%EC%B8%B5-%EB%B0%A9%EA%B3%B5%EB%A7%9D-%EC%9C%A0%EB%9F%BD-%EC%88%98%EC%B6%9C-%EC%B6%94%EC%A7%84,https://wimg.sedaily.com/news/cms/2026/09/07/news-p.v1.20260907.14b13c5218194b829f053f08f71be4f8_P1.jpg,1200,675,ok
https://ailens.sedaily.ai/international/2026/09/07/2026-09-07-%ED%99%98%EC%9C%A8-%EC%97%B0%EC%A4%91-%EC%B5%9C%EC%A0%80%EC%A0%90-%ED%84%B0%EC%B9%98-%EA%B5%AD%EB%AF%BC%EC%97%B0%EA%B8%88-%ED%99%98%ED%97%A4%EC%A7%80-%EC%A4%91%EB%8B%A8,https://wimg.sedaily.com/news/cms/2026/09/07/rcv.YNA.20260907.PYH2026090703500001300_P1.jpg,1200,838,ok
https://ailens.sedaily.ai/industry/2026/09/07/2026-09-07-%EB%AC%B4%EC%8B%A0%EC%82%AC-%EC%83%81%EC%9E%A5-%EC%98%88%EB%B9%84%EC%8B%AC%EC%82%AC-%EC%B2%AD%EA%B5%AC,https://wimg.sedaily.com/news/cms/2026/09/07/news-p.v1.20260907.b7c287f8bf0744b4a3d42d9be19c5233_P1.png,520,342,ok
https://ailens.sedaily.ai/news/2026/09/07/2026-09-07-%EC%9D%B4%EB%9E%80-%EC%95%95%EB%B0%95%EC%97%90-%EB%B0%98%EB%8C%80%EB%A1%A0-%ED%98%B8%EB%A5%B4%EB%AC%B4%EC%A6%88-%ED%8C%8C%EB%B3%91-%EC%85%88%EB%B2%95-%EB%B3%B5%EC%9E%A1%ED%95%B4%EC%A7%84-%EC%A0%95%EB%B6%80,https://wimg.sedaily.com/news/cms/2026/09/07/rcv.YNA.20260904.PYH2026090408520001300_P1.jpg,1200,648,ok
https://ailens.sedaily.ai/markets/2026/09/07/2026-09-07-%EB%B9%84%EC%83%81%EC%9E%A5%EC%A3%BC%EC%8B%9D-%EC%82%AC%EA%B8%B0-%EC%95%88-%EB%8B%B9%ED%95%98%EB%A0%A4%EB%A9%B4-%EB%8B%A4%ED%8A%B8-%EB%B6%80%ED%84%B0-%EC%97%B4%EC%96%B4-%EA%B2%80%EC%83%89%ED%95%B4%EB%B4%90%EC%95%BC,https://wimg.sedaily.com/news/cms/2026/09/07/news-p.v1.20260907.64492470a6a14aab83efb587d3e1d9c9_P1.png,600,400,ok
https://ailens.sedaily.ai/news/2026/09/07/2026-09-07-%EC%B0%B8%EC%A0%95%EA%B6%8C-%EB%B3%B4%ED%98%B8-%EB%A7%89%EC%A4%91%ED%95%9C-%EC%B1%85%EC%9E%84%EA%B0%90-%EC%84%A0%EA%B4%80%EC%9C%84-12%EA%B0%9C-%EC%9D%98%ED%98%B9-%EC%9B%90%EC%A0%90-%EC%88%98%EC%82%AC,https://wimg.sedaily.com/news/cms/2026/09/07/news-p.v1.20260907.37e3568f659b47739a02a213f823a8a9_P1.jpg,1200,740,ok
https://ailens.sedaily.ai/markets/2026/09/07/2026-09-07-%EC%A3%BC%EA%B0%80-78-%EB%96%A8%EC%96%B4%EC%A7%80%EB%8D%94%EB%8B%88-%EA%B2%B0%EA%B5%AD-%ED%87%B4%EC%B6%9C-18%EB%85%84-%EB%A7%8C%EC%97%90-%EC%B0%A8%ED%8A%B8-%EC%95%84%EC%9B%83-%EB%90%9C-%EC%8A%A4%ED%8F%AC%EC%B8%A0-%EC%A0%9C%EA%B5%AD-%EB%82%98%EC%9D%B4%ED%82%A4,https://wimg.sedaily.com/news/cms/2026/09/07/news-p.v1.20260907.5c9dda433bcf44988fbba0f067101c16_P1.png,1163,718,ok
https://ailens.sedaily.ai/finance/2026/09/07/2026-09-07-%EB%8B%A8%EB%8F%85-%EC%BA%A0%EC%BD%94-%EC%98%AC%ED%95%B4-%EB%B6%80%EC%B1%84%EB%B9%84%EC%9C%A8-350-%EC%9E%87%EB%8B%A8-%EB%B9%9A%ED%83%95%EA%B0%90%EC%97%90-%EA%B1%B4%EC%A0%84%EC%84%B1-%EB%B9%A8%EA%B0%84%EB%B6%88,https://wimg.sedaily.com/news/cms/2026/09/07/ams.001.photo.202609061545266615966850_P1.jpg,1200,830,ok
https://ailens.sedaily.ai/markets/2026/09/07/2026-09-07-%EB%AA%85%EB%A0%B9%EC%96%B4-%EB%AA%87-%EA%B0%9C%EB%A9%B4-45%EB%B6%84%EB%A7%8C%EC%97%90-3D%EA%B2%8C%EC%9E%84-%EC%99%84%EC%84%B1-%EC%95%84%EC%8A%A4%ED%8A%B8%EB%9D%BC-%EB%AA%A8%EB%A9%98%ED%8A%B8-%EC%98%A8%EB%8B%A4,https://wimg.sedaily.com/news/cms/2026/09/07/news-p.v1.20260907.d858f3d5bbcb441380f86b2bf4f65f9d_P1.jpg,1200,800,ok
https://ailens.sedaily.ai/markets/2026/09/07/2026-09-07-%EA%B5%AD%EB%AF%BC%EC%97%B0%EA%B8%88-%EA%B3%A0%EB%A0%A4%EC%95%84%EC%97%B0-%EC%A3%BC%EC%B4%9D%EC%84%9C-%EC%A4%91%EB%A6%BD-%ED%91%9C-%EB%8D%98%EC%A7%84%EB%8B%A4-%EA%B0%90%EC%82%AC%EC%9C%84%EC%9B%90-%EB%AA%A8%EB%91%90-%EC%B0%AC%EC%84%B1-%EC%8B%9C%EA%B7%B8%EB%84%90,https://wimg.sedaily.com/news/cms/2026/09/07/news-p.v1.20260907.1e29a4a4f56249c3917cca182812106f_P1.jpg,860,575,ok
https://ailens.sedaily.ai/news/2026/09/07/2026-09-07-%EC%95%95%EB%B0%95%EC%97%90-LNG%EB%B0%9C%EC%A0%84%EC%86%8C-%ED%88%AC%EC%9E%90%EA%B8%88-%EC%A6%9D%EC%95%A1-%EC%9B%90%EC%A0%84%EB%8F%84-%ED%8C%A8%ED%82%A4%EC%A7%80-%ED%8F%AC%ED%95%A8%EB%90%A0-%EB%93%AF,https://wimg.sedaily.com/news/cms/2026/09/07/rcv.NEWS1.NEWS1.20260907.2026-09-07T124342_1008091963_POLITICS_I_P1.jpg,1200,800,ok
https://ailens.sedaily.ai/international/2026/09/07/2026-09-07-%ED%99%98%EC%9C%A8-%EC%B6%94%EA%B0%80%ED%95%98%EB%9D%BD-%EC%A0%84%EB%A7%9D%EC%97%90-%EB%8F%84%EB%AF%B8%EB%85%B8-%EB%8B%AC%EB%9F%AC-%EB%A7%A4%EB%8F%84-%EB%8B%B9%EA%B5%AD-%EB%8B%B9%EB%B6%84%EA%B0%84-%EC%86%8D%EB%8F%84%EC%A1%B0%EC%A0%88,https://wimg.sedaily.com/news/cms/2026/09/07/news-p.v1.20260907.0f92570f1a094058ad77d2f1f288c116_P1.jpg,1200,498,ok
https://ailens.sedaily.ai/markets/2026/09/07/2026-09-07-%EA%B3%A0%EB%A0%A4%EC%95%84%EC%97%B0-%EC%A3%BC%EC%B4%9D-%EC%95%9E%EB%91%90%EA%B3%A0-3-%EB%A3%B0-%EB%8F%99%EC%83%81%EC%9D%B4%EB%AA%BD-%ED%95%9C%ED%99%94-%EC%B5%9C%EB%8C%80-%ED%91%9C%EC%8B%AC-%EB%B6%80%EC%83%81-%EC%8B%9C%EA%B7%B8%EB%84%90,https://wimg.sedaily.com/news/cms/2026/09/07/news-p.v1.20260907.b192ac68c4964537beb46697e675382c_P1.jpg,860,575,ok
https://ailens.sedaily.ai/industry/2026/09/07/2026-09-07-%EB%8C%80%ED%86%B5%EB%A0%B9%EB%8F%84-%EC%A7%80%EC%A0%81%ED%95%9C-%EB%B0%B0%EB%8B%AC%EC%95%B1-%EC%8B%9C%EC%9E%A5-%EC%9A%94%EA%B8%B0%EC%9A%94-%EB%A7%A4%EA%B0%81-%EC%8B%A0%ED%98%B8%ED%83%84-%EB%90%98%EB%82%98-%EC%8B%9C%EA%B7%B8%EB%84%90,https://wimg.sedaily.com/news/cms/2026/09/07/news-p.v1.20260907.e77176f3d6394cffb65193d94b4e12f1_P1.jpg,720,504,ok
https://ailens.sedaily.ai/industry/2026/09/07/2026-09-07-%EC%82%BC%EC%84%B1-70%EB%85%84-%EC%A0%84%ED%86%B5-%EA%B3%B5%EC%B1%84-%EC%8A%A4%ED%83%80%ED%8A%B8-%EB%B0%98%EB%8F%84%EC%B2%B4-AI-%ED%86%B5%ED%95%A9%ED%98%95-%EC%9D%B8%EC%9E%AC-%ED%99%95%EB%B3%B4,https://wimg.sedaily.com/news/cms/2026/09/07/news-p.v1.20260907.a9cd1309b5f445829312277c880f9369_P1.jpg,1000,667,ok
https://ailens.sedaily.ai/industry/2026/09/07/2026-09-07-%EC%96%B5%EB%8C%80-%EC%97%B0%EB%B4%89-%EC%9E%90%EC%82%AC%EC%A3%BC%EA%B9%8C%EC%A7%80-%EC%99%B8%EA%B5%AD%EA%B3%84-%EB%B0%98%EB%8F%84%EC%B2%B4-K%EC%9D%B8%EC%9E%AC-%EC%9F%81%ED%83%88%EC%A0%84,https://wimg.sedaily.com/news/cms/2026/09/07/news-p.v1.20260901.2a92ffd445f04a5a980fdbbd0c9f2f7c_P1.png,1200,831,ok
https://ailens.sedaily.ai/industry/2026/09/07/2026-09-07-%EB%8B%A8%EB%8F%85-%EC%82%BC%EC%84%B1-%ED%9C%B4%EB%A8%B8%EB%85%B8%EC%9D%B4%EB%93%9C-%EB%82%B4%EB%85%84-CES%EC%84%9C-%EC%B2%AB%EC%84%A0,https://wimg.sedaily.com/news/cms/2026/09/07/news-p.v1.20260907.776dae82d419469484fc512f4100968f_P1.jpg,1200,800,ok
https://ailens.sedaily.ai/industry/2026/09/07/2026-09-07-%EC%84%A4%EA%B3%84%EB%B6%80%ED%84%B0-AI-%EC%8B%AC%EC%96%B4-%EC%82%BC%EC%84%B1%EB%B4%87-%EA%B0%9C%EB%B0%9C-%EB%8B%A8%EC%B6%95-2034%EB%85%84-222%EC%A1%B0-%EC%8B%9C%EC%9E%A5-%EC%A3%BC%EB%8F%84%EA%B6%8C-%EC%A5%94%EB%8B%A4,https://wimg.sedaily.com/news/cms/2026/09/07/news-p.v1.20260811.72ba334b0b6a4e0fbcb30d82516310ae_P1.jpg,834,445,ok
https://ailens.sedaily.ai/markets/2026/09/07/2026-09-07-10-%EB%8D%B0%EC%B9%B4%EC%BD%98-%EB%AC%B4%EC%8B%A0%EC%82%AC-%EC%BD%94%EC%8A%A4%ED%94%BC-%EC%83%81%EC%9E%A5-%EC%98%88%EB%B9%84%EC%8B%AC%EC%82%AC-%EC%B2%AD%EA%B5%AC-%EC%8B%9C%EA%B7%B8%EB%84%90,https://wimg.sedaily.com/news/cms/2026/09/07/news-p.v1.20260831.8d5eb387da8c4deb8a71f9fbf4fe3790_P1.jpg,1056,720,ok
https://ailens.sedaily.ai/markets/2026/09/07/2026-09-07-7%EC%A1%B0-%EB%84%98%EC%9D%80-%EB%B0%98%EB%8F%84%EC%B2%B4-ETF-%EB%A6%AC%EB%B0%B8%EB%9F%B0%EC%8B%B1-%EC%95%95%EB%A0%A5-%EC%B4%89%EA%B0%81,https://wimg.sedaily.com/news/cms/2026/09/07/news-p.v1.20260907.b8a1887c1d0444bd84b39d58f12d4ea5_P1.png,640,424,ok
https://ailens.sedaily.ai/markets/2026/09/07/2026-09-07-AGI%EA%B0%80-%EC%99%94%EB%8B%A4-%EC%95%84%EC%8A%A4%ED%8A%B8%EB%9D%BC-%EB%9D%84%EC%9A%B4-%EC%A0%A0%EC%8A%A8-%ED%99%A9,https://wimg.sedaily.com/news/cms/2026/09/07/news-p.v1.20260907.d7e442a7c55d4e3facc4c6fba6bfa846_P1.png,735,343,ok
https://ailens.sedaily.ai/markets/2026/09/07/2026-09-07-%EB%B0%98%EB%8F%84%EC%B2%B4-%EB%B6%88%EA%B8%B0%EB%91%A5%EC%97%90-7000%ED%94%BC-%EB%88%88%EC%95%9E-%EA%B3%A8%EB%93%9C%EB%A7%8C-1%EB%A7%8C-2000-%EA%B0%84%EB%8B%A4,https://wimg.sedaily.com/news/cms/2026/09/07/rcv.YNA.20260907.PYH2026090718540001300_P1.jpg,1200,870,ok
https://ailens.sedaily.ai/markets/2026/09/07/2026-09-07-EY%ED%95%9C%EC%98%81-%ED%9A%8C%EA%B3%84%ED%88%AC%EB%AA%85%EC%84%B1-%EC%84%B8%EB%AF%B8%EB%82%98%EC%84%9C-%EA%B1%B0%EB%B2%84%EB%84%8C%EC%8A%A4-%EA%B0%95%ED%99%94-%EB%B0%A9%EC%95%88-%EC%A0%9C%EC%8B%9C-%EC%8B%9C%EA%B7%B8%EB%84%90,https://wimg.sedaily.com/news/cms/2026/09/07/news-p.v1.20260907.5072774026af490eaf0093984673d6ca_P1.jpg,1200,800,ok
https://ailens.sedaily.ai/industry/2026/09/07/2026-09-07-LIG-D-A-%EC%B2%9C%EA%B6%81-II-%EC%95%9E%EC%84%B8%EC%9B%8C-%ED%8F%B4%EB%9E%80%EB%93%9C-%EB%B0%A9%EC%82%B0%EC%A0%84%EC%8B%9C%ED%9A%8C-%EC%B0%B8%EA%B0%80-%EC%9C%A0%EB%9F%BD-%EC%8B%9C%EC%9E%A5-%EC%A0%95%EC%A1%B0%EC%A4%80,https://wimg.sedaily.com/news/cms/2026/09/07/news-p.v1.20260907.a155102c475d4a45ad1008be4e72ba85_P1.jpg,1200,675,ok
https://ailens.sedaily.ai/industry/2026/09/07/2026-09-07-%EC%97%AD%EC%8B%9C-%EC%82%BC%EC%84%B1%EC%A0%84%EC%9E%90-%EC%95%95%EB%8F%84%EC%A0%81-1%EC%9C%84-%EB%B8%8C%EB%9E%9C%EB%93%9C-%EA%B0%80%EC%B9%98-135%EC%A1%B0-%EC%84%B8%EA%B3%84-%ED%99%80%EB%A6%B0-K%EA%B8%B0%EC%97%85%EB%93%A4-%EB%AA%B8%EA%B0%92-%EC%91%A5,https://wimg.sedaily.com/news/cms/2026/09/07/news-p.v1.20260907.115d65db99864ba5b356f821eafb8888_P1.png,1200,800,ok
https://ailens.sedaily.ai/industry/2026/09/07/2026-09-07-%EB%82%B4%EA%B0%80-%EC%82%B0-%ED%99%94%EC%9E%A5%ED%92%88-%EC%95%8C%EA%B3%A0%EB%B3%B4%EB%8B%88-%EA%B0%80%EC%A7%9C-%ED%8A%B9%ED%97%88,https://wimg.sedaily.com/news/cms/2026/09/07/news-p.v1.20260907.13581db8630744d0b4f28fd4eb3b3a13_P1.jpg,513,470,ok
https://ailens.sedaily.ai/industry/2026/09/07/2026-09-07-%EC%82%BC%EC%84%B1-%ED%95%98%EB%B0%98%EA%B8%B0-6000%EB%AA%85-%EA%B3%B5%EC%B1%84-%EC%8B%9C%EC%9E%91-AI-%EB%B0%98%EB%8F%84%EC%B2%B4-%EB%B0%94%EC%9D%B4%EC%98%A4-%EC%9D%B8%EC%9E%AC-%EB%8C%80%EA%B1%B0-%EC%B1%84%EC%9A%A9,https://wimg.sedaily.com/news/cms/2026/09/07/news-p.v1.20260907.50b5659256e1446aa311d8382ae3a623_P1.jpg,640,445,ok
https://ailens.sedaily.ai/markets/2026/09/07/2026-09-07-AGI-%EC%8B%9C%EB%8C%80-%EC%99%94%EB%8B%A4-%EC%B4%88%EA%B3%A0%EC%88%98-%EC%82%BC%EC%A0%84-%ED%95%98%EC%9D%B4%EB%8B%89%EC%8A%A4-%EC%93%B8%EC%96%B4%EB%8B%B4%EC%95%98%EB%8B%A4-%EC%A3%BC%EC%8B%9D%EC%B4%88%EA%B3%A0%EC%88%98%EB%8A%94-%EC%A7%80%EA%B8%88,https://wimg.sedaily.com/news/cms/2026/09/07/news-p.v1.20260907.aa69ba9cccbe4be6a2968550f8fa24b8_P1.png,395,1651,ok
https://ailens.sedaily.ai/markets/2026/09/07/2026-09-07-%ED%82%A4%EC%9B%80-%EC%B2%AB-%EA%B3%84%EC%A2%8C-%EA%B0%9C%EC%84%A4%EC%9E%90%EC%97%90-%EC%97%B0-5-%EB%B0%9C%ED%96%89%EC%96%B4%EC%9D%8C-%ED%8A%B9%ED%8C%90,https://wimg.sedaily.com/news/cms/2026/09/07/news-p.v1.20260907.6cc42fb7f100458f83d94d32e1f19dad_P1.jpg,1200,1562,ok
https://ailens.sedaily.ai/markets/2026/09/07/2026-09-07-%EB%91%90%EC%82%B0%ED%93%A8%EC%96%BC%EC%85%80-%EB%8D%B0%EC%9D%B4%ED%84%B0%EC%84%BC%ED%84%B0-5000%EC%96%B5-%EC%88%98%EC%A3%BC%EC%97%90-15-%EA%B8%89%EB%93%B1-%EB%AA%A9%ED%91%9C%EA%B0%80%EB%8F%84-70-%EC%9D%B4%EB%9F%B0%EA%B5%AD%EC%9E%A5-%EC%A0%80%EB%9F%B0%EC%A3%BC%EC%8B%9D,https://wimg.sedaily.com/news/cms/2026/09/07/news-p.v1.20260907.6f787db108e14432a6665c0141978bf0_P1.png,600,317,ok
https://ailens.sedaily.ai/markets/2026/09/07/2026-09-07-%EA%B3%A8%EB%93%9C%EB%A7%8C%EC%82%AD%EC%8A%A4-%EC%BD%94%EC%8A%A4%ED%94%BC-1%EB%A7%8C-2000-%EC%A0%84%EB%A7%9D-%EC%9C%A0%EC%A7%80-%EB%A9%94%EB%AA%A8%EB%A6%AC-%EC%8B%A4%EC%A0%81-%EC%82%AC%EC%9D%B4%ED%81%B4-%EA%B3%BC%EC%86%8C%ED%8F%89%EA%B0%80-%EB%A7%88%EC%BC%93%EC%8B%9C%EA%B7%B8%EB%84%90,https://wimg.sedaily.com/news/cms/2026/09/07/news-p.v1.20260907.223fa37810d641df983f41c8651ae7a3_P1.png,860,573,ok
https://ailens.sedaily.ai/industry/2026/09/07/2026-09-07-%ED%98%84%EB%8C%80%EC%A0%9C%EC%B2%A0-HPLS-%EC%84%9C-%EA%B0%80%EC%9E%A5-%EC%B9%9C%ED%99%98%EA%B2%BD%EC%A0%81%EC%9D%B8-%EC%B2%A8%EB%8B%A8-%EC%A0%9C%EC%B2%A0%EC%86%8C-%EB%90%A0-%EA%B2%83,https://wimg.sedaily.com/news/cms/2026/09/06/news-p.v1.20260905.e8dad636c7a241bfbf0225401c4d51b5_P1.jpg,1200,1104,ok
https://ailens.sedaily.ai/industry/2026/09/07/2026-09-07-%EC%9D%B8%EB%8F%84-%EC%88%98%EC%B6%9C-%EA%B8%89%EC%A6%9D-%EC%BD%94%ED%8A%B8%EB%9D%BC-%EC%96%91%EA%B5%AD-%EA%B5%90%EC%97%AD-%ED%99%9C%EC%84%B1%ED%99%94-%EC%9D%B4%EB%81%88%EB%8B%A4,https://wimg.sedaily.com/news/cms/2026/09/07/news-p.v1.20260907.158f42fb151c41c8b69e1b7d6f6f4f2d_P1.jpg,1200,800,ok
https://ailens.sedaily.ai/industry/2026/09/07/2026-09-07-13%EC%8B%9C%EA%B0%84-%EC%A7%80%EC%97%B0%EB%90%98%EA%B3%A0-%EA%B2%B0%ED%95%AD%EA%B9%8C%EC%A7%80-%EC%96%B8%EC%A0%9C-%EB%9C%B0%EC%A7%80%EB%8F%84-%EB%AA%B0%EB%9D%BC-%EA%B5%AD%EC%A0%81%EA%B8%B0-%EC%9D%B8%EB%8B%88-%ED%99%94%EC%82%B0-%ED%8F%AD%EB%B0%9C%EC%97%90-%EC%98%AC%EC%8A%A4%ED%86%B1,https://wimg.sedaily.com/news/cms/2026/09/07/news-p.v1.20260907.18034f15d0344978bc99c15104e81833_P1.jpg,860,572,ok
https://ailens.sedaily.ai/industry/2026/09/07/2026-09-07-%EC%8B%A4%EC%97%85-%EC%B2%AD%EB%85%84-%EC%A0%88%EB%B0%98%EC%9D%B4-%EB%B2%88%EC%95%84%EC%9B%83-%EC%A7%84%EB%A1%9C-%EB%B6%88%EC%95%88-%EB%8D%9C%EC%96%B4%EC%A4%84-%ED%98%84%EC%9E%A5%ED%98%95-%EC%A7%81%EC%97%85%ED%9B%88%EB%A0%A8-%EC%8B%9C%EA%B8%89,https://wimg.sedaily.com/news/cms/2026/09/07/rcv.NEWS1.NEWS1.20260812.2026-08-12T142806_1008052604_SOCIETY_I_P1.jpg,1200,769,ok
https://ailens.sedaily.ai/markets/2026/09/07/2026-09-07-%EC%95%84%EC%8A%A4%ED%8A%B8%EB%9D%BC-%ED%9A%A8%EA%B3%BC-%EC%86%8C%EB%B6%80%EC%9E%A5%EA%B9%8C%EC%A7%80-%EB%B2%88%EC%A1%8C%EB%8B%A4-%EB%B0%98%EB%8F%84%EC%B2%B4-%EC%9D%BC%EC%A0%9C%ED%9E%88-%EA%B8%89%EB%93%B1-%EC%9D%B4%EB%9F%B0%EA%B5%AD%EC%9E%A5-%EC%A0%80%EB%9F%B0%EC%A3%BC%EC%8B%9D,https://wimg.sedaily.com/news/cms/2026/09/07/rcv.YNA.20260907.PYH2026090703400001300_P1.jpg,1200,612,ok
https://ailens.sedaily.ai/markets/2026/09/07/2026-09-07-%EC%95%84%EC%8A%A4%ED%8A%B8%EB%9D%BC-%ED%9A%A8%EA%B3%BC-%EC%97%90-%EB%B0%98%EB%8F%84%EC%B2%B4-%EB%B6%88%EA%B8%B0%EB%91%A5-%EC%82%BC%EC%84%B1%EC%A0%84%EC%9E%90-SK%ED%95%98%EC%9D%B4%EB%8B%89%EC%8A%A4-4-%EC%95%88%ED%8C%8E-%EB%A7%88%EC%BC%93%EC%8B%9C%EA%B7%B8%EB%84%90,https://wimg.sedaily.com/news/cms/2026/09/07/rcv.YNA.20260904.PYH2026090413040001300_P1.jpg,1200,835,ok
https://ailens.sedaily.ai/markets/2026/09/07/2026-09-07-%EC%99%B8%EC%9D%B8-%EA%B8%B0%EA%B4%80-%EB%AA%A8%EC%B2%98%EB%9F%BC-%EC%8C%8D%EB%81%8C%EC%9D%B4-%EC%BD%94%EC%8A%A4%ED%94%BC-3-%EA%B8%89%EB%93%B1%ED%95%98%EB%A9%B0-6900%EC%84%A0-%ED%9A%8C%EB%B3%B5-%EB%A7%88%EC%BC%93%EC%8B%9C%EA%B7%B8%EB%84%90,https://wimg.sedaily.com/news/cms/2026/09/07/rcv.YNA.20260907.PYH2026090703450001300_P1.jpg,1200,720,ok
https://ailens.sedaily.ai/markets/2026/09/07/2026-09-07-%EC%82%BC%EC%A0%84%EB%8B%89%EC%8A%A4-%EB%A9%94%EB%AA%A8%EB%A6%AC-%EC%9E%AC%EA%B3%A0-10%EC%9D%BC-%EB%AF%B8%EB%A7%8C-%EB%82%B4%EB%85%84-%EC%97%AD%EB%8C%80%EA%B8%89-%EA%B3%B5%EA%B8%89%EB%82%9C-%EC%98%A8%EB%8B%A4-%EC%A4%8D%EC%A4%8D%EB%A6%AC%ED%8F%AC%ED%8A%B8,https://wimg.sedaily.com/news/cms/2026/09/07/news-p.v1.20260907.7e37487d9b794d0cb69b84b2c71ddf28_P1.png,640,371,ok
https://ailens.sedaily.ai/property/2026/09/07/2026-09-07-3%EB%85%84-%EA%B8%B0%EB%8B%A4%EB%A6%B0-%EC%82%AC%EC%A0%84%EC%B2%AD%EC%95%BD-%EB%B6%84%EC%96%91%EA%B0%80%EB%A7%8C-40-%EB%9B%B0%EC%97%88%EB%8B%A4-%EC%A7%91%EC%8A%90%EB%9E%AD,https://wimg.sedaily.com/news/cms/2026/09/06/news-g.v1.20260906.a80b87a717124a2e974c292665e0288f_P1.jpg,1200,544,ok
https://ailens.sedaily.ai/news/2026/09/07/2026-09-07-%EB%8B%A8%EB%8F%85-162%EC%A1%B0-%EB%AF%B8%EB%9E%98%EB%8C%80%EC%9D%91%EA%B8%B0%EA%B8%88-5%EB%85%84-%EB%92%A4%EC%97%94-%EA%B3%B3%EA%B0%84-%EB%B0%94%EB%8B%A5%EB%82%9C%EB%8B%A4-Pick%EC%BD%94%EB%85%B8%EB%AF%B8,https://wimg.sedaily.com/news/cms/2026/09/06/rcv.NEWS1.NEWS1.20260820.2026-08-20T085928_1008063623_POLITICS_I_P1.jpg,1200,800,ok
https://ailens.sedaily.ai/international/2026/09/07/2026-09-07-%ED%8C%8C%EB%B3%91%EC%84%A4%EC%97%90-%EC%9D%B4%EB%9E%80%EB%8F%84-%EA%B8%B0%EB%8B%A4%EB%A6%B0%EB%8B%A4-%EC%A0%84%EC%9F%81-%EC%B0%B8%EC%97%AC%EB%A1%9C-%EA%B0%84%EC%A3%BC-%EC%8B%A0%EA%B2%BD%EC%A0%84-%EA%B8%80%EB%A1%9C%EB%B2%8C-%EB%AA%A8%EB%8B%9D-%EB%B8%8C%EB%A6%AC%ED%95%91,https://wimg.sedaily.com/news/cms/2026/09/06/rcv.YNA.20260905.PUP20260905004401009_P1.jpg,1200,800,ok
https://ailens.sedaily.ai/international/2026/09/07/2026-09-07-%EC%9C%A0%EB%9F%BD%EB%8F%84-%EA%B8%B0%EC%A4%80%EA%B8%88%EB%A6%AC-%EC%98%A4%EB%A5%B4%EB%8A%94%EB%8D%B0-%ED%94%84%EB%9E%91%EC%8A%A4-%EB%82%98%EB%9E%8F%EB%B9%9A-%EC%9C%A0%EB%A1%9C%EC%A1%B4-%EB%87%8C%EA%B4%80-%EB%90%98%EB%82%98-%EA%B8%80%EB%A1%9C%EB%B2%8C-%EC%99%93,https://wimg.sedaily.com/news/cms/2026/09/06/rcv.YNA.20260813.PRU20260813321001009_P1.jpg,1200,800,ok
https://ailens.sedaily.ai/industry/2026/09/07/2026-09-07-%EB%B9%84%ED%95%B5%EC%8B%AC-%EC%A0%95%EB%A6%AC%ED%95%98%EB%8A%94-%EB%A1%AF%EB%8D%B0-%EC%97%90%EC%BD%94%EC%9B%94-%ED%92%88%EC%9D%80-%EB%A6%B4%EC%8A%A8PE%EC%99%80-%EC%9C%84%ED%97%98-%EB%B6%84%EB%8B%B4-%EC%8B%9C%EA%B7%B8%EB%84%90,https://wimg.sedaily.com/news/cms/2026/09/06/news-p.v1.20260905.a7c7828efa4a4fe2a3e0d90231ce02d4_P1.jpg,900,500,ok
https://ailens.sedaily.ai/markets/2026/09/07/2026-09-07-LG%EC%A0%84%EC%9E%90-%EC%9E%90%ED%9A%8C%EC%82%AC-%EB%B2%A0%EC%96%B4%EB%A1%9C%EB%B3%B4%ED%8B%B1%EC%8A%A4-%ED%94%84%EB%A6%AC-IPO-%EC%B0%A9%EC%88%98-%EC%8B%9C%EA%B7%B8%EB%84%90,https://wimg.sedaily.com/news/cms/2026/09/06/news-p.v1.20260101.5e4a56553072498d853d06cc054689f4_P1.jpg,1200,783,ok
https://ailens.sedaily.ai/markets/2026/09/07/2026-09-07-%EB%8B%A8%EA%B8%B0%EA%B5%AD%EC%B1%84-ETF%EC%97%90-1000%EC%96%B5-%EC%87%84%EB%8F%84-%EA%B8%88%EB%A6%AC%EC%9D%B8%EC%83%81-%EC%9A%B0%EB%A0%A4-%EC%86%8D-%EB%8C%80%ED%94%BC%EC%B2%98-%EB%AC%BC%EC%83%89-%EB%A7%88%EC%BC%93%EC%8B%9C%EA%B7%B8%EB%84%90,https://wimg.sedaily.com/news/cms/2026/09/06/news-p.v1.20260729.582dd36a39a94c04990184c8076d32e9_P1.jpg,1200,795,ok
https://ailens.sedaily.ai/industry/2026/09/07/2026-09-07-%ED%94%84%EB%9E%91%ED%81%AC%ED%91%B8%EB%A5%B4%ED%8A%B8-%EC%82%AC%EB%A1%9C%EC%9E%A1%EC%9D%80-K%EC%BB%AC%EC%B2%98-%EC%B6%95%EC%A0%9C-%EC%BD%94%ED%8A%B8%EB%9D%BC-%ED%96%89%EC%82%AC%EC%97%90-1%EB%A7%8C%EB%AA%85-%EB%B0%9C%EA%B8%B8,https://wimg.sedaily.com/news/cms/2026/09/07/news-p.v1.20260907.ad0fd8884c4248c892f2e511d0fb0b85_P1.jpg,1200,900,ok
https://ailens.sedaily.ai/industry/2026/09/07/2026-09-07-LG%EB%94%94%EC%8A%A4%ED%94%8C%EB%A0%88%EC%9D%B4-%ED%83%A0%EB%8D%A4-WOLED-%EB%A1%9C-%EC%9C%A0%EB%9F%BD-%EC%8B%9C%EC%9E%A5-%EA%B3%B5%EB%9E%B5,https://wimg.sedaily.com/news/cms/2026/09/06/news-p.v1.20260906.809eb0d1cb654cf7959e6682f0b18ac5_P2.jpg,500,375,ok
https://ailens.sedaily.ai/industry/2026/09/07/2026-09-07-%EC%A1%B0%EA%B8%88%EB%A7%8C-%EA%B7%B8%EB%A0%87%EC%A7%80%EB%A7%8C-%EB%8D%94-%EC%8B%B8%EA%B2%8C-%EB%8C%80%EC%9A%A9%EB%9F%89%EB%B3%B4%EB%8B%A4-%EB%8D%94-%EC%A0%80%EB%A0%B4%ED%95%B4%EC%A7%84-%EC%86%8C%EC%9A%A9%EB%9F%89,https://wimg.sedaily.com/news/cms/2026/09/06/news-p.v1.20260819.3dbf0ba354fd4f9193ae45a09ee24c2c_P1.png,700,477,ok
https://ailens.sedaily.ai/industry/2026/09/07/2026-09-07-%EC%82%BC%EC%84%B1%EB%B0%94%EC%9D%B4%EC%98%A4%EB%A1%9C%EC%A7%81%EC%8A%A4-3%EC%A1%B0-%EC%9C%A0%EC%A6%9D-%ED%8E%A9%ED%83%80%EC%9D%B4%EB%93%9C-CDMO%EB%A1%9C-%EC%84%B1%EC%9E%A5%ED%8C%90-%EB%84%93%ED%9E%8C%EB%8B%A4-%EB%B0%94%EC%9D%B4%EC%98%A4%EB%A6%AC%EB%8D%94%EC%8A%A4%ED%81%B4%EB%9F%BD,https://wimg.sedaily.com/news/cms/2026/09/06/news-p.v1.20260904.5cf97e02c68b41008a18cd6c37883d10_P1.png,500,142,ok
https://ailens.sedaily.ai/markets/2026/09/07/2026-09-07-%EA%B3%B5%EB%AA%A8%EC%A3%BC-%EC%B2%AD%EC%95%BD-%EB%B4%87%EB%AC%BC-%EB%8D%95%EC%82%B0%EB%84%B5%EC%BD%94%EC%96%B4%EC%8A%A4-%EB%93%B1-6%EA%B3%B3-%EC%88%98%EC%9A%94%EC%98%88%EC%B8%A1-%EC%8B%9C%ED%97%98%EB%8C%80-%EC%9D%B4%EB%B2%88%EC%A3%BC-%EC%A6%9D%EC%8B%9C-%EC%BA%98%EB%A6%B0%EB%8D%94,https://wimg.sedaily.com/news/cms/2026/09/06/news-p.v1.20260905.87307393ff3848969f78edfff4cee809_P1.png,893,587,ok
https://ailens.sedaily.ai/markets/2026/09/07/2026-09-07-%EB%B0%95%EC%8A%A4%EA%B6%8C-%EA%B0%87%ED%9E%8C-%EC%BD%94%EC%8A%A4%ED%94%BC-%EA%B8%88%EB%A6%AC-%EC%A4%91%EB%8F%99-%EB%A6%AC%EC%8A%A4%ED%81%AC-%EA%B7%B9%EB%B3%B5-%EA%B4%80%EA%B1%B4-%EC%A3%BC%EA%B0%84-%EC%A6%9D%EC%8B%9C-%EC%A0%84%EB%A7%9D,https://wimg.sedaily.com/news/cms/2026/09/06/rcv.YNA.20260904.PYH2026090413050001300_P1.jpg,1200,868,ok
https://ailens.sedaily.ai/markets/2026/09/07/2026-09-07-%EB%AA%A8%EB%8D%94%EB%82%98-%EB%A7%9E%EC%B6%A4%ED%98%95-%EC%95%94%EB%B0%B1%EC%8B%A0-%EB%84%98%EC%96%B4-%EB%B2%94%EC%9A%A9-%EC%95%94%EB%B0%B1%EC%8B%A0-%EB%A7%8C%EB%93%A0%EB%8B%A4,https://wimg.sedaily.com/news/cms/2026/09/06/news-p.v1.20260904.af147713d3bc49f19fae32e3a256a84b_P2.jpg,500,650,ok
https://ailens.sedaily.ai/news/2026/09/07/2026-09-07-%EC%84%B1%EC%9E%A5%ED%8C%90-%EB%88%84%EB%A5%B4%EB%8A%94-%EB%85%B8%EB%8F%99%EC%8B%9C%EC%8A%A4%ED%85%9C-55-%EA%B0%80-%EC%82%B0%EC%97%85-%EB%92%B7%EB%B0%9B%EC%B9%A8-%EB%AF%B8%ED%9D%A1,https://sedaily-mbti-cms-media-dev.s3.us-east-1.amazonaws.com/media/frontpage-auto/20087652-webtoon-cut001.png,1824,1248,ok
https://ailens.sedaily.ai/industry/2026/09/07/2026-09-07-%EC%A0%95%EC%9D%98%EC%84%A0-%EC%84%9C-%EB%A7%8C%EB%93%A0-%EC%B2%A0%EA%B0%95-%EC%95%84%ED%8B%80%EB%9D%BC%EC%8A%A4%EC%97%90%EB%8F%84-%EC%A0%81%EC%9A%A9,https://wimg.sedaily.com/news/cms/2026/09/06/news-p.v1.20260905.a06d5507e7b04dec9d3b3e149081ebb4_P1.jpg,1200,766,ok
https://ailens.sedaily.ai/news/2026/09/07/2026-09-07-162%EC%A1%B0-%EB%AF%B8%EB%9E%98%EB%8C%80%EC%9D%91%EA%B8%B0%EA%B8%88-5%EB%85%84-%EB%92%A4%EC%97%94-%EB%B9%88%EC%A3%BC%EB%A8%B8%EB%8B%88,https://wimg.sedaily.com/news/cms/2026/09/06/rcv.YNA.20260820.PYH2026082001290001300_P1.jpg,1200,886,ok
https://ailens.sedaily.ai/international/2026/09/07/2026-09-07-3%EC%B2%99-%EB%95%8C%EB%A6%AC%EC%9E%90-%EC%9D%B4%EB%9E%80-6%EC%B2%99-%EC%9E%AC%EA%B3%B5%EA%B2%A9-%ED%98%B8%EB%A5%B4%EB%AC%B4%EC%A6%88-%EC%95%85%EC%88%9C%ED%99%98,https://wimg.sedaily.com/news/cms/2026/09/06/rcv.YNA.20260905.PAF20260905078401009_P1.jpg,1200,800,ok
https://ailens.sedaily.ai/news/2026/09/07/2026-09-07-%EB%8B%A8%EB%8F%85-%EB%A9%94%EA%B0%80%ED%8A%B9%EA%B5%AC-%EC%A0%84%EB%A0%A5-%EC%A7%81%EC%A0%91-%EC%82%AC%EA%B3%A0-%ED%8C%90%EB%8B%A4,https://wimg.sedaily.com/news/cms/2026/09/06/news-p.v1.20260906.0abe336054d540d99b4bc35598d413cc_P1.png,1200,800,ok
https://ailens.sedaily.ai/industry/2026/09/06/2026-09-06-%EC%9D%B4%EC%82%AC-%EC%88%98-%EC%A4%84%EC%9D%B4%EA%B3%A0-%EC%9E%84%EA%B8%B0-%EC%A1%B0%EC%A0%95-%EC%A7%91%EC%A4%91%ED%88%AC%ED%91%9C%EC%A0%9C-%EC%95%9E%EB%91%94-%EB%8C%80%EA%B8%B0%EC%97%85-%EB%B6%84%EC%A3%BC,https://wimg.sedaily.com/news/cms/2026/09/06/news-p.v1.20260906.c71f3ff451b74cf2a6da936f3a86e738_P1.jpg,1200,959,ok
https://ailens.sedaily.ai/international/2026/09/06/2026-09-06-%ED%8A%B8%EB%9F%BC%ED%94%84-%EB%B3%84%EA%B2%83-%EC%95%84%EB%83%90-%EB%9D%BC%EC%A7%80%EB%A7%8C-%EC%9D%B4%EB%9E%80-%EA%B4%B4%EB%A9%B8%EC%A0%81-%EB%8C%80%EC%9D%91-%EC%97%84%ED%8F%AC-%EC%9D%B4%EB%9E%80-%EC%A0%84%EC%9F%81,https://wimg.sedaily.com/news/cms/2026/09/06/news-p.v1.20260905.3f42322f5329489faf90bc5324327d15_P1.jpg,500,281,ok
https://ailens.sedaily.ai/finance/2026/09/06/2026-09-06-%EB%8B%A8%EB%8F%85-%EB%8B%B9%EA%B5%AD-%EC%96%95%EB%B3%B4%EB%8A%94-%EC%A0%84%EB%B6%81-%EA%B0%80%EA%B3%84%EB%8C%80%EC%B6%9C-%ED%95%9C%EB%8F%84-%EC%83%81%EC%8A%B5%EC%B4%88%EA%B3%BC,https://wimg.sedaily.com/news/cms/2026/09/06/news-p.v1.20251213.36fc9ae94bc84288992707e3661dc968_P1.jpeg,1200,800,ok
https://ailens.sedaily.ai/news/2026/09/06/2026-09-06-%EC%A7%80%EC%86%8D-%EC%A7%80%EC%B6%9C%EC%82%AC%EC%97%85-%EC%88%98%EB%91%90%EB%A3%A9-%EA%B8%88%EB%A6%AC-%EB%B6%80%EB%8B%B4-%EB%AF%B8%EB%A6%AC-%ED%9D%A1%EC%88%98%ED%95%B4%EC%95%BC,https://wimg.sedaily.com/news/cms/2026/09/06/rcv.YNA.20260820.PYH2026082001290001300_P1.jpg,1200,886,ok
https://ailens.sedaily.ai/property/2026/09/06/2026-09-06-3%EA%B8%B0-%EC%8B%A0%EB%8F%84%EC%8B%9C-%EC%82%AC%EC%A0%84%EC%B2%AD%EC%95%BD-%EA%B0%80%EA%B2%A9%ED%91%9C%EC%9D%98-%EB%B0%B0%EC%8B%A0-%EB%B3%B8%EC%B2%AD%EC%95%BD%EC%84%9C-20-40-%EB%9B%B0%EC%97%88%EB%8B%A4,https://wimg.sedaily.com/news/cms/2026/09/06/news-g.v1.20260906.a80b87a717124a2e974c292665e0288f_P1.jpg,1200,544,ok
https://ailens.sedaily.ai/news/2026/09/06/2026-09-06-%EB%8B%A8%EB%8F%85-%EB%A9%94%EA%B0%80%ED%8A%B9%EA%B5%AC-%EC%9E%85%EC%A3%BC%EA%B8%B0%EC%97%85-3%EB%85%84%EA%B0%84-%EC%A0%84%EB%A0%A5%EB%B6%80%EB%8B%B4%EA%B8%88-%EB%A9%B4%EC%A0%9C-%EC%A7%80%EB%B0%A9%EC%9D%B4%EC%A0%84-%EA%B5%90%EC%82%AC-%EC%9D%98%EB%A3%8C%EC%9D%B8%EB%8F%84-%ED%8A%B9%EA%B3%B5,https://wimg.sedaily.com/news/cms/2026/09/06/news-g.v1.20260906.e95a84a87b71435b95d88e86dd2e3f62_P1.jpg,1200,487,ok
https://ailens.sedaily.ai/news/2026/09/06/2026-09-06-%EA%B6%8C%EC%B9%A0%EC%8A%B9-%EC%A2%85%EB%B6%80%EC%84%B8-%EB%B3%B4%EC%9C%A0-%EA%B4%80%EC%A0%90%EC%97%90%EC%84%9C-%EA%B3%BC%EC%84%B8%ED%95%B4%EC%95%BC-52%EC%8B%9C%EA%B0%84-%EC%98%88%EC%99%B8-%EA%B3%A0%EC%86%8C%EB%93%9D-%EC%9D%B8%EB%A0%A5%EC%9C%BC%EB%A1%9C-%EC%A0%9C%ED%95%9C,https://wimg.sedaily.com/news/cms/2026/09/06/news-p.v1.20260906.8a4fb726cf6a41dbb1c971eb96e82b56_P1.jpg,1200,892,ok
https://ailens.sedaily.ai/industry/2026/09/06/2026-09-06-8%EA%B0%9C%EC%9B%94-5%EC%9D%BC%EB%A7%8C%EC%97%90-%EC%88%98%EC%B6%9C-%EC%B5%9C%EA%B3%A0%EC%B9%98-%EC%8B%A0%EA%B8%B0%EB%A1%9D-%EC%A0%84%EC%84%B8%EA%B3%84-%EC%88%98%EC%B6%9C-4%EA%B0%95-%EA%B0%84%EB%8B%A4,https://wimg.sedaily.com/news/cms/2026/09/06/news-p.v1.20260731.9a9d543bb6394d3db551d7c32ff4b131_P1.jpg,1200,704,ok
https://ailens.sedaily.ai/industry/2026/09/06/2026-09-06-%EB%8B%A8%EB%8F%85-%EC%A0%95%EB%B6%80-%EB%8C%80%EB%AF%B8-%ED%88%AC%EC%9E%90-%EB%82%B4%EC%9D%BC-%EB%B3%B4%EA%B3%A0-%ED%98%91%EC%83%81-%EB%A7%88%EB%AC%B4%EB%A6%AC-%EC%88%98%EC%88%9C,https://wimg.sedaily.com/news/cms/2026/09/06/rcv.YNA.20260904.PYH2026090400240007101_P1.jpg,1200,894,ok
https://ailens.sedaily.ai/news/2026/09/06/2026-09-06-%EA%B2%BD%EC%B0%B0-%EA%B0%9C%ED%98%81%EC%A0%84%EB%8B%B4%EA%B8%B0%EA%B5%AC-%EC%9D%B4%EB%B2%88%EC%A3%BC-%EC%A4%91-%EC%B6%9C%EB%B2%94-%EB%8B%A8%EC%9E%A5%EC%9D%80-%EA%B2%BD%EB%AC%B4%EA%B4%80%EA%B8%89,https://wimg.sedaily.com/news/cms/2026/09/06/rcv.YNA.20260903.PYH2026090321090005600_P1.jpg,1200,897,ok
https://ailens.sedaily.ai/property/2026/09/06/2026-09-06-%EC%A2%85%EB%B6%80%EC%84%B8-%EB%82%B4%EB%9D%BC%EA%B3%A0%EC%9A%94-%EC%A0%80-%EB%85%B8%EC%9B%90-%EC%82%AC%EB%8A%94%EB%8D%B0%EC%9A%94-2030%EB%85%84%EC%97%94-%ED%98%84%EC%8B%A4-%EB%90%A0-%EC%88%98%EB%8F%84-%EC%9E%88%EB%8B%A4%EB%8A%94%EB%8D%B0,https://wimg.sedaily.com/news/cms/2026/09/06/news-p.v1.20260906.971898735c884953be20e7974a1f96de_P1.jpg,1200,732,ok
https://ailens.sedaily.ai/international/2026/09/05/2026-09-05-%EA%B4%80%EA%B4%91%EA%B0%9D%EC%9D%B4-%EB%82%B4-%EC%A7%91-%EB%BA%8F%EC%96%B4%EA%B0%94%EB%8B%A4-%EC%A7%91%EA%B0%92-%ED%8F%AD%EB%93%B1%EC%97%90-%EB%B6%84%EB%85%B8%ED%95%9C-%EC%9C%A0%EB%9F%BD-%EB%8B%A8%EA%B8%B0%EC%9E%84%EB%8C%80-%EA%B7%9C%EC%A0%9C-%EB%82%98%EC%84%A0%EB%8B%A4,https://wimg.sedaily.com/news/cms/2026/09/05/news-p.v1.20260905.ecd0830606624a16bd3fab58cb19e6a9_P1.jpg,500,333,ok
https://ailens.sedaily.ai/international/2026/09/05/2026-09-05-GPS-%EB%84%98%EB%8A%94%EB%8B%A4-%ED%9C%B4%EB%8C%80%EC%A0%84%ED%99%94-98-%EC%B0%A8%EB%9F%89-1%EC%96%B5-%EB%8C%80-%ED%83%91%EC%9E%AC%EB%90%9C-%EB%B2%A0%EC%9D%B4%EB%8D%94%EC%9A%B0-%EB%8D%B0%EC%9D%B4%ED%84%B0-%EC%B2%AB-%EB%AF%BC%EA%B0%84-%EA%B0%9C%EB%B0%A9,https://wimg.sedaily.com/news/cms/2026/09/05/news-p.v1.20260905.304edf24abfc43fb897bb2ff9eff263e_P1.png,354,354,ok
https://ailens.sedaily.ai/news/2026/09/05/2026-09-05-%EC%B4%88%EC%9C%A0%EC%9D%98-%EB%8C%80%EB%B2%95%EA%B4%80-%EC%9E%AC%EC%A0%9C%EC%B2%AD-%EB%8C%80%EB%B2%95%EC%9B%90-%EA%B0%95%EB%8C%80%EA%B0%95-%EB%8C%80%EC%B9%98-%EC%96%B8%EC%A0%9C%EA%B9%8C%EC%A7%80-%EC%84%9C%EC%B4%88%EB%8F%99-%EC%95%BC%EB%8B%A8%EB%B2%95%EC%84%9D,https://wimg.sedaily.com/news/cms/2026/09/05/rcv.YNA.20260904.PYH2026090402040001301_P1.jpg,1200,854,ok
https://ailens.sedaily.ai/industry/2026/09/05/2026-09-05-%EB%85%B8%EB%8F%99%EC%9E%A5%EA%B4%80-%EC%A0%9C%EC%A3%BC-%ED%8C%9D%EC%97%85%EC%8A%A4%ED%86%A0%EC%96%B4-%EB%B0%A9%EB%AC%B8-%EC%B2%AD%EB%85%84-%EB%8F%84%EC%A0%84%EC%84%B1%EC%9E%A5-%EB%92%B7%EB%B0%9B%EC%B9%A8%ED%95%A0-%EA%B2%83,https://wimg.sedaily.com/news/cms/2026/09/05/news-p.v1.20260905.26cf05241bb542c59a0534b22d013e1b_P1.jpg,1200,800,ok
https://ailens.sedaily.ai/industry/2026/09/05/2026-09-05-%EA%B5%AD%EB%AF%BC-%EC%8A%A4%EB%8B%88%EC%BB%A4-%EC%97%90%EC%96%B4%ED%8F%AC%EC%8A%A41%EC%9D%98-%EB%B3%80%EC%8B%A0-%EB%82%98%EC%9D%B4%ED%82%A4-%EB%82%98%EC%9D%B4%ED%82%A4%EB%9E%A9-%EC%84%9C%EC%9A%B8-%EA%B0%9C%EC%B5%9C,https://wimg.sedaily.com/news/cms/2026/09/04/news-p.v1.20260904.9dd581fec3dc4eea94bc92e0702d4ed3_P1.jpg,1200,900,ok
https://ailens.sedaily.ai/industry/2026/09/05/2026-09-05-%EB%AC%B4%EB%87%A8%EC%8A%A4-%ED%98%84%EB%8C%80%EC%B0%A8-%EB%8C%80%ED%91%9C-%EB%A3%A8%EC%9D%B4%EC%A7%80%EC%95%A0%EB%82%98-%EA%B0%95%ED%8C%90-%ED%98%84%EB%8C%80%EC%B0%A8-%EC%A0%84-%EC%B0%A8%EC%A2%85%EC%97%90-%EC%93%B8%EA%B2%83,https://wimg.sedaily.com/news/cms/2026/09/05/news-p.v1.20260905.62cd52a8b5154d5080c521c42a7eeb0f_P1.jpeg,960,640,ok
https://ailens.sedaily.ai/markets/2026/09/05/2026-09-05-%EB%A8%B8%EC%8A%A4%ED%81%AC-%EC%8A%A4%ED%83%80%EB%A7%81%ED%81%AC%EB%A1%9C-%EC%9A%B0%ED%81%AC%EB%9D%BC-%ED%9B%88%EC%9E%A5-EU-%EC%86%8D%ED%83%80%EB%8A%94-%EC%9D%B4%EC%9C%A0%EB%8A%94-%EA%B9%80%EA%B8%B0%ED%98%81%EC%9D%98-%ED%85%8C%EC%8A%AC%EB%9D%BC%EC%9B%94%EB%93%9C,https://wimg.sedaily.com/news/cms/2026/09/04/rcv.YNA.20260427.PRU20260427146401009_P1.jpg,1200,800,ok
https://ailens.sedaily.ai/industry/2026/09/05/2026-09-05-%EC%98%AC%ED%95%B4-%EC%88%98%EC%B6%9C-7000%EC%96%B5-%EB%8B%AC%EB%9F%AC-%EB%8F%8C%ED%8C%8C-%EC%A7%80%EB%82%9C%ED%95%B4-%EC%97%B0%EA%B0%84-%EC%8B%A4%EC%A0%81%EB%8F%84-%EB%84%98%EC%97%88%EB%8B%A4,https://wimg.sedaily.com/news/cms/2026/09/05/rcv.YNA.20260901.PYH2026090110400005100_P1.jpg,1200,757,ok
https://ailens.sedaily.ai/industry/2026/09/05/2026-09-05-%EC%A6%90%EA%B8%B0%EB%8B%A4-%EB%B3%B4%EB%8B%88-%EC%A7%80%EA%B0%91-%EC%97%B4%EC%97%88%EB%8B%A4-%EC%9C%A0%ED%86%B5%EC%97%85%EA%B3%84-%EC%B0%B8%EC%97%AC%ED%98%95-%EC%BB%A4%EB%A8%B8%EC%8A%A4-%EA%B2%BD%EC%9F%81-%EB%98%91%EB%98%91-%EC%8A%A4%EB%A7%88%EC%8A%88%EB%A8%B8,https://wimg.sedaily.com/news/cms/2026/09/04/news-p.v1.20260904.b293c3633c1b4f69b6b5528a80ebdfdf_P1.png,860,1075,ok
https://ailens.sedaily.ai/industry/2026/09/05/2026-09-05-MZ-%EC%82%AC%EB%A1%9C%EC%9E%A1%EC%9D%80-%ED%9E%99%EB%B6%88%EA%B5%90-%EC%9C%A0%ED%86%B5%EA%B0%80-%EC%83%88-%ED%9D%A5%ED%96%89-%EA%B3%B5%EC%8B%9D-%EB%90%90%EB%8B%A4,https://wimg.sedaily.com/news/cms/2026/09/04/news-p.v1.20260904.9678832767d14f43b64a090415720bbe_P1.jpg,1200,900,ok
https://ailens.sedaily.ai/industry/2026/09/05/2026-09-05-%EC%9D%B4-%ED%9A%8C%EC%82%AC-%EC%96%B4%EB%94%94%EC%95%BC-%EC%A7%81%EC%9E%A5%EC%9D%B8%EB%93%A4-%EB%82%9C%EB%A6%AC-%EC%82%B4%EB%8F%84-%EB%B9%BC%EC%A3%BC%EA%B3%A0-%EB%B6%80%EB%AA%A8%EB%8B%98-%EC%9A%A9%EB%8F%88%EB%8F%84-%EB%8C%80%EC%8B%A0-%EC%A4%80%EB%8B%A4%EB%8A%94%EB%8D%B0,https://wimg.sedaily.com/news/cms/2026/09/05/news-p.v1.20260905.827f6f51cd234682b3951fbbf1ac13db_P1.png,499,324,ok
https://ailens.sedaily.ai/industry/2026/09/05/2026-09-05-%EC%9E%A5%EC%9D%B8%ED%99%94-%ED%8F%AC%EC%8A%A4%EC%BD%94-%ED%98%84%EB%8C%80%EC%A0%9C%EC%B2%A0-%EC%86%90%EC%9E%A1%EC%9D%80-%EC%A0%9C%EC%B2%A0%EC%86%8C-%EC%84%B8%EA%B3%84-%EC%B5%9C%EA%B3%A0-%EA%B2%BD%EC%9F%81%EB%A0%A5,https://wimg.sedaily.com/news/cms/2026/09/05/news-p.v1.20260905.63b97a58731843ecb2a9921369d731eb_P1.jpg,926,726,ok
https://ailens.sedaily.ai/international/2026/09/05/2026-09-05-%EB%8D%94-%EC%9D%B4%EC%83%81-%EB%A7%89%EC%9D%84-%EC%88%98-%EC%97%86%EC%96%B4-%EB%8D%94-%ED%81%B0-%EA%B2%83-%EC%98%A8%EB%8B%A4-%EB%AC%B4%EC%84%9C%EC%9A%B4-%EA%B2%BD%EA%B3%A0-%EB%82%A0%EB%A6%B0-UN,https://wimg.sedaily.com/news/cms/2026/09/05/news-p.v1.20260905.7e1e1cea298449e58ef44cbd0773406f_P1.png,448,255,ok
https://ailens.sedaily.ai/industry/2026/09/05/2026-09-05-AI-%EC%B1%84%EC%9A%A9-%ED%99%95%EC%82%B0%EC%97%90-%EC%A0%95%EB%B3%B4-%EB%B3%B4%EC%95%88-%ED%9E%98%EC%A3%BC%EB%8A%94-HR%EC%97%85%EA%B3%84,https://wimg.sedaily.com/news/cms/2026/09/04/news-p.v1.20260904.713c6f4204ca4e579bc2f38deebd453e_P1.jpg,1200,800,ok
https://ailens.sedaily.ai/industry/2026/09/05/2026-09-05-%EC%82%B4-%EB%B9%BC%EB%8B%88-%ED%99%94%EC%9E%A5%ED%92%88%EB%8F%84-%EB%8B%AC%EB%9D%BC%EC%A7%80%EB%84%A4-%EB%B9%84%EB%A7%8C%EC%95%BD-%EB%B7%B0%ED%8B%B0-%EC%8B%9C%EC%9E%A5-%EC%97%B4%EB%A6%B0%EB%8B%A4-%EA%B9%80%EC%97%B0%ED%95%98%EC%9D%98-%ED%82%AC%EB%A7%81%EC%9D%B4%EC%8A%88,https://wimg.sedaily.com/news/cms/2026/09/04/news-p.v1.20260208.70adcb3fa3dd4f0a83e4c1039ee5497b_P1.jpeg,1200,800,ok
https://ailens.sedaily.ai/industry/2026/09/05/2026-09-05-%EC%A1%B0%ED%98%84-%EB%84%A4%ED%8C%94-%EC%A0%84%EA%B2%A9-%EB%B0%A9%EB%AC%B8-%ED%95%9C-%EB%84%A4%ED%8C%94-%EC%99%B8%EA%B5%90%EC%9E%A5%EA%B4%80-%ED%9A%8C%EB%8B%B4-%EA%B0%9C%EC%B5%9C,https://wimg.sedaily.com/news/cms/2026/09/05/ams.001.photo.202608041038514570144199_P1.jpg,1200,807,ok
https://ailens.sedaily.ai/industry/2026/09/05/2026-09-05-%EC%A0%95%EC%9D%98%EC%84%A0-%ED%9A%8C%EC%9E%A5-%EC%A0%9C%EC%B2%A0%EC%86%8C%EB%A1%9C-%EA%B4%80%EC%84%B8%EC%A0%88%EA%B0%90-%ED%92%88%EC%A7%88%EC%A0%9C%EA%B3%A0-%EC%8B%9C%EB%84%88%EC%A7%80-%EB%B0%9C%ED%9C%98%ED%95%A0-%EA%B2%83,https://wimg.sedaily.com/news/cms/2026/09/05/news-p.v1.20260905.213266f5f3b74a3286ff341634f2db9e_P1.jpg,1200,900,ok
https://ailens.sedaily.ai/industry/2026/09/05/2026-09-05-%EB%B3%84%EC%9D%B4-%EB%B9%9B%EB%82%98%EB%8A%94-%EB%B0%A4%EC%97%90-%EC%98%A4%EB%8A%98-%EC%97%AC%EC%9D%98%EB%8F%84%EC%84%9C-%EC%84%9C%EC%9A%B8%EC%84%B8%EA%B3%84%EB%B6%88%EA%BD%83%EC%B6%95%EC%A0%9C,https://wimg.sedaily.com/news/cms/2026/09/05/ams.001.photo.202609042132351684200977_P1.jpg,1200,823,ok
https://ailens.sedaily.ai/industry/2026/09/05/2026-09-05-%EA%B8%B0%EB%A6%84%EA%B0%92-16%EC%A3%BC-%EC%97%B0%EC%86%8D-%ED%95%98%EB%9D%BD-%ED%9C%98%EB%B0%9C%EC%9C%A0-1860-2%EC%9B%90-%EA%B2%BD%EC%9C%A0-1844-5%EC%9B%90,https://wimg.sedaily.com/news/cms/2026/09/05/news-p.v1.20260905.9d597bd7b7234decb13b3dd01742f2da_P1.jpg,800,533,ok
https://ailens.sedaily.ai/industry/2026/09/05/2026-09-05-500%EC%96%B5-%EB%93%A4%EA%B3%A0-%EC%84%9C%EC%9A%B8%EC%97%90-%EB%91%A5%EC%A7%80-%EC%9C%A0%EB%A0%A5-%ED%95%9C%EA%B5%AD%ED%98%95-%EC%9D%B8%ED%81%90%ED%85%94-%EC%9C%A4%EA%B3%BD,https://wimg.sedaily.com/news/cms/2026/09/04/news-p.v1.20260826.794517d16ddc4d32ad7794e10e1c04ee_P1.jpg,1200,834,ok
https://ailens.sedaily.ai/industry/2026/09/05/2026-09-05-%EC%82%BC%EC%84%B1%EC%A0%84%EC%9E%90-DX%EB%85%B8%EC%A1%B0-18%EC%9D%BC%EB%B6%80%ED%84%B0-%ED%9A%8C%EC%9E%A5-%EC%9E%90%ED%83%9D-%EC%95%9E-%EB%AC%B4%EA%B8%B0%ED%95%9C-%EC%A7%91%ED%9A%8C,https://wimg.sedaily.com/news/cms/2026/09/05/news-p.v1.20260905.19cf11c9de24495fbf8f32da8f2bcf8d_P1.jpg,1200,800,ok
https://ailens.sedaily.ai/markets/2026/09/05/2026-09-05-%EA%B8%88%EB%A6%AC-%EC%9D%B8%EC%83%81-%EC%9A%B0%EB%A0%A4-%EC%99%84%ED%99%94%EB%90%98%EC%9E%90-%EB%B3%B4%ED%97%98%EC%A3%BC-%EB%A7%A5-%EB%AA%BB%EC%B6%94%EA%B3%A0-%EC%99%80%EB%A5%B4%EB%A5%B4-%EC%9D%B4%EB%9F%B0%EA%B5%AD%EC%9E%A5-%EC%A0%80%EB%9F%B0%EC%A3%BC%EC%8B%9D,https://wimg.sedaily.com/news/cms/2026/09/04/news-p.v1.20260813.5a08f27fb07746169eed5a29b62a0f9c_P1.jpg,1200,799,ok
https://ailens.sedaily.ai/international/2026/09/05/2026-09-05-%ED%8A%B8%EB%9F%BC%ED%94%84-%EC%97%B0%EC%A4%80-%EA%B8%88%EB%A6%AC%EC%9D%B8%ED%95%98-%EC%95%88-%ED%95%98%EB%A9%B4-%EB%8C%80%EB%AF%B8-%ED%9D%91%EC%9E%90%EA%B5%AD%EA%B3%BC-%EB%AC%B4%EC%97%AD-%EC%A4%91%EB%8B%A8,https://wimg.sedaily.com/news/cms/2026/09/05/rcv.YNA.20260905.PRU20260905113801009_P1.jpg,1200,800,ok
https://ailens.sedaily.ai/industry/2026/09/05/2026-09-05-%EB%B2%BC%EB%9E%91-%EB%81%9D-%EB%82%B4%EB%AA%B0%EB%A6%B0-%EA%B3%A8%EB%AA%A9%EC%83%81%EA%B6%8C-%EC%84%9C%EC%9A%B8-%EB%8F%99%EB%84%A4%EC%A0%90%ED%8F%AC-2%EB%85%84%EC%83%88-4%EB%A7%8C%EA%B0%9C-%ED%8F%90%EC%97%85,https://wimg.sedaily.com/news/cms/2026/09/04/news-p.v1.20260904.f6c2dad23fa843ebad4cd38142fa5856_P1.jpg,1200,800,ok
https://ailens.sedaily.ai/industry/2026/09/05/2026-09-05-%ED%98%84%EB%8C%80%EC%A0%9C%EC%B2%A0-8%EC%A1%B0-%EC%8A%B9%EB%B6%80%EC%88%98-%EC%83%9D%EC%82%B0%EA%B8%B0%EC%A7%80-%EC%B2%AB%EC%82%BD-%EC%84%B8%EA%B3%84-%EC%B5%9C%EC%B4%88-%EA%B0%95%ED%8C%90-%EC%A0%84%EA%B8%B0%EB%A1%9C,https://wimg.sedaily.com/news/cms/2026/09/04/news-p.v1.20260904.36be51b1d86247f09c04e8758f617213_P1.png,532,324,ok
https://ailens.sedaily.ai/markets/2026/09/05/2026-09-05-%EB%8F%88-%EB%B2%84%EB%8A%94-%EB%A1%9C%EB%B4%87%EA%B8%B0%EC%97%85-%EB%82%98%EC%99%94%EB%8B%A4-%ED%9D%91%EC%9E%90-%EC%A0%84%ED%99%98-%EB%A1%9C%EB%B3%B4%ED%8B%B0%EC%A6%88%EC%97%90-%EB%A1%9C%EB%B4%87%EC%A3%BC-%EB%9E%A0%EB%A6%AC-%EC%A4%8D%EC%A4%8D-%EB%A6%AC%ED%8F%AC%ED%8A%B8,https://wimg.sedaily.com/news/cms/2026/09/04/news-p.v1.20260904.f134a676609946179b93329e0a2a96ca_P1.jpg,309,700,ok
https://ailens.sedaily.ai/markets/2026/09/05/2026-09-05-%EC%9D%BC%EB%B3%B8%ED%95%AD%EA%B3%B5-%ED%95%9C%EC%A7%84%EC%B9%BC-%EC%A7%80%EB%B6%84-%EC%9D%B8%EC%88%98-%EC%A1%B0%EC%9B%90%ED%83%9C-%EB%B0%B1%EA%B8%B0%EC%82%AC%EB%A1%9C-%ED%95%A9%EB%A5%98,https://wimg.sedaily.com/news/cms/2026/09/04/news-p.v1.20260904.a38375a66c7a4cf883dd13b7e88211c9_P1.jpg,1200,800,ok
https://ailens.sedaily.ai/culture/2026/09/05/2026-09-05-%EC%9E%A5%EA%B8%B0%EA%B8%B0%EC%A6%9D-%EB%93%B1%EB%A1%9D-%ED%95%98%EB%A3%A8%EC%83%88-21%EB%B0%B0-%ED%8E%98%EC%9D%B4%EC%8A%A4%EB%B6%81%EC%9D%98-%ED%9E%98,https://wimg.sedaily.com/news/cms/2026/09/04/news-p.v1.20260903.729a0d1270ad49a2be42315de4845264_P1.jpg,1200,1200,ok
https://ailens.sedaily.ai/markets/2026/09/05/2026-09-05-%EC%83%81%EC%9E%A5%ED%8F%90%EC%A7%80-%EC%8B%9C%EC%B4%9D%EA%B8%B0%EC%A4%80-%EA%B0%95%ED%99%94-6%EA%B0%9C%EC%9B%94-%EB%8A%A6%EC%B6%98%EB%8B%A4,https://wimg.sedaily.com/news/cms/2026/09/04/news-p.v1.20260904.0ccd78eb16534a9db68f14fd2c632d9f_P1.png,880,593,ok
https://ailens.sedaily.ai/news/2026/09/05/2026-09-05-%ED%98%B8%EB%A5%B4%EB%AC%B4%EC%A6%88-%ED%8C%8C%EB%B3%91-%EC%A0%84%ED%88%AC-%EB%B9%84%EC%A0%84%ED%88%AC-%ED%8F%AC%ED%95%A8%ED%95%B4-%EA%B2%80%ED%86%A0,https://wimg.sedaily.com/news/cms/2026/09/04/rcv.YNA.20260610.PYH2026061020290005700_P1.jpg,1200,727,ok
https://ailens.sedaily.ai/international/2026/09/05/2026-09-05-%EB%84%A4%ED%8C%94-%ED%99%8D%EC%88%98-9%EC%9D%BC%EB%A7%8C%EC%97%90-%EA%B7%B9%EC%A0%81-%EC%83%9D%ED%99%98,https://wimg.sedaily.com/news/cms/2026/09/04/news-p.v1.20260904.7b0188977d984e4e91084a674ac02751_P1.jpg,1200,800,ok
https://ailens.sedaily.ai/news/2026/09/05/2026-09-04-%EC%86%8D%EB%B3%B4-%EB%8C%80%ED%86%B5%EB%A0%B9-%EC%A7%91%EC%A4%91%ED%98%B8%EC%9A%B0-%ED%94%BC%ED%95%B4-%EA%B2%BD%EB%82%A8-%ED%86%B5%EC%98%81-%ED%8A%B9%EB%B3%84%EC%9E%AC%EB%82%9C%EC%A7%80%EC%97%AD-%EC%B6%94%EA%B0%80-%EC%84%A0%ED%8F%AC,https://wimg.sedaily.com/news/cms/2026/09/04/news-p.v1.20260904.d4854735eb0c43b78415711ceb4d118b_P1.jpg,1200,750,ok
https://ailens.sedaily.ai/international/2026/09/05/2026-09-04-8%EC%9B%94-%EA%B3%A0%EC%9A%A9-%EA%B9%9C%EC%A7%9D-%EC%A6%9D%EA%B0%80-%EC%97%B0%EC%A4%80-9%EC%9B%94-%EC%9D%B8%EC%83%81%EB%A1%A0-%EB%8B%A4%EC%8B%9C-%EA%B3%A0%EA%B0%9C%EB%93%9C%EB%82%98,https://sedaily-mbti-cms-media-dev.s3.us-east-1.amazonaws.com/media/mustknow-auto/20087457-webtoon-cut001.png,1824,1248,ok
https://ailens.sedaily.ai/news/2026/09/05/2026-09-04-%EC%B4%88%EB%8C%80-%EC%A4%91%EC%88%98%EC%B2%AD%EC%9E%A5-%EA%B9%80%EA%B4%80%EC%A0%95-%EA%B9%80%EC%A7%80%EC%9A%A9-%EB%AC%B8%ED%99%8D%EC%A3%BC-%EC%9D%B4%EC%9C%A4%EC%A0%9C-4%ED%8C%8C%EC%A0%84-%EB%B0%B1%ED%95%B4%EB%A3%A1%EC%9D%80-%ED%83%88%EB%9D%BD,https://wimg.sedaily.com/news/cms/2026/09/04/rcv.YNA.20260904.PYH2026090415390001300_P1.jpg,1200,890,ok
https://ailens.sedaily.ai/industry/2026/09/05/2026-09-04-%EC%82%BC%EC%84%B1-LG%EC%A0%84%EC%9E%90-11%EA%B0%9C-%EC%A0%9C%ED%92%88-IFA-%ED%98%81%EC%8B%A0%EC%83%81-%EC%88%98%EC%83%81-%EA%B8%B0%EC%88%A0-%EB%94%94%EC%9E%90%EC%9D%B8-%EA%B2%BD%EC%9F%81%EB%A0%A5-%EC%9E%85%EC%A6%9D,https://wimg.sedaily.com/news/cms/2026/09/04/news-p.v1.20260904.029c145d2fa943f49dec15667df97181_P1.jpg,500,281,ok
https://ailens.sedaily.ai/industry/2026/09/05/2026-09-04-%EC%A0%95%EC%9A%A9%EC%A7%84-%EA%B5%AD%EB%AC%B4%EB%B6%80-%EC%B4%88%EC%B2%AD-%ED%8C%8C%EC%9A%B4%EB%93%9C%EB%A6%AC-%EC%8A%A4%EC%BF%A8-%EC%B0%B8%EC%84%9D-%ED%95%9C%EB%AF%B8-AI-%EA%B3%B5%EA%B8%89%EB%A7%9D-%ED%98%91%EB%A0%A5-%EB%85%BC%EC%9D%98,https://wimg.sedaily.com/news/cms/2026/09/04/news-p.v1.20260904.deddcd7620a34236b71f089ef44f851e_P1.jpg,1200,800,ok
https://ailens.sedaily.ai/industry/2026/09/05/2026-09-04-%ED%95%9C%EA%B5%AD%EC%9D%B8%EB%93%A4-%EB%8B%A4%EC%8B%9C%EB%8A%94-%EC%95%88-%EA%B0%84%EB%8B%A4-%EB%8D%94%EB%8B%88-%EC%9A%94%EC%83%88-%EB%8B%A4%EC%8B%9C-%EB%B6%81%EC%A0%81%EC%9D%B8%EB%8B%A4%EB%8A%94-%EC%8A%A4%ED%83%80%EB%B2%85%EC%8A%A4-%EA%B2%B0%EC%A0%9C%EC%95%A1-%EB%91%90-%EB%8B%AC%EC%A7%B8-%EB%B0%98%EB%93%B1,https://wimg.sedaily.com/news/cms/2026/09/04/news-p.v1.20260904.a61d42002ef74145b48bf59b2af4c3e7_P1.jpg,1200,696,ok
https://ailens.sedaily.ai/markets/2026/09/04/2026-09-04-%EB%B0%98%EB%8F%84%EC%B2%B4%EC%84%9C-2%EC%B0%A8%EC%A0%84%EC%A7%80%EB%A1%9C-%EC%88%9C%ED%99%98%EB%A7%A4-%ED%95%9C%EB%8B%AC-%EC%83%88-21-%EC%91%A5-ETF-%EC%A4%8C%EC%9D%B8,https://wimg.sedaily.com/news/cms/2026/09/04/news-p.v1.20260904.60b42d1687134b9a9e29647451a25e47_P1.jpg,1200,831,ok
https://ailens.sedaily.ai/markets/2026/09/04/2026-09-04-%EA%B3%B5%EB%AA%A8%EC%A3%BC-%EC%9E%94%ED%98%B9%EC%82%AC-%EB%81%8A%EC%9D%84%EA%B9%8C-%EC%8A%A4%EC%B9%B4%EC%9D%B4%EB%9E%A9%EC%8A%A4-%EC%BD%94%EC%8A%A4%EB%8B%A5-%EC%B2%AB%EB%82%A0-40-%EC%91%A5-%EC%A4%8D%EC%A4%8D-%EB%A6%AC%ED%8F%AC%ED%8A%B8,https://wimg.sedaily.com/news/cms/2026/09/04/news-p.v1.20260821.86ebf25669b24ab39c9c292b236a0ee4_P1.jpg,1200,900,ok
https://ailens.sedaily.ai/markets/2026/09/04/2026-09-04-ETF-%ED%88%AC%EC%9E%90-%EC%97%B4%EA%B8%B0-%EC%8B%9C%EB%93%A4-%EA%B0%9C%EC%9D%B8-%EC%88%9C%EB%A7%A4%EC%88%98-%EB%91%90%EB%8B%AC%EC%83%88-83-%EB%9A%9D,https://wimg.sedaily.com/news/cms/2026/09/04/news-p.v1.20260904.99214db0de634d2386e346c050f1a3e3_P1.jpg,1200,737,ok
https://ailens.sedaily.ai/markets/2026/09/04/2026-09-04-%EC%BD%94%EC%9D%B8-%ED%8C%94%EC%95%84-%EB%A7%88%EB%A0%A8%ED%95%9C-1500%EC%96%B5-%EC%96%B4%EB%94%94%EB%A1%9C-%EA%B0%94%EB%82%98-%EB%B3%B4%EB%8B%88-30%EB%8C%80-%EC%A0%88%EB%B0%98-%EB%98%98%EB%98%98%ED%95%9C-%ED%95%9C-%EC%B1%84-%ED%83%9D%ED%96%88%EB%8B%A4,https://wimg.sedaily.com/news/cms/2026/09/04/news-p.v1.20260904.7f169a9a0bca4609a1d2317b7eee0707_P1.jpg,1200,603,ok
https://ailens.sedaily.ai/industry/2026/09/04/2026-09-04-%EC%82%BC%EC%84%B1%EC%A0%84%EC%9E%90-%EB%B0%98%EB%8F%84%EC%B2%B4-%ED%8F%90%EA%B8%B0%EB%AC%BC-30%EC%A2%85-%EC%9E%AC%ED%99%9C%EC%9A%A9%ED%95%9C%EB%8B%A4,https://wimg.sedaily.com/news/cms/2026/09/04/news-p.v1.20260904.17f891058daa41809414658df97b481c_P1.png,1200,450,ok
https://ailens.sedaily.ai/industry/2026/09/04/2026-09-04-AI-%EC%84%9C%EB%B2%84-%EB%B0%9C%EC%97%B4-%EC%9E%A1%EB%8A%94%EB%8B%A4-%EC%97%90%EC%93%B0%EC%98%A4%EC%9D%BC-%EC%A0%84%EB%AC%B8%EA%B8%B0%EC%97%85%EA%B3%BC-%EC%95%A1%EC%B9%A8%EB%83%89%EA%B0%81-%EA%B8%B0%EC%88%A0-%EC%8B%A4%EC%A6%9D-%EB%A7%9E%EC%86%90,https://wimg.sedaily.com/news/cms/2026/09/04/news-p.v1.20260903.c2f209ea0aae43448cc5e240d8c491c6_P1.jpg,638,409,ok
https://ailens.sedaily.ai/industry/2026/09/04/2026-09-04-K%ED%8F%AC%EC%B0%A8-%EA%B0%90%EC%84%B1%EC%97%90-AI-%EB%B0%A9%ED%83%88%EC%B6%9C-%EC%82%BC%EC%84%B1-Z%EC%84%B8%EB%8C%80-%EC%A0%95%EC%A1%B0%EC%A4%80,https://wimg.sedaily.com/news/cms/2026/09/04/news-p.v1.20260904.02c9d7ba0bc747aaa9bf3135ca15ef84_P1.jpg,1200,900,ok
https://ailens.sedaily.ai/industry/2026/09/04/2026-09-04-%EC%9D%B8%EA%B1%B4%EB%B9%84-%EC%9E%84%EB%8C%80%EB%A3%8C-%ED%94%8C%EB%9E%AB%ED%8F%BC-%EC%88%98%EC%88%98%EB%A3%8C%EA%B9%8C%EC%A7%80-%EC%B9%98%EC%86%9F%EC%95%84-%EC%82%BC%EC%A4%91%EA%B3%A0%EC%97%90-%ED%8F%90%EC%97%85-%EB%82%B4%EB%AA%B0%EB%A0%A4,https://wimg.sedaily.com/news/cms/2026/09/04/news-g.v1.20260904.07ac2b10d3df4fa9a0a7f934de4f06f0_P1.jpg,1200,634,ok
https://ailens.sedaily.ai/markets/2026/09/04/2026-09-04-%EA%B3%A0%EB%A0%A4%EC%95%84%EC%97%B0-SPC%EC%97%90%EB%8F%84-%ED%95%A9%EC%82%B0-3-%EB%A3%B0-%EC%A0%81%EC%9A%A9-%EC%9D%98%EA%B2%B0%EA%B6%8C-%EA%B8%88%EC%A7%80-%EA%B0%80%EC%B2%98%EB%B6%84%EC%9D%80-%EA%B8%B0%EA%B0%81-%EC%8B%9C%EA%B7%B8%EB%84%90,https://wimg.sedaily.com/news/cms/2026/09/04/news-p.v1.20260831.085c9dd8e31249b88d9270e949806cc9_P1.jpg,860,307,ok
https://ailens.sedaily.ai/international/2026/09/04/2026-09-04-%EC%B2%A8%EB%8B%A8%EA%B8%B0%EC%97%85-4%EA%B3%B3-%EC%97%90-2-8%EC%A1%B0-%ED%88%AC%EC%9E%90-%EA%B9%80%EC%A0%95%EA%B4%80-%EB%B0%98%EB%8F%84%EC%B2%B4-%EA%B4%80%EC%84%B8-%EB%B6%88%EB%A6%AC%ED%95%98%EC%A7%80-%EC%95%8A%EA%B2%8C,https://wimg.sedaily.com/news/cms/2026/09/04/news-p.v1.20260904.d3d184268ba2455aa592e2f8b17f2b8f_P1.jpg,1200,783,ok
https://ailens.sedaily.ai/markets/2026/09/04/2026-09-04-%EC%8B%9C%EC%B4%9D-%EB%AF%B8%EB%8B%AC-200%EA%B3%B3-%EC%88%98%EB%AA%85-%EC%97%B0%EC%9E%A5-%EC%95%A1%EB%A9%B4%EB%B3%91%ED%95%A9-%EB%93%B1-%EC%9E%90%EA%B5%AC%EB%85%B8%EB%A0%A5-%EC%8B%9C%EC%9E%A5-%EC%A0%84%EB%B0%98-%ED%8D%BC%EC%A7%88-%EB%93%AF,https://wimg.sedaily.com/news/cms/2026/09/04/news-p.v1.20260904.a038ed2aecc44d358c81bc2189a3baca_P1.jpg,640,427,ok
https://ailens.sedaily.ai/markets/2026/09/04/2026-09-04-%EC%A0%95%EB%B6%80%EA%B0%80-%EC%A3%BC%EC%A3%BC%EC%B6%A9%EC%8B%A4%EC%9D%98%EB%AC%B4-%EC%96%B4%EA%B2%BC%EB%8B%A4-%EA%B0%80%EC%8A%A4%EA%B3%B5%EC%82%AC-%EC%84%9D%EC%9C%A0%EA%B3%B5%EC%82%AC-%ED%95%A9%EB%B3%91%EC%97%90-7-%EB%9A%9D,https://wimg.sedaily.com/news/cms/2026/09/04/news-p.v1.20260325.9d89364b0cbc43c7baa876ebd7d60f96_P1.jpg,670,264,ok
https://ailens.sedaily.ai/news/2026/09/04/2026-09-04-%EA%B0%9C%EA%B0%81-%EB%B0%98%EC%A0%84%EC%9D%80-%EC%97%86%EC%97%88%EB%8B%A4-%EB%8C%80%ED%86%B5%EB%A0%B9-%EC%A7%80%EC%A7%80%EC%9C%A8-40-%EC%B5%9C%EC%A0%80,https://wimg.sedaily.com/news/cms/2026/09/04/news-p.v1.20260904.5e3cffb64a0b4bab915dd84a118271a2_P1.jpg,1200,788,ok
https://ailens.sedaily.ai/markets/2026/09/04/2026-09-04-%EC%A3%BC%EC%8B%9D-%EC%B1%84%EA%B6%8C-%ED%8E%80%EB%93%9C%EA%B9%8C%EC%A7%80-%ED%86%A0%ED%81%B0%EC%A6%9D%EA%B6%8C-%EC%8B%9C%EC%9E%A5-%ED%8C%90-%EC%BB%A4%EC%A7%84%EB%8B%A4,https://wimg.sedaily.com/news/cms/2026/09/04/news-p.v1.20260904.c7f992f24a8642a0b38031613183a8ee_P1.png,880,593,ok
https://ailens.sedaily.ai/news/2026/09/04/2026-09-04-%ED%8A%B8%EB%9F%BC%ED%94%84-%EA%B3%B5%EA%B0%9C-%EC%95%95%EB%B0%95-20%EC%9D%BC-%EB%A7%8C%EC%97%90-%ED%98%B8%EB%A5%B4%EB%AC%B4%EC%A6%88-%ED%8C%8C%EB%B3%91-%EA%B0%80%EB%8A%A5%EC%84%B1-%EC%9D%B8%EC%A0%95,https://wimg.sedaily.com/news/cms/2026/09/04/news-p.v1.20260903.23b7be0ec876475faeba28a17b556db7_P1.jpg,1200,800,ok
https://ailens.sedaily.ai/news/2026/09/04/2026-09-04-%EC%9D%B8%EC%A7%80%EC%88%98%EC%82%AC-%EA%B8%B0%EB%8A%A5-%EC%99%84%EC%A0%84-%ED%8F%90%EC%A7%80-%EC%82%AC%EB%B2%95%ED%86%B5%EC%A0%9C%EB%B6%80-%EC%8B%A0%EC%84%A4-%EA%B3%B5%EC%86%8C%EC%B2%AD-%EC%A7%81%EC%A0%9C%EC%95%88-%EB%B0%9C%ED%91%9C,https://wimg.sedaily.com/news/cms/2026/09/04/rcv.YNA.20260730.PYH2026073006000001300_P1.jpg,1200,1593,ok
https://ailens.sedaily.ai/news/2026/09/04/2026-09-04-%EB%86%8D%EC%97%85%EC%98%88%EC%82%B0-%EC%B5%9C%EB%8C%80%ED%8F%AD-%EC%A6%9D%EC%95%A1-3%EC%A1%B0-%EB%B9%9A-%ED%84%B8%EA%B3%A0-4%EC%A4%91-%EC%95%88%EC%A0%84%EB%A7%9D-%EA%B0%95%ED%99%94,https://wimg.sedaily.com/news/cms/2026/09/04/news-g.v1.20260904.c024790814d74ac3adb57980536094a7_P1.jpg,1200,574,ok
https://ailens.sedaily.ai/news/2026/09/04/2026-09-04-%EC%84%9C%EC%9A%B8%EC%9D%80-10%EB%A7%8C%EC%9B%90-%EC%A7%80%EB%B0%A9%EC%9D%80-15%EB%A7%8C%EC%9B%90-%EB%93%9C%EB%A6%BD%EB%8B%88%EB%8B%A4-19-34%EC%84%B8-%EC%B2%AD%EB%85%84%EC%97%90-%EB%AC%B8%ED%99%94%EB%B9%84-%EC%A4%80%EB%8B%A4,https://wimg.sedaily.com/news/cms/2026/09/04/news-p.v1.20260904.794bd8a8fe784040ad6c9f6d2b6a6f17_P1.png,806,566,ok
https://ailens.sedaily.ai/news/2026/09/04/2026-09-04-%ED%95%B4%EB%AA%85-%ED%8F%AD%EB%A1%9C-%EB%8A%AA%EC%97%90-%EB%B9%A0%EC%A7%84-%EA%B9%80%EC%8A%B9%EC%9B%90-%EC%A7%95%EC%97%AD-8%EC%9B%94-%EA%B5%AC%ED%98%95-%EB%88%84%EA%B0%80-%EB%A7%89%EC%95%98%EB%82%98,https://wimg.sedaily.com/news/cms/2026/09/04/news-p.v1.20260904.4e91260db2184e5dbcf4e77ca64cf794_P1.jpg,1200,699,ok
https://ailens.sedaily.ai/culture/2026/09/04/2026-09-04-%EB%AC%B8%EC%B2%B4%EB%B6%80-%EB%82%B4%EB%85%84-%EC%98%88%EC%82%B0-9-6%EC%A1%B0-22-6-%EB%AC%B8%ED%99%94%EC%98%88%EC%88%A0-44-%EC%BD%98%ED%85%90%EC%B8%A0-9,https://wimg.sedaily.com/news/cms/2026/09/04/news-p.v1.20260904.06c1bf2ba9be4dd78fe86ae7a66be059_P1.jpg,1200,859,ok
https://ailens.sedaily.ai/industry/2026/09/04/2026-09-04-%EC%9E%90%EC%9B%90%EC%88%9C%ED%99%98-%EB%8C%80%ED%86%B5%EB%A0%B9-%ED%91%9C%EC%B0%BD%EB%B0%9B%EC%9D%80-%EC%9C%A0%ED%95%9C%EC%96%91%ED%96%89-%ED%8F%90%EA%B8%B0%EB%AC%BC-180-7%ED%86%A4-%EA%B0%90%EC%B6%95,https://wimg.sedaily.com/news/cms/2026/09/04/news-p.v1.20260904.289b11ed1bde4c8c8ab4bbce6a9aed3f_P1.jpg,1000,590,ok
https://ailens.sedaily.ai/industry/2026/09/04/2026-09-04-%EC%A4%91%EA%B8%B0-%EC%9E%A5%EA%B4%80-%ED%9B%84%EB%B3%B4%EC%9E%90-3%EB%8C%80-%EB%A9%94%EA%B0%80%ED%94%84%EB%A1%9C%EC%A0%9D%ED%8A%B8%EC%97%90-%EC%97%AD%ED%95%A0-%EA%B0%95%ED%99%94,https://wimg.sedaily.com/news/cms/2026/09/04/rcv.YNA.20260904.PYH2026090406760001300_P1.jpg,1200,1800,ok
https://ailens.sedaily.ai/industry/2026/09/04/2026-09-04-SKC-%EC%95%B1%EC%86%94%EB%A6%AD%EC%8A%A4%EC%97%90-2810%EC%96%B5-%EC%B6%9C%EC%9E%90-%EA%B8%80%EB%9D%BC%EC%8A%A4%EA%B8%B0%ED%8C%90-%EC%83%81%EC%97%85%ED%99%94-%EC%86%8D%EB%8F%84,https://wimg.sedaily.com/news/cms/2026/09/04/news-p.v1.20260904.441c9d37cb4443ebbce8660775f2c825_P1.png,740,612,ok
https://ailens.sedaily.ai/industry/2026/09/04/2026-09-04-2%EB%85%84%EB%B0%98-%EB%A7%8C%EC%97%90-%EC%84%9C%EC%9A%B8-%EB%8F%99%EB%84%A4%EC%A0%90%ED%8F%AC-4%EB%A7%8C%EA%B0%9C-%EC%A6%9D%EB%B0%9C,https://wimg.sedaily.com/news/cms/2026/09/04/news-p.v1.20260104.4b22135fdb76453a816ff48a3fbf6c3b_P1.jpg,1200,707,ok
https://ailens.sedaily.ai/markets/2026/09/04/2026-09-04-%ED%95%9C%EA%B5%AD%ED%98%95-%EA%B3%B5%ED%8F%AC%EC%A7%80%EC%88%98-6%EA%B0%9C%EC%9B%94%EB%A7%8C%EC%97%90-%EC%B5%9C%EC%A0%80-%EC%BD%94%EC%8A%A4%ED%94%BC200-%EB%B3%80%EB%8F%99%EC%84%B1%EC%A7%80%EC%88%98-%EC%9E%A5%EC%A4%91-40%EC%84%A0-%EC%95%84%EB%9E%98%EB%A1%9C-%EB%A7%88%EC%BC%93%EC%8B%9C%EA%B7%B8%EB%84%90,https://wimg.sedaily.com/news/cms/2026/09/04/rcv.YNA.20260904.PYH2026090405170001300_P1.jpg,1200,864,ok
https://ailens.sedaily.ai/markets/2026/09/04/2026-09-04-%ED%8A%B8%EB%A6%AC%EB%8B%88%ED%8B%B0%ED%95%AD%EA%B3%B5-%EB%96%A0%EB%B0%9B%EC%B9%98%EB%8A%94-%EC%86%8C%EB%85%B8%EC%9D%B8%ED%84%B0-IPO-%EB%8D%94-%EB%B0%80%EB%A6%AC%EB%A9%B4-%EC%9E%AC%EB%AC%B4-%EA%B5%AC%EB%A9%8D-%EC%8B%9C%EA%B7%B8%EB%84%90,https://wimg.sedaily.com/news/cms/2026/09/04/news-p.v1.20260514.ea36bb891a5d4003b5e96bfcc6457ad0_P1.png,1200,673,ok
https://ailens.sedaily.ai/markets/2026/09/04/2026-09-04-%EC%8F%9F%EC%95%84%EC%A7%80%EB%8A%94-%EC%A0%95%EC%B1%85%EC%9E%90%EA%B8%88-%ED%87%B4%EB%A1%9C-%EB%A7%89%ED%9E%8C-VC-%ED%9A%8C%EC%88%98%EC%8B%9C%EC%9E%A5-%EC%8B%9C%EA%B7%B8%EB%84%90,https://wimg.sedaily.com/news/cms/2026/09/04/news-p.v1.20260107.92ace0200575471faaf4f9dbeecaa9cd_P1.jpg,1200,674,ok
https://ailens.sedaily.ai/international/2026/09/04/2026-09-04-%EC%9D%B8%EB%A5%98-%EC%97%AD%EC%82%AC%EC%83%81-%EC%B2%98%EC%9D%8C%EC%9C%BC%EB%A1%9C-%EB%85%B8%EC%9D%B8%EC%9D%B4-%EC%95%84%EA%B8%B0%EB%B3%B4%EB%8B%A4-%EB%A7%8E%EC%95%84%EC%A1%8C%EB%8B%A4-2060%EB%85%84-%EC%B5%9C%EA%B3%A0%EB%A0%B9%EA%B5%AD,https://wimg.sedaily.com/news/cms/2026/09/04/news-p.v1.20260904.ca8c6353eff5463e9037cf6bbd1ba520_P1.jpg,1200,900,ok
https://ailens.sedaily.ai/industry/2026/09/04/2026-09-04-%EB%B6%88%EA%BD%83%EC%B6%95%EC%A0%9C%EC%97%90-%EB%A7%A4%EC%B6%9C%EB%8F%84-%ED%8F%AD%EB%B0%9C-%ED%8E%B8%EC%9D%98%EC%A0%90-%EC%83%81%ED%92%88-%EC%9E%84%EC%8B%9C-%EB%A7%A4%EC%9E%A5-%EB%8C%80%ED%8F%AD-%ED%99%95%EB%8C%80,https://wimg.sedaily.com/news/cms/2026/09/03/news-p.v1.20260903.c11cdc0ee9574f759fa9f254501ac31b_P1.jpg,1200,848,ok
https://ailens.sedaily.ai/industry/2026/09/04/2026-09-04-K%EB%B0%A9%EC%82%B0-%ED%81%AC%EB%A1%9C%EC%95%84%ED%8B%B0%EC%95%84-%EB%9A%AB%EC%97%88%EB%8B%A4-%ED%95%9C%ED%99%94%EC%97%90%EC%96%B4%EB%A1%9C-%EC%B2%9C%EB%AC%B4-18%EB%AC%B8-%EC%B2%AB-%EC%88%98%EC%B6%9C,https://wimg.sedaily.com/news/cms/2026/09/04/news-p.v1.20260129.563f864f5b7148dd9987750edfb3c7a6_P1.jpg,559,354,ok
https://ailens.sedaily.ai/industry/2026/09/04/2026-09-04-%ED%81%90%EB%A1%9C%EC%85%80-%EB%A6%BC%EC%B9%B4%ED%86%A0-%EC%95%BD%ED%8F%89%EC%9C%84-%ED%86%B5%EA%B3%BC-%EC%97%B0%EB%82%B4-%EA%B1%B4%EB%B3%B4-%EA%B8%89%EC%97%AC%ED%99%94-%EC%86%8D%EB%8F%84,https://wimg.sedaily.com/news/cms/2026/09/04/news-p.v1.20260904.93ebbfabea844fb8ba406be0b0aaf961_P1.jpg,1200,483,ok
https://ailens.sedaily.ai/industry/2026/09/04/2026-09-04-%EC%9D%B4%ED%9D%AC%EA%B7%BC-%ED%8F%AC%EC%8A%A4%EC%BD%94-%EC%82%AC%EC%9E%A5-%EB%85%B8%EC%82%AC%EA%B5%90%EC%84%AD-%EB%82%9C%ED%95%AD-%ED%8C%8C%EC%97%85%EC%9C%84%EA%B8%B0%EC%97%90-%EC%B6%9C%EC%9E%A5-%EC%B7%A8%EC%86%8C,https://wimg.sedaily.com/news/cms/2026/09/04/news-p.v1.20260904.73a5c8152f274ac58cff13cb76c77c05_P2.jpg,500,367,ok
https://ailens.sedaily.ai/markets/2026/09/04/2026-09-04-%EC%A3%BC%EC%A3%BC%ED%99%98%EC%9B%90%EB%A7%8C-110%EC%A1%B0-%EC%B4%88%EA%B3%A0%EC%88%98-%EC%82%BC%EC%84%B1%EC%A0%84%EC%9E%90-%EC%88%9C%EB%A7%A4%EC%88%98-1%EC%9C%84-%EC%A3%BC%EC%8B%9D-%EC%B4%88%EA%B3%A0%EC%88%98%EB%8A%94-%EC%A7%80%EA%B8%88,https://wimg.sedaily.com/news/cms/2026/09/04/news-p.v1.20260902.c4724ea9bed74a848c3389d5fdb40a73_P1.jpeg,500,142,ok
https://ailens.sedaily.ai/markets/2026/09/04/2026-09-04-KB%EC%A6%9D%EA%B6%8C-%ED%87%B4%EC%A7%81%EC%97%B0%EA%B8%88-%EA%B3%84%EC%A2%8C%EC%84%9C-%EA%B0%9C%EC%9D%B8%ED%88%AC%EC%9E%90%EC%9A%A9-%EA%B5%AD%EC%B1%84-%EC%84%9C%EB%B9%84%EC%8A%A4-%EC%8B%9C%EC%9E%91,https://wimg.sedaily.com/news/cms/2026/09/04/news-p.v1.20260904.17c1456d80a342c385cb65d1e5368e3c_P1.png,400,560,ok
https://ailens.sedaily.ai/markets/2026/09/04/2026-09-04-%EC%BD%94%EC%8A%A4%EB%8B%A5-%EA%B8%B0%EC%88%A0%ED%8A%B9%EB%A1%80%EC%83%81%EC%9E%A5-21%EB%85%84-%EB%A7%8C%EC%97%90-300%ED%98%B8-%EA%B8%B0%EC%97%85-%EB%B0%B0%EC%B6%9C-%EC%8B%A0%EA%B7%9C-%EC%83%81%EC%9E%A5-%EC%8B%9C%EC%B4%9D-60-%ED%95%B5%EC%8B%AC-%ED%8A%B8%EB%9E%99-%EC%9C%BC%EB%A1%9C,https://wimg.sedaily.com/news/cms/2026/09/04/news-p.v1.20260904.89d77294238c40cbb9c3fd8a03459b0c_P1.png,951,502,ok
https://ailens.sedaily.ai/news/2026/09/04/2026-09-04-%EC%86%8D%EB%B3%B4-%EB%8C%80%ED%86%B5%EB%A0%B9-6-9%EC%9D%BC-%ED%94%84%EB%9E%91%EC%8A%A4-%EB%B0%A9%EB%AC%B8-%EB%A4%BC%EB%AF%B8%EC%97%90%EB%A5%B4-%EC%84%9C%EB%B0%8B-%EA%B3%B5%EB%8F%99%EC%A3%BC%EC%9E%AC,https://wimg.sedaily.com/news/cms/2026/09/04/rcv.YNA.20260403.PYH2026040310650001300_P1.jpg,1200,817,ok
https://ailens.sedaily.ai/markets/2026/09/04/2026-09-04-%EC%A0%95%EB%B6%80%EA%B0%80-%EC%A3%BC%EC%A3%BC%EC%B6%A9%EC%8B%A4%EC%9D%98%EB%AC%B4-%EC%96%B4%EA%B2%BC%EB%8B%A4-%EA%B0%80%EC%8A%A4%EA%B3%B5%EC%82%AC-%EC%84%9D%EC%9C%A0%EA%B3%B5%EC%82%AC-%ED%95%A9%EB%B3%91%EC%97%90-8-%EB%9A%9D-%EC%9D%B4%EB%9F%B0%EA%B5%AD%EC%9E%A5-%EC%A0%80%EB%9F%B0%EC%A3%BC%EC%8B%9D,https://wimg.sedaily.com/news/cms/2026/09/04/news-p.v1.20260325.9d89364b0cbc43c7baa876ebd7d60f96_P1.jpg,670,264,ok
https://ailens.sedaily.ai/news/2026/09/04/2026-09-04-%EC%86%8D%EB%B3%B4-%ED%98%B8%EB%A5%B4%EB%AC%B4%EC%A6%88-%EA%B8%B0%EC%97%AC-%EB%8C%80%EB%B9%84%ED%83%9C%EC%84%B8-%EC%86%90%EC%83%81%EC%97%86%EB%8A%94-%EB%B2%94%EC%9C%84-%EB%82%B4-%EC%9A%B4%EC%8B%A0%ED%95%A0-%EC%88%98%EB%8F%84,https://wimg.sedaily.com/news/cms/2026/09/04/ams.001.photo.202511190948273848885903_P1.jpg,1200,525,ok
https://ailens.sedaily.ai/markets/2026/09/04/2026-09-04-%EC%A0%95%EB%B6%80-%EC%83%81%ED%8F%90-%EC%8B%9C%EC%B4%9D%EA%B8%B0%EC%A4%80-%EA%B0%95%ED%99%94-%EC%86%8D%EB%8F%84%EC%A1%B0%EC%A0%88-%EC%BD%94%EC%8A%A4%ED%94%BC-%EC%BD%94%EC%8A%A4%EB%8B%A5-6%EA%B0%9C%EC%9B%94-%EC%9C%A0%EC%98%88,https://wimg.sedaily.com/news/cms/2026/09/04/news-p.v1.20260904.1a3554e9cff84f63bdd565edaafcda29_P1.jpg,1200,796,ok
https://ailens.sedaily.ai/news/2026/09/04/2026-09-04-%EC%86%8D%EB%B3%B4-%EB%B0%98%EB%8F%84%EC%B2%B4-%ED%98%B8%ED%99%A9-%EC%A7%80%EC%86%8D-7%EC%9B%94-%EA%B2%BD%EC%83%81%EC%88%98%EC%A7%80-420-8%EC%96%B5-%EB%8B%AC%EB%9F%AC-%ED%9D%91%EC%9E%90-%EC%97%AD%EB%8C%80-2%EC%9C%84,https://wimg.sedaily.com/news/cms/2026/09/04/rcv.YNA.20260806.PYH2026080604660005100_P1.jpg,1200,765,ok
https://ailens.sedaily.ai/news/2026/09/04/2026-09-04-%ED%95%9C-%EB%8B%AC-%EB%B6%93%EA%B3%A0-%ED%8F%89%EC%83%9D-%EC%97%B0%EA%B8%88-%EC%B6%94%EB%82%A9-%EC%99%B8%EA%B5%AD%EC%9D%B8-3%EB%AA%85%EC%9D%B4-%EC%8F%98%EC%95%84%EC%98%AC%EB%A6%B0-%EA%B3%B5-2,https://wimg.sedaily.com/news/cms/2026/09/04/rcv.YNA.20260903.PYH2026090315750001300_P1.jpg,1200,2136,ok
https://ailens.sedaily.ai/markets/2026/09/04/2026-09-04-VIG%ED%8C%8C%ED%8A%B8%EB%84%88%EC%8A%A4-%EC%9C%A0%EC%8B%A0%ED%98%81-%EB%B6%80%EB%8C%80%ED%91%9C-%EA%B0%95%EC%84%B1%EC%9A%B1-%EC%B4%9D%EA%B4%84-%EC%98%81%EC%9E%85-%EC%8B%9C%EA%B7%B8%EB%84%90,https://wimg.sedaily.com/news/cms/2026/09/04/news-p.v1.20260904.31e0c22fe33549d5a04dc472f15c6325_P1.jpg,786,115,ok
https://ailens.sedaily.ai/industry/2026/09/04/2026-09-04-2%EB%A7%8C9000%EC%9B%90-0%EC%9B%90-%EB%B9%84%ED%96%89%EA%B8%B0%EC%84%9C-%EC%9C%A0%ED%8A%9C%EB%B8%8C-%EA%B3%B5%EC%A7%9C%EB%A1%9C-%EB%B3%B8%EB%8B%A4-%EB%8C%80%ED%95%9C%ED%95%AD%EA%B3%B5-%EC%9D%B4%EB%8B%AC-%EC%A4%91-%EC%8A%A4%ED%83%80%EB%A7%81%ED%81%AC-%EB%8F%84%EC%9E%85,https://wimg.sedaily.com/news/cms/2026/09/04/9/news-p.v1.20260904.c546b878a6954a9d93d2e4c7c3838bfc_P1.png,1200,900,ok
https://ailens.sedaily.ai/industry/2026/09/04/2026-09-04-%EC%84%9D%ED%99%94-%EC%9E%AC%ED%8E%B8-1%ED%98%B8-H-L%EC%96%B4%EB%93%9C%EB%B0%B4%EC%8A%A4%EB%93%9C-%EC%B6%9C%EB%B2%94-%EA%B2%BD%EC%9F%81%EB%A0%A5-%ED%99%95%EB%B3%B4%ED%95%98%EB%8A%94-%ED%86%B5%ED%95%A9%EC%9D%98-%EA%B8%B8,https://wimg.sedaily.com/news/cms/2026/09/04/news-p.v1.20260807.1949f67219204e6f8781492756ccc6c7_P1.jpg,745,419,ok
https://ailens.sedaily.ai/industry/2026/09/04/2026-09-04-%EC%82%BC%EC%84%B1-SK-%EC%97%94%EB%B9%84%EB%94%94%EC%95%84%EC%99%80-%EB%8F%99%EB%A7%B9-%EA%B0%95%ED%99%94-%EC%B4%9D%EC%88%98%EB%93%A4-%EB%89%B4%EC%9A%95-%EC%B6%9C%EA%B2%A9,https://wimg.sedaily.com/news/cms/2026/09/04/news-p.v1.20260904.05ddda24828247238a28aaef80f1daf6_P1.jpg,1200,813,ok
https://ailens.sedaily.ai/industry/2026/09/04/2026-09-04-%EA%B8%B0%EC%97%85-%EC%97%90-20%EC%96%B5%EB%B6%88-%ED%88%AC%EC%9E%90-%EC%82%B0%EC%97%85-%EC%83%9D%ED%83%9C%EA%B3%84-%ED%99%95%EC%B6%A9-%ED%9E%98-%EB%B0%9B%EB%8A%94%EB%8B%A4,https://wimg.sedaily.com/news/cms/2026/09/04/news-p.v1.20260904.ce82c0a83dab4ab9a6264a0427641974_P1.jpg,1200,594,ok
https://ailens.sedaily.ai/markets/2026/09/04/2026-09-04-%EC%9C%A0%EA%B0%80-%EC%83%81%EC%8A%B9%EC%97%90-%EB%82%A8%EB%AA%B0%EB%9E%98-%EC%9B%83%EB%8A%94%EB%8B%A4-S-Oil-10-GS-5-%EC%A0%95%EC%9C%A0%EC%A3%BC-%EA%B0%95%EC%84%B8-%EC%A4%8D%EC%A4%8D-%EB%A6%AC%ED%8F%AC%ED%8A%B8,https://wimg.sedaily.com/news/cms/2026/09/04/news-p.v1.20260902.f87f394efa8a4bf09576002e145837e1_P1.jpg,1200,1510,ok
https://ailens.sedaily.ai/markets/2026/09/04/2026-09-04-%EC%BD%94%EC%8A%A4%ED%94%BC-1%EB%A7%8C-1000-%EA%B0%84%EB%8B%A4%EB%8D%98-%ED%95%9C%ED%88%AC-9%EC%9B%94-%EC%B5%9C%EB%8C%80-7400-%EB%A7%88%EC%BC%93%EC%8B%9C%EA%B7%B8%EB%84%90,https://wimg.sedaily.com/news/cms/2026/09/04/news-p.v1.20260903.1770896ed8654115acc751be11c9593d_P1.jpg,1200,668,ok
https://ailens.sedaily.ai/markets/2026/09/04/2026-09-04-%EA%B8%B0%EA%B8%88%ED%98%95-%ED%87%B4%EC%A7%81%EC%97%B0%EA%B8%88%EC%97%90-%EA%B5%AD%EB%AF%BC%EC%97%B0%EA%B8%88-%EC%B0%B8%EC%97%AC-%EC%95%88%EB%8F%BC-%EB%B9%84%EC%9A%A9-%EC%A0%88%EA%B0%90-%EC%96%B4%EB%A0%B5%EA%B3%A0-%EC%88%98%EC%9D%B5%EB%A5%A0%EB%8F%84-%EB%82%AE%EC%9D%84-%EA%B2%83,https://wimg.sedaily.com/news/cms/2026/09/04/news-p.v1.20260904.0d9e22516f2244e7957c582bf1c17331_P1.png,1087,328,ok
https://ailens.sedaily.ai/markets/2026/09/04/2026-09-04-%EC%A1%B0%EA%B0%81%ED%88%AC%EC%9E%90-%ED%92%80%EB%A7%81-%EC%A1%B0%EA%B1%B4%EB%B6%80-%ED%97%88%EC%9A%A9-%EC%A3%BC%EC%8B%9D-%ED%8E%80%EB%93%9C-%EC%B1%84%EA%B6%8C%EB%8F%84-%ED%86%A0%ED%81%B0%ED%99%94-%EC%B6%94%EC%A7%84,https://wimg.sedaily.com/news/cms/2026/09/04/news-p.v1.20260904.c7f992f24a8642a0b38031613183a8ee_P1.png,880,593,ok
https://ailens.sedaily.ai/international/2026/09/04/2026-09-04-%EC%B2%A8%EB%8B%A8%EA%B8%B0%EC%97%85-4%EA%B3%B3-%EC%97%90-2-7%EC%A1%B0%EC%9B%90-%ED%88%AC%EC%9E%90-%EB%B0%98%EB%8F%84%EC%B2%B4-%EA%B3%B5%EA%B8%89%EB%A7%9D-%EA%B0%95%ED%99%94,https://wimg.sedaily.com/news/cms/2026/09/04/news-p.v1.20260904.5a378e4aac85445a93cfa689cd505ac6_P1.jpg,1200,900,ok
https://ailens.sedaily.ai/international/2026/09/04/2026-09-04-%EC%9B%94%EB%9F%AC-%EA%B8%88%EB%A6%AC-%EB%8F%99%EA%B2%B0-%EC%A7%80%EC%A7%80-9%EC%9B%94-%EC%9D%B8%EC%83%81%ED%99%95%EB%A5%A0-%EB%9A%9D-%EB%89%B4%EC%9A%95%EC%A6%9D%EC%8B%9C-%EC%9D%BC%EC%A0%9C-%EC%83%81%EC%8A%B9-%EB%8D%B0%EC%9D%BC%EB%A6%AC%EA%B5%AD%EC%A0%9C%EA%B8%88%EC%9C%B5,https://wimg.sedaily.com/news/cms/2026/09/04/news-p.v1.20260904.b2932f27857541cc9ce32c516d22898e_P1.jpg,1200,800,ok
https://ailens.sedaily.ai/international/2026/09/04/2026-09-04-%EC%84%BC%ED%8A%B8%EB%9F%B4%ED%8C%8C%ED%81%AC-2%EB%B0%B0-%EA%B7%9C%EB%AA%A8-%EB%8D%B0%EC%9D%B4%ED%84%B0%EC%84%BC%ED%84%B0-%EC%A3%BC%EB%AF%BC-%EB%B0%98%EB%8C%80%EC%97%90-5%EB%85%84%EB%A7%8C%EC%97%90-%EB%B0%B1%EC%A7%80%ED%99%94,https://wimg.sedaily.com/news/cms/2026/09/03/news-p.v1.20260901.55a1f141da5d498db0f8b530948c0a09_P1.jpg,1200,800,ok
https://ailens.sedaily.ai/industry/2026/09/04/2026-09-04-%EC%83%81%EC%9E%A5%EC%82%AC-%EA%B0%80%EC%8A%A4-%EA%B3%BC-%EC%9E%90%EB%B3%B8%EC%9E%A0%EC%8B%9D-%EC%84%9D%EC%9C%A0-%ED%86%B5%ED%95%A9-%ED%95%9C%EA%B5%AD%EB%B0%9C%EC%A0%84-%EC%97%94-%EC%A7%80%EC%97%AD%EB%B3%B8%EB%B6%80-3-4%EA%B0%9C-Pick%EC%BD%94%EB%85%B8%EB%AF%B8,https://wimg.sedaily.com/news/cms/2026/09/04/rcv.YNA.20260903.PYH2026090315470001300_P1.jpg,1200,779,ok
https://ailens.sedaily.ai/industry/2026/09/04/2026-09-04-%EB%B6%80%EC%B1%84-173%EC%A1%B0-LH-%EB%91%98%EB%A1%9C-%EC%AA%BC%EA%B0%9C%EC%A7%80%EB%A7%8C-%EC%9E%AC%EB%AC%B4%EC%84%A4%EA%B3%84%EB%8A%94-%EB%AF%B8%EC%99%84-%ED%95%AD%EB%A7%8C-%ED%86%B5%ED%95%A9%EB%8F%84-%EA%B0%88%EB%93%B1-%EC%9A%B0%EB%A0%A4-Pick%EC%BD%94%EB%85%B8%EB%AF%B8,https://wimg.sedaily.com/news/cms/2026/09/04/rcv.YNA.20260903.PYH2026090308320001301_P1.jpg,1200,802,ok
https://ailens.sedaily.ai/markets/2026/09/04/2026-09-04-LG%ED%99%94%ED%95%99-%EB%A1%AF%EB%8D%B0%EC%BC%80%EB%AF%B8%EC%B9%BC-6-%EB%8C%80-%EA%B8%89%EB%93%B1-%EC%84%9D%ED%99%94-%EA%B5%AC%EC%A1%B0%EC%A1%B0%EC%A0%95-%EB%9E%A0%EB%A6%AC-%EC%BD%94%EC%A3%BC%EB%B6%80,https://wimg.sedaily.com/news/cms/2026/09/03/news-p.v1.20260403.ca641a26fcdc42af8b76bb5a89868673_P1.jpg,1200,800,ok
https://ailens.sedaily.ai/industry/2026/09/04/2026-09-04-K9-%EC%88%98%EC%B6%9C-%EC%86%8D%EB%8F%84-%EB%82%B4%EB%8A%94-%ED%95%9C%ED%99%94-%EB%93%9C%EB%A1%A0-%EC%97%B0%EA%B3%84%ED%95%B4-%EC%A0%95%EB%B0%80-%ED%83%80%EA%B2%A9%ED%95%9C%EB%8B%A4-biz-%ED%94%8C%EB%9F%AC%EC%8A%A4,https://wimg.sedaily.com/news/cms/2026/09/03/news-p.v1.20260903.4a94d7695451497db541855b2675877d_P1.jpg,1200,901,ok
https://ailens.sedaily.ai/industry/2026/09/04/2026-09-04-%EC%A4%91%EA%B8%B0%EB%B6%80-%EC%A0%9C%EC%A1%B0-AI-%EC%9D%B8%EC%9E%AC-1600%EB%AA%85-%ED%82%A4%EC%9A%B4%EB%8B%A4-%EC%A7%80%EC%97%AD-%EC%9D%B8%EB%A0%A5%EB%82%9C-%ED%95%B4%EC%86%8C,https://wimg.sedaily.com/news/cms/2026/09/03/news-p.v1.20260428.6262244fb0d44f79b35f4a6f4ffb9094_P1.jpg,640,427,ok
https://ailens.sedaily.ai/industry/2026/09/04/2026-09-04-%EB%B0%98%EB%8F%84%EC%B2%B4-%EA%B5%B4%EA%B8%B0-%EB%92%A4%EC%97%94-%EB%82%98%EB%85%B8-%EB%B6%80%ED%92%88-%EC%9E%A5%EB%B9%84-%EA%B5%AD%EC%82%B0%ED%99%94%EC%9C%A8-%EC%B6%94%EC%9B%94,https://wimg.sedaily.com/news/cms/2026/09/03/news-p.v1.20260903.19a1a4db8e3c48c1a4d47223f6381263_P1.png,1200,682,ok
https://ailens.sedaily.ai/industry/2026/09/04/2026-09-04-%EC%A0%90%EC%9C%A0%EC%9C%A8-10-CXMT-%EA%B3%B5%EC%84%B8%EC%97%90-%ED%95%98%EB%B0%98%EA%B8%B0-HBM4-%EC%8A%B9%EB%B6%80%EC%88%98-biz-%ED%94%8C%EB%9F%AC%EC%8A%A4,https://wimg.sedaily.com/news/cms/2026/09/03/news-p.v1.20260903.ddd490388d224b9db6116d1e390c7910_P1.png,1200,800,ok
https://ailens.sedaily.ai/markets/2026/09/04/2026-09-04-%EC%9B%90%ED%95%98%EB%8A%94-%EB%B6%80%EC%9C%84%EB%A7%8C-%EC%8F%99-%ED%91%9C%EC%A0%81-%EC%A7%80%EB%B0%A9%EB%B6%84%ED%95%B4-%EB%A1%9C-%EB%88%88%EB%8F%8C%EB%A6%B0-K%EB%B0%94%EC%9D%B4%EC%98%A4,https://wimg.sedaily.com/news/cms/2026/09/03/news-p.v1.20260903.cfb7e6e495c740178d508b2ea6a76f1c_P1.jpg,1200,800,ok
https://ailens.sedaily.ai/markets/2026/09/04/2026-09-04-%EB%8C%80%EC%9B%85%EC%A0%9C%EC%95%BD-%EB%8B%A8%EA%B8%B0%EC%B0%A8%EC%9E%85%EA%B8%88-4%EB%B0%B0-%EB%8A%98%EA%B3%A0-%EA%B3%84%EC%97%B4%EC%82%AC-IPO%EB%8F%84-%EB%A7%89%ED%98%80-%EC%9C%A0%EB%8F%99%EC%84%B1-%EA%B2%BD%EA%B3%A0%EB%93%B1-%EC%9E%AC%EB%AC%B4%ED%8F%AC%EC%BB%A4%EC%8A%A4,https://wimg.sedaily.com/news/cms/2026/09/03/news-p.v1.20260703.ef21c624575148738c40fdea3fc5fbe4_P1.png,620,394,ok
https://ailens.sedaily.ai/markets/2026/09/04/2026-09-04-%EC%BD%94%EC%8A%A4%EB%8B%A5-%ED%99%9C%EC%84%B1%ED%99%94-%EC%A7%80%EC%9B%90%EC%82%AC%EA%B2%A9-%EA%B1%B0%EB%9E%98%EC%86%8C-MM-%EC%9D%98%EB%AC%B4%EA%B8%B0%EC%A4%80-90-80,https://wimg.sedaily.com/news/cms/2026/09/03/news-p.v1.20260803.7a58dac3e5ee4dd4a84a3e4a4fa1ef46_P1.png,680,451,ok
https://ailens.sedaily.ai/news/2026/09/04/2026-09-04-%EA%B3%B5%EC%9E%A5-%EC%8B%A0%EC%84%A4%EB%95%90-%EC%9D%B8%EB%A0%A5-%EC%9E%AC%EB%B0%B0%EC%B9%98%EB%8F%84-%EC%9F%81%EC%9D%98-%EB%8C%80%EC%83%81,https://wimg.sedaily.com/news/cms/2026/09/03/rcv.YNA.20260423.PYH2026042317520006100_P1.jpg,1200,843,ok
https://ailens.sedaily.ai/industry/2026/09/04/2026-09-04-%EC%82%BC%EC%84%B1-SK-%ED%91%9C%EC%A0%81%EA%B4%80%EC%84%B8-%EC%98%88%EA%B3%A0-CXMT%EB%8A%94-D%EB%9E%A8-10-%EB%B2%BD-%EB%8F%8C%ED%8C%8C,https://wimg.sedaily.com/news/cms/2026/09/03/news-p.v1.20260903.385e504eaa194c8898fdad66be27dd1a_P1.png,660,440,ok
https://ailens.sedaily.ai/finance/2026/09/04/2026-09-04-%ED%95%98%EB%82%98%EA%B8%88%EC%9C%B5-%EC%86%90%EB%B3%B4%EC%97%90-%EC%B5%9C%EB%8C%80-2000%EC%96%B5-%EC%A6%9D%EC%9E%90-%EC%B6%94%EC%A7%84,https://wimg.sedaily.com/news/cms/2026/09/03/news-p.v1.20260903.25933d9de75a4d06ac905ef4b5f37341_P1.png,541,307,ok
https://ailens.sedaily.ai/news/2026/09/04/2026-09-03-N-%EC%84%B1%EA%B3%BC%EA%B8%89%EC%9C%BC%EB%A1%9C%EB%8A%94-%ED%8C%8C%EC%97%85-%EB%AA%BB%ED%95%98%EC%A7%80%EB%A7%8C-%EA%B3%B5%EC%9E%A5-%EC%8B%A0%EC%84%A4-%EB%93%B1%EC%97%90-%EB%94%B0%EB%A5%B8-%EC%9D%B8%EB%A0%A5-%EC%9E%AC%EB%B0%B0%EC%B9%98%EB%8A%94-%EC%9F%81%EC%9D%98-%EB%8C%80%EC%83%81,https://wimg.sedaily.com/news/cms/2026/09/03/rcv.YNA.20260423.PYH2026042317520006100_P1.jpg,1200,843,ok
https://ailens.sedaily.ai/news/2026/09/04/2026-09-03-3954%EB%A7%8C-%EA%B3%84%EC%A0%95-%EB%8B%A4-%ED%84%B8%EB%A6%B0-%ED%8B%B0%EB%B9%99-%EC%A0%95%EB%B3%B4%EB%B3%B4%ED%98%B8-%ED%88%AC%EC%9E%90-4%EB%B0%B0-%EB%8A%98%EB%A6%B4-%EA%B2%83,https://wimg.sedaily.com/news/cms/2026/09/03/rcv.YNA.20260903.PYH2026090319400001300_P1.jpg,1200,834,ok
https://ailens.sedaily.ai/property/2026/09/04/2026-09-03-%EA%B0%95%EB%82%A8-%EC%84%9C%EC%B4%88-4%EC%A3%BC%EC%A7%B8-%ED%95%98%EB%9D%BD-%EC%84%B1%EB%B6%81-%EC%A4%91%EB%9E%91-%EB%85%B8%EC%9B%90%EC%9D%80-0-5-%EC%98%AC%EB%9D%BC-%EA%B0%95%EC%84%B8,https://wimg.sedaily.com/news/cms/2026/09/03/news-g.v1.20260903.e0ff024f0d59439381c178f72c43797d_P1.jpg,1200,614,ok
https://ailens.sedaily.ai/markets/2026/09/04/2026-09-03-%ED%99%98%EC%9C%A8%EC%97%90-%EB%88%8C%EB%A6%B0-%EC%82%BC%EC%A0%84%EB%8B%89%EC%8A%A4-%EB%AA%A9%ED%91%9C%EA%B0%80-%EC%94%A8%ED%8B%B0-%EB%8F%99%EB%B0%98%ED%95%98%ED%96%A5-%EC%9D%B4%EB%9F%B0%EA%B5%AD%EC%9E%A5-%EC%A0%80%EB%9F%B0%EC%A3%BC%EC%8B%9D,https://wimg.sedaily.com/news/cms/2026/09/03/news-p.v1.20260828.11017776e917430aab405758ef1f58e4_P1.png,658,438,ok
https://ailens.sedaily.ai/industry/2026/09/04/2026-09-03-%EC%A4%91%EA%B8%B0-%EC%88%98%EC%B6%9C-4%EB%85%84%EB%82%B4-245%EC%A1%B0%EB%A1%9C-K%EB%B7%B0%ED%8B%B0-%EB%84%98%EC%96%B4-K%ED%85%8C%ED%81%AC-%EC%A7%91%EC%A4%91%EC%9C%A1%EC%84%B1,https://wimg.sedaily.com/news/cms/2026/09/03/news-p.v1.20260903.043215ebf01143bf84c6dbf1fa8bd831_P1.png,1084,670,ok
https://ailens.sedaily.ai/industry/2026/09/04/2026-09-03-%EC%82%BC%EC%84%B1%EC%A0%84%EC%9E%90-2%EB%B6%84%EA%B8%B0-HBM-%EC%A0%90%EC%9C%A0%EC%9C%A8-33-%ED%95%98%EC%9D%B4%EB%8B%89%EC%8A%A4-%EB%A7%B9%EC%B6%94%EA%B2%A9,https://wimg.sedaily.com/news/cms/2026/09/03/news-p.v1.20260903.708ab9ca1c8943a69b94689d837d1fd1_P1.png,1200,572,ok
https://ailens.sedaily.ai/property/2026/09/04/2026-09-03-LH-%EB%91%98%EB%A1%9C-%EC%AA%BC%EA%B0%A0%EB%8B%A4-%EA%B0%9C%EB%B0%9C%EA%B3%BC-%EC%A3%BC%EA%B1%B0%EB%B3%B5%EC%A7%80-%EA%B8%B0%EB%8A%A5-%EB%B6%84%EB%A6%AC,https://wimg.sedaily.com/news/cms/2026/09/03/news-p.v1.20260903.6df7e6b8fb404641a5cf7d67d052e2b7_P1.jpg,649,390,ok
https://ailens.sedaily.ai/industry/2026/09/04/2026-09-03-%ED%95%9C%EC%9C%A0%EC%9B%90-%EA%B3%B5%EC%98%81%ED%99%88%EC%87%BC%ED%95%91-%ED%95%98%EB%82%98%EB%A1%9C-%EC%A4%91%EA%B8%B0%EB%B6%80-%EC%82%B0%ED%95%98%EA%B8%B0%EA%B4%80-%EA%B0%9C%ED%8E%B8,https://wimg.sedaily.com/news/cms/2026/09/03/news-p.v1.20260428.6262244fb0d44f79b35f4a6f4ffb9094_P1.jpg,640,427,ok
https://ailens.sedaily.ai/industry/2026/09/04/2026-09-03-%EC%9D%B8%EB%A0%A5-%EB%B0%B0%EC%B9%98-%ED%8C%8C%EC%97%85-%EB%B6%88%EC%94%A8-%EB%82%A8%EA%B8%B4-%EB%85%B8%EB%8F%99%EB%B6%80-%ED%98%B8%EB%82%A8-800%EC%A1%B0-%ED%8C%B9-%EB%B0%9C%EB%AA%A9-%EC%9E%A1%EB%82%98,https://wimg.sedaily.com/news/cms/2026/09/03/news-p.v1.20260520.b4aa4be3c55d42e9944db46dd9a9c9dd_P1.jpg,1200,670,ok
https://ailens.sedaily.ai/finance/2026/09/04/2026-09-03-LH-%EB%91%98%EB%A1%9C-%EC%AA%BC%EA%B0%9C%EA%B3%A0-%EC%84%9D%EC%9C%A0-%EA%B0%80%EC%8A%A4-%ED%95%A9%EC%B9%9C%EB%8B%A4,https://wimg.sedaily.com/news/cms/2026/09/03/news-p.v1.20260903.2c4aed12aaeb40e4a9cfb37a411ef61a_P1.jpg,1200,779,ok
https://ailens.sedaily.ai/markets/2026/09/03/2026-09-03-%EC%BA%90%ED%94%BC%ED%84%B8%EA%B7%B8%EB%A3%B9%EC%9D%B4-%EC%B0%8D%EC%9D%80-%EC%A3%BC%EC%8B%9D-KT-G-JB%EA%B8%88%EC%9C%B5-%EB%8A%98%EB%A0%B8%EB%8B%A4,https://wimg.sedaily.com/news/cms/2026/09/03/news-p.v1.20260903.cb9997029128445abb6da11c531fa12c_P1.png,500,375,ok
https://ailens.sedaily.ai/markets/2026/09/03/2026-09-03-%EB%AF%B8%EC%9E%A5%EC%9C%BC%EB%A1%9C-%EB%96%A0%EB%82%9C-%EA%B0%9C%EB%AF%B8%EB%93%A4-%EC%96%B4%EC%A9%8C%EB%82%98-%EB%82%B4%EB%85%84-%EC%88%98%EC%9D%B5%EB%A5%A0%EC%9D%80-%ED%95%9C-%EC%9E%90%EB%A6%BF%EC%88%98-%EB%83%89%EB%8B%B4%ED%95%9C-%EA%B2%BD%EA%B3%A0-%EB%82%98%EC%99%94%EB%8B%A4,https://wimg.sedaily.com/news/cms/2026/09/03/news-p.v1.20260903.940442ce89c34c72bf45b8876a047a91_P1.jpg,1200,800,ok
https://ailens.sedaily.ai/markets/2026/09/03/2026-09-03-%EB%AF%B8%EA%B5%AD-%EC%A3%BC%EC%8B%9D-%EA%B3%A0%EC%A0%90-2030%EB%85%84-%EC%B4%88%EA%B9%8C%EC%A7%80-%ED%98%B8%ED%99%A9-%EA%B3%84%EC%86%8D-%EC%BD%94%EB%A1%9C%EB%82%98-%EC%A0%80%EC%A0%90-%EB%A7%9E%ED%9E%8C-%EC%9B%94%EA%B0%80-%EB%B2%A0%ED%85%8C%EB%9E%91%EC%9D%98-%EC%A0%84%EB%A7%9D,https://wimg.sedaily.com/news/cms/2026/09/03/news-p.v1.20260903.76e527c42e854d77b95217f8fce1ce15_P1.jpg,1200,860,ok
https://ailens.sedaily.ai/industry/2026/09/03/2026-09-03-%EC%82%BC%EC%84%B1-SK-%EB%8C%80%EB%AF%B8%ED%88%AC%EC%9E%90-6-5%EB%B0%B0-%EB%8A%98%EB%A0%A4%EC%95%BC-TSMC%EC%99%80-%EB%B9%84%EC%8A%B7%ED%95%B4%EC%A0%B8,https://wimg.sedaily.com/news/cms/2026/09/03/rcv.YNA.20260903.PRU20260903152001009_P1.jpg,1200,798,ok
https://ailens.sedaily.ai/markets/2026/09/03/2026-09-03-%EA%B0%9C%EB%AF%B8%EB%93%A4-100%EC%A3%BC-%EC%82%AC%EB%86%93%EA%B3%A0-%ED%95%B8%EB%93%9C%ED%8F%B0%EB%A7%8C-%EC%B3%90%EB%8B%A4%EB%B4%90-%EC%A1%B4%EB%A6%AC-%EB%B6%80%EC%9E%90-%EB%90%98%EA%B3%A0-%EC%8B%B6%EB%8B%A4%EB%A9%B4-%EC%A1%B0%EC%96%B8-%EB%93%A4%EC%96%B4%EB%B3%B4%EB%8B%88,https://wimg.sedaily.com/news/cms/2026/09/03/news-p.v1.20260903.5e4ebd2ce4104eceb7fef155b3df68f0_P1.png,688,456,ok
https://ailens.sedaily.ai/industry/2026/09/03/2026-09-03-LH-173%EC%A1%B0-%EB%B6%80%EC%B1%84-%EA%B0%9C%EC%84%A0%EB%B0%A9%EC%95%88-%EB%B9%A0%EC%A0%B8-%ED%95%AD%EB%A7%8C%EA%B3%B5%EC%82%AC%EB%8A%94-%EC%A7%80%EC%97%AD-%EA%B0%88%EB%93%B1-%EC%A1%B0%EC%A7%90,https://wimg.sedaily.com/news/cms/2026/09/03/news-p.v1.20260903.6df7e6b8fb404641a5cf7d67d052e2b7_P1.jpg,649,390,ok
https://ailens.sedaily.ai/industry/2026/09/03/2026-09-03-SK%EB%A0%8C%ED%84%B0%EC%B9%B4-1300%EC%96%B5-%ED%88%AC%EC%9E%90-%EB%B6%80%EC%B1%84%EB%B9%84%EC%9C%A8%EC%9D%80-%EB%9A%9D-%EC%8B%9C%EA%B7%B8%EB%84%90,https://wimg.sedaily.com/news/cms/2026/09/03/news-p.v1.20260818.fb07a054fc8047acbf025f0791c1a743_P1.png,1200,600,ok
https://ailens.sedaily.ai/industry/2026/09/03/2026-09-03-K%EB%B7%B0%ED%8B%B0-%EB%8B%A4%EC%9D%8C%EC%9D%80-K%ED%85%8C%ED%81%AC-%EC%A4%91%EA%B8%B0-%EC%88%98%EC%B6%9C-245%EC%A1%B0%EB%A1%9C-%EB%8A%98%EB%A6%B0%EB%8B%A4,https://wimg.sedaily.com/news/cms/2026/09/03/news-p.v1.20260903.dc00a0647a8a4a77b4bfda3734e768a9_P1.png,1200,796,ok
https://ailens.sedaily.ai/markets/2026/09/03/2026-09-03-%EB%B0%98%EB%8C%80%EB%A7%A4%EB%A7%A4-%ED%84%B0%EC%A7%84-%EB%A7%88%EC%9D%B4%ED%81%AC%EB%A1%9C%EB%94%94%EC%A7%80%ED%83%88-%EC%B5%9C%EB%8C%80%EC%A3%BC%EC%A3%BC-%EA%B3%B5%EC%84%9D-%EC%9D%B4%EB%9F%B0%EA%B5%AD%EC%9E%A5-%EC%A0%80%EB%9F%B0%EC%A3%BC%EC%8B%9D,https://wimg.sedaily.com/news/cms/2026/09/03/news-p.v1.20260903.ed8b5b3ebdd94745a9ca70a6f6966059_P1.png,500,381,ok
https://ailens.sedaily.ai/industry/2026/09/03/2026-09-03-%EB%AC%BC%EB%9F%89%EA%B3%B5%EC%84%B8%EC%97%90-%EC%9D%80-%ED%88%AC%EC%9E%90%EC%9C%A0%EC%B9%98-%EC%B4%9D%EB%A0%A5-%EB%A9%94%EB%AA%A8%EB%A6%AC-%EC%A3%BC%EB%8F%84%EA%B6%8C-%EB%BA%8F%EA%B8%B8-%EC%88%98%EB%8F%84,https://wimg.sedaily.com/news/cms/2026/09/03/news-p.v1.20260727.f2727233e4bd4df090723f2e1cf7a42b_P1.jpg,1200,800,ok
https://ailens.sedaily.ai/industry/2026/09/03/2026-09-03-%EC%8B%A0%EC%95%88%EB%B3%B4-%ED%98%81%EC%8B%A0%EA%B8%B0%EC%97%85%EC%97%90-4%EB%85%84%EA%B0%84-2000%EC%96%B5-%ED%88%AC%EC%9E%90%ED%95%9C%EB%8B%A4,https://wimg.sedaily.com/news/cms/2026/09/03/news-p.v1.20260626.acb65596057346779bde0c35fbe279f7_P1.jpg,1200,791,ok
https://ailens.sedaily.ai/markets/2026/09/03/2026-09-03-%EB%B0%B8%EB%A5%98%EC%97%85-%EA%B3%B5%EC%8B%9C-%EA%B8%B0%EC%97%85-756%EA%B3%B3%EC%9C%BC%EB%A1%9C-%EB%8A%98%EC%97%88%EB%8B%A4-%EC%BD%94%EC%8A%A4%ED%94%BC-%EC%8B%9C%EC%B4%9D-87-%EC%B0%B8%EC%97%AC,https://wimg.sedaily.com/news/cms/2026/09/03/news-p.v1.20260903.b4b2b659ec574496a31dd630886dfdea_P1.png,620,411,ok
https://ailens.sedaily.ai/markets/2026/09/03/2026-09-03-%EC%98%A4%ED%9B%84-2%EC%8B%9C%EC%97%90-%EB%AC%B4%EC%8A%A8%EC%9D%BC%EC%9D%B4-10%EB%B6%84%EB%A7%8C%EC%97%90-3-%EB%8C%80-%EA%B8%89%EB%9D%BD,https://wimg.sedaily.com/news/cms/2026/09/03/news-p.v1.20260903.17b82f70e60a48a8a0b2916f9198eb59_P1.jpg,1200,774,ok
https://ailens.sedaily.ai/markets/2026/09/03/2026-09-03-EB-%EB%A7%89%EC%95%98%EB%8D%94%EB%8B%88-%EC%9E%90%EC%82%AC%EC%A3%BC-%ED%8C%94%EA%B8%B0-%EC%82%AC%EB%9D%BC%EC%A0%B8-%EB%91%90%EB%8B%AC%EA%B0%84-%EC%B2%98%EB%B6%84-%EB%8B%A8-1%EA%B1%B4,https://wimg.sedaily.com/news/cms/2026/09/03/news-p.v1.20260901.a081a8eb53cc4072b14c525d105982c2_P1.png,720,478,ok
https://ailens.sedaily.ai/markets/2026/09/03/2026-09-03-%EC%9D%B4%EB%9E%80-%EA%B8%B0%EC%A7%80-%ED%83%80%EA%B2%A9%EC%97%90-%EB%86%80%EB%9E%90%EB%82%98-%EC%BD%94%EC%8A%A4%ED%94%BC-1-%EB%8C%80-%EA%B8%89%EB%9D%BD-%EB%A7%88%EC%BC%93%EC%8B%9C%EA%B7%B8%EB%84%90,https://wimg.sedaily.com/news/cms/2026/09/03/news-p.v1.20260902.179cc5f43487481bb0b09d27aece43d8_P1.png,1200,800,ok
https://ailens.sedaily.ai/news/2026/09/03/2026-09-03-%EC%86%8D%EB%B3%B4-%EC%B4%9D%EB%A6%AC-4%EB%B6%84%EA%B8%B0-%EA%B3%B5%EA%B3%B5%EA%B8%B0%EA%B4%80-%EC%9D%B4%EC%A0%84-%EB%B0%9C%ED%91%9C-%EA%B3%B5%EA%B3%B5%EA%B8%B0%EA%B4%80-109%EA%B0%9C-%EA%B0%90%EC%B6%95-%EB%82%B4%EB%85%84-%EC%83%81%EB%B0%98%EA%B8%B0%EB%B6%80%ED%84%B0-%EC%9D%B4%EC%A0%84,https://wimg.sedaily.com/news/cms/2026/09/03/rcv.YNA.20260903.PYH2026090308140001301_P1.jpg,1200,781,ok
https://ailens.sedaily.ai/international/2026/09/03/2026-09-03-%ED%95%9C%EC%A0%84-%EC%82%BC%EC%84%B1-SK%EC%97%90-%EC%A0%84%EA%B8%B0%EB%A3%8C-25%EC%A1%B0-%EC%84%A0%EB%82%A9-%EC%A0%9C%EC%95%88-%EB%B0%98%EB%8F%84%EC%B2%B4-%EC%A0%84%EB%A0%A5%EB%A7%9D%EC%97%90-%ED%88%AC%EC%9E%85,https://wimg.sedaily.com/news/cms/2026/09/03/news-p.v1.20260812.e36939a8cd2643c69ddcf96ae80b5970_P1.jpg,750,500,ok
https://ailens.sedaily.ai/news/2026/09/03/2026-09-03-%EB%B0%9C%EC%A0%84-%EA%B3%B5%EA%B8%B0%EC%97%85-5%EA%B3%B3-25%EB%85%84%EB%A7%8C%EC%97%90-%ED%86%B5%ED%95%A9-%EA%B3%B5%EA%B3%B5%EA%B8%B0%EA%B4%80-%EC%9E%90%ED%9A%8C%EC%82%AC-109%EA%B3%B3-%EA%B0%90%EC%B6%95,https://wimg.sedaily.com/news/cms/2026/09/03/rcv.YNA.20260714.PYH2026071414900001300_P1.jpg,1200,800,ok
https://ailens.sedaily.ai/international/2026/09/03/2026-09-03-10%EB%85%84%EB%AC%BC-%EC%9D%B4%EC%9E%90-5-%EC%A7%81%EC%A0%84%EC%9D%B8%EB%8D%B0-%EC%B9%A9%ED%94%8C%EB%A0%88-%EC%96%B4%EC%A9%8C%EC%9E%90%EA%B3%A0-%ED%8A%B8%EB%9F%BC%ED%94%84-%EC%8A%A4%ED%86%A1%EC%BB%A4,https://wimg.sedaily.com/news/cms/2026/09/03/news-p.v1.20260903.97c750fa12da433481271ec10cc972e6_P1.png,1200,960,ok
https://ailens.sedaily.ai/markets/2026/09/03/2026-09-03-EY%ED%95%9C%EC%98%81-%ED%8C%A8%EC%8A%A4%ED%8C%8C%EC%9D%B8%EB%8D%94-%EB%8F%85%EB%A6%BD%EC%9D%B4%EC%82%AC-%EC%A0%84%EB%AC%B8%EC%84%B1-%EA%B0%95%ED%99%94-MOU-%EC%B2%B4%EA%B2%B0-%EC%8B%9C%EA%B7%B8%EB%84%90,https://wimg.sedaily.com/news/cms/2026/09/03/news-p.v1.20260903.b14163fe7dd34f02bde0a16ae0ad016f_P1.jpg,1200,904,ok
https://ailens.sedaily.ai/markets/2026/09/03/2026-09-03-%EB%AF%B8%EC%9E%A5-%ED%9B%88%ED%92%8D%EC%97%90-%EC%82%BC%EC%A0%84%EB%8B%89%EC%8A%A4-%ED%94%84%EB%A6%AC%EB%A7%88%EC%BC%93%EC%84%9C-1-%EB%8C%80-%EB%B0%98%EB%93%B1-%EC%9D%B4%EB%9F%B0%EA%B5%AD%EC%9E%A5-%EC%A0%80%EB%9F%B0%EC%A3%BC%EC%8B%9D,https://wimg.sedaily.com/news/cms/2026/09/03/news-p.v1.20260902.7e087a22f4a24f6e90f9632d9a5d7b10_P1.png,658,438,ok
https://ailens.sedaily.ai/industry/2026/09/03/2026-09-03-%EC%85%80%ED%8A%B8%EB%A6%AC%EC%98%A8-%EC%8A%A4%ED%85%8C%ED%82%A4%EB%A7%88-%EC%A0%90%EC%9C%A0%EC%9C%A8-16-%EB%8F%8C%ED%8C%8C-%EC%8B%A4%EC%A0%81-%EC%84%B1%EC%9E%A5%EC%84%B8-%EA%B0%80%EC%86%8D,https://wimg.sedaily.com/news/cms/2026/09/03/news-p.v1.20260903.bb7c9b488f2649f7b5c24e9e545636e3_P1.jpg,1200,745,ok
https://ailens.sedaily.ai/industry/2026/09/03/2026-09-03-104%EB%A7%8C%EC%9B%90%EC%97%90-%EA%BD%89-%EC%B1%84%EC%9A%B4-%ED%94%8C%EB%9E%98%EA%B7%B8%EC%8B%AD-%EC%82%BC%EC%84%B1-%EA%B0%A4S26-FE-4%EC%9D%BC-%EC%B6%9C%EA%B2%A9,https://wimg.sedaily.com/news/cms/2026/09/03/news-p.v1.20260827.c212fef817744e61af9fd0008ff3d3f0_P1.jpg,1200,600,ok
https://ailens.sedaily.ai/industry/2026/09/03/2026-09-03-%ED%85%8C%EC%8A%AC%EB%9D%BC-%EB%AA%A8%EB%8D%B8Y-8%EC%9B%94-%EA%B5%AD%EC%82%B0%EC%B0%A8-%EC%A0%9C%EC%B9%98%EA%B3%A0-%EA%B5%AD%EB%82%B4-%EC%8A%B9%EC%9A%A9%EC%B0%A8-%ED%8C%90%EB%A7%A4-1%EC%9C%84,https://wimg.sedaily.com/news/cms/2026/09/03/news-p.v1.20260903.fac90f5ce66a4046bc7ea109ad8ba188_P1.jpg,1200,675,ok
https://ailens.sedaily.ai/industry/2026/09/03/2026-09-03-CXMT-D%EB%9E%A8-%EC%A0%90%EC%9C%A0%EC%9C%A8-10-%EB%9A%AB%EC%97%88%EB%8B%A4,https://wimg.sedaily.com/news/cms/2026/09/03/news-p.v1.20260903.385e504eaa194c8898fdad66be27dd1a_P1.png,660,440,ok
https://ailens.sedaily.ai/markets/2026/09/03/2026-09-03-%EA%B3%A0%EB%A0%A4%EC%95%84%EC%97%B0-%EC%B8%A1-%EC%86%90%EC%8B%A4-%ED%88%AC%EC%9E%90-%EC%97%94%ED%84%B0-%ED%9A%8C%EC%9E%A5-%EC%9D%BC%EA%B0%80%EB%8A%94-%EC%A0%84%EC%95%A1-%ED%9A%8C%EC%88%98-%EC%8B%9C%EA%B7%B8%EB%84%90,https://wimg.sedaily.com/news/cms/2026/09/03/news-p.v1.20260831.085c9dd8e31249b88d9270e949806cc9_P1.jpg,860,307,ok
https://ailens.sedaily.ai/markets/2026/09/03/2026-09-03-%ED%8A%B8%EB%9F%AC%EC%8A%A4%ED%86%A4-%ED%83%9C%EA%B4%91%EA%B7%B8%EB%A3%B9%EC%97%90-%EA%B3%B5%EA%B0%9C%EC%84%9C%ED%95%9C-%EA%B2%BD%EC%98%81%ED%98%91%EC%9D%98%ED%9A%8C-%EC%8B%A4%EC%B2%B4-%EB%B0%9D%ED%98%80%EC%95%BC-%EC%8B%9C%EA%B7%B8%EB%84%90,https://wimg.sedaily.com/news/cms/2026/09/03/news-p.v1.20260903.2a8d8a7a68d041e9817963f43725ac12_P1.jpg,640,400,ok
https://ailens.sedaily.ai/markets/2026/09/03/2026-09-03-%EB%8B%A8%EB%8F%85-%EC%9C%A0%EC%A7%84PE-%EC%9A%B0%EB%A6%AC%EA%B8%88%EC%9C%B5%EC%A7%80%EC%A3%BC-1400%EB%A7%8C%EC%A3%BC-%EB%B8%94%EB%A1%9D%EB%94%9C-4650%EC%96%B5-%EA%B7%9C%EB%AA%A8-%EC%8B%9C%EA%B7%B8%EB%84%90,https://wimg.sedaily.com/news/cms/2026/09/03/news-p.v1.20260827.d63090cc94dd4225ad45a10298dc1f8e_P1.jpg,600,625,ok
https://ailens.sedaily.ai/markets/2026/09/03/2026-09-03-%ED%8A%B8%EB%9F%BC%ED%94%84-%EC%95%8C%EB%9E%98%EC%8A%A4%EC%B9%B4-%EC%96%B8%EA%B8%89%EC%97%90-TCC%EC%8A%A4%ED%8B%B8-%EB%B6%80%EA%B5%AD%EC%B2%A0%EA%B0%95-%EB%93%B1-%EA%B4%80%EB%A0%A8%EC%A3%BC-%EA%B8%89%EB%93%B1-%EC%A4%8D%EC%A4%8D%EB%A6%AC%ED%8F%AC%ED%8A%B8,https://wimg.sedaily.com/news/cms/2026/09/03/news-p.v1.20260315.10a879efdb8f4cc49a3e9430544ca74e_P1.jpg,640,773,ok
https://ailens.sedaily.ai/property/2026/09/03/2026-09-03-%EC%82%AC%EC%84%A4-%EC%B2%9C%EC%9B%90-%EC%A3%BC%ED%83%9D-2%EB%A7%8C-%EA%B0%80%EA%B5%AC-%EC%B6%94%EC%A7%84-%EB%A1%9C%EB%98%90-%EB%B3%B5%EC%A7%80-%EB%B6%80%EC%9E%91%EC%9A%A9-%EA%B2%BD%EA%B3%84%ED%95%B4%EC%95%BC,https://wimg.sedaily.com/news/cms/2026/09/02/rcv.YNA.20260828.PYH2026082807920001300_P1.jpg,1200,694,ok
https://ailens.sedaily.ai/international/2026/09/03/2026-09-03-%EB%9F%AC%ED%8A%B8%EB%8B%89-%EC%82%BC%EC%84%B1-SK%ED%95%98%EB%8B%89-%EA%B3%B5%EC%9E%A5-%EA%B1%B4%EC%84%A4-%ED%95%84%EC%88%98-%EB%98%90-%EC%95%95%EB%B0%95-%EC%9D%B4%ED%83%9C%EA%B7%9C%EC%9D%98-%EC%9B%8C%EC%8B%B1%ED%84%B4-%ED%94%8C%EB%A0%88%EC%9D%B4%EB%B6%81,https://wimg.sedaily.com/news/cms/2026/09/03/news-p.v1.20260903.4dbc4926de1f4f68ae8a4d2716a7a431_P1.jpg,1200,800,ok
https://ailens.sedaily.ai/international/2026/09/03/2026-09-03-%EA%B5%AD%EC%B1%84%EC%8B%9C%EC%9E%A5-%EC%83%88-%ED%81%B0%EC%86%90-%ED%97%A4%EC%A7%80%ED%8E%80%EB%93%9C-%EC%BB%A4%EC%A7%80%EB%8A%94-%EB%B6%80%EC%B1%84%EB%B6%80%EB%8B%B4%EC%97%90-%EA%B3%A0%EA%B8%88%EB%A6%AC-%EC%B2%AD%EA%B5%AC%EC%84%9C-%EB%82%B4%EB%AF%B8%EB%82%98,https://wimg.sedaily.com/news/cms/2026/09/02/news-p.v1.20260902.d39f47fac14243e0a1f59210c7302e2d_P1.jpg,1200,801,ok
https://ailens.sedaily.ai/property/2026/09/03/2026-09-03-%EA%B0%95%EB%82%A83%EA%B5%AC-%EA%B1%B0%EB%9E%98%EB%9F%89-77-%EC%A4%84%EC%96%B4-%EB%8C%80%EC%B6%9C-%EA%B8%88%EB%A6%AC-%EC%84%B8%EC%A0%9C%EC%97%90-%EA%B1%B0%EB%9E%98-%EC%A0%88%EB%B2%BD-%ED%98%84%EC%8B%A4%ED%99%94-%EC%A7%91%EC%8A%90%EB%9E%AD,https://wimg.sedaily.com/news/cms/2026/09/02/rcv.YNA.20260823.PYH2026082305310001300_P1.jpg,1200,647,ok
https://ailens.sedaily.ai/news/2026/09/03/2026-09-03-%EB%82%B4%EB%85%84%EB%B6%80%ED%84%B0-%EC%A0%84%EA%B5%AD%EC%97%90-1000%EC%9B%90-%EC%A3%BC%ED%83%9D-2%EB%A7%8C-%EA%B0%80%EA%B5%AC-%EB%A7%8C%EB%93%A0%EB%8B%A4-Pick%EC%BD%94%EB%85%B8%EB%AF%B8,https://wimg.sedaily.com/news/cms/2026/09/02/news-g.v1.20260902.d7c6f4be47214ae59a5fcee18ba6a7fc_P1.jpg,1200,513,ok
https://ailens.sedaily.ai/industry/2026/09/03/2026-09-03-%EB%A5%B4%ED%8F%AC-%EB%A7%A4%EC%9E%A5%EC%9C%BC%EB%A1%9C-%EB%86%80%EB%9F%AC%EC%98%A4%EC%84%B8%EC%9A%94-%EC%9C%A0%ED%86%B5%EA%B0%80-%EC%B2%B4%ED%97%98-%EC%BB%A4%EB%A8%B8%EC%8A%A4-%EA%B0%95%ED%99%94,https://wimg.sedaily.com/news/cms/2026/09/02/news-p.v1.20260831.fc0af757ffe74b77bb49c24000f31f4f_P1.jpg,1200,1049,ok
https://ailens.sedaily.ai/industry/2026/09/03/2026-09-03-%ED%8C%9D%EC%97%85%EC%8A%A4%ED%86%A0%EC%96%B4-3%EB%85%84-%EC%83%88-2%EB%B0%B0-%EB%B0%B1%ED%99%94%EC%A0%90-%EA%B2%BD%ED%97%98-%ED%94%8C%EB%9E%AB%ED%8F%BC-%EC%9C%BC%EB%A1%9C-%EC%A7%84%ED%99%94,https://wimg.sedaily.com/news/cms/2026/09/02/rcv.YNA.20260824.PYH2026082407600001300_P1.jpg,1200,800,ok
https://ailens.sedaily.ai/industry/2026/09/03/2026-09-03-%EA%B2%BD%ED%97%98-%ED%8C%94%EC%95%98%EB%8D%94%EB%8B%88-%EA%B3%A0%EA%B0%9D-%EB%8A%98%EA%B3%A0-%EC%8B%A4%EC%A0%81%EB%8F%84-%EC%91%A5,https://wimg.sedaily.com/news/cms/2026/09/02/news-p.v1.20260901.2073813054414d91b1f343787cd0054d_P1.jpg,1200,900,ok
https://ailens.sedaily.ai/industry/2026/09/03/2026-09-03-%ED%95%9C%ED%99%94%EC%98%A4%EC%85%98-%EB%8C%80%EB%A7%8C-%EC%96%91%EB%B0%8D%ED%95%B4%EC%9A%B4%EC%84%9C-%EC%B9%9C%ED%99%98%EA%B2%BD-%EC%BB%A8%EC%84%A0-6%EC%B2%99-%EC%88%98%EC%A3%BC-1-5%EC%A1%B0%EC%9B%90-%EA%B7%9C%EB%AA%A8,https://wimg.sedaily.com/news/cms/2026/09/03/news-p.v1.20260903.610495e4fc5d491984565c63a1c4a9f5_P1.jpg,1200,901,ok
https://ailens.sedaily.ai/markets/2026/09/03/2026-09-03-%EC%A6%9D%EA%B6%8C%EC%B1%84-%EC%88%98%EC%9A%94%EC%98%88%EC%B8%A1-%ED%9D%A5%ED%96%89%EA%B0%80%EB%8F%84-%ED%95%98%EB%82%98-DB-%EC%97%90-2-6%EC%A1%B0-%EB%AA%B0%EB%A0%B8%EB%8B%A4-%EC%8B%9C%EA%B7%B8%EB%84%90,https://wimg.sedaily.com/news/cms/2026/09/02/news-p.v1.20260902.1d7bf610786a48e5b1bede0d1d16b9f6_P1.jpg,860,572,ok
https://ailens.sedaily.ai/markets/2026/09/03/2026-09-03-%EC%9E%90%EC%B2%B4-AI%EC%9D%B8%ED%94%84%EB%9D%BC-%ED%99%95%EB%B3%B4%ED%95%9C-SK%EB%B0%94%EC%9D%B4%EC%98%A4%ED%8C%9C-%ED%9B%84%EB%B3%B4%EB%AC%BC%EC%A7%88-%EB%B0%9C%EA%B5%B4-%EC%8B%A0%EC%95%BD-%EA%B0%9C%EB%B0%9C-%EB%B9%A8%EB%9D%BC%EC%A7%84%EB%8B%A4,https://wimg.sedaily.com/news/cms/2026/09/02/news-p.v1.20260828.f0efe379c52b485687a82f22f2f84513_P1.png,547,227,ok
https://ailens.sedaily.ai/markets/2026/09/03/2026-09-03-%EC%A4%91%EB%8F%99-%EC%A0%84%EC%9A%B4%EC%97%90%EB%8F%84-%EC%95%88%EC%A0%84%EC%9E%90%EC%82%B0-%EA%B8%88%EA%B0%92-%EB%9A%9D-%EA%B3%A0%EA%B8%88%EB%A6%AC-%EA%B0%95%EB%8B%AC%EB%9F%AC%EC%97%90-%EB%B0%9C%EB%AA%A9-%EC%BD%94%EC%A3%BC%EB%B6%80,https://wimg.sedaily.com/news/cms/2026/09/02/news-p.v1.20260902.3f65350994b841feb9da63dcabc418ef_P1.jpg,1200,754,ok
https://ailens.sedaily.ai/markets/2026/09/03/2026-09-03-%EC%95%8C%ED%85%8C%EC%98%A4%EC%A0%A0-%EB%85%B8%EB%B0%94%ED%8B%B0%EC%8A%A4%EC%97%90-4-4%EC%A1%B0-%EA%B8%B0%EC%88%A0%EC%88%98%EC%B6%9C-%EC%A2%85%ED%95%A9,https://wimg.sedaily.com/news/cms/2026/09/02/news-p.v1.20260902.f13c805d928549a1bb72bf564d1ac4af_P1.jpg,1200,510,ok
https://ailens.sedaily.ai/news/2026/09/03/2026-09-03-9%EC%9B%94-%EB%8C%80%ED%95%9C%EB%AF%BC%EA%B5%AD-%EA%B3%BC%EA%B8%B0%EC%9D%B8%EC%83%81-%EC%B5%9C%EC%88%98%EC%84%9D-%EA%B5%90%EC%88%98,https://wimg.sedaily.com/news/cms/2026/09/02/news-p.v1.20260901.3bc9665afdf241719d01b3688524976e_P1.png,306,395,ok
https://ailens.sedaily.ai/news/2026/09/03/2026-09-03-%EC%9D%B8%EC%9E%AC-%EB%82%A8%EB%B0%A9-%ED%95%9C%EA%B3%84%EC%84%A0-%EC%A0%95%EB%B6%80%EB%8F%84-%EB%AA%BB-%EB%84%98%EC%97%88%EB%8B%A4,https://wimg.sedaily.com/news/cms/2026/09/02/rcv.YNA.20260811.PYH2026081107600001300_P1.jpg,1200,855,ok
https://ailens.sedaily.ai/international/2026/09/03/2026-09-02-%EC%83%81%EB%AC%B4%EC%9E%A5%EA%B4%80-%EB%B0%98%EB%8F%84%EC%B2%B4-%EA%B4%80%EC%84%B8-%EC%B2%B4%EA%B3%84-%EB%A7%88%EB%A0%A8-%EC%A4%91,https://wimg.sedaily.com/news/cms/2026/09/02/rcv.YNA.20260902.PAF20260902065001009_P1.jpg,1200,800,ok
https://ailens.sedaily.ai/news/2026/09/03/2026-09-02-%EC%A2%85%EB%B6%80%EC%84%B8-%EC%9C%A0%ED%84%B4-%EB%B9%84%ED%8C%90%EC%97%90-%EC%96%91%EB%8F%84%EC%84%B8-%EA%B0%90%EB%A9%B4-%EC%B6%95%EC%86%8C-%EA%B0%84%EA%B3%BC%ED%95%9C-%EA%B2%83-%EB%B0%98%EB%B0%95,https://wimg.sedaily.com/news/cms/2026/09/02/news-p.v1.20260902.39c3009e146640e693c45b245821d4ef_P1.jpg,1200,823,ok
https://ailens.sedaily.ai/industry/2026/09/03/2026-09-02-%EC%B9%98%ED%8F%B4%EB%A0%88-%EC%95%84%EC%8B%9C%EC%95%84-%EC%B2%AB-%EB%A7%A4%EC%9E%A5-%EA%B5%AD%EB%82%B4-%EC%83%81%EB%A5%99-%EC%97%B0%EB%82%B4-3%ED%98%B8%EC%A0%90%EA%B9%8C%EC%A7%80,https://wimg.sedaily.com/news/cms/2026/09/02/news-p.v1.20260901.21a7e417a9df4543accfc150b6621f08_P1.jpg,1200,800,ok
https://ailens.sedaily.ai/industry/2026/09/03/2026-09-02-%EB%A1%AF%EB%8D%B0-%EC%B6%94%EC%84%9D-%EC%95%9E%EB%91%90%EA%B3%A0-%ED%8C%8C%ED%8A%B8%EB%84%88%EC%82%AC%EC%97%90-9495%EC%96%B5-%EA%B7%9C%EB%AA%A8-%EC%A1%B0%EA%B8%B0-%EC%A7%80%EA%B8%89,https://wimg.sedaily.com/news/cms/2026/09/02/news-p.v1.20260902.85e1ef013b30405dbadda08f70712e73_P1.jpg,1200,1439,ok
https://ailens.sedaily.ai/industry/2026/09/03/2026-09-02-%EC%82%BC%EC%84%B1-LG-AI-%EB%A6%AC%EB%B9%99-%EA%B5%AC%ED%98%84-%EA%B0%80%EC%A0%84-%EB%84%98%EC%96%B4-%EB%A1%9C%EB%B4%87-%EA%B2%BD%EC%97%B0%EC%9E%A5-%EC%A7%84%ED%99%94,https://wimg.sedaily.com/news/cms/2026/09/02/news-p.v1.20260902.c5b4f533f6c7466cb975bd05a855baa7_P1.jpg,1200,800,ok
https://ailens.sedaily.ai/industry/2026/09/02/2026-09-02-%EA%B3%A0%EA%B0%9D%EC%9D%84-%EB%A7%A4%EC%9E%A5%EC%97%90%EC%84%9C-%EB%86%80%EA%B2%8C-%ED%95%98%EB%9D%BC-%EB%B0%B1%ED%99%94%EC%A0%90-%ED%8C%9D%EC%97%85-2160%EA%B1%B4-%EC%97%AD%EB%8C%80-%EC%B5%9C%EB%8B%A4-%ED%98%B8%EB%AA%A8-%EC%97%91%EC%8A%A4%ED%8E%98%EB%A6%AC%EC%97%94%EC%8A%A4%EA%B0%80-%EC%98%A8%EB%8B%A4,https://wimg.sedaily.com/news/cms/2026/09/02/news-p.v1.20260902.0953879f15324123aff5ab7a59e04e89_P1.jpg,1200,777,ok
https://ailens.sedaily.ai/markets/2026/09/02/2026-09-02-%EA%B8%B0%EC%9E%90%EC%9D%98-%EB%88%88-%EA%B8%88%EA%B0%90%EC%9B%90%EC%97%90-%EC%A0%84%EB%AC%B8%EA%B0%80%EA%B0%80-%EC%82%AC%EB%9D%BC%EC%A7%84%EB%8B%A4%EB%A9%B4,https://wimg.sedaily.com/news/cms/2026/09/02/news-p.v1.20260902.1f48ae0fe08e4db7bc2d934c49a9e739_P1.png,600,400,ok
https://ailens.sedaily.ai/markets/2026/09/02/2026-09-02-NXT-%ED%94%84%EB%A6%AC-%EC%95%A0%ED%94%84%ED%84%B0%EB%A7%88%EC%BC%93-ETF-%EA%B1%B0%EB%9E%98-%EB%82%B4%EB%85%84-%EC%9D%B4%ED%9B%84%EB%A1%9C,https://wimg.sedaily.com/news/cms/2026/09/02/news-p.v1.20260902.6facbbe5ea744449b06720b6987dcf24_P1.png,745,496,ok
https://ailens.sedaily.ai/markets/2026/09/02/2026-09-02-IR%EC%9E%84%EC%9B%90%EC%9D%B4-%EB%AF%B8%EA%B3%B5%EA%B0%9C-%EC%8B%A0%EC%95%BD-%ED%98%B8%EC%9E%AC-%EB%A1%9C-2000%EB%A7%8C-%EC%9B%90-%EB%B2%8C%EC%96%B4-%EC%A6%9D%EC%84%A0%EC%9C%84-%EC%88%98%EC%82%AC%EA%B8%B0%EA%B4%80-%ED%86%B5%EB%B3%B4,https://wimg.sedaily.com/news/cms/2026/09/02/news-p.v1.20260902.e16004263fc145f6821e386bf8563a06_P1.png,880,593,ok
https://ailens.sedaily.ai/markets/2026/09/02/2026-09-02-%EC%9E%90%EC%82%AC%EC%A3%BC-%EB%B0%A9%EC%96%B4%EB%A7%89%EC%97%90%EB%8F%84-%EA%B8%88%EB%A6%AC-%EC%9C%A0%EA%B0%80-%ED%8C%8C%EA%B3%A0%EC%97%90-%EC%A6%9D%EC%8B%9C-%ED%9D%94%EB%93%A4,https://wimg.sedaily.com/news/cms/2026/09/02/news-p.v1.20260902.0b8b93d44d2f4e1d9fe9028c03ab1a12_P1.jpg,700,467,ok
https://ailens.sedaily.ai/news/2026/09/02/2026-09-02-%ED%95%B5%EC%8B%AC%EC%A0%84%EB%A0%A5-%EB%8B%A4%EC%98%81%EC%97%AD%EB%B6%80%EB%8C%80-%ED%95%9C%EB%B0%98%EB%8F%84-%EB%B0%B0%EC%B9%98-%EC%B6%94%EC%A7%84,https://wimg.sedaily.com/news/cms/2026/09/02/news-p.v1.20260902.340911a55dc64f12afe64fd079afb479_P1.jpg,860,573,ok
https://ailens.sedaily.ai/news/2026/09/02/2026-09-02-%EA%B3%B5%EA%B3%B5%EA%B8%B0%EA%B4%80-%EC%A7%80%EB%B0%A9%EC%9D%B4%EC%A0%84-3%EC%9D%BC-%EB%B0%9C%ED%91%9C-%EA%B8%B0%EB%8A%A5-%EA%B0%9C%ED%98%81%EC%97%90-%EB%B0%A9%EC%A0%90,https://wimg.sedaily.com/news/cms/2026/09/02/news-p.v1.20260629.cfdc8b180cd7476bbac9d56f55de546f_P1.jpg,1200,675,ok
https://ailens.sedaily.ai/finance/2026/09/02/2026-09-02-%EA%B8%88%EB%A6%AC-%EC%98%AC%EB%9D%BC-%EC%A7%91%EA%B0%92-%EA%BA%BE%EC%97%AC%EB%8F%84-2000%EC%A1%B0-%EB%B9%9A-%EA%B0%80%EA%B3%84%EB%8A%94-%EC%9D%B4%EC%9E%90%EB%B6%80%EB%8B%B4%EC%97%90-%EB%88%88%EB%AC%BC,https://wimg.sedaily.com/news/cms/2026/09/02/news-p.v1.20260901.ffd485eaf417477bb5e65023d52fed5f_P1.jpeg,640,343,ok
https://ailens.sedaily.ai/property/2026/09/02/2026-09-02-%ED%98%84%EA%B8%88-30%EC%96%B5-%EA%B0%80%EC%A7%84-%EC%82%AC%EB%9E%8C-%EC%9E%88%EA%B2%A0%EB%82%98-%EA%B0%95%EB%82%A83%EA%B5%AC-%ED%86%A0%ED%97%88%EC%8B%A0%EC%B2%AD-77-%EA%B8%89%EA%B0%90,https://wimg.sedaily.com/news/cms/2026/09/02/rcv.YNA.20260823.PYH2026082305310001300_P1.jpg,1200,647,ok
https://ailens.sedaily.ai/markets/2026/09/02/2026-09-02-MBK-%EC%8A%A4%ED%82%A8%EC%9D%B4%EB%8D%B0%EC%95%84-%EB%9D%BC%EC%9D%B4%ED%94%84%EC%95%A4%EB%B0%94%EC%9D%B4%EC%98%A4-%EC%9D%B8%EC%88%98%ED%95%9C%EB%8B%A4-%EC%8B%9C%EA%B7%B8%EB%84%90,https://wimg.sedaily.com/news/cms/2026/09/02/news-p.v1.20260110.c15af5003db04030a7dfd424d77b56c2_P1.png,850,721,ok
https://ailens.sedaily.ai/industry/2026/09/02/2026-09-02-%EC%9E%A5%EC%9D%B8%ED%99%94-%ED%95%9C-%ED%98%B8%EC%A3%BC-%EA%B2%BD%ED%98%91%EC%9C%84%EC%9B%90%EC%9E%A5-%ED%95%B5%EC%8B%AC%EA%B4%91%EB%AC%BC-%EC%97%90%EB%84%88%EC%A7%80-%EB%B0%A9%EC%82%B0-%EB%93%B1-3%EB%8C%80-%EC%B2%A8%EB%8B%A8%EC%82%B0%EC%97%85-%ED%98%91%EB%A0%A5-%EA%B0%95%ED%99%94,https://wimg.sedaily.com/news/cms/2026/09/02/news-p.v1.20260902.6d27855b504c4d49bd341162377d988b_P1.jpg,1200,800,ok
https://ailens.sedaily.ai/industry/2026/09/02/2026-09-02-%EC%A4%91%EA%B8%B0%EB%B6%80-%EC%82%B0%ED%95%98%EA%B8%B0%EA%B4%80%EC%9E%A5-%EC%9D%B8%EC%82%AC%EC%8B%9C%EA%B3%84-%EB%B9%A8%EB%9D%BC%EC%A7%84%EB%8B%A4-11%EA%B3%B3-%EC%A4%91-4%EA%B3%B3-%EA%B5%90%EC%B2%B4-%EC%84%A0%EC%83%81,https://wimg.sedaily.com/news/cms/2026/09/02/news-p.v1.20260205.d3c3cff748bd43fe9fb2c0af99154872_P1.jpg,745,496,ok
https://ailens.sedaily.ai/industry/2026/09/02/2026-09-02-%EC%82%B0%EB%8B%A8%EC%9D%B4-AI-%EB%A1%9C%EB%B4%87-%EC%8B%A4%EC%A6%9D-%EB%A9%94%EC%B9%B4%EB%A1%9C-%EB%B0%B8%EB%A5%98%EC%B2%B4%EC%9D%B8-AX-%EA%B0%80%EC%86%8D,https://wimg.sedaily.com/news/cms/2026/09/02/news-p.v1.20260902.d51182b185fa4937929e85e3cccf0459_P1.jpg,1200,900,ok
https://ailens.sedaily.ai/industry/2026/09/02/2026-09-02-%EB%B2%95%EC%9B%90-%ED%99%88%ED%94%8C%EB%9F%AC%EC%8A%A4-%ED%9A%8C%EC%83%9D%EA%B3%84%ED%9A%8D-%EC%9D%B8%EA%B0%80-19%EA%B0%9C-%EC%A0%90%ED%8F%AC-%EB%A7%A4%EA%B0%81-%EC%B6%94%EC%A7%84,https://wimg.sedaily.com/news/cms/2026/09/02/news-p.v1.20260813.c5ebcb1bbb5841a4ad46adfd8304af87_P1.jpg,1200,847,ok
https://ailens.sedaily.ai/markets/2026/09/02/2026-09-02-%ED%8A%B8%EB%9E%99%EB%A0%88%EC%BD%94%EB%93%9C-%EB%B6%80%EC%A1%B1%ED%95%B4-FDA-%EC%8A%B9%EC%9D%B8-%EC%A7%80%EC%97%B0-%EB%B0%94%EC%9D%B4%EC%98%A4-%EC%86%8C%EB%B6%80%EC%9E%A5-95-%ED%95%B4%EC%99%B8-%EC%9D%98%EC%A1%B4,https://wimg.sedaily.com/news/cms/2026/09/02/news-g.v1.20260902.7a18e69fb10f43b99d29017e5dd3d237_P1.jpg,620,565,ok
https://ailens.sedaily.ai/markets/2026/09/02/2026-09-02-%EC%9A%B0%EC%8B%9C%EB%B0%94%EC%9D%B4%EC%98%A4-1%EB%85%84%EC%B9%98-IND%EA%B0%80-K%EB%B0%94%EC%9D%B4%EC%98%A4-%EB%88%84%EC%A0%81-%EC%8B%A0%EC%B2%AD%EC%9D%98-3%EB%B0%B0-%EC%A0%84%EC%9E%84%EC%83%81%EB%B6%80%ED%84%B0-%EC%A7%80%EC%9B%90%ED%95%B4%EC%95%BC,https://wimg.sedaily.com/news/cms/2026/09/02/news-p.v1.20260825.0f4b2ebbf47a4e1dbd6be2f91d8ebc82_P1.png,1200,675,ok
https://ailens.sedaily.ai/markets/2026/09/02/2026-09-02-%EB%8F%88-%EB%B2%8C-%EB%95%8C%EB%82%98-%EC%A2%8B%EC%95%98%EC%A7%80-%EB%B6%88%EC%9E%A5-%EC%97%90-%EB%B9%9A%ED%88%AC-%EB%AA%B0%EB%A6%B0-%EA%B0%9C%EB%AF%B8%EB%93%A4-%EA%B8%89%EB%9D%BD%EC%9E%A5%EC%97%90-439%EC%96%B5-%EB%B0%98%EB%8C%80%EB%A7%A4%EB%A7%A4-%ED%94%BC%EB%88%88%EB%AC%BC,https://wimg.sedaily.com/news/cms/2026/09/02/news-p.v1.20260902.199400611e954202903d7d7f9486e80a_P1.jpg,1200,800,ok
https://ailens.sedaily.ai/markets/2026/09/02/2026-09-02-%EC%83%81%ED%8F%90-%EC%9C%84%EA%B8%B0-%EA%B8%88%EC%96%91-%EA%B2%B0%EA%B5%AD-%EB%B6%84%EC%8B%9D%ED%9A%8C%EA%B3%84-%ED%98%90%EC%9D%98%EB%A1%9C-%EA%B2%80%EC%B0%B0-%EA%B3%A0%EB%B0%9C,https://wimg.sedaily.com/news/cms/2026/09/02/news-p.v1.20260902.ef604579a3b94afd838e7890314d3431_P1.png,880,593,ok
https://ailens.sedaily.ai/finance/2026/09/02/2026-09-02-%EB%AF%B8%EA%B5%AD%EB%B0%9C-%EA%B8%88%EB%A6%AC-%EC%93%B0%EB%82%98%EB%AF%B8-%EC%84%9C%EB%AF%BC-%EC%98%81%EB%81%8C%EC%A1%B1%EB%B6%80%ED%84%B0-%EB%8D%AE%EC%B9%9C%EB%8B%A4,https://wimg.sedaily.com/news/cms/2026/09/02/rcv.NEWS1.NEWS1.20260901.2026-09-01T132727_1008081682_FINANCE-STOCK_I_P1.jpg,1200,608,ok
https://ailens.sedaily.ai/international/2026/09/02/2026-09-02-%EC%99%B8%EA%B5%AD%EC%9D%B8-%EB%B0%B0%EB%8B%B9%EC%86%8C%EB%93%9D-%EB%A9%B4%EC%84%B8-%ED%8F%90%EC%A7%80-%EA%B0%9C%ED%98%81-%EA%B0%9C%EB%B0%A9-%EC%9D%B4%ED%9B%84-32%EB%85%84-%EB%A7%8C,https://wimg.sedaily.com/news/cms/2026/09/02/news-p.v1.20260902.4b7391d59b1442f69555c9c68b1fac15_P1.jpg,500,335,ok
https://ailens.sedaily.ai/news/2026/09/02/2026-09-02-8%EC%9B%94-%EB%AC%BC%EA%B0%80-3-1-%EC%83%81%EC%8A%B9-%EC%83%9D%ED%99%9C%EB%AC%BC%EA%B0%80%EA%B9%8C%EC%A7%80-%EB%93%A4%EC%8D%A9,https://wimg.sedaily.com/news/cms/2026/09/02/rcv.NEWS1.NEWS1.20260902.2026-09-02T145748_1008084562_INDUSTRY_I_P1.jpg,1200,779,ok
https://ailens.sedaily.ai/international/2026/09/02/2026-09-02-%EC%9D%B4%EB%A1%80%EC%A0%81-%EC%9E%A5%EC%A4%91-%EA%B3%B5%EC%8A%B5%EC%97%90-%EC%9C%A0%EA%B0%80-95-G20%EB%8F%84-%ED%95%B4%EB%B2%95-%EB%AA%BB%EB%82%B4,https://wimg.sedaily.com/news/cms/2026/09/02/news-g.v1.20260902.d4a13ccbc8e947c4945737eba25d2ffb_P1.jpg,638,957,ok
https://ailens.sedaily.ai/news/2026/09/02/2026-09-02-%EC%9A%B0%EB%A6%AC-%EC%95%84%EC%9D%B4-%EC%84%B1%EC%9D%B8-%EB%90%A0-%EB%95%8C-7000%EB%A7%8C%EC%9B%90-%EC%8C%93%EC%9D%B8%EB%8B%A4-%EC%A0%95%EB%B6%80%EA%B0%80-%ED%95%A8%EA%BB%98-%EB%8F%88-%EB%84%A3%EC%96%B4-%EC%A4%80%EB%8B%A4%EB%8A%94-%EC%9D%B4-%ED%8E%80%EB%93%9C,https://wimg.sedaily.com/news/cms/2026/09/02/news-p.v1.20260902.93fedff384fc450b8b4c1fac353707c8_P1.png,1137,790,ok
https://ailens.sedaily.ai/news/2026/09/02/2026-09-02-%EB%8B%A8%EB%8F%85-%ED%95%98%EB%A3%A8-%EC%9E%84%EB%8C%80%EB%A3%8C-1000%EC%9B%90-%EC%B2%AD%EB%85%84%EC%A3%BC%ED%83%9D-2%EB%A7%8C%EA%B0%80%EA%B5%AC-%EA%B3%B5%EA%B8%89%ED%95%9C%EB%8B%A4,https://wimg.sedaily.com/news/cms/2026/09/02/rcv.NEWS1.NEWS1.20260522.2026-05-22T141847_1007921113_REALESTATE_I_P1.jpg,1200,765,ok
https://ailens.sedaily.ai/industry/2026/09/02/2026-09-02-%EC%A0%9C%EC%9D%B4%EC%BB%A4%EB%B8%8C%EC%9D%B8%EB%B2%A0-%EB%8F%99%EB%B0%A9%EC%97%90-120%EC%96%B5-%ED%88%AC%EC%9E%90-%EC%9E%90%ED%95%AD%EC%84%A0-%EC%84%B1%EC%9E%A5-%EA%B2%A8%EB%83%A5-%EC%8B%9C%EA%B7%B8%EB%84%90,https://wimg.sedaily.com/news/cms/2026/09/02/news-p.v1.20260901.c5e6506aa3144c428c8674ae1032125c_P1.png,682,302,ok
https://ailens.sedaily.ai/markets/2026/09/02/2026-09-02-%EB%A1%AF%EB%8D%B0%EB%A0%8C%ED%83%88-M-A-%EC%8B%A0%EC%86%8D-%ED%97%88%EA%B0%80%EC%97%90-TPG-%EC%9D%B8%EC%88%98-%EC%9E%90%EA%B8%88-%EC%A1%B0%EB%8B%AC-%EC%86%8D%EB%8F%84%EB%82%B8%EB%8B%A4-%EC%8B%9C%EA%B7%B8%EB%84%90,https://wimg.sedaily.com/news/cms/2026/09/02/news-p.v1.20260902.ad8748e797a84d94af4b1ad02093e1c5_P1.jpg,560,365,ok
https://ailens.sedaily.ai/markets/2026/09/02/2026-09-02-%EB%B2%95%EC%9B%90-%ED%99%88%ED%94%8C%EB%9F%AC%EC%8A%A4-%ED%9A%8C%EC%83%9D%EC%95%88-%EC%9D%B8%EA%B0%80-%EC%9E%90%EC%82%B0-%EB%A7%A4%EA%B0%81-%EB%B3%B8%EA%B2%A9%ED%99%94-%EC%8B%9C%EA%B7%B8%EB%84%90,https://wimg.sedaily.com/news/cms/2026/09/02/news-p.v1.20260902.8bcfd99911254bfa8a6370154d62ba4e_P1.png,620,292,ok
https://ailens.sedaily.ai/industry/2026/09/02/2026-09-02-%EC%9C%A0%EB%9F%BD-%EC%A4%91%EB%8F%99-%EC%82%AC%EB%A1%9C%EC%9E%A1%EC%9D%80-K%EB%B0%A9%EC%82%B0-%EC%9D%B8%EC%9E%AC-R-D-%EB%8A%98%EB%A0%A4-%EB%A7%A4%EC%B6%9C-50%EC%A1%B0-%EB%88%88%EC%95%9E-%EC%9D%B4%EC%8A%88-focus,https://wimg.sedaily.com/news/cms/2026/09/02/news-g.v1.20260902.fe3f0517ebcb4e99b1df52a53a0233b4_P1.jpg,1200,603,ok
https://ailens.sedaily.ai/industry/2026/09/02/2026-09-02-%EA%B8%B0%EC%95%84-%EC%97%AD%EB%8C%80-%EC%B5%9C%EA%B3%A0-%EA%B8%B0%EB%A1%9D-%EB%A6%B4%EB%A0%88%EC%9D%B4,https://wimg.sedaily.com/news/cms/2026/09/02/news-p.v1.20260902.a30b98b3576b46eda4b64c1d2995784f_P1.jpg,1200,800,ok
https://ailens.sedaily.ai/industry/2026/09/02/2026-09-02-%EB%A7%9B%EC%9E%88%EA%B3%A0-%EA%B0%84%ED%8E%B8%ED%95%B4%EC%84%9C-%EC%9E%90%EC%A3%BC-%EC%82%AC-%EB%A8%B9%EB%8A%94-%EA%B1%B4%EB%8D%B0-%ED%8E%B8%EC%9D%98%EC%A0%90%EC%84%9C-%EC%A6%89%EC%84%9D%EB%B0%A5-%EC%A7%91%EC%97%88%EB%8B%A4%EA%B0%80-%EA%B9%9C%EC%A7%9D,https://wimg.sedaily.com/news/cms/2026/09/02/news-p.v1.20260902.337573c04f8041e68dd2e6f0e90d1411_P1.png,350,242,ok
https://ailens.sedaily.ai/industry/2026/09/02/2026-09-02-%EC%9E%A0%EC%88%98%ED%95%A8%EC%97%90-%EB%AF%B8%EC%82%AC%EC%9D%BC-%EC%A0%84%ED%88%AC%EA%B8%B0-%EB%AC%B4%EC%9D%B8%EC%B2%B4%EA%B3%84%EA%B9%8C%EC%A7%80-%EC%88%98%EC%B6%9C-%EC%A0%84%EC%84%A0-%EB%84%93%ED%9E%8C%EB%8B%A4,https://wimg.sedaily.com/news/cms/2026/09/02/news-p.v1.20260902.fc94cb87217843299cd10a62552992d2_P1.png,860,515,ok
https://ailens.sedaily.ai/markets/2026/09/02/2026-09-02-%EC%83%9D%EC%82%B0%EB%8A%A5%EB%A0%A5-1%EC%9C%84-K%EB%B0%94%EC%9D%B4%EC%98%A4-%EB%B8%94%EB%A1%9D%EB%B2%84%EC%8A%A4%ED%84%B0-%EC%8B%A0%EC%95%BD%EC%9D%80-0,https://wimg.sedaily.com/news/cms/2026/09/02/news-p.v1.20260825.f7a1c629a131494db917a6e6c1fb8edd_P1.png,1200,675,ok
https://ailens.sedaily.ai/markets/2026/09/02/2026-09-02-%EA%B1%B0%EB%9E%98%EC%86%8C-%EB%8B%A4%EC%9D%8C%EB%8B%AC-%EC%A3%BC%EC%8B%9D-%EA%B2%B0%EC%A0%9C-T-1-%EB%A1%9C%EB%93%9C%EB%A7%B5-%EB%B0%9C%ED%91%9C-%EC%99%B8%EA%B5%AD%EC%9D%B8-%EC%8B%9C%EC%B0%A8-%ED%99%98%EC%A0%84-%ED%95%B4%EB%B2%95%EB%B6%80%ED%84%B0-%EB%A7%88%EB%A0%A8%ED%95%B4%EC%95%BC,https://wimg.sedaily.com/news/cms/2026/09/02/news-p.v1.20260902.f32f3756d9b24fa6825d7286a90d9208_P1.jpg,1200,900,ok
https://ailens.sedaily.ai/markets/2026/09/02/2026-09-02-%EC%95%8C%ED%85%8C%EC%98%A4%EC%A0%A0-%EB%98%90-%EC%9D%BC%EB%83%88%EB%8B%A4-%EB%85%B8%EB%B0%94%ED%8B%B0%EC%8A%A4%EC%97%90-4-4%EC%A1%B0-%EA%B8%B0%EC%88%A0%EC%88%98%EC%B6%9C,https://wimg.sedaily.com/news/cms/2026/09/02/news-p.v1.20260902.58882c4a53e04b9f857b8efe780fe9ae_P1.jpg,1200,760,ok
https://ailens.sedaily.ai/markets/2026/09/02/2026-09-02-%EA%B8%B0%ED%83%80%EB%B2%95%EC%9D%B8-%EB%B0%A9%EC%96%B4-%EC%97%90%EB%8F%84-%ED%9E%98-%EB%B9%A0%EC%A7%84-%EC%BD%94%EC%8A%A4%ED%94%BC-4-%EB%82%B4%EB%A0%A4-6500%EC%84%A0-%EB%A7%88%EA%B0%90-%EB%A7%88%EC%BC%93%EC%8B%9C%EA%B7%B8%EB%84%90,https://wimg.sedaily.com/news/cms/2026/09/02/rcv.YNA.20260902.PYH2026090216720001300_P1.jpg,1200,722,ok
https://ailens.sedaily.ai/industry/2026/09/02/2026-09-02-%EB%8B%A8%EB%8F%85-%EC%82%BC%EC%84%B1%EB%AC%BC%EC%82%B0-ESS-%ED%83%9C%EC%96%91%EA%B4%91-%ED%88%AC%EC%9E%90%EC%9E%90%EB%A1%9C-IMM%EC%9D%B8%EB%B2%A0-%EB%82%99%EC%A0%90-%EC%8B%9C%EA%B7%B8%EB%84%90,https://wimg.sedaily.com/news/cms/2026/09/02/news-p.v1.20260901.5fb8f8305b2b4fd798bd3a8c6616f4e7_P1.png,363,586,ok
https://ailens.sedaily.ai/industry/2026/09/02/2026-09-02-%EC%A0%95%EC%9A%A9%EC%A7%84%EC%9D%98-%EB%9F%AD%EC%85%94%EB%A6%AC-%EC%8A%B9%EB%B6%80%EC%88%98-%EC%B2%AD%EB%8B%B4%EC%97%90-%EC%95%84%EB%A7%8C-%EB%93%A4%EC%96%B4%EC%84%A0%EB%8B%A4,https://wimg.sedaily.com/news/cms/2026/09/02/news-p.v1.20260902.c94732afdfe94e3faba9e99c04b625ff_P1.png,560,306,ok
https://ailens.sedaily.ai/industry/2026/09/02/2026-09-02-%EC%97%AD%EB%8C%80%EA%B8%89-%ED%8F%AD%EC%97%BC-%EC%97%90-%ED%94%84%EB%A1%9C%EC%95%BC%EA%B5%AC-%EB%B6%80%EC%82%B0-%EC%B0%BD%EC%9B%90-%EA%B2%BD%EA%B8%B0-%EC%B7%A8%EC%86%8C,https://wimg.sedaily.com/news/cms/2026/09/02/news-p.v1.20260801.0349fbd24cf946f19f4d09b4425b7bf4_P1.jpg,1200,735,ok
https://ailens.sedaily.ai/industry/2026/09/02/2026-09-02-%EA%B8%B0%EC%95%84%EC%9D%98-%EB%8F%85%EC%A3%BC-8%EC%9B%94-%EC%84%9C-%EC%97%AD%EB%8C%80-%EC%B5%9C%EA%B3%A0-%EC%8B%A4%EC%A0%81-%ED%98%84%EB%8C%80%EC%B0%A8%EB%8A%94-1-9-%EA%B0%90%EC%86%8C,https://wimg.sedaily.com/news/cms/2026/09/02/news-p.v1.20260902.f91bd4eb6f8047dab0486d9ee2c43e39_P1.jpg,1200,800,ok
https://ailens.sedaily.ai/industry/2026/09/02/2026-09-02-%EB%91%90%EC%82%B0%ED%93%A8%EC%96%BC%EC%85%80-AI-DC-%EC%A0%84%EB%A0%A5%EC%8B%9C%EC%9E%A5-%EC%A7%84%EC%B6%9C-5014%EC%96%B5-%EA%B7%9C%EB%AA%A8-%EC%97%B0%EB%A3%8C%EC%A0%84%EC%A7%80-%EA%B3%B5%EA%B8%89,https://wimg.sedaily.com/news/cms/2026/09/02/news-p.v1.20260902.9523665a385c47f48b61a3c44982c433_P1.jpg,1200,901,ok
https://ailens.sedaily.ai/markets/2026/09/02/2026-09-02-%EC%A0%95%EC%9D%80%EB%B3%B4-%EA%B1%B0%EB%9E%98%EC%86%8C-%EC%9D%B4%EC%82%AC%EC%9E%A5-%EC%BA%98%EB%A6%AC%ED%8F%AC%EB%8B%88%EC%95%84-%EA%B3%B5%EB%AC%B4%EC%9B%90-%EC%97%B0%EA%B8%88-%EB%A9%B4%EB%8B%B4-%EC%9E%90%EB%B3%B8%EC%8B%9C%EC%9E%A5-%EC%98%81%EC%97%85%EC%A0%84,https://wimg.sedaily.com/news/cms/2026/09/02/news-p.v1.20260902.9ef7f2da007d40fa96ef387345012b86_P1.png,640,427,ok
https://ailens.sedaily.ai/markets/2026/09/02/2026-09-02-240%EB%A7%8C-140%EB%A7%8C-%ED%8F%AD%EB%9D%BD%EC%97%90-%EA%B0%9C%EB%AF%B8%EB%93%A4-%EB%B9%84%EB%AA%85-%ED%84%B0%EC%A1%8C%EB%8A%94%EB%8D%B0-%EC%A3%BC%EA%B0%80-2%EB%B0%B0-%EB%90%9C%EB%8B%A4-%EC%A0%84%EB%A7%9D-%EB%82%98%EC%98%A8-%ED%9A%8C%EC%82%AC-%EC%96%B4%EB%94%94,https://wimg.sedaily.com/news/cms/2026/09/02/news-p.v1.20260902.76cb2bb681944b4bb0ba69202ad0280f_P1.png,842,555,ok
https://ailens.sedaily.ai/markets/2026/09/02/2026-09-02-%EC%82%BC%EC%A0%84%EB%8B%89%EC%8A%A4-%ED%94%84%EB%A6%AC%EB%A7%88%EC%BC%93-3-%EB%8C%80-%EA%B8%89%EB%9D%BD-%EA%B8%88%EB%A6%AC-%EC%9C%A0%EA%B0%80-%EA%B8%89%EB%93%B1%EC%97%90-%EB%B0%98%EB%8F%84%EC%B2%B4-%ED%9C%98%EC%B2%AD-%EC%9D%B4%EB%9F%B0%EA%B5%AD%EC%9E%A5-%EC%A0%80%EB%9F%B0%EC%A3%BC%EC%8B%9D,https://wimg.sedaily.com/news/cms/2026/09/02/news-p.v1.20260902.7e087a22f4a24f6e90f9632d9a5d7b10_P1.png,658,438,ok
https://ailens.sedaily.ai/markets/2026/09/02/2026-09-02-%EC%95%8C%ED%85%8C%EC%98%A4%EC%A0%A0-%EC%8A%A4%EC%9C%84%EC%8A%A4-%EB%85%B8%EB%B0%94%ED%8B%B0%EC%8A%A4%EC%97%90-ALT-B4-%EA%B8%B0%EC%88%A0%EC%88%98%EC%B6%9C,https://wimg.sedaily.com/news/cms/2026/09/02/news-p.v1.20260902.73e2ecca2d1847ed907e024202564939_P1.jpg,1200,760,ok
https://ailens.sedaily.ai/finance/2026/09/02/2026-09-02-%EB%91%90-%EB%8B%AC-%EB%A7%8C%EC%97%90-%EB%AC%BC%EA%B0%80-3-%EC%9E%AC%EC%A7%84%EC%9E%85-%EC%A0%95%EB%B6%80-%ED%86%B5%EC%8B%A0%EB%B9%84-%EB%B9%BC%EB%A9%B4-2-5,https://wimg.sedaily.com/news/cms/2026/09/02/news-p.v1.20260902.f87f394efa8a4bf09576002e145837e1_P1.jpg,1200,1510,ok
https://ailens.sedaily.ai/news/2026/09/02/2026-09-02-%EB%82%B4%EB%85%84-%EC%A7%80%EC%97%AD%EC%82%AC%EB%9E%91%EC%83%81%ED%92%88%EA%B6%8C-25-6%EC%A1%B0-%EB%B0%9C%ED%96%89-%ED%96%89%EC%95%88%EB%B6%80-84-7%EC%A1%B0-%EC%98%88%EC%82%B0%EC%95%88-%ED%8E%B8%EC%84%B1,https://wimg.sedaily.com/news/cms/2026/09/02/rcv.YNA.20260716.PYH2026071612630001301_P1.jpg,1200,919,ok
https://ailens.sedaily.ai/industry/2026/09/02/2026-09-02-%EC%82%BC%EC%9D%BCPwC-%EB%AF%BC%EA%B0%84-%ED%88%AC%EC%9E%90%EB%A5%BC-%ED%86%B5%ED%95%9C-%EC%86%A1%EC%A0%84%EB%A7%9D-%EB%8C%80%EC%A0%84%ED%99%98-%EC%9B%A8%EB%B9%84%EB%82%98-%EA%B0%9C%EC%B5%9C-%EC%8B%9C%EA%B7%B8%EB%84%90,https://wimg.sedaily.com/news/cms/2026/09/02/news-p.v1.20260902.5b0db002bd2e488abe10cc4ca125ba97_P1.jpg,934,302,ok
https://ailens.sedaily.ai/industry/2026/09/02/2026-09-02-%EB%94%9C%EB%A1%9C%EC%9D%B4%ED%8A%B8-%EC%95%88%EC%A7%84-%EC%B1%85%EB%AC%B4%EA%B5%AC%EC%A1%B0%EB%8F%84-%EB%8C%80%EC%9D%91-%EA%B3%B5%EB%8F%99%EC%84%A4%EB%AA%85%ED%9A%8C-%EA%B0%9C%EC%B5%9C-%EC%8B%9C%EA%B7%B8%EB%84%90,https://wimg.sedaily.com/news/cms/2026/09/02/news-p.v1.20260902.e10e783ea90d4664b94b8bfeb427ad52_P1.jpeg,1200,900,ok
https://ailens.sedaily.ai/industry/2026/09/02/2026-09-02-%EC%82%BC%EC%A0%95KPMG-K-%ED%83%80%EC%9D%B4%EC%96%B4-%EC%A0%84%EA%B8%B0%EC%B0%A8-RE-%EA%B3%A0%EC%9D%B8%EC%B9%98-%ED%83%80%EC%9D%B4%EC%96%B4-%EA%B3%B5%EB%9E%B5%ED%95%B4%EC%95%BC-%EC%8B%9C%EA%B7%B8%EB%84%90,https://wimg.sedaily.com/news/cms/2026/09/02/news-p.v1.20260902.86034e49044b4459b2770e4a3c327404_P1.jpg,822,803,ok
https://ailens.sedaily.ai/industry/2026/09/02/2026-09-02-%EC%98%AC%ED%95%B4-%ED%95%98%EB%B0%98%EA%B8%B0-%EA%B3%B5%EA%B8%B0%EC%97%85-10%EA%B3%B3-%EC%A4%91-7%EA%B3%B3-%EC%B1%84%EC%9A%A9-%ED%99%95%EC%A0%95,https://wimg.sedaily.com/news/cms/2026/09/02/news-p.v1.20260902.c56241da33e240fea92aca95b609ab7d_P1.png,550,403,ok
https://ailens.sedaily.ai/industry/2026/09/02/2026-09-02-%EA%B4%80%EA%B3%84%EC%9D%B8%EC%A7%91%ED%9A%8C-%EC%95%9E%EB%91%94-%ED%99%88%ED%94%8C%EB%9F%AC%EC%8A%A4-%EA%B3%B5%EC%9D%B5%EC%B1%84%EA%B6%8C-%EB%8F%99%EC%9D%98-64-%EB%84%98%EC%96%B4,https://wimg.sedaily.com/news/cms/2026/09/02/rcv.NEWS1.NEWS1.20260901.2026-09-01T172658_1008082899_INDUSTRY_I_P1.jpg,1200,768,ok
https://ailens.sedaily.ai/industry/2026/09/02/2026-09-02-%EC%A4%91%EA%B8%B0%EB%B6%80-%EC%B2%AD%EB%85%84-%EC%86%8C%EC%83%81%EA%B3%B5%EC%9D%B8-%EC%82%AC%ED%9A%8C%EC%95%88%EC%A0%84%EB%A7%9D-%EA%B5%AC%EC%B6%95-%EC%B0%BD%EC%97%85-%EC%8B%A4%ED%8C%A8-%EC%9C%A1%EC%95%84-%ED%8F%90%EC%97%85%EA%B9%8C%EC%A7%80-%EC%A7%80%EC%9B%90,https://wimg.sedaily.com/news/cms/2026/09/02/news-p.v1.20260902.9509cb93a7dd41838865cbfaa96e155d_P1.jpg,1200,800,ok
https://ailens.sedaily.ai/industry/2026/09/02/2026-09-02-%EC%99%B8%EC%8B%A0-%EC%9E%A5%EA%B8%88%EB%A7%88%EB%A6%AC%ED%83%80%EC%9E%84-%EB%B0%B0-%ED%98%B8%EB%A5%B4%EB%AC%B4%EC%A6%88%EC%84%9C-%ED%94%BC%EA%B2%A9-%EC%9E%A5%EA%B8%88%EC%83%81%EC%84%A0-%EC%8B%A4%EC%86%8C%EC%9C%A0%EA%B6%8C-%EC%97%86%EB%8B%A4,https://wimg.sedaily.com/news/cms/2026/09/02/news-p.v1.20260902.9f350160cc544a358389b292b79b45e4_P1.jpg,1200,800,ok
https://ailens.sedaily.ai/markets/2026/09/02/2026-09-02-1%EC%A1%B0-%EA%B7%9C%EB%AA%A8-%EC%9D%98%EC%99%95-%EB%B0%B1%EC%9A%B4%EB%B0%B8%EB%A6%AC-%EC%9D%98%EB%A3%8C%EB%B3%B5%ED%95%A9%EB%8B%A8%EC%A7%80-%EB%A7%A4%EB%AC%BC%EB%A1%9C-%EC%84%A0%EB%A7%A4%EA%B0%81-%EC%9D%B4%ED%9B%84-%EB%82%B4%EB%85%84-%EC%B0%A9%EA%B3%B5-%EC%8B%9C%EA%B7%B8%EB%84%90,https://wimg.sedaily.com/news/cms/2026/09/02/news-p.v1.20260901.654ddfb21d1844bab92664fa08d521ab_P1.jpg,682,562,ok
https://ailens.sedaily.ai/markets/2026/09/02/2026-09-02-%EC%82%BC%EC%84%B1%EC%A0%84%EA%B8%B0-1%EC%A1%B0%EC%9B%90%EB%8C%80-MLCC-%EC%88%98%EC%A3%BC-%EA%B3%B5%EA%B8%89-%EB%B6%80%EC%A1%B1%EC%97%90-%EA%B0%80%EA%B2%A9%EB%8F%84-%EC%98%A4%EB%A5%B8%EB%8B%A4-%EC%A4%8D%EC%A4%8D-%EB%A6%AC%ED%8F%AC%ED%8A%B8,https://wimg.sedaily.com/news/cms/2026/09/02/news-p.v1.20260902.8ccb4cae01014fb5a78fff2d2c3151c2_P1.png,1200,675,ok
https://ailens.sedaily.ai/markets/2026/09/02/2026-09-02-%EC%BB%B4%ED%88%AC%EC%8A%A4-%EC%8B%A0%EC%9E%91-%EC%A0%9C%EC%9A%B0%EC%8A%A4-%ED%9D%A5%ED%96%89-%EC%A3%BC%EA%B0%80-7-%EB%8C%80-%EA%B0%95%EC%84%B8-%EC%9D%B4%EB%9F%B0%EA%B5%AD%EC%9E%A5-%EC%A0%80%EB%9F%B0%EC%A3%BC%EC%8B%9D,https://wimg.sedaily.com/news/cms/2026/09/02/news-p.v1.20260902.74ccbaf6484544888854165f257a9b1d_P1.png,640,360,ok
https://ailens.sedaily.ai/markets/2026/09/02/2026-09-02-%EC%82%BC%EC%A0%84%EB%8B%89%EC%8A%A4-3-%EB%8C%80-%EB%8F%99%EB%B0%98-%EC%95%BD%EC%84%B8-%EC%BD%94%EC%8A%A4%ED%94%BC-3-%EA%B8%89%EB%9D%BD%ED%95%B4-6600%EC%84%A0-%EB%A7%88%EC%BC%93%EC%8B%9C%EA%B7%B8%EB%84%90,https://wimg.sedaily.com/news/cms/2026/09/02/news-p.v1.20260902.4b8331eb4d0344fbbb3d023d671b84d1_P1.jpg,500,142,ok
https://ailens.sedaily.ai/news/2026/09/02/2026-09-02-%EA%B3%A0%EC%B6%94%EC%9E%A5-%EA%B0%84%EC%9E%A5%EB%8F%84-%EB%8B%B4%ED%95%A9%ED%96%88%EB%82%98-%EA%B3%B5%EC%A0%95%EC%9C%84-CJ-%EB%8C%80%EC%83%81-%EC%83%98%ED%91%9C-%EB%93%B1-5%EA%B0%9C%EC%82%AC-%ED%98%84%EC%9E%A5%EC%A1%B0%EC%82%AC-Pick%EC%BD%94%EB%85%B8%EB%AF%B8,https://wimg.sedaily.com/news/cms/2026/09/01/news-p.v1.20260901.5c3bcef5c6054094a65768d034154b27_P1.jpg,600,347,ok
https://ailens.sedaily.ai/news/2026/09/02/2026-09-02-%EC%82%AC%EC%84%A4-%EB%82%B4%EB%85%84-%EB%82%98%EB%9E%8F%EB%B9%9A-106%EC%A1%B0-%EC%A6%9D%EA%B0%80-%EB%AF%B8%EB%9E%98%EC%84%B8%EB%8C%80%EC%97%90-%EB%B9%9A-%EC%B2%AD%EA%B5%AC%EC%84%9C-%EC%9A%B0%EB%A0%A4%EB%90%9C%EB%8B%A4,https://wimg.sedaily.com/news/cms/2026/09/01/rcv.YNA.20260901.PYH2026090105690001300_P1.jpg,1200,797,ok
https://ailens.sedaily.ai/news/2026/09/02/2026-09-02-1%EC%A3%BC%ED%83%9D-%EC%A2%85%EB%B6%80%EC%84%B8-%EB%B6%80%EB%8B%B4-%EB%82%AE%EC%B7%84%EC%A7%80%EB%A7%8C-%EC%96%91%EB%8F%84%EC%84%B8-%EA%B3%B5%EC%A0%9C-10%EC%96%B5-%EC%9D%80-%EA%B7%B8%EB%8C%80%EB%A1%9C-Pick%EC%BD%94%EB%85%B8%EB%AF%B8,https://wimg.sedaily.com/news/cms/2026/09/01/news-p.v1.20260901.529701ae420c4087a478812c8d1b044e_P1.jpg,1200,800,ok
https://ailens.sedaily.ai/international/2026/09/02/2026-09-02-%EC%9D%B4%EB%A1%80%EC%A0%81-%EC%9E%A5%EC%A4%91-%EC%9D%B4%EB%9E%80-%EA%B3%B5%EC%8A%B5-%EB%B8%8C%EB%A0%8C%ED%8A%B8-95%EB%8B%AC%EB%9F%AC-10%EB%85%84%EB%AC%BC-4-8-%EB%8F%8C%ED%8C%8C-%EC%9D%B4%ED%83%9C%EA%B7%9C%EC%9D%98-%EC%9B%8C%EC%8B%B1%ED%84%B4-%ED%94%8C%EB%A0%88%EC%9D%B4%EB%B6%81,https://wimg.sedaily.com/news/cms/2026/09/02/news-p.v1.20260902.f34ebea2b3ad4f4b97cb50abb9f7b2e7_P1.jpg,1200,800,ok
https://ailens.sedaily.ai/international/2026/09/02/2026-09-02-%EC%A4%91%EB%8F%99-%EA%B8%B4%EC%9E%A5-%EA%B3%A0%EC%A1%B0%EC%97%90-%EC%9C%A0%EA%B0%80-%EA%B8%88%EB%A6%AC-%EB%8F%99%EB%B0%98-%EA%B8%89%EB%93%B1-%EB%82%98%EC%8A%A4%EB%8B%A5-1-%EB%8D%B0%EC%9D%BC%EB%A6%AC%EA%B5%AD%EC%A0%9C%EA%B8%88%EC%9C%B5,https://wimg.sedaily.com/news/cms/2026/09/02/rcv.YNA.20260902.PRU20260902081901009_P1.jpg,1200,800,ok
https://ailens.sedaily.ai/news/2026/09/02/2026-09-02-%EA%B5%AD%EB%B0%A9%EC%98%88%EC%82%B0-%EC%B2%AB-70%EC%A1%B0-%EB%8F%8C%ED%8C%8C-%ED%95%B5%EC%9E%A0-%EC%98%88%EC%82%B0-1000%EC%96%B5%EC%9B%90-%EC%B2%AB-%EB%B0%98%EC%98%81-%EC%9D%B4%ED%98%84%ED%98%B8%EC%9D%98-%EB%B0%80%EB%A6%AC%ED%84%B0%EB%A6%AC-%ED%86%A1,https://wimg.sedaily.com/news/cms/2026/09/01/news-p.v1.20260901.fc2d49483cf149eb955ac80167142399_P1.jpg,1200,308,ok
https://ailens.sedaily.ai/industry/2026/09/02/2026-09-02-%EB%B0%98%EB%8F%84%EC%B2%B4-%ED%98%B8%ED%99%A9-%EC%98%AC%EB%9D%BC%ED%83%84-821%EC%A1%B0-%EC%8A%88%ED%8D%BC-%EC%98%88%EC%82%B0-%EC%84%B8%EC%88%98-%EC%A0%88%EB%B2%BD-%EB%95%90-%EC%9E%AC%EC%A0%95-%ED%9D%94%EB%93%A4-Pick%EC%BD%94%EB%85%B8%EB%AF%B8,https://wimg.sedaily.com/news/cms/2026/09/02/rcv.YNA.20260901.PYH2026090104350001300_P1.jpg,1200,876,ok
https://ailens.sedaily.ai/industry/2026/09/02/2026-09-02-%EA%B5%B0%EC%82%B4-%EB%B9%BC%EA%B8%B0-%EB%81%9D%EB%82%B8-%ED%8E%B8%EC%9D%98%EC%A0%90-%EB%8B%A4%EC%8B%9C-%EB%B6%88%EB%B6%99%EB%8A%94-%EC%B6%9C%EC%A0%90-%EA%B2%BD%EC%9F%81-%EB%98%91%EB%98%91-%EC%8A%A4%EB%A7%88%EC%8A%88%EB%A8%B8,https://wimg.sedaily.com/news/cms/2026/09/01/news-p.v1.20260901.d7503d9afb104b408829fd8ba5f3b1e3_P1.png,700,272,ok
https://ailens.sedaily.ai/industry/2026/09/02/2026-09-02-%EC%82%BC%EC%84%B1-LG-100%EB%A7%8C%EC%9B%90%EB%8C%80-%EB%85%B8%ED%8A%B8%EB%B6%81-%EC%B6%9C%EC%8B%9C-%EC%B9%A9%ED%94%8C%EB%A0%88%EC%9D%B4%EC%85%98-%EC%86%8D-%EA%B0%80%EC%84%B1%EB%B9%84-%EC%8A%B9%EB%B6%80%EC%88%98,https://wimg.sedaily.com/news/cms/2026/09/01/news-p.v1.20260901.6600498790604504867b26a570bfc912_P2.jpg,500,333,ok
https://ailens.sedaily.ai/industry/2026/09/02/2026-09-02-%EC%A0%95%EC%B1%85-%EB%B6%88%EC%8B%A0-%EC%BB%A4%EC%A0%B8-%EA%B8%B0%EC%95%BD%EC%97%86%EB%8A%94-%EC%9E%AC%EC%83%9D%EC%97%90%EB%84%88%EC%A7%80-%EC%9E%85%EC%B0%B0-%EC%A0%9C%EB%8F%84%EC%97%90-%EC%86%8D%ED%83%80%EB%8A%94-%EC%8A%A4%ED%83%80%ED%8A%B8%EC%97%85,https://wimg.sedaily.com/news/cms/2026/09/01/news-p.v1.20260728.04307cef1f1f4a56b17efd853a2a00e1_P1.jpg,1200,800,ok
https://ailens.sedaily.ai/industry/2026/09/02/2026-09-02-%EC%98%81%EC%97%85%EC%9D%B5-30-%EC%84%B1%EA%B3%BC%EA%B8%89%EC%9C%BC%EB%A1%9C-HD%ED%98%84%EB%8C%80-%EB%85%B8%EC%A1%B0-%EB%B6%80%EB%B6%84-%ED%8C%8C%EC%97%85-%EB%8F%8C%EC%9E%85,https://wimg.sedaily.com/news/cms/2026/09/01/news-p.v1.20260602.cce772a24f0340b9b6ba5ead05fff73c_P1.jpg,1200,675,ok
https://ailens.sedaily.ai/markets/2026/09/02/2026-09-02-IPO-%EC%95%9E%EB%91%94-%EB%84%A4%EC%98%A4%EC%82%AC%ED%94%BC%EC%97%94%EC%8A%A4-%EB%8D%B0%EC%B9%B4%EC%BD%98-%EA%B2%BD%EC%9F%81%EC%82%AC-%EA%B8%B0%EC%88%A0%EC%84%B1%ED%8F%89%EA%B0%80-%EC%9A%B0%EC%9C%84-%EC%8B%9C%EA%B7%B8%EB%84%90,https://wimg.sedaily.com/news/cms/2026/09/01/news-p.v1.20260901.19c1b9b7be2d43f89f4568ab2c135c94_P1.png,1200,600,ok
https://ailens.sedaily.ai/markets/2026/09/02/2026-09-02-%ED%83%88%EB%AA%A8-%EC%B9%98%EB%A3%8C-%EC%95%84%EC%A7%81-%EB%A9%80%EC%97%88%EB%8A%94%EB%8D%B0-%ED%83%88%EB%AA%A8-%EA%B4%80%EB%A0%A8-%EC%A4%84%EC%A4%84%EC%9D%B4-%EC%83%81%ED%95%9C%EA%B0%80-%EC%9D%B4%EB%9F%B0%EA%B5%AD%EC%9E%A5-%EC%A0%80%EB%9F%B0%EC%A3%BC%EC%8B%9D,https://wimg.sedaily.com/news/cms/2026/09/01/news-p.v1.20260901.a173f455085747c6ad84b86abf57416e_P1.png,1200,800,ok
https://ailens.sedaily.ai/industry/2026/09/02/2026-09-02-%EB%B2%A0%ED%8A%B8%EB%82%A8%EA%B3%BC-%EB%8F%99%ED%96%89-5%EB%85%84%EA%B0%84-%EC%8A%A4%ED%83%80%ED%8A%B8%EC%97%85-100%EA%B0%9C-%ED%82%A4%EC%9A%B0%EB%8A%94-%EB%A1%AF%EB%8D%B0,https://wimg.sedaily.com/news/cms/2026/09/01/news-p.v1.20260824.9bc4e2c54ad142e1a4974b9c1021a5ec_P1.jpg,1200,848,ok
https://ailens.sedaily.ai/news/2026/09/02/2026-09-02-%EB%B9%84%EA%B1%B0%EC%A3%BC-1%EC%A3%BC%ED%83%9D-%EA%B3%B5%EC%A0%9C-%EC%9C%A0%ED%84%B4-%EA%B9%80%EC%9A%A9%EB%B2%94-%EC%A0%95%EC%B1%85%EC%8B%A4%EC%9E%A5-%EC%82%AC%ED%87%B4,https://wimg.sedaily.com/news/cms/2026/09/01/news-p.v1.20260825.34b7e6eedda34848b9fc423f5138e90f_P1.jpg,1200,877,ok
https://ailens.sedaily.ai/international/2026/09/01/2026-09-01-%EB%84%A4%ED%8C%94-%EB%8C%80%ED%99%8D%EC%88%98-%EC%82%AC%EB%A7%9D%EC%9E%90-1000%EB%AA%85-%EB%84%98%EC%96%B4%EC%84%9C-%EB%B0%9C%EC%A0%84%EC%86%8C-%EC%8B%A4%EC%A2%85%EC%9E%90-%EC%88%98%EC%83%89-%EB%82%9C%ED%95%AD,https://wimg.sedaily.com/news/cms/2026/09/01/news-p.v1.20260901.2b19a5254f804ffe9951e0b78a1736b9_P1.jpg,720,454,ok
https://ailens.sedaily.ai/industry/2026/09/01/2026-09-01-%ED%99%88%ED%94%8C%EB%9F%AC%EC%8A%A4-%EA%B3%B5%EC%9D%B5%EC%B1%84%EA%B6%8C-%EB%B6%84%ED%95%A0%EC%83%81%ED%99%98-%EB%8F%99%EC%9D%98%EC%9C%A8-59-%EA%B4%80%EA%B3%84%EC%9D%B8%EC%A7%91%ED%9A%8C-%EC%95%9E%EB%91%90%EA%B3%A0-%EC%B6%94%EA%B0%80-%ED%99%95%EB%B3%B4-%EC%B4%9D%EB%A0%A5,https://wimg.sedaily.com/news/cms/2026/09/01/rcv.NEWS1.NEWS1.20260818.2026-08-18T162425_1008060811_LOCAL_I_P1.jpg,1200,736,ok
https://ailens.sedaily.ai/industry/2026/09/01/2026-09-01-%EC%82%BC%EC%84%B1%EC%A0%84%EC%9E%90-%EB%A1%9C%EC%A7%81-%EB%A9%94%EB%AA%A8%EB%A6%AC-%EB%B0%B0%EC%B9%98-%EC%B5%9C%EC%A0%81%ED%99%94-AI%EC%B9%A9-%ED%95%9C%EA%B3%84-%EB%8F%8C%ED%8C%8C,https://wimg.sedaily.com/news/cms/2026/09/01/news-p.v1.20260901.939c89b614994796a0e491be51fbd194_P1.jpg,1080,560,ok
https://ailens.sedaily.ai/industry/2026/09/01/2026-09-01-%EC%9E%AC%EB%AC%B4%ED%8F%AC%EC%BB%A4%EC%8A%A4-DB%ED%95%98%EC%9D%B4%ED%85%8D-%EC%A0%84%EB%A0%A5%EB%B0%98%EB%8F%84%EC%B2%B4-%ED%98%B8%ED%99%A9%EC%9D%B8%EB%8D%B0-1-2%EC%A1%B0-%ED%98%84%EA%B8%88-%EC%A5%90%EA%B3%A0%EB%8F%84-%EC%A6%9D%EC%84%A4-%EA%BA%BC%EB%A0%A4,https://wimg.sedaily.com/news/cms/2026/09/01/news-p.v1.20260210.7c210cd7dda84fdcb87bc13e532fb9ec_P2.jpg,500,351,ok
https://ailens.sedaily.ai/industry/2026/09/01/2026-09-01-%EB%91%90%EC%82%B0%EC%97%90%EB%84%88%EB%B9%8C-%ED%95%98%EB%8F%99-LNG%EB%B3%B5%ED%95%A9%EB%B0%9C%EC%A0%84%EC%86%8C-EPC-%EC%82%AC%EC%97%85-6658%EC%96%B5%EC%9B%90%EC%97%90-%EC%88%98%EC%A3%BC,https://wimg.sedaily.com/news/cms/2026/09/01/news-p.v1.20260901.258df8492dd149989494bbbd7629f027_P1.png,1143,639,ok
https://ailens.sedaily.ai/markets/2026/09/01/2026-09-01-ARA%EC%BD%94%EB%A6%AC%EC%95%84%EC%9A%B4%EC%9A%A9-%EC%BD%94%ED%8A%B8%EC%95%BC%EB%93%9C-%EB%B0%94%EC%9D%B4-%EB%A9%94%EB%A6%AC%EC%96%B4%ED%8A%B8-%EC%88%98%EC%9B%90-%EC%9D%B8%EC%88%98-%EC%BD%98%EB%9E%98%EB%93%9C-%EC%9D%B4%EC%96%B4-%EB%91%90%EB%B2%88%EC%A7%B8-%ED%88%AC%EC%9E%90-%EC%8B%9C%EA%B7%B8%EB%84%90,https://wimg.sedaily.com/news/cms/2026/09/01/news-p.v1.20260901.7f537e975b7d4cbf986174895da0c7c6_P1.png,573,772,ok
https://ailens.sedaily.ai/markets/2026/09/01/2026-09-01-%ED%88%AC%EC%9E%90%EC%9D%98-%EC%B0%BD-%EB%B0%98%EB%8F%84%EC%B2%B4%EC%99%80-%EB%84%A4%EB%8D%9C%EB%9E%80%EB%93%9C%EB%B3%91,https://wimg.sedaily.com/news/cms/2026/09/01/news-p.v1.20260831.f989a08ccf454ba4b8fcc39e973c1499_P1.jpg,290,407,ok
https://ailens.sedaily.ai/markets/2026/09/01/2026-09-01-GS%EC%B9%BC%ED%85%8D%EC%8A%A4-%EC%9E%90%EB%8F%99%EC%B0%A8-%EA%B0%80%EC%A0%84-%EC%86%8C%EC%9E%AC-%EC%82%AC%EC%97%85%EB%B6%80-%EB%A7%A4%EA%B0%81-%EA%B2%80%ED%86%A0-%EC%8B%9C%EA%B7%B8%EB%84%90,https://wimg.sedaily.com/news/cms/2026/09/01/news-p.v1.20260901.7ad40a95863f4d678db330335803fc7c_P1.jpg,1032,347,ok
https://ailens.sedaily.ai/markets/2026/09/01/2026-09-01-HD%ED%98%84%EB%8C%80-%EB%85%B8%EC%82%AC%ED%98%91%EC%83%81-%EA%B2%B0%EB%A0%AC-2%EC%9D%BC-%EB%B6%80%EB%B6%84%ED%8C%8C%EC%97%85-%EB%8F%8C%EC%9E%85,https://wimg.sedaily.com/news/cms/2026/09/01/news-p.v1.20260901.f73e9688070a478bb76919bb5dd27a87_P1.png,600,340,ok
https://ailens.sedaily.ai/international/2026/09/01/2026-09-01-%EC%9C%A0%EB%A1%9C%EC%A1%B4-8%EC%9B%94-%EB%AC%BC%EA%B0%80-3-3-%EC%83%81%EC%8A%B9-ECB-%EC%B6%94%EA%B0%80-%EA%B8%88%EB%A6%AC%EC%9D%B8%EC%83%81-%EA%B0%80%EB%8A%A5%EC%84%B1,https://wimg.sedaily.com/news/cms/2026/09/01/news-p.v1.20260901.0a6182441d764275a2ad2f67f305fe85_P2.jpg,500,333,ok
https://ailens.sedaily.ai/finance/2026/09/01/2026-09-01-R-D-%EC%98%88%EC%82%B0-11-2-%ED%99%95%EB%8C%80-%EC%A7%80%EC%97%AD-%EA%B8%B0%EC%B4%88%EC%97%B0%EA%B5%AC%EA%B9%8C%EC%A7%80-%EC%9C%A1%EC%84%B1,https://wimg.sedaily.com/news/cms/2026/09/01/news-p.v1.20260901.55817f97c2f4425da46805a0669505a4_P1.png,626,466,ok
https://ailens.sedaily.ai/international/2026/09/01/2026-09-01-%EA%B5%AD%EC%A0%95%EC%9B%90-%EB%B6%81%EB%AF%B8-%EC%A0%95%EC%83%81%ED%9A%8C%EB%8B%B4-%EB%8C%80%ED%99%94-%EC%A7%95%ED%9B%84-%EC%9E%88%EC%96%B4,https://wimg.sedaily.com/news/cms/2026/09/01/news-p.v1.20260901.72757b91fd424edba7ecef03c8d65264_P1.jpg,1200,723,ok
https://ailens.sedaily.ai/news/2026/09/01/2026-09-01-%EC%A4%91%EC%88%98%EC%B2%AD-%EC%A7%80%EC%9B%90-615%EB%AA%85-%EB%B9%A0%EC%A1%8C%EB%8B%A4-%EA%B0%9C%EC%B2%AD-%EC%95%9E%EB%91%90%EA%B3%A0-%EC%9D%B8%EB%A0%A5-%EA%B5%AC%EC%84%B1-%EB%82%9C%ED%95%AD,https://wimg.sedaily.com/news/cms/2026/09/01/news-p.v1.20260901.8d7d76e54a8e435bac0be4bc6272dbca_P1.jpg,680,453,ok
https://ailens.sedaily.ai/news/2026/09/01/2026-09-01-%EB%B3%91%EC%9E%A5%EB%8F%84-%EC%9B%94%EA%B8%89-200%EB%A7%8C%EC%9B%90%EC%94%A9-%EB%B0%9B%EB%8D%98%EB%8D%B0%EC%9A%94-%EB%B6%88%EB%A7%8C%EC%97%90-%ED%95%98%EC%82%AC-%EC%B4%88%EB%B4%89-300%EB%A7%8C%EC%9B%90%EC%9C%BC%EB%A1%9C,https://wimg.sedaily.com/news/cms/2026/09/01/news-p.v1.20260901.d5e3adbd3ded472a84f15edffff65e9f_P1.png,640,427,ok
https://ailens.sedaily.ai/news/2026/09/01/2026-09-01-%EC%84%9C%EC%9A%B8%EB%8C%80-10%EA%B0%9C-%EB%A7%8C%EB%93%A4%EA%B8%B0-%EC%97%90-%EB%B6%80%EC%82%B0-%EC%A0%84%EB%82%A8-%EC%B6%A9%EB%82%A8%EB%8C%80-1000%EC%96%B5%EC%94%A9-%EC%A7%80%EC%9B%90,https://wimg.sedaily.com/news/cms/2026/09/01/news-g.v1.20260901.8e5969161e934880b52b309aedc78230_P1.jpg,1200,729,ok
https://ailens.sedaily.ai/news/2026/09/01/2026-09-01-%EC%9D%BC%ED%95%98%EB%A9%B4-193%EB%A7%8C%EC%9B%90-%EC%89%AC%EB%A9%B4-198%EB%A7%8C%EC%9B%90-%EC%86%8C%EB%93%9D-%EC%97%AD%EC%A0%84%EC%97%90-%EB%A9%94%EC%8A%A4,https://wimg.sedaily.com/news/cms/2026/09/01/news-p.v1.20260819.15806f79274649cdaefbb7d5b4c77194_P1.jpg,1200,715,ok
https://ailens.sedaily.ai/markets/2026/09/01/2026-09-01-%EB%8C%80%EC%8B%A0%EC%A6%9D%EA%B6%8C-%ED%9A%8C%EC%82%AC%EC%B1%84-%EC%88%98%EC%9A%94%EC%98%88%EC%B8%A1-%EB%AC%B8%EC%A0%84%EC%84%B1%EC%8B%9C-%EB%AA%A8%EC%A7%91%EC%95%A1-10%EB%B0%B0-%EB%8F%88%EB%AD%89%EC%B9%98-%EB%AA%B0%EB%A0%B8%EB%8B%A4-%EC%8B%9C%EA%B7%B8%EB%84%90,https://wimg.sedaily.com/news/cms/2026/09/01/news-p.v1.20260521.58824b945fdc4cadbe5632561d0ee4c7_P1.jpg,986,1250,ok
https://ailens.sedaily.ai/industry/2026/09/01/2026-09-01-%EC%82%BC%EC%84%B1%EC%A0%84%EA%B8%B0-%EB%B9%85%ED%85%8C%ED%81%AC%EC%97%90-MLCC-1%EC%A1%B0-%EA%B3%B5%EA%B8%89%ED%95%9C%EB%8B%A4,https://wimg.sedaily.com/news/cms/2026/09/01/news-p.v1.20260901.92169a434bf048c8af0b4c77644e72af_P1.jpg,1200,675,ok
https://ailens.sedaily.ai/industry/2026/09/01/2026-09-01-%EB%A0%8C%ED%83%88-%EB%A7%A4%EA%B0%81-%EC%8A%B9%EC%9D%B8-%EB%A1%AF%EB%8D%B0-%EA%B5%AC%EC%A1%B0%EC%A1%B0%EC%A0%95-%EC%86%8D%EB%8F%84,https://wimg.sedaily.com/news/cms/2026/09/01/news-p.v1.20260811.a57a806d6ddf4a068a56fd36f905c147_P1.jpg,560,373,ok
https://ailens.sedaily.ai/industry/2026/09/01/2026-09-01-LG%EC%97%94%EC%86%94-%EC%B9%9C%ED%99%98%EA%B2%BD-%ED%83%84%EC%82%B0%EB%A6%AC%ED%8A%AC-2%EC%A1%B0-%ED%99%95%EB%B3%B4-%EB%B6%81%EB%AF%B8-%EA%B3%B5%EA%B8%89%EB%A7%9D-%EA%B0%95%ED%99%94,https://wimg.sedaily.com/news/cms/2026/09/01/news-p.v1.20260901.b212768ca35146bd8570e0fe2939edee_P1.jpg,800,477,ok
https://ailens.sedaily.ai/industry/2026/09/01/2026-09-01-%EC%9E%AC%EC%83%9D%EC%97%90%EB%84%88%EC%A7%80-%EC%9E%85%EC%B0%B0%EC%A0%9C-%EC%A0%84%EA%B5%AD-%EC%8B%9C%ED%96%89-%EC%84%9C%EB%91%98%EB%9F%AC%EC%95%BC,https://wimg.sedaily.com/news/cms/2026/09/01/news-p.v1.20260901.8baa7618aa8e4fd598667c9d8bde988a_P1.jpg,1200,800,ok
https://ailens.sedaily.ai/markets/2026/09/01/2026-09-01-%EC%82%BC%EC%A0%84%EB%8B%89%EC%8A%A4%EA%B0%80-%EB%98%90-%EC%BD%94%EC%8A%A4%ED%94%BC-%EB%81%8C%EC%96%B4%EC%98%AC%EB%A0%B8%EB%8B%A4-%EA%B8%B0%ED%83%80%EB%B2%95%EC%9D%B8-1-6%EC%A1%B0-%EC%88%9C%EB%A7%A4%EC%88%98-%EB%A7%88%EC%BC%93%EC%8B%9C%EA%B7%B8%EB%84%90,https://wimg.sedaily.com/news/cms/2026/09/01/news-p.v1.20260901.eb709ed7931b433f99fab00017336846_P1.png,550,297,ok
https://ailens.sedaily.ai/markets/2026/09/01/2026-09-01-%EC%98%AC%ED%95%B4-%EA%B3%B5%EC%9D%B8%ED%9A%8C%EA%B3%84%EC%82%AC-1150%EB%AA%85-%EC%B5%9C%EC%A2%85-%ED%95%A9%EA%B2%A9-%EC%B5%9C%EA%B3%A0%EC%A0%90%EC%9E%90%EB%8A%94-%EC%84%9C%EC%9A%B8%EB%8C%80-%ED%98%84%EC%9A%B0%EC%A7%84-%EC%B5%9C%EC%97%B0%EC%86%8C%EB%8A%94-20%EC%84%B8,https://wimg.sedaily.com/news/cms/2026/09/01/news-p.v1.20260901.c9c436932d004ef9bd25b6a7d3a80259_P1.png,600,400,ok
https://ailens.sedaily.ai/markets/2026/09/01/2026-09-01-%EC%8B%A0%EB%8F%99%EB%B9%88-%EB%A1%AF%EB%8D%B0%EC%87%BC%ED%95%91-%EC%A3%BC%EC%8B%9D-127%EC%96%B5-%EC%9B%90%EC%96%B4%EC%B9%98-%EB%A7%A4%EB%8F%84-%EC%A7%80%EB%B6%84%EC%9C%A8-10-%EB%B0%91%EC%9C%BC%EB%A1%9C-%EC%9D%B4%EB%9F%B0%EA%B5%AD%EC%9E%A5-%EC%A0%80%EB%9F%B0%EC%A3%BC%EC%8B%9D,https://wimg.sedaily.com/news/cms/2026/09/01/news-p.v1.20260901.8733e170da11495880249150ca7674fa_P1.png,343,411,ok
https://ailens.sedaily.ai/markets/2026/09/01/2026-09-01-%EC%A3%BC%EC%8B%9D%EC%9C%BC%EB%A1%9C-%EB%8F%88-%EB%B2%8C%EC%96%B4-%EB%B9%84%EC%8B%BC-%EC%95%84%ED%8C%8C%ED%8A%B8-%EC%82%AC%EB%8A%94-%EB%8D%B0-%EC%8D%BC%EB%8B%A4-%EA%B0%95%EB%82%A8-3%EA%B5%AC%EC%97%90%EB%A7%8C-2-2%EC%A1%B0,https://wimg.sedaily.com/news/cms/2026/09/01/news-p.v1.20260901.138489cf8c15462b8ea4d151470b4640_P1.jpg,1200,800,ok
https://ailens.sedaily.ai/news/2026/09/01/2026-09-01-KTX-SRT-10%EB%85%84-%EB%A7%8C%EC%97%90-%ED%95%98%EB%82%98%EB%A1%9C,https://wimg.sedaily.com/news/cms/2026/09/01/news-p.v1.20260901.c23e0b4597504aaf8a08f59d782097af_P1.jpg,1200,800,ok
https://ailens.sedaily.ai/finance/2026/09/01/2026-09-01-%EB%8B%A8%EB%8F%85-%EC%A0%80%EC%B6%95-PF-%EC%97%B0%EC%B2%B4-2-7%EC%A1%B0-%EC%98%AC%ED%95%B4%EB%A7%8C-15-%EA%B8%89%EC%A6%9D,https://wimg.sedaily.com/news/cms/2026/09/01/news-p.v1.20260308.ccdf709e22ec4aabb406835e66b8e15c_P1.jpg,1200,800,ok
https://ailens.sedaily.ai/news/2026/09/01/2026-09-01-%EB%82%B4%EB%85%84%EB%B6%80%ED%84%B0-%EC%8B%A4%EC%97%85%EA%B8%89%EC%97%AC-%EC%9B%94-%EC%88%98%EA%B8%89%EC%95%A1-23%EB%A7%8C%EC%9B%90-%EC%A4%84%EC%96%B4%EB%93%A0%EB%8B%A4,https://wimg.sedaily.com/news/cms/2026/09/01/news-p.v1.20260813.2bad030933dc44a0b8e52755bf8f2e2d_P1.jpg,1200,644,ok
https://ailens.sedaily.ai/industry/2026/09/01/2026-09-01-%EB%AF%B8%EB%9E%98%EB%8C%80%EC%9D%91%EA%B8%B0%EA%B8%88-%EC%B2%AB%ED%95%B4-45-4%EC%A1%B0-%EC%A7%80%EC%B6%9C-%EA%B5%AD%EC%B1%84%EB%B0%9C%ED%96%89-%EC%B6%95%EC%86%8C%EC%97%90%EB%8F%84-12-5%EC%A1%B0-2027%EB%85%84-%EC%98%88%EC%82%B0%EC%95%88,https://wimg.sedaily.com/news/cms/2026/09/01/rcv.YNA.20260827.PYH2026082715210006100_P1.jpg,1200,800,ok
https://ailens.sedaily.ai/news/2026/09/01/2026-09-01-%EC%82%BC%EC%84%B1%EB%94%94%EC%8A%A4%ED%94%8C%EB%A0%88%EC%9D%B4-%EC%B6%A9%EB%82%A8-%EC%95%84%EC%82%B0%EC%97%90-67%EC%A1%B0-%ED%88%AC%EC%9E%90-%EB%B3%B8%EA%B2%A9-%EB%82%98%EC%84%9C,https://wimg.sedaily.com/news/cms/2026/09/01/news-p.v1.20260901.d7cd2580ed4348e4987b01986f37f1f6_P1.jpg,1200,836,ok
https://ailens.sedaily.ai/finance/2026/09/01/2026-09-01-%EC%99%B8%ED%99%98%EC%9C%84%EA%B8%B0-%EA%B3%B5%EC%A0%81%EC%9E%90%EA%B8%88-97%EC%A1%B0-30%EB%85%84-%EB%A7%8C%EC%97%90-%EC%83%81%ED%99%98-%EB%A7%88%EC%B9%A8%ED%91%9C,https://wimg.sedaily.com/news/cms/2026/09/01/news-p.v1.20260901.abcba476f3484e72ac307a325b953a3b_P1.jpg,1200,800,ok
https://ailens.sedaily.ai/news/2026/09/01/2026-09-01-%EB%85%B8%EB%8F%99%EB%B6%80-%EC%B2%AD%EB%85%84-%EC%9D%BC%EC%9E%90%EB%A6%AC%EC%97%90-%EC%98%AC%EC%9D%B8-%EB%82%B4%EB%85%84-%EC%98%88%EC%82%B0-%EC%82%AC%EC%97%85-%EC%A0%88%EB%B0%98-%EC%8B%A0%EC%82%AC%EC%97%85-%EA%B0%9C%ED%8E%B8,https://wimg.sedaily.com/news/cms/2026/09/01/rcv.YNA.20260901.PYH2026090105920001300_P1.jpg,1200,926,ok
https://ailens.sedaily.ai/news/2026/09/01/2026-09-01-%EB%8B%A8%EB%8F%85-%EA%B3%B5%EC%A0%95%EC%9C%84-CJ-%EB%8C%80%EC%83%81-%EC%83%98%ED%91%9C-%EB%93%B1-5%EA%B0%9C%EC%82%AC-%ED%98%84%EC%9E%A5%EC%A1%B0%EC%82%AC-%EC%9E%A5%EB%A5%98-%EB%8B%B4%ED%95%A9-%EC%A0%95%EC%A1%B0%EC%A4%80,https://wimg.sedaily.com/news/cms/2026/09/01/news-p.v1.20260901.d2e223c7314647fab77d96af27c4d6ee_P1.jpg,860,573,ok
https://ailens.sedaily.ai/news/2026/09/01/2026-09-01-%EC%A0%84%EA%B5%AD-%ED%98%B8%EC%9A%B0%EC%97%90-3%EB%AA%85-%EC%82%AC%EB%A7%9D-%EB%86%8D%EC%9E%91%EB%AC%BC-104-%EC%B9%A8%EC%88%98-%EC%8B%9C%EC%84%A4%ED%95%98%EC%9A%B0%EC%8A%A4-200%EB%8F%99-%ED%8C%8C%EC%86%90,https://wimg.sedaily.com/news/cms/2026/09/01/rcv.YNA.20260901.PYH2026090107960006300_P1.jpg,1200,675,ok
https://ailens.sedaily.ai/news/2026/09/01/2026-09-01-%EB%82%B4%EB%85%84%EB%B6%80%ED%84%B0-%EA%B2%B0%ED%98%BC%ED%95%98%EB%A9%B4-100%EB%A7%8C%EC%9B%90-%EB%B0%9B%EB%8A%94%EB%8B%A4-%EC%84%B1%ED%8F%89%EB%93%B1%EB%B6%80-2-1%EC%A1%B0-%EC%98%88%EC%82%B0%EC%95%88-%ED%8E%B8%EC%84%B1,https://wimg.sedaily.com/news/cms/2026/09/01/news-p.v1.20260901.a74f8e53afe34ebe949e1c780db60d41_P1.jpg,1200,781,ok
https://ailens.sedaily.ai/international/2026/09/01/2026-09-01-%EC%84%B1%EC%9E%A5%EC%97%86%EB%8A%94-%EB%8F%88-%ED%92%80%EA%B8%B0-%EC%97%90-%EC%9D%98%EA%B5%AC%EC%8B%AC-%EA%B5%AD%EC%B1%84%EA%B8%88%EB%A6%AC-30%EB%85%84%EB%A7%8C%EC%97%90-3-%EB%8F%8C%ED%8C%8C,https://wimg.sedaily.com/news/cms/2026/09/01/rcv.YNA.20260815.PUP20260815004301009_P1.jpg,1200,799,ok
https://ailens.sedaily.ai/news/2026/09/01/2026-09-01-2030%EB%85%84-%EC%98%88%EC%82%B0-1000%EC%A1%B0-%EB%8F%8C%ED%8C%8C-%EC%A0%9C2-%EB%B0%98%EB%8F%84%EC%B2%B4-%ED%82%A4%EC%9B%8C%EC%95%BC-%EC%9E%AC%EC%A0%95%EC%A0%88%EB%B2%BD-%EB%A7%89%EB%8A%94%EB%8B%A4,https://wimg.sedaily.com/news/cms/2026/09/01/rcv.YNA.20260901.PYH2026090104750001300_P1.jpg,1200,724,ok
https://ailens.sedaily.ai/news/2026/09/01/2026-09-01-%EC%A3%BC%ED%83%9D%EA%B3%B5%EA%B8%89-44%EC%A1%B0-AI-%EB%A9%94%EA%B0%80%ED%94%84%EB%A1%9C%EC%A0%9D%ED%8A%B8-21-3%EC%A1%B0-%EB%AF%B8%EB%9E%98%EC%84%B1%EC%9E%A5%EC%97%90-%ED%99%94%EB%81%88%ED%95%9C-%ED%88%AC%EC%9E%90-2027%EB%85%84-%EC%98%88%EC%82%B0%EC%95%88,https://wimg.sedaily.com/news/cms/2026/09/01/rcv.YNA.20260901.PYH2026090105690001300_P1.jpg,1200,797,ok
https://ailens.sedaily.ai/industry/2026/09/01/2026-09-01-%EB%94%9C-%EA%B0%80%EB%AD%84%EC%97%90-%EC%A3%BC%EC%B6%A4%ED%95%9C-%EC%95%88%EC%A7%84-%EA%B2%BD%EC%98%81%EC%9E%90%EB%AC%B8-%EC%84%B8%EB%AC%B4%EB%A1%9C-%EB%B2%84%ED%85%BC%EB%8B%A4-%EC%8B%9C%EA%B7%B8%EB%84%90,https://wimg.sedaily.com/news/cms/2026/09/01/news-p.v1.20260601.1a5d66336d6444f6974ea21941c7045e_P1.jpg,787,147,ok
https://ailens.sedaily.ai/markets/2026/09/01/2026-09-01-%EB%A7%A4%EC%B6%9C-3%EC%96%B5-%EC%97%90%EB%8F%84-%EA%B8%B0%EC%88%A0%ED%8F%89%EA%B0%80-%EB%B0%94%EB%8A%98%EA%B5%AC%EB%A9%8D-%ED%86%B5%EA%B3%BC%ED%96%88%EB%8B%A4-%EC%8B%9C%EA%B7%B8%EB%84%90,https://wimg.sedaily.com/news/cms/2026/09/01/news-p.v1.20260901.35764fa2aec543929a1e8ef202170c95_P1.jpg,497,137,ok
https://ailens.sedaily.ai/industry/2026/09/01/2026-09-01-%EC%BA%98%ED%8D%BC%EC%8A%A4-%EA%B3%A0%EB%A0%A4%EC%95%84%EC%97%B0-%EA%B0%90%EC%82%AC%EC%9C%84%EC%9B%90-%EB%B0%95%EC%9C%A0%EA%B2%BD-%ED%9B%84%EB%B3%B4%EC%97%90-%EC%B0%AC%EC%84%B1%ED%91%9C-%EB%8D%98%EC%A7%84%EB%8B%A4-%EC%8B%9C%EA%B7%B8%EB%84%90,https://wimg.sedaily.com/news/cms/2026/09/01/news-p.v1.20260408.26f1fa1feaf440f1b15ecc40dca72097_P1.jpg,860,539,ok
https://ailens.sedaily.ai/finance/2026/09/01/2026-09-01-%EB%A1%AF%EB%8D%B0%EC%86%90%EB%B3%B4-%EA%B3%B5%EA%B0%9C%EB%A7%A4%EA%B0%81-%EC%B2%AD%EC%8B%A0%ED%98%B8-%EA%B8%B0%EB%B3%B8%EC%9E%90%EB%B3%B8-%EC%A0%81%EC%9E%90-2500%EC%96%B5-%EC%A4%84%EC%96%B4-%EC%8B%9C%EA%B7%B8%EB%84%90,https://wimg.sedaily.com/news/cms/2026/09/01/news-p.v1.20260814.0b4afeb4ce84465982e1d828188063ba_P1.png,730,452,ok
https://ailens.sedaily.ai/industry/2026/09/01/2026-09-01-%EC%82%BC%EC%84%B1%EC%A0%84%EA%B8%B0-%EB%B9%85%ED%85%8C%ED%81%AC%EC%97%90-1%EC%A1%B0%EC%9B%90%EB%8C%80-MLCC-%EA%B3%B5%EA%B8%89-%EC%97%AD%EB%8C%80-%EC%B5%9C%EB%8C%80-%EA%B7%9C%EB%AA%A8,https://wimg.sedaily.com/news/cms/2026/09/01/news-p.v1.20260901.1d84b1ac01554f3bb25078a49497714f_P1.jpg,1200,675,ok
https://ailens.sedaily.ai/industry/2026/09/01/2026-09-01-%EC%9C%A0%ED%86%B5%EC%97%85%EB%B2%95-%EB%93%A4%EA%B3%A0-%EA%B0%94%EB%8B%A4-%EB%B9%88%EC%86%90-%EC%B2%A0%EC%88%98-%EA%B3%B5%EC%A0%95%EC%9C%84-%EC%9D%B4%EB%B2%88%EC%97%94-%EA%B3%B5%EC%A0%95%EA%B1%B0%EB%9E%98%EB%B2%95-%EB%93%A4%EA%B3%A0-%EC%BF%A0%ED%8C%A1,https://wimg.sedaily.com/news/cms/2026/09/01/rcv.YNA.20260805.PYH2026080510560001300_P1.jpg,1200,1290,ok
https://ailens.sedaily.ai/industry/2026/09/01/2026-09-01-%EB%8C%80%ED%98%95%EB%A7%88%ED%8A%B8-%EC%83%88%EB%B2%BD%EB%B0%B0%EC%86%A1-%EC%A1%B0%EA%B1%B4%EB%B6%80-OK-%EB%8F%99%EB%84%A4%EC%8A%88%ED%8D%BC%EA%B0%80-%EC%A0%95%EB%B6%80%EC%97%90-%EB%82%B4%EA%B1%B4-%EC%A1%B0%EA%B1%B4%EC%9D%80,https://wimg.sedaily.com/news/cms/2026/09/01/news-p.v1.20260901.7c498a4fd6fc41ef8f19cd821d05b3d0_P1.jpg,1200,877,ok
https://ailens.sedaily.ai/industry/2026/09/01/2026-09-01-%EC%84%9D%ED%99%94%EC%82%B0%EC%97%85-%EC%9E%AC%ED%8E%B8-1%ED%98%B8-H-L%EC%96%B4%EB%93%9C%EB%B0%B4%EC%8A%A4%EB%93%9C-%EC%B6%9C%EB%B2%94,https://wimg.sedaily.com/news/cms/2026/09/01/news-p.v1.20260901.9b070fc4bb8b41c3a77ca12e29691f6f_P1.jpg,1200,170,ok
https://ailens.sedaily.ai/markets/2026/09/01/2026-09-01-%EC%BD%94%EC%8A%A4%EB%8B%A5-%EB%8F%8C%EC%95%84%EC%98%A8-%EA%B0%9C%EB%AF%B8-%EC%99%B8%EA%B5%AD%EC%9D%B8-%EB%96%A0%EB%82%9C-%EC%9E%90%EB%A6%AC-%EC%B1%84%EC%9B%A0%EB%8B%A4,https://wimg.sedaily.com/news/cms/2026/09/01/rcv.YNA.20260901.PYH2026090117610001300_P1.jpg,1200,806,ok
https://ailens.sedaily.ai/markets/2026/09/01/2026-09-01-%EB%B9%9A%ED%88%AC-%EC%A0%88%EB%8C%80-%EB%AA%BB-%EB%81%8A%EB%8A%94-%EA%B0%9C%EB%AF%B8%EB%93%A4-%EC%BD%94%EC%8A%A4%ED%94%BC%EC%84%9C-%EB%B0%9C-%EB%B9%BC%EB%8D%94%EB%8B%88-%EC%9D%B4%EA%B3%B3-%EC%9C%BC%EB%A1%9C-%EC%9A%B0%EB%A5%B4%EB%A5%B4-%EB%AA%B0%EB%A0%A4%EA%B0%94%EB%8B%A4,https://wimg.sedaily.com/news/cms/2026/09/01/news-p.v1.20260901.3b7f3958c6f640939510b4e6897ea669_P1.jpg,1200,800,ok
https://ailens.sedaily.ai/markets/2026/09/01/2026-09-01-%EA%B3%A0%EB%A0%A4%EC%95%84%EC%97%B0-%EC%B8%A1-%ED%88%AC%EC%9E%90-%EC%97%94%ED%84%B0-3-690%EC%96%B5-%EC%A4%91-650%EC%96%B5-%ED%9A%8C%EC%88%98-%EB%B6%88%ED%99%95%EC%8B%A4-%EC%8B%9C%EA%B7%B8%EB%84%90,https://wimg.sedaily.com/news/cms/2026/09/01/news-p.v1.20260831.085c9dd8e31249b88d9270e949806cc9_P1.jpg,860,307,ok
https://ailens.sedaily.ai/markets/2026/09/01/2026-09-01-%EC%97%B0%EA%B8%88%EC%9D%B4-%ED%82%A4%EC%9A%B4-%EC%B1%84%EA%B6%8C%ED%98%BC%ED%95%A9-ETF-20%EC%A1%B0-%EB%84%98%EC%97%88%EB%8B%A4,https://wimg.sedaily.com/news/cms/2026/09/01/news-p.v1.20260901.cda3820e03f3485c90fe78a8b12b72d9_P1.jpg,1200,792,ok
https://ailens.sedaily.ai/news/2026/09/01/2026-09-01-9%EA%B8%89-%EA%B3%B5%EB%AC%B4%EC%9B%90-%EC%B4%88%EC%9E%84-300%EB%A7%8C-%EC%9B%90-16%EB%85%84%EB%A7%8C%EC%97%90-%EC%B5%9C%EB%8C%80%ED%8F%AD-3-9-%EC%9D%B8%EC%83%81-2027%EB%85%84-%EC%98%88%EC%82%B0%EC%95%88,https://wimg.sedaily.com/news/cms/2026/09/01/9/news-p.v1.20260630.fff713713fcb4683acb8148cfed76097_P1.png,1200,800,ok
https://ailens.sedaily.ai/news/2026/09/01/2026-09-01-%EC%A2%85%EB%B6%80%EC%84%B8-%EA%B0%9C%ED%8E%B8-%ED%95%9C-%EB%8B%AC-%EB%A7%8C%EC%97%90-%ED%9B%84%ED%87%B4-%EB%B9%84%EA%B1%B0%EC%A3%BC-%EA%B3%B5%EC%A0%9C-12%EC%96%B5-%EC%9C%A0%EC%A7%80,https://wimg.sedaily.com/news/cms/2026/09/01/news-p.v1.20260901.529701ae420c4087a478812c8d1b044e_P1.jpg,1200,800,ok
https://ailens.sedaily.ai/property/2026/09/01/2026-09-01-%EA%B5%AD%ED%86%A0%EB%B6%80-%EB%82%B4%EB%85%84%EB%8F%84-%EC%98%88%EC%82%B0-69%EC%A1%B0%EC%9B%90-%EA%B3%B5%EA%B3%B5%EC%9E%84%EB%8C%80-%EC%98%88%EC%82%B0-%EB%8C%80%ED%8F%AD-%EA%B0%95%ED%99%94,https://wimg.sedaily.com/news/cms/2026/09/01/news-p.v1.20260901.7ec06cb612c342dc9a3acf2b742f166c_P1.jpg,1200,1800,ok
https://ailens.sedaily.ai/industry/2026/09/01/2026-09-01-107%EC%A1%B0-%EB%B0%A9%EB%A7%8C%EC%A7%80%EC%B6%9C-%EC%86%8E%EC%95%84%EB%83%88%EC%A7%80%EB%A7%8C-%EA%B8%B0%EC%B4%88%EC%97%B0%EA%B8%88-%EA%B0%9C%ED%98%81%EC%9D%80-%EA%B2%B0%EA%B5%AD-%ED%9B%84%ED%87%B4-2027%EB%85%84-%EC%98%88%EC%82%B0%EC%95%88,https://wimg.sedaily.com/news/cms/2026/09/01/rcv.YNA.20260826.PYH2026082615020001300_P1.jpg,1200,764,ok
https://ailens.sedaily.ai/news/2026/09/01/2026-09-01-%EA%B5%90%EC%9C%A1%EB%B6%80-%EB%82%B4%EB%85%84-%EC%98%88%EC%82%B0-10-6-%EB%8A%98%EC%96%B4%EB%82%9C-117-6%EC%A1%B0-4-9%EC%A1%B0-%EB%AF%B8%EB%9E%98%EB%8C%80%EC%9D%91%EA%B8%B0%EA%B8%88-%EC%8B%A0%EC%84%A4,https://wimg.sedaily.com/news/cms/2026/09/01/news-p.v1.20260901.32fb90244f2a4c40ad4447490ee38de8_P1.png,1200,460,ok
https://ailens.sedaily.ai/news/2026/09/01/2026-09-01-%EB%82%B4%EB%85%84-%EC%A0%95%EB%B6%80-R-D-%EC%98%88%EC%82%B0-39-5%EC%A1%B0-%ED%8E%B8%EC%84%B1-2030%EB%85%84%EA%B9%8C%EC%A7%80-5%EB%85%84%EA%B0%84-200%EC%A1%B0-%EB%AA%A9%ED%91%9C,https://wimg.sedaily.com/news/cms/2026/09/01/rcv.YNA.20260820.PYH2026082006500001300_P1.jpg,1200,773,ok
https://ailens.sedaily.ai/news/2026/09/01/2026-09-01-%ED%95%9C-%EB%8B%AC-%EC%9D%BC%ED%95%9C-%EC%A4%91%EA%B5%AD%EC%9D%B8%EC%9D%B4-%EA%B5%AD%EB%AF%BC%EC%97%B0%EA%B8%88-%ED%8F%89%EC%83%9D-%EB%94%B0%EB%B0%95%EB%94%B0%EB%B0%95-%EC%99%B8%EA%B5%AD%EC%9D%B8-%EC%B6%94%EB%82%A9-%EA%BC%BC%EC%88%98-%EB%A7%89%EB%8A%94%EB%8B%A4,https://wimg.sedaily.com/news/cms/2026/09/01/news-p.v1.20260901.86c226c0738f47edac576f17bdcceff2_P1.jpg,1200,798,ok
https://ailens.sedaily.ai/industry/2026/09/01/2026-09-01-%ED%95%9C%ED%99%94-KAI-%EC%A3%BC%EC%8B%9D-%EC%B7%A8%EB%93%9D-%EC%8A%B9%EC%9D%B8-%ED%95%9C%EA%B5%AD%ED%8C%90-%EC%8A%A4%ED%8E%98%EC%9D%B4%EC%8A%A4X-%EA%B5%AC%EC%83%81-%ED%83%84%EB%A0%A5-biz-%ED%94%8C%EB%9F%AC%EC%8A%A4,https://wimg.sedaily.com/news/cms/2026/08/31/news-p.v1.20260811.ea4326420946435c907321724c6b2f5a_P1.png,600,394,ok
https://ailens.sedaily.ai/industry/2026/09/01/2026-09-01-%EC%A4%91%EA%B8%B0%EB%B6%80-%EA%B3%B5%EA%B3%B5%EB%B0%B0%EB%8B%AC%EC%95%B1%EC%97%90-1200%EC%96%B5-%ED%95%A0%EC%9D%B8%EC%BF%A0%ED%8F%B0-%ED%88%AC%EC%9E%85-%EB%B0%B0%EB%AF%BC-%EB%8C%80%ED%95%AD%EB%A7%88-%ED%82%A4%EC%9A%B4%EB%8B%A4,https://wimg.sedaily.com/news/cms/2026/09/01/news-p.v1.20260104.a3ff7278f1cb4228a5e6f1832ab146a3_P1.jpg,1200,800,ok
https://ailens.sedaily.ai/industry/2026/09/01/2026-09-01-%EC%86%8D%EB%B3%B4-%EC%82%BC%EC%84%B1%EC%A0%84%EA%B8%B0-%EA%B8%80%EB%A1%9C%EB%B2%8C-%EB%8C%80%ED%98%95%EA%B8%B0%EC%97%85%EA%B3%BC-1%EC%A1%B0-722%EC%96%B5-%EA%B7%9C%EB%AA%A8-MLCC-%EA%B3%B5%EA%B8%89-%EA%B3%84%EC%95%BD,https://wimg.sedaily.com/news/cms/2026/09/01/news-p.v1.20260901.8ae53ce5db3a4364a86ff7326afa6f0e_P1.png,500,333,ok
https://ailens.sedaily.ai/industry/2026/09/01/2026-09-01-%EC%A4%91%EA%B8%B0%EB%B6%80-%EB%82%B4%EB%85%84-%EC%98%88%EC%82%B0-18-1%EC%A1%B0-%EC%97%AD%EB%8C%80-%EC%B5%9C%EB%8C%80-%EC%B0%BD%EC%97%85-%EC%8B%A0%EC%82%B0%EC%97%85-%EC%A7%80%EC%9B%90-%ED%99%95-%EB%8A%98%EB%A6%B0%EB%8B%A4,https://wimg.sedaily.com/news/cms/2026/09/01/news-p.v1.20260901.ec9621092cc849139924295f0afc0346_P1.jpg,1200,800,ok
https://ailens.sedaily.ai/markets/2026/09/01/2026-09-01-%EC%98%AC%EB%A6%AD%EC%8A%A4-%EC%9B%90%ED%98%95-mRNA-%ED%94%8C%EB%9E%AB%ED%8F%BC-%ED%8A%B9%ED%97%88-%EC%B6%9C%EC%9B%90-RNA-%EA%B8%B0%EC%88%A0-%EC%98%81%EC%97%AD-%ED%99%95%EB%8C%80,https://wimg.sedaily.com/news/cms/2026/09/01/news-p.v1.20260821.d14e4f45fe1649d38ba5caa2d8ae8b52_P1.jpg,600,426,ok
https://ailens.sedaily.ai/markets/2026/09/01/2026-09-01-%EB%AF%B8%EB%9E%98%EC%97%90%EC%85%8B%EC%9A%B4%EC%9A%A9-%EB%A7%B5%EC%8A%A4%EB%A6%AC%EC%96%BC%ED%8B%B0-%EB%8F%84%EC%BF%84-%EC%9E%84%EB%8C%80%EC%A3%BC%ED%83%9D-4%EA%B3%B3-%EC%9D%B8%EC%88%98-%EC%99%84%EB%A3%8C,https://wimg.sedaily.com/news/cms/2026/09/01/news-p.v1.20260901.786c9a53c9b34e49b6f30a482a2b81c3_P1.png,467,608,ok
https://ailens.sedaily.ai/markets/2026/09/01/2026-09-01-HLB-%EA%B0%84%EC%95%94%EC%8B%A0%EC%95%BD-%EC%97%B0%EB%A0%B9%EB%B3%84-%EB%B6%84%EC%84%9D%EC%84%9C-%EC%9D%BC%EA%B4%80%EB%90%9C-%EC%B9%98%EB%A3%8C%ED%9A%A8%EA%B3%BC-%ED%99%95%EC%9D%B8,https://wimg.sedaily.com/news/cms/2026/09/01/news-p.v1.20260901.a3f741a0202744f2bd6a8fc13a0dd15d_P1.jpg,1200,848,ok
https://ailens.sedaily.ai/markets/2026/09/01/2026-09-01-%EC%A6%9D%EA%B6%8C%EC%82%AC-%EC%9A%B4%EC%9A%A9%EC%82%AC-%EC%9C%A0%ED%8A%9C%EB%B8%8C-%EA%B4%91%EA%B3%A0%EB%8F%84-%EC%82%AC%EC%A0%84-%EC%8B%AC%EC%82%AC-%EA%B3%BC%EC%9E%A5-%EA%B4%91%EA%B3%A0%EB%8A%94-%EC%82%AC%EC%8B%A4%EC%83%81-%EB%B6%88%EC%99%84%EC%A0%84-%ED%8C%90%EB%A7%A4,https://wimg.sedaily.com/news/cms/2026/09/01/news-p.v1.20260901.bb107ac6e47f4756bc423c3df80fa03c_P1.png,600,400,ok
https://ailens.sedaily.ai/finance/2026/09/01/2026-09-01-%EC%83%9D%ED%99%9C%EC%84%BC%ED%84%B0-1-5%EC%A1%B0%EB%B6%80%ED%84%B0-%EB%8B%AC%EC%B0%A9%EB%A5%99%EC%84%A0-1063%EC%96%B5%EA%B9%8C%EC%A7%80-%EB%82%B4%EB%85%84-%EC%B2%AB%EB%B0%9C-100%EB%8C%80-%EC%8B%A0%EA%B7%9C%EC%82%AC%EC%97%85-2027%EB%85%84-%EC%98%88%EC%82%B0%EC%95%88,https://wimg.sedaily.com/news/cms/2026/09/01/news-p.v1.20260901.0a01896003394518b19e459f9b293e3a_P1.png,1136,632,ok
https://ailens.sedaily.ai/news/2026/09/01/2026-09-01-%EC%86%8D%EB%B3%B4-%EB%8C%80%ED%86%B5%EB%A0%B9-%EA%B8%88%EB%A6%AC-%EC%83%81%EC%8A%B9-%EB%B6%88%EA%B0%80%ED%94%BC-%EC%84%B1%EC%9E%A5%EC%9E%A0%EC%9E%AC%EB%A0%A5-%ED%9B%BC%EC%86%90%EC%95%8A%EB%8F%84%EB%A1%9D-%EC%9E%AC%EC%A0%95-%EC%97%AD%ED%95%A0-%EB%B6%84%EB%8B%B4-%EB%82%98%EC%84%9C%EC%95%BC,https://wimg.sedaily.com/news/cms/2026/09/01/news-p.v1.20260901.fd6539d180984bbe9740074705aea169_P1.jpg,1200,878,ok
https://ailens.sedaily.ai/news/2026/09/01/2026-09-01-KF-21-%EC%98%88%EC%82%B0-%EB%91%90-%EB%B0%B0%EB%A1%9C-%ED%95%B5%EC%B6%94%EC%A7%84%EC%9E%A0%EC%88%98%ED%95%A8%EB%8F%84-%EC%B2%AB-966%EC%96%B5-2027%EB%85%84-%EC%98%88%EC%82%B0%EC%95%88,https://wimg.sedaily.com/news/cms/2026/09/01/news-p.v1.20260901.2c94f60603704b12b89419e5dd1c09ec_P1.jpg,1200,795,ok
https://ailens.sedaily.ai/news/2026/09/01/2026-09-01-%ED%9C%B4%EA%B0%80%EC%B2%A0%EC%9D%B8%EB%8D%B0%EB%8F%84-8%EC%9B%94-%EC%88%98%EC%B6%9C-1000%EC%96%B5-%EB%8B%AC%EB%9F%AC-%EC%9C%A1%EB%B0%95-%EB%B0%98%EB%8F%84%EC%B2%B4-%EC%88%98%EC%B6%9C-3%EB%B0%B0-%EC%A6%9D%EA%B0%80,https://wimg.sedaily.com/news/cms/2026/09/01/ams.001.photo.202607310843596745851493_P1.jpg,1200,801,ok
https://ailens.sedaily.ai/news/2026/09/01/2026-09-01-K%EC%9E%90-%EC%96%91%EA%B7%B9%ED%99%94-%EB%8C%80%EC%9D%91-117%EC%A1%B0-%EC%A6%9D%EC%95%A1-%EC%A0%88%EB%B0%98-%EC%9D%B4%EC%83%81-%EC%A7%80%EB%B0%A9%EC%97%90-2027%EB%85%84-%EC%98%88%EC%82%B0%EC%95%88,https://wimg.sedaily.com/news/cms/2026/09/01/news-p.v1.20260901.c26de391bb4142c39459489acd717c7e_P1.jpg,1200,753,ok
https://ailens.sedaily.ai/finance/2026/09/01/2026-09-01-821%EC%A1%B0-%EC%8A%88%ED%8D%BC%EC%98%88%EC%82%B0-%EC%84%B8%EC%88%98-194%EC%A1%B0-%EB%8A%98%EC%96%B4%EB%8F%84-%EB%82%98%EB%9E%8F%EB%B9%9A-106%EC%A1%B0-2027%EB%85%84-%EC%98%88%EC%82%B0%EC%95%88,https://wimg.sedaily.com/news/cms/2026/09/01/news-p.v1.20260901.96898b8261d949f89e086e17e991379a_P1.jpg,1200,800,ok
https://ailens.sedaily.ai/industry/2026/09/01/2026-09-01-%EA%B3%B5%EA%B8%89%EB%A7%9D-%EC%98%88%EC%82%B0-4%EB%B0%B0-%EC%9E%90%EC%9B%90%EC%95%88%EB%B3%B4-%EC%88%98%EC%B6%9C%EA%B8%88%EC%9C%B5%EA%B8%B0%EA%B8%88-%EC%8B%A0%EC%84%A4-2027%EB%85%84-%EC%98%88%EC%82%B0%EC%95%88,https://wimg.sedaily.com/news/cms/2026/09/01/news-p.v1.20260901.eefb45674140453a814ae375739e7a07_P1.jpg,1200,805,ok
https://ailens.sedaily.ai/news/2026/09/01/2026-09-01-%EC%9A%B0%EC%A3%BC%EC%B2%AD-%EC%98%88%EC%82%B0-47-%EB%8A%98%EB%A0%A4-1-65%EC%A1%B0-%EB%88%84%EB%A6%AC%ED%98%B8-%EB%A7%A4%EB%85%84-%EC%8F%98%EA%B3%A0-2030%EB%85%84-%EB%8B%AC-%EA%B0%84%EB%8B%A4,https://wimg.sedaily.com/news/cms/2026/09/01/news-p.v1.20260901.762ae5b879e344e199512d5e8e3699f2_P1.png,1200,800,ok
https://ailens.sedaily.ai/industry/2026/09/01/2026-09-01-HBM-%EB%B8%94%EB%9E%99%ED%99%80-%EC%9D%B4-%EB%A7%8C%EB%93%A0-%EA%B8%B0%ED%98%84%EC%83%81-%EB%85%B8%ED%8A%B8%EB%B6%81-%EC%95%88%ED%8C%94%EB%A6%AC%EB%8A%94%EB%8D%B0%EB%8F%84-%EB%B2%94%EC%9A%A9-D%EB%9E%A8%EC%9D%80-%EC%82%AC%EC%83%81-%EC%B5%9C%EA%B3%A0%EA%B0%80-%EA%B0%AD-%EC%9B%94%EB%93%9C,https://wimg.sedaily.com/news/cms/2026/09/01/ams.001.photo.201404301510480505940092_P1.jpg,1200,799,ok
https://ailens.sedaily.ai/industry/2026/09/01/2026-09-01-%ED%8C%8C%EC%97%85-%EC%A7%84%ED%86%B5-%EB%94%9B%EA%B3%A0-%ED%98%84%EB%8C%80%EC%B0%A8-%EC%9E%84%EA%B8%88%ED%98%91%EC%83%81-%EB%A7%A4%EB%93%AD-%EC%A1%B0%ED%95%A9%EC%9B%90-61-5-%EC%B0%AC%EC%84%B1-%EA%B0%80%EA%B2%B0,https://wimg.sedaily.com/news/cms/2026/09/01/news-p.v1.20260828.25bd54096fe94e338aa6b07c30d4eb18_P1.jpg,1200,675,ok
https://ailens.sedaily.ai/industry/2026/09/01/2026-09-01-%ED%98%84%EB%8C%80%EC%B0%A8-%EC%9E%84%ED%98%91-%EC%B5%9C%EC%A2%85-%ED%83%80%EA%B2%B0-%EC%84%B1%EA%B3%BC%EA%B8%89-400-1270%EB%A7%8C%EC%9B%90,https://wimg.sedaily.com/news/cms/2026/09/01/news-p.v1.20260901.57460872ea394ee5945c85203fc999a3_P1.jpg,600,412,ok
https://ailens.sedaily.ai/industry/2026/09/01/2026-09-01-%EC%82%BC%EC%84%B1%EC%A0%84%EC%9E%90-SK%ED%95%98%EC%9D%B4%EB%8B%89%EC%8A%A4-AI-%EB%A9%94%EB%AA%A8%EB%A6%AC-%EC%A7%88%EC%A3%BC-%EB%B0%98%EB%8F%84%EC%B2%B4-%EC%88%98%EC%B6%9C-466%EC%96%B5-%EC%8B%A0%EA%B8%B0%EB%A1%9D,https://wimg.sedaily.com/news/cms/2026/09/01/news-p.v1.20260901.2a92ffd445f04a5a980fdbbd0c9f2f7c_P1.png,1200,831,ok
https://ailens.sedaily.ai/markets/2026/09/01/2026-09-01-%EC%82%BC%EC%A0%84%EB%8B%89%EC%8A%A4-%EB%8F%99%EB%B0%98-%ED%95%98%EB%9D%BD-%EC%98%A4%EB%8A%98%EB%8F%84-%EC%9E%90%EC%82%AC%EC%A3%BC-%EB%B0%A9%ED%8C%A8-%ED%86%B5%ED%95%A0%EA%B9%8C-%EB%A7%88%EC%BC%93%EC%8B%9C%EA%B7%B8%EB%84%90,https://wimg.sedaily.com/news/cms/2026/09/01/news-p.v1.20260901.edeb1126710c481e89c82942c8c84a00_P1.png,550,297,ok
https://ailens.sedaily.ai/markets/2026/09/01/2026-09-01-%EA%B8%88%EB%A6%AC-%EC%98%A4%EB%A5%BC-%EB%95%8C%EB%8A%94-%EC%9D%B4%EB%9F%B0-%EC%A3%BC%EC%8B%9D-%EC%82%AC%EB%9D%BC-%EC%A6%9D%EA%B6%8C%EA%B0%80%EA%B0%80-%EA%BC%BD%EC%9D%80-%EA%B3%A0%EA%B8%88%EB%A6%AC%EC%97%90%EB%8F%84-%EC%9E%98-%EB%B2%84%ED%8B%B8-%EC%A2%85%EB%AA%A9,https://wimg.sedaily.com/news/cms/2026/09/01/news-p.v1.20260901.cbe65874e4be4ae383aefc54d356c8fa_P1.png,616,328,ok
https://ailens.sedaily.ai/markets/2026/09/01/2026-09-01-%EC%82%BC%EC%84%B1%EC%A0%84%EA%B8%B0-MLCC-%ED%8C%90%EA%B0%80-%EC%9D%B8%EC%83%81-%ED%98%B8%EC%9E%AC-%EB%AA%A9%ED%91%9C%EA%B0%80-150%EB%A7%8C-200%EB%A7%8C-%EC%A4%8D%EC%A4%8D%EB%A6%AC%ED%8F%AC%ED%8A%B8,https://wimg.sedaily.com/news/cms/2026/09/01/news-p.v1.20260901.6e9d6e2bc1d841b9b33e3864646956f0_P1.png,500,333,ok
https://ailens.sedaily.ai/markets/2026/09/01/2026-09-01-IMM%EC%9D%B8%EB%B2%A0-%EC%9E%AC%ED%8C%AC-%ED%95%B5%EC%9C%B5%ED%95%A9-%EA%B8%B0%EC%97%85-%ED%88%AC%EC%9E%90-%ED%95%9C%EC%9D%BC%EC%9C%B5%ED%95%A9%ED%8E%80%EB%93%9C-%EC%A1%B0%EC%84%B1-%EC%8B%9C%EA%B7%B8%EB%84%90,https://wimg.sedaily.com/news/cms/2026/09/01/news-p.v1.20260901.5fb8f8305b2b4fd798bd3a8c6616f4e7_P1.png,363,586,ok
https://ailens.sedaily.ai/finance/2026/09/01/2026-09-01-%EC%B9%B4%EB%93%9C%EB%A1%A0-21-%EC%A6%9D%EA%B0%80%ED%96%88%EB%8B%A4%EB%8D%94%EB%8B%88-%EC%8B%A4%EC%A0%9C%EB%A1%A0-2-4-%EA%B0%90%EC%86%8C-%EA%B8%88%EA%B0%90%EC%9B%90-%ED%86%B5%EA%B3%84-%EC%98%A4%EB%A5%98,https://wimg.sedaily.com/news/cms/2026/08/31/news-p.v1.20260321.fd224268017b47a09a63d0db00ba4e07_P1.jpeg,1200,759,ok
https://ailens.sedaily.ai/international/2026/09/01/2026-09-01-%EC%84%B1%EC%9E%A5%EC%9D%B4-%EC%9D%B8%ED%94%8C%EB%A0%88-%EC%9C%A0%EB%B0%9C-%EC%95%88-%ED%95%9C%EB%8B%A4-%EB%8A%94-%ED%8A%B8%EB%9F%BC%ED%94%84-%EC%9B%8C%EC%8B%9C%EC%97%90-%EC%9D%B8%ED%95%98-%EC%95%95%EB%B0%95,https://wimg.sedaily.com/news/cms/2026/09/01/news-p.v1.20260901.dfa46708adcc45febf6b68d74ee0b8e8_P1.jpg,1200,800,ok
https://ailens.sedaily.ai/international/2026/09/01/2026-09-01-%EB%B0%B1%EC%95%85%EA%B4%80-%EB%AF%B8%EB%B6%81%ED%9A%8C%EB%8B%B4-%EC%A4%80%EB%B9%84-%EC%B0%A9%EC%88%98-%EC%9C%A0%ED%95%B4%EB%B0%9C%EA%B5%B4%EA%B8%B0%EA%B4%80%EC%97%90-%EC%8B%A4%EB%AC%B4-%EB%AC%B8%EC%9D%98,https://wimg.sedaily.com/news/cms/2026/09/01/news-p.v1.20260901.c46db80322d94742a6f95d451c93d345_P1.jpg,666,511,ok
https://ailens.sedaily.ai/international/2026/09/01/2026-09-01-%ED%8A%B8%EB%9F%BC%ED%94%84-%EB%92%B7%EB%B0%B0-%EC%97%90-%EC%9D%B8%ED%85%94-300-%EC%A7%80%EA%B8%88%EC%9D%80-%EC%B5%9C%EB%8C%80-%EB%A6%AC%EC%8A%A4%ED%81%AC%EB%A1%9C-%EB%A7%88%EC%BC%93%EB%AC%B4%EB%B2%84,https://wimg.sedaily.com/news/cms/2026/08/31/news-p.v1.20260830.fc07516d13f149f59c63efe47cec75c4_P1.jpg,1200,800,ok
https://ailens.sedaily.ai/property/2026/09/01/2026-09-01-%EA%B9%A1%ED%86%B5%EC%A0%84%EC%84%B8-%EC%97%AC%EC%A7%84%EC%97%90-%EA%B0%95%EC%A0%9C%EA%B2%BD%EB%A7%A4-54-%EA%B8%89%EC%A6%9D-8%EA%B0%9C%EC%9B%94-%EB%A7%8C%EC%97%90-%EC%9E%91%EB%85%84-%EC%97%B0%EA%B0%84%EC%B9%98-%EC%9C%A1%EB%B0%95-%EC%A7%91%EC%8A%90%EB%9E%AD,https://wimg.sedaily.com/news/cms/2026/08/31/news-g.v1.20260831.0eababb7fd1648b5b06636bbff703e5d_P1.jpg,1200,566,ok
https://ailens.sedaily.ai/international/2026/09/01/2026-09-01-%EC%BF%A0%ED%8C%A1-%EA%B0%88%EB%93%B1-%EB%8F%99%EB%A7%B9-%EC%A0%84%EB%B0%98%EC%9C%BC%EB%A1%9C-%EA%B4%80%EC%84%B8-%EB%B3%B4%EB%B3%B5-%EC%A1%B0%EC%B9%98-%EC%9A%B0%EB%A0%A4,https://wimg.sedaily.com/news/cms/2026/08/31/news-p.v1.20260826.e450df0cf6474862afdc7ebc865ef59a_P1.jpg,1024,641,ok
https://ailens.sedaily.ai/industry/2026/09/01/2026-09-01-%EC%98%A4%EB%B9%84%EB%A7%A5%EC%A3%BC-%EC%86%8C%EC%A3%BC%EB%8F%84-%ED%8C%90%EB%8B%A4-15%EB%8F%84-%EC%B0%B0%EB%9E%91-%EC%B6%9C%EC%8B%9C,https://wimg.sedaily.com/news/cms/2026/08/31/news-g.v1.20260831.2dc6da4c4e6543d0af7cbf43d671bd61_P2.jpg,500,461,ok
https://ailens.sedaily.ai/industry/2026/09/01/2026-09-01-%EC%9B%90%ED%99%9C%ED%95%9C-%EC%8A%B9%EA%B3%84-%EB%8F%95%EB%8A%94%EB%8B%A4-%EA%B8%B0%EB%B3%B4-414%EC%96%B5-%EC%9B%90-%EA%B7%9C%EB%AA%A8-M-A-%EB%B3%B4%EC%A6%9D-%EC%A0%9C%EA%B3%B5,https://wimg.sedaily.com/news/cms/2026/08/31/news-p.v1.20260827.07e169e5ba8944998940ff617bb795fa_P1.jpg,800,744,ok
https://ailens.sedaily.ai/industry/2026/09/01/2026-09-01-%EC%8A%A4%ED%83%80%ED%8A%B8%EC%97%85%EC%9D%B4-%EB%A7%8C%EB%93%A0-AI-%EA%B5%AD%EC%A0%9C%EB%AC%BC%EB%A6%AC%EC%98%AC%EB%A6%BC%ED%94%BC%EC%95%84%EB%93%9C%EC%84%9C-%EA%B8%88%EB%A9%94%EB%8B%AC-%EB%AA%A9%EC%97%90-%EA%B1%B8%EC%97%88%EB%8B%A4,https://wimg.sedaily.com/news/cms/2026/08/31/news-p.v1.20260831.184293a9b350407a9a89a7b33b5cd0fe_P1.jpg,1200,726,ok
https://ailens.sedaily.ai/industry/2026/09/01/2026-09-01-%ED%92%80%EA%B0%80%EB%8F%99%ED%95%B4%EB%8F%84-HBM-D%EB%9E%A8-%EA%B3%B5%EA%B8%89-%ED%83%9C%EB%B6%80%EC%A1%B1-%EC%B5%9C%ED%83%9C%EC%9B%90-%EA%B3%B5%EC%9E%A5-%EA%B2%80%ED%86%A0-biz-%ED%94%8C%EB%9F%AC%EC%8A%A4,https://wimg.sedaily.com/news/cms/2026/08/31/news-p.v1.20260831.86ec4521484641bfa990a499d60f8ddf_P2.png,500,333,ok
https://ailens.sedaily.ai/markets/2026/09/01/2026-09-01-%EA%B8%B0%EC%88%A0%EB%A0%A5%EC%97%90-MSD-R-D%EC%97%AD%EB%9F%89-%EA%B2%B0%ED%95%A9-%ED%82%A4%ED%8A%B8%EB%A3%A8%EB%8B%A4-%ED%98%81%EC%8B%A0-%EC%9D%B4%EC%96%B4%EA%B0%88-%EA%B2%83,https://wimg.sedaily.com/news/cms/2026/08/31/news-g.v1.20260831.0a1bec16e4d845c08345bdcc6f93ec04_P1.jpg,1200,508,ok
https://ailens.sedaily.ai/markets/2026/09/01/2026-09-01-%EC%A0%95%EC%A0%9C-%EB%A7%88%EC%A7%84-%EC%83%81%EC%8A%B9%EC%97%90-%EC%A0%95%EC%9C%A0-%ED%9B%A8%ED%9B%A8-8%EC%9B%94-S-Oil-23-%EC%9D%B4%EB%9F%B0%EA%B5%AD%EC%9E%A5-%EC%A0%80%EB%9F%B0%EC%A3%BC%EC%8B%9D,https://wimg.sedaily.com/news/cms/2026/08/31/news-p.v1.20260831.47d94fb60d9c489c9c1e9f24b744b593_P1.png,700,537,ok
https://ailens.sedaily.ai/industry/2026/09/01/2026-09-01-%ED%9C%B4%EB%A8%B8%EB%85%B8%EC%9D%B4%EB%93%9C-1%EC%9C%84-%EB%B9%84%EA%B2%B0%EC%9D%80-%EB%A9%94%EA%B0%80-M-A,https://wimg.sedaily.com/news/cms/2026/08/31/news-p.v1.20260830.afb437a897214d098782ede1385ee8f1_P1.jpeg,1200,720,ok
https://ailens.sedaily.ai/international/2026/09/01/2026-09-01-%EB%8F%84-AI-%EA%B3%B5%EA%B5%90%EC%9C%A1-%EA%B5%90%EC%8B%A4%EB%A1%9C-%EB%B2%88%EC%A7%84-%EC%9D%B8%EC%9E%AC%EC%A0%84%EC%9F%81,https://wimg.sedaily.com/news/cms/2026/08/31/news-p.v1.20260831.7de8f4b49aa24c21ae9a774c6b4081ae_P1.jpg,900,529,ok
https://ailens.sedaily.ai/markets/2026/09/01/2026-09-01-%EA%B3%A0%EA%B8%88%EB%A6%AC%EC%97%90-%EC%9E%90%EA%B8%88%EC%A1%B0%EB%8B%AC-%EA%B3%B5%EC%8B%9D-%EB%B0%94%EB%80%90%EB%8B%A4-%EC%8B%9C%EA%B7%B8%EB%84%90,https://wimg.sedaily.com/news/cms/2026/08/31/news-p.v1.20260830.925650d6b11e43dfb4b8510c3116e347_P1.jpg,640,425,ok
https://ailens.sedaily.ai/industry/2026/08/31/2026-08-31-%EC%82%BC%EC%84%B1-SK-10%EC%96%B5-%EC%A3%BC%EC%8B%9D%EB%B6%80%EC%9E%90-%EC%9E%84%EC%9B%90-391%EB%AA%85-100%EC%96%B5-%EB%84%98%EB%8A%94-4%EB%8C%80%EA%B7%B8%EB%A3%B9-%EC%8A%88%ED%8D%BC%EB%A6%AC%EC%B9%98-11%EB%AA%85,https://wimg.sedaily.com/news/cms/2026/08/31/news-p.v1.20260831.86ec4521484641bfa990a499d60f8ddf_P1.png,1200,800,ok
https://ailens.sedaily.ai/industry/2026/08/31/2026-08-31-%EB%8D%94-%ED%81%B0-%EC%82%B0%EC%97%85%EC%83%9D%ED%83%9C%EA%B3%84%EB%A1%9C-%EC%83%81%EC%9D%98-%EA%B3%B5%EA%B8%89%EB%A7%9D-%EB%AF%B8%EB%9E%98%EC%82%B0%EC%97%85-%ED%98%91%EB%A0%A5-%EB%A7%9E%EC%86%90,https://wimg.sedaily.com/news/cms/2026/08/31/news-p.v1.20260831.5eeee08da075478587195faf7d240755_P1.png,1200,900,ok
https://ailens.sedaily.ai/industry/2026/08/31/2026-08-31-2024%EB%85%84-%EA%B5%AD%EB%82%B4-850%EB%A7%8C-%EA%B0%9C-%EC%9C%A1%EB%B0%95-%EC%A0%84%EC%B2%B4-%EB%A7%A4%EC%B6%9C%EC%95%A1-3324%EC%A1%B0-%EC%9B%90,https://wimg.sedaily.com/news/cms/2026/08/31/news-p.v1.20260522.25b8c51074004951998c53019f0e2442_P1.jpg,640,427,ok
https://ailens.sedaily.ai/industry/2026/08/31/2026-08-31-%ED%8B%B0%EC%9B%A8%EC%9D%B4-9%EC%9B%94-10%EC%9D%BC%EB%B6%80%ED%84%B0-%ED%8A%B8%EB%A6%AC%EB%8B%88%ED%8B%B0%ED%95%AD%EA%B3%B5-%EC%9C%BC%EB%A1%9C-%EC%83%88-%EB%82%A0%EA%B0%9C,https://wimg.sedaily.com/news/cms/2026/08/31/news-p.v1.20260831.c67ab83fff6742b5b3f592671ed5eab9_P1.png,870,620,ok
https://ailens.sedaily.ai/markets/2026/08/31/2026-08-31-%EC%82%BC%EC%84%B1%EB%B0%94%EC%9D%B4%EC%98%A4%EB%A1%9C%EC%A7%81%EC%8A%A4-3%EC%A1%B0-%EC%9C%A0%EC%A6%9D%EC%97%90%EB%8F%84-%EC%A3%BC%EC%A3%BC%EA%B0%80%EC%B9%98-%ED%9D%AC%EC%84%9D-%EC%A0%9C%ED%95%9C%EC%A0%81-%EB%AA%A9%ED%91%9C%EC%A3%BC%EA%B0%80%EB%8A%94-%ED%95%98%ED%96%A5-%EC%A4%8D%EC%A4%8D-%EB%A6%AC%ED%8F%AC%ED%8A%B8,https://wimg.sedaily.com/news/cms/2026/08/31/news-p.v1.20260831.2292374d56844e0ab533be76a56afbfb_P1.png,800,446,ok
https://ailens.sedaily.ai/markets/2026/08/31/2026-08-31-%EB%8B%A8%EB%8F%85-%ED%86%A0%EC%8A%A4-%EC%84%A4%EB%A6%BD-%ED%9B%84-%EC%B2%AB-%EC%9E%90%EC%82%AC%EC%A3%BC-%EB%A7%A4%EC%9E%85-2000%EC%96%B5-%ED%95%9C%EB%8F%84-%EC%B7%A8%EB%93%9D-%ED%9B%84-%EC%86%8C%EA%B0%81,https://wimg.sedaily.com/news/cms/2026/08/31/news-p.v1.20260405.61bdcbc2fe5f43a4a196bb34b488be26_P1.png,1200,600,ok
https://ailens.sedaily.ai/markets/2026/08/31/2026-08-31-%EC%82%BC%EC%A0%84%EB%8B%89%EC%8A%A4-%EC%82%B4-%EB%8F%88%EC%9C%BC%EB%A1%9C-%EC%9D%B4%EA%B1%B8-%EC%83%80%EC%96%B4%EC%95%BC-%ED%96%88%EB%82%98-%EB%8B%A8%EC%88%A8%EC%97%90-29-%EC%83%81%EC%8A%B9-%EA%B8%B0%EB%8C%80%EA%B0%90-%EB%AA%B0%EB%A6%AC%EB%8A%94-%EC%97%85%EC%A2%85-%EC%A0%95%EC%B2%B4%EA%B0%80,https://wimg.sedaily.com/news/cms/2026/08/31/news-p.v1.20260831.27fe58720fdc4df9a16f4f22dcd94797_P1.jpg,1200,621,ok
https://ailens.sedaily.ai/markets/2026/08/31/2026-08-31-9%EC%9B%94-2-3%EC%96%B5-%EC%A3%BC-%EB%B3%B4%ED%98%B8%EC%98%88%EC%88%98-%ED%92%80%EB%A6%B0%EB%8B%A4-SK%EC%9D%B4%EB%85%B8-%EC%BC%80%EC%9D%B4%EB%B1%85%ED%81%AC-%EC%98%A4%EB%B2%84%ED%96%89-%EC%9C%A0%EC%9D%98,https://wimg.sedaily.com/news/cms/2026/08/31/news-p.v1.20260831.a0e81289857841609d59f751a5198620_P1.png,857,433,ok
https://ailens.sedaily.ai/international/2026/08/31/2026-08-31-%EB%8B%A4%EC%B9%B4%EC%9D%B4%EC%B9%98%ED%91%9C-%EB%B0%A9%EC%9C%84%EB%B9%84-8%EC%A1%B0-9000%EC%96%B5%EC%97%94-%EC%82%AC%EC%83%81-%EC%B5%9C%EB%8C%80-GDP-2-%EC%97%94-%EB%AF%B8%EB%8B%AC,https://wimg.sedaily.com/news/cms/2026/08/31/news-p.v1.20260823.335430a31be84302b32e089577f8f637_P1.jpg,1200,800,ok
https://ailens.sedaily.ai/news/2026/08/31/2026-08-31-%EB%8F%84%EC%A0%80%ED%9E%88-%EB%AA%BB-%EB%B2%84%ED%85%A8-10%EB%A7%8C-%EB%AA%85-%EC%8F%9F%EC%95%84%EC%A1%8C%EB%8B%A4-%EB%B9%9A-%EA%B0%9A%EC%9D%84-%EB%8F%88-%EC%97%86%EB%8A%94-%EC%84%9C%EB%AF%BC%EB%93%A4-%ED%99%95-%EB%8A%98%EC%96%B4%EB%82%9C-%EC%9D%B4%EC%9C%A0%EA%B0%80,https://wimg.sedaily.com/news/cms/2026/08/31/news-p.v1.20260831.6c6e3a8acdd1474d856a7a067c0f4822_P1.png,531,351,ok
https://ailens.sedaily.ai/culture/2026/08/31/2026-08-31-BTS-%EA%B3%B5%EC%97%B0-14%EB%B0%B0-%EC%9D%B8%ED%8C%8C-%EB%AA%B0%EB%A0%A4%EC%98%A4%EB%8A%94%EB%8D%B0-%EC%9E%A0%EC%9E%98-%EA%B3%B3%EC%9D%B4-%EB%AA%A8%EC%9E%90%EB%9E%80%EB%8B%A4,https://wimg.sedaily.com/news/cms/2026/08/31/rcv.YNA.20260827.PYH2026082710800001300_P1.jpg,1200,800,ok
https://ailens.sedaily.ai/property/2026/08/31/2026-08-31-%EC%A3%BC%ED%83%9D-%EA%B2%BD%EB%A7%A4-%EC%98%AC%ED%95%B4%EC%97%90%EB%A7%8C-3%EB%A7%8C%EA%B1%B4-%EB%8F%8C%ED%8C%8C-%EC%97%AD%EB%8C%80-%EC%B5%9C%EB%8C%80-%EA%B2%BD%EA%B3%A0%EB%93%B1,https://wimg.sedaily.com/news/cms/2026/08/31/news-g.v1.20260831.0eababb7fd1648b5b06636bbff703e5d_P1.jpg,1200,566,ok
https://ailens.sedaily.ai/industry/2026/08/31/2026-08-31-CPTPP-%EA%B5%90%EC%97%AD-%EB%B9%84%EC%A4%91-%EB%B3%B4%EB%8B%A4-%EC%BB%A4-%EA%B0%80%EC%9E%85-%EC%8B%9C-%EA%B3%B5%EA%B8%89%EB%A7%9D-%EA%B0%95%ED%99%94-%EC%8B%9C%EB%84%88%EC%A7%80,https://wimg.sedaily.com/news/cms/2026/08/31/news-p.v1.20260831.54fcaeb3f5f242acb3d825542dd42a32_P1.jpg,1200,800,ok
https://ailens.sedaily.ai/industry/2026/08/31/2026-08-31-%ED%99%88%ED%94%8C%EB%9F%AC%EC%8A%A4-%EC%9E%AC%EA%B0%9C%EC%9E%A5-%ED%9B%84-%EB%A7%A4%EC%B6%9C-1164%EC%96%B5%EC%9B%90-%EC%98%81%EC%97%85%EC%A4%91%EB%8B%A8-%EC%A0%84%EB%B3%B4%EB%8B%A4-57-%EB%8A%98%EC%96%B4,https://wimg.sedaily.com/news/cms/2026/08/31/news-p.v1.20260831.c5acdbebf80e448aa04e01c489791098_P1.png,860,505,ok
https://ailens.sedaily.ai/industry/2026/08/31/2026-08-31-%EB%A1%9C%EB%B4%87%ED%8C%94%EC%97%90-%EC%A0%9C%EC%A1%B0AX-%EB%A7%A1%EA%B8%B8%ED%8C%90-%EA%B4%80%EC%A0%88-%EB%93%B1-%ED%95%B5%EC%8B%AC%EA%B8%B0%EC%97%85-%EA%B3%BC%EA%B0%90%ED%9E%88-%EC%9D%B8%EC%88%98%ED%95%B4%EC%95%BC,https://wimg.sedaily.com/news/cms/2026/08/31/news-p.v1.20260827.3da876bc2cf34c3088a91baeb17c1738_P1.jpg,1200,900,ok
https://ailens.sedaily.ai/markets/2026/08/31/2026-08-31-%EA%B8%88%EB%A6%AC-%EC%9D%B8%EC%83%81-%EC%9A%B0%EB%A0%A4%EC%97%90-%EC%A6%9D%EA%B6%8C%EC%A3%BC-%ED%9C%98%EC%B2%AD-%EB%AF%B8%EB%9E%98%EC%97%90%EC%85%8B%EC%A6%9D%EA%B6%8C-4-%EC%BD%94%EC%A3%BC%EB%B6%80,https://wimg.sedaily.com/news/cms/2026/08/31/news-p.v1.20260831.d2906a12e71d4c70b065033063b89ae7_P1.jpg,640,425,ok
https://ailens.sedaily.ai/markets/2026/08/31/2026-08-31-%EC%82%BC%EC%A0%84%EB%8B%89%EC%8A%A4-%ED%94%84%EB%A6%AC%EC%9E%A5%EC%84%9C-2-%EC%95%88%ED%8C%8E-%ED%95%98%EB%9D%BD-%EC%9D%B4%EB%B2%88%EC%A3%BC-%EB%B0%98%EB%8F%84%EC%B2%B4-%EC%88%98%EA%B8%89-%EB%B6%84%EC%88%98%EB%A0%B9-%EC%9D%B4%EB%9F%B0%EA%B5%AD%EC%9E%A5-%EC%A0%80%EB%9F%B0%EC%A3%BC%EC%8B%9D,https://wimg.sedaily.com/news/cms/2026/08/31/news-p.v1.20260831.be25c9d4cd5f4f91a5c0960acaffc369_P1.jpg,500,142,ok
https://ailens.sedaily.ai/markets/2026/08/31/2026-08-31-%EC%95%8C%ED%85%8C%EC%98%A4%EC%A0%A0-%ED%82%A4%ED%8A%B8%EB%A3%A8%EB%8B%A4SC-%ED%8C%90%EB%A7%A4-%EB%A7%88%EC%9D%BC%EC%8A%A4%ED%86%A4-%EC%B2%AB-%EC%88%98%EB%A0%B9,https://wimg.sedaily.com/news/cms/2026/08/31/news-p.v1.20260831.9f996c20990d4815aee2ddb712aa129d_P1.jpg,1200,760,ok
https://ailens.sedaily.ai/international/2026/08/31/2026-08-31-%EC%9D%B4%EB%9E%80-%ED%95%9C-%EB%8B%AC-%EB%A7%8C%EC%97%90-%EC%9E%AC%EC%B6%A9%EB%8F%8C-%EB%AF%B8%EA%B5%B0-%EB%82%B4%EB%B6%80%EC%84%A0-%EC%9E%A5%EA%B8%B0%EC%A0%84-%EA%B2%BD%EA%B3%A0%EC%9D%8C,https://wimg.sedaily.com/news/cms/2026/08/31/news-p.v1.20260831.b123149cab694cf693cc37b616d43ac5_P1.jpg,1200,857,ok
https://ailens.sedaily.ai/property/2026/08/31/2026-08-31-KTX-%EC%9A%94%EA%B8%88-10-%EB%82%B4%EB%A6%AC%EA%B3%A0-%EC%88%98%EC%84%9C%EC%B6%95-30-%ED%99%95%EB%8C%80-%ED%86%B5%ED%95%A9-%EC%BD%94%EB%A0%88%EC%9D%BC-%EC%B6%9C%EB%B2%94,https://wimg.sedaily.com/news/cms/2026/08/31/rcv.NEWS1.NEWS1.20260831.2026-08-31T101509_1008079502_SOCIETY_I_P1.jpg,1200,681,ok
https://ailens.sedaily.ai/news/2026/08/31/2026-08-31-%EC%95%84%EC%9D%B4%EA%B3%A0-%EC%96%B4%EB%A5%B8%EC%9D%B4%EA%B3%A0-%EC%9D%B4%EA%B1%B0-%EC%97%86%EC%9D%B8-%EB%AA%BB-%EC%82%B0%EB%8B%A4-%EB%82%9C%EB%A6%AC-%EB%82%AC%EB%8A%94%EB%8D%B0-%EC%9C%A0%ED%95%B4%EB%AC%BC%EC%A7%88-%EB%AC%B4%EB%8D%94%EA%B8%B0-%EA%B2%80%EC%B6%9C-%EC%97%90-%EB%B0%9C%EC%B9%B5,https://wimg.sedaily.com/news/cms/2026/08/31/news-p.v1.20260831.a0dea73620824c0d8be841218519fd80_P1.jpg,1200,960,ok
https://ailens.sedaily.ai/news/2026/08/31/2026-08-31-%EC%B2%AD%EB%85%84%EB%93%A4-%EB%8C%80%EA%B8%B0%EC%97%85-%EC%9D%BC%EC%9E%90%EB%A6%AC-%EC%9B%90%ED%95%98%EB%8A%94%EB%8D%B0-%EC%A0%95%EB%B6%80%EB%8A%94-562%EC%96%B5-%EC%84%B8%EA%B8%88-%ED%98%9C%ED%83%9D-%EC%97%86%EC%95%A0,https://wimg.sedaily.com/news/cms/2026/08/31/news-g.v1.20260831.0cc9ceb4ea77480cabecf88d980d79b6_P1.jpg,1200,505,ok
https://ailens.sedaily.ai/international/2026/08/31/2026-08-31-%ED%95%9C%EA%B5%AD-%EC%BD%95-%EC%A7%91%EC%96%B4-%EB%B9%84%EB%82%9C%ED%95%9C-%ED%8A%B8%EB%9F%BC%ED%94%84-%EC%9D%B4%EB%9E%80%EC%A0%84%EC%9F%81-%EC%95%88-%EB%8F%84%EC%99%80-%EA%B8%B0%EC%96%B5%ED%95%A0-%EA%B2%83,https://wimg.sedaily.com/news/cms/2026/08/31/news-p.v1.20260831.d991f042157f4ccfbe7600b50dae3aa0_P1.jpg,1200,800,ok
https://ailens.sedaily.ai/news/2026/08/31/2026-08-31-%EC%A7%80%EC%A7%80%EC%9C%A8-30-%EB%8C%80-%EC%B6%94%EB%9D%BD-%EB%B6%80%EB%8F%99%EC%82%B0-%EB%AF%BC%EC%8B%AC-%EC%95%85%ED%99%94-%EC%97%90-4050%EC%84%B8%EB%8C%80-%EC%9D%B4%ED%83%88,https://wimg.sedaily.com/news/cms/2026/08/31/news-g.v1.20260831.6d7d76a10fdc4b4cac21efbb9d491410_P1.jpg,629,583,ok
https://ailens.sedaily.ai/news/2026/08/31/2026-08-31-%EC%A0%95%EA%B5%90%EC%9C%A0%EC%B0%A9-%ED%95%9C%ED%95%99%EC%9E%90-%EC%B4%9D%EC%9E%AC-1%EC%8B%AC-%EC%A7%95%EC%97%AD-2%EB%85%84-%ED%86%B5%EC%9D%BC%EA%B5%90-%EC%A0%95%EC%A0%90-%EC%8B%A4%ED%98%95-%EB%B6%88%EA%B0%80%ED%94%BC,https://wimg.sedaily.com/news/cms/2026/08/31/rcv.YNA.20260831.PYH2026083113040001300_P1.jpg,1200,803,ok
https://ailens.sedaily.ai/industry/2026/08/31/2026-08-31-%EB%94%94%EC%98%A4%EC%85%98-SK%EC%98%A4%EC%85%98%ED%94%8C%EB%9E%9C%ED%8A%B8-%EC%9D%B8%EC%88%98%ED%95%9C%EB%8B%A4-%EA%B1%B0%EB%9E%98%EA%B0%80-4100%EC%96%B5-%EC%8B%9C%EA%B7%B8%EB%84%90,https://wimg.sedaily.com/news/cms/2026/08/31/news-p.v1.20260831.945e5b9fb1ce40a79193b2a03c5a82e8_P1.jpg,800,467,ok
https://ailens.sedaily.ai/markets/2026/08/31/2026-08-31-%EA%B7%B9%EC%9E%A5%EA%B0%80-%EC%98%A8%EA%B8%B0%EC%97%90-%EB%A9%94%EA%B0%80%EB%B0%95%EC%8A%A4-%ED%9A%8C%EC%83%9D-%EC%9D%B8%EA%B0%80%EC%A0%84-M-A-%EB%B6%80%EC%83%81-%EC%8B%9C%EA%B7%B8%EB%84%90,https://wimg.sedaily.com/news/cms/2026/08/31/news-p.v1.20260831.585a18861de948039b1bbfe4b5bfd375_P1.jpg,860,497,ok
https://ailens.sedaily.ai/markets/2026/08/31/2026-08-31-%EA%B8%80%EB%A1%9C%EB%B2%8C-%EA%B8%88%EB%A6%AC-%EA%B8%89%EB%93%B1%EC%97%90-%EC%B1%84%EA%B6%8C%EC%8B%9C%EC%9E%A5-%EC%9D%B8%EB%B0%94%EC%9A%B4%EB%93%9C-%ED%99%95%EC%9E%A5%EB%90%98%EB%82%98-%EC%8B%9C%EA%B7%B8%EB%84%90,https://wimg.sedaily.com/news/cms/2026/08/31/news-p.v1.20260826.08eb2fd4bdf748c5b7b6694a8bf67857_P1.jpg,860,584,ok
https://ailens.sedaily.ai/industry/2026/08/31/2026-08-31-%EC%95%85%EB%A7%88%EC%9D%98%EC%9C%A0%ED%98%B9%EC%9D%80-%EC%9E%91%EC%95%84%EC%A7%80%EA%B3%A0-%EC%9E%90%EC%97%B0%EB%B3%84%EA%B3%A1%EC%9D%80-%EC%A4%84%EC%98%80%EB%8B%A4,https://wimg.sedaily.com/news/cms/2026/08/31/news-p.v1.20260831.d0dbc821f4fa46a2a2d2ada5711e7cc6_P1.jpg,1200,800,ok
https://ailens.sedaily.ai/industry/2026/08/31/2026-08-31-%EC%82%BC%EC%84%B1%EB%B0%94%EC%9D%B4%EC%98%A4-%ED%8F%B4%EB%A6%AC%ED%8E%A9%ED%83%80%EC%9D%B4%EB%93%9C-2-7%EC%A1%B0-%EA%B3%B5%EA%B0%9C%EB%A7%A4%EC%88%98-11%EC%9B%94-%EC%9D%B8%EC%88%98-%EB%A7%88%EB%AC%B4%EB%A6%AC,https://wimg.sedaily.com/news/cms/2026/08/31/news-p.v1.20260831.075f31a701d940c587f642e3049f7a91_P1.png,1200,675,ok
https://ailens.sedaily.ai/industry/2026/08/31/2026-08-31-%ED%98%84%EB%AC%BC%EA%B0%80-LTA%EC%9D%98-5%EB%B0%B0-%EC%82%BC%EC%84%B1%EC%A0%84%EC%9E%90-3%EB%B6%84%EA%B8%B0-%EC%98%81%EC%97%85%EC%9D%B5-%EC%B2%AB-100%EC%A1%B0-%EB%8F%8C%ED%8C%8C,https://wimg.sedaily.com/news/cms/2026/08/31/news-p.v1.20260831.86ec4521484641bfa990a499d60f8ddf_P2.png,500,333,ok
https://ailens.sedaily.ai/industry/2026/08/31/2026-08-31-LTA-2%EC%B0%A8-%EB%A9%94%EB%AA%A8%EB%A6%AC-%ED%92%88%EA%B7%80-HBM-D%EB%9E%A8-%EA%B0%80%EA%B2%A9-%EB%98%90-%EA%B8%89%EB%93%B1,https://wimg.sedaily.com/news/cms/2026/08/31/news-p.v1.20260805.8e6566d21f204aed84080231cfe39371_P1.jpg,1200,800,ok
https://ailens.sedaily.ai/markets/2026/08/31/2026-08-31-%EC%9E%A5%ED%88%AC-%ED%87%B4%EC%A7%81%EC%97%B0%EA%B8%88-%EA%B0%9C%EB%AF%B8-%EB%AF%B8%EC%9E%A5%EC%9C%BC%EB%A1%9C-%EB%8F%8C%EC%95%84%EA%B0%94%EB%8B%A4,https://wimg.sedaily.com/news/cms/2026/08/31/news-p.v1.20260831.da55965ed32740c2a5cd5fbff80c73b7_P1.jpg,640,425,ok
https://ailens.sedaily.ai/markets/2026/08/31/2026-08-31-%EC%99%B8%EC%9D%B8-%EB%96%A0%EB%82%98%EA%B3%A0-%EA%B1%B0%EB%9E%98%EB%8C%80%EA%B8%88-%EC%97%B0%EC%A4%91-%EC%B5%9C%EC%A0%80%EC%B9%98-%EA%B8%88%EB%A6%AC-%EB%AF%BC%EA%B0%90%ED%95%9C-%EB%B0%94%EC%9D%B4%EC%98%A4-%EC%A6%9D%EA%B6%8C-%EC%A7%81%EA%B2%A9%ED%83%84,https://wimg.sedaily.com/news/cms/2026/08/31/news-p.v1.20260831.27f8dc028c524e7a8b6b5fa957a90733_P1.jpg,1200,800,ok
https://ailens.sedaily.ai/markets/2026/08/31/2026-08-31-NXT-%ED%95%98%EB%8B%89-1%EC%A3%BC-%ED%95%98%ED%95%9C%EA%B0%80-%EB%A7%89%EB%8A%94%EB%8B%A4-VI-%EB%B0%9C%EB%8F%99-%EB%95%90-2%EB%B6%84%EA%B0%84-%EB%8B%A8%EC%9D%BC%EA%B0%80%EB%A7%A4%EB%A7%A4,https://wimg.sedaily.com/news/cms/2026/08/31/news-p.v1.20260831.967339085bda405c9c56434462e3ea0b_P1.png,710,472,ok
https://ailens.sedaily.ai/markets/2026/08/31/2026-08-31-HBM4-%ED%8C%90%EB%8F%84-%EB%B3%80%ED%99%94-%EC%82%BC%EC%A0%84-%ED%95%98%EB%8B%89-%EB%88%88%EB%86%92%EC%9D%B4%EB%8F%84-%EC%97%87%EA%B0%88%EB%A0%A4,https://wimg.sedaily.com/news/cms/2026/08/31/news-p.v1.20260831.380fde8f56c74546b1436e61f914a4a7_P1.png,640,345,ok
https://ailens.sedaily.ai/industry/2026/08/31/2026-08-31-%EB%AC%B4%EC%8B%A0%EC%82%AC-%EC%83%81%EB%B0%98%EA%B8%B0-%EB%A7%A4%EC%B6%9C-8000%EC%96%B5-%EB%8F%8C%ED%8C%8C-%EC%97%AD%EB%8C%80-%EC%B5%9C%EB%8C%80-%EC%88%98%EC%9D%B5%EC%84%B1%EC%9D%80-%EC%A3%BC%EC%B6%A4,https://wimg.sedaily.com/news/cms/2026/08/31/news-p.v1.20260831.c41ddd05ea38439c80323690b28a3549_P1.jpg,800,1022,ok
https://ailens.sedaily.ai/industry/2026/08/31/2026-08-31-%EC%8B%A0%EC%84%B8%EA%B3%84%EA%B7%B8%EB%A3%B9-%EC%B6%94%EC%84%9D-%EC%95%9E%EB%91%90%EA%B3%A0-%ED%98%91%EB%A0%A5%EC%82%AC-%EB%82%A9%ED%92%88%EB%8C%80%EA%B8%88-1-9%EC%A1%B0-%EC%A1%B0%EA%B8%B0-%EC%A7%80%EA%B8%89,https://wimg.sedaily.com/news/cms/2026/08/31/news-p.v1.20260831.6ab4375ef2554e27952c34c124fbefbb_P1.jpg,1200,312,ok
https://ailens.sedaily.ai/industry/2026/08/31/2026-08-31-%ED%95%9C%EA%B2%BD%ED%98%91-%EC%98%88%EC%B8%A1-%EA%B0%80%EB%8A%A5%ED%95%9C-%ED%86%B5%EC%83%81%EA%B7%9C%EB%B2%94-%EC%A0%88%EC%8B%A4-CPTPP%EB%8F%84-%EC%84%A0%ED%83%9D%EC%A7%80,https://wimg.sedaily.com/news/cms/2026/08/31/news-p.v1.20260831.d815d01d730e425c90cdb4163b5139c2_P1.jpg,1200,736,ok
https://ailens.sedaily.ai/industry/2026/08/31/2026-08-31-%ED%95%9C%ED%99%94%EC%97%90%EC%96%B4%EB%A1%9C-%EC%8A%A4%ED%8E%98%EC%9D%B8-K9-%EC%9E%90%EC%A3%BC%ED%8F%AC-%EC%88%98%EC%B6%9C-%EA%B3%84%EC%95%BD-%EC%84%9C%EC%9C%A0%EB%9F%BD-%EC%B2%AB-%EC%A7%84%EC%B6%9C,https://wimg.sedaily.com/news/cms/2026/08/31/news-p.v1.20260831.3233bc0448b243ccb70b0a52d124101c_P1.jpg,1200,788,ok
https://ailens.sedaily.ai/markets/2026/08/31/2026-08-31-%EC%A0%95%EC%9D%80%EB%B3%B4-%EC%9D%B4%EC%82%AC%EC%9E%A5-%EB%89%B4%EC%9A%95%EC%84%9C-NYSE%EC%99%80-%EB%A7%9E%EC%86%90-%EA%B8%80%EB%A1%9C%EB%B2%8C-%EA%B8%B0%EA%B4%80-%EB%8C%80%EC%83%81-%EB%A1%9C%EB%93%9C%EC%87%BC,https://wimg.sedaily.com/news/cms/2026/08/31/news-p.v1.20260126.64e33e36b064405e902044f3479942fc_P1.png,640,427,ok
https://ailens.sedaily.ai/markets/2026/08/31/2026-08-31-SK%EC%9D%B4%EB%85%B8%EB%B2%A0%EC%9D%B4%EC%85%98-6-%EB%8C%80-%EA%B0%95%EC%84%B8-ESS-%EB%B0%B0%ED%84%B0%EB%A6%AC-%EC%85%80-%EA%B3%B5%EA%B8%89%EA%B3%84%EC%95%BD-%EC%98%81%ED%96%A5-%EC%BD%94%EC%A3%BC%EB%B6%80,https://wimg.sedaily.com/news/cms/2026/08/31/news-p.v1.20260831.c60c8bacba434c80a704d6c2a94304d2_P1.png,628,418,ok
https://ailens.sedaily.ai/markets/2026/08/31/2026-08-31-%EB%84%A5%EC%8A%A4%ED%8A%B8%EB%A0%88%EC%9D%B4%EB%93%9C-%EA%B3%A8%EB%93%9C%EB%A7%8C%EC%82%AD%EC%8A%A4-CLSA-%ED%92%88%EC%97%88%EB%8B%A4-%ED%9A%8C%EC%9B%90%EC%82%AC-38%EA%B3%B3%EC%9C%BC%EB%A1%9C-%ED%99%95%EB%8C%80,https://wimg.sedaily.com/news/cms/2026/08/31/news-p.v1.20260831.d15a4fc4c4d04917b653a932756e7506_P1.png,670,440,ok
https://ailens.sedaily.ai/markets/2026/08/31/2026-08-31-%EC%85%80%ED%8A%B8%EB%A6%AC%EC%98%A8-1000%EC%96%B5-%EC%9E%90%EC%82%AC%EC%A3%BC-%EB%A7%A4%EC%9E%85-%EB%A7%A4%EB%85%84-%EC%88%9C%EC%9D%B5-3%EB%B6%84%EC%9D%98-1-%EC%A3%BC%EC%A3%BC%ED%99%98%EC%9B%90,https://wimg.sedaily.com/news/cms/2026/08/31/news-p.v1.20260831.622c038fa8044935afaf4e3a1a520088_P1.png,600,400,ok
https://ailens.sedaily.ai/news/2026/08/31/2026-08-31-%EB%8C%80%ED%86%B5%EB%A0%B9-%EC%A7%80%EC%A7%80%EC%9C%A8-%EC%B2%AB-30-%EB%8C%80-%EB%B6%80%EB%8F%99%EC%82%B0-%EB%AF%BC%EC%8B%AC-%EC%95%85%ED%99%94%EB%A1%9C-4050%EB%8F%84-%EC%9D%B4%ED%83%88-%EB%A6%AC%EC%96%BC%EB%AF%B8%ED%84%B0,https://wimg.sedaily.com/news/cms/2026/08/31/news-p.v1.20260828.c56640d3659a4aa9b7eddcc12a2a9f17_P1.jpg,1200,784,ok
https://ailens.sedaily.ai/finance/2026/08/31/2026-08-31-EQT-%EB%85%B8%EB%B2%A8%ED%94%84%EB%9D%BC%EC%9D%B4%EC%A6%88-%EB%8B%A4%EC%9D%B4%EC%96%BC%EB%A1%9C%EA%B7%B8-%EC%84%9C%EC%9A%B8-2026-%EA%B3%B5%EC%8B%9D-%ED%9B%84%EC%9B%90-%EC%8B%9C%EA%B7%B8%EB%84%90,https://wimg.sedaily.com/news/cms/2026/08/31/news-p.v1.20260831.2d7b53941e5443488064aa4d79cb816c_P1.png,1200,800,ok
https://ailens.sedaily.ai/industry/2026/08/31/2026-08-31-TKG%ED%83%9C%EA%B4%91-%EC%95%A0%EA%B0%95-%EC%A7%80%EB%B6%84-31-%EA%B3%B5%EA%B0%9C%EB%A7%A4%EC%88%98-%EC%9E%90%EC%A7%84%EC%83%81%ED%8F%90-%EB%AA%A9%EC%A0%81-%EC%8B%9C%EA%B7%B8%EB%84%90,https://wimg.sedaily.com/news/cms/2026/08/31/news-p.v1.20260830.4671f81150134f6c9beb1b3ef2219150_P1.jpg,1200,456,ok
https://ailens.sedaily.ai/industry/2026/08/31/2026-08-31-%ED%98%BC%EC%9E%90-%ED%95%98%EA%B8%B0-%EC%96%B4%EB%A0%A4%EC%9A%B4-%EA%B2%83-%ED%95%A8%EA%BB%98-%ED%95%9C%EC%9D%BC-%EC%83%81%EC%9D%98-%EA%B3%B5%EA%B8%89%EB%A7%9D-%EB%AF%B8%EB%9E%98%EC%82%B0%EC%97%85-%ED%98%91%EB%A0%A5-%EA%B3%B5%EB%8F%99%EC%84%B1%EB%AA%85,https://wimg.sedaily.com/news/cms/2026/08/31/news-p.v1.20260831.5f3904a387b94f3da2d041ac8a3546bc_P1.jpg,1200,840,ok
https://ailens.sedaily.ai/industry/2026/08/31/2026-08-31-%EC%9D%B4%EC%86%8C%EC%98%81-%EC%A4%91%EA%B8%B0-%ED%9B%84%EB%B3%B4%EC%9E%90-%EB%8B%A4%EC%8B%9C%EB%8A%94-%ED%83%80%EB%8B%A4-%EC%82%AC%ED%83%9C-%EA%B0%99%EC%9D%80-%EC%9D%BC-%EC%97%86%EA%B2%8C-%ED%95%A0-%EA%B2%83,https://wimg.sedaily.com/news/cms/2026/08/31/rcv.YNA.20260831.PYH2026083104780001300_P1.jpg,1200,800,ok
https://ailens.sedaily.ai/industry/2026/08/31/2026-08-31-%EB%8B%B9%EA%B7%BC-%EC%83%81%EB%B0%98%EA%B8%B0-%EC%98%81%EC%97%85%EC%9D%B5-200%EC%96%B5-%EC%97%AD%EB%8C%80-%EC%B5%9C%EB%8C%80-%EC%A0%84%EB%85%84%EB%B9%84-54,https://wimg.sedaily.com/news/cms/2026/08/31/news-p.v1.20260831.f1e7b597615b417685a5bc1ffefc5340_P1.png,1200,771,ok
https://ailens.sedaily.ai/industry/2026/08/31/2026-08-31-%EA%B3%A0%EC%9A%A9%EB%B6%80-%EA%B0%90%EB%8F%85-%EC%99%80%EC%A4%91%EC%97%90-HD%ED%98%84%EB%8C%80%EC%A4%91%EA%B3%B5%EC%97%85-%EB%98%90-%EC%82%AC%EB%A7%9D%EC%82%AC%EA%B3%A0,https://wimg.sedaily.com/news/cms/2026/08/31/news-p.v1.20260831.3bee0305e0784ab390e531b93ccbb309_P1.jpg,1200,800,ok
https://ailens.sedaily.ai/markets/2026/08/31/2026-08-31-%ED%95%98%EC%9D%B4%EB%8B%89%EC%8A%A4-%EB%AA%A9%ED%91%9C%EA%B0%80-90%EB%A7%8C%EC%9B%90-%EB%9A%9D-%EB%AC%B4%EC%8A%A8-%EC%9D%BC%EC%9D%B4-%EC%82%BC%EC%84%B1-HBM4-%EC%8B%AC%EC%83%81%EC%B0%AE%EB%8B%A4-%EC%A6%9D%EA%B6%8C%EA%B0%80-%EC%97%87%EA%B0%88%EB%A6%B0-%EC%A0%84%EB%A7%9D,https://wimg.sedaily.com/news/cms/2026/08/31/news-p.v1.20260831.54adf2559df5411f9bdc41864896e6ad_P1.png,500,319,ok
https://ailens.sedaily.ai/markets/2026/08/31/2026-08-31-%EC%A6%9D%EA%B6%8C-%EC%97%85%EA%B3%84-%EB%B2%A4%EC%B2%98-%ED%9A%8C%EC%88%98%EC%8B%9C%EC%9E%A5%EC%97%90-%EC%B5%9C%EB%8C%80-1%EC%A1%B0-%ED%88%AC%EC%9E%85-%EC%84%B8%EC%BB%A8%EB%8D%94%EB%A6%AC-%ED%88%AC%EC%9E%90-%EB%B3%B8%EA%B2%A9%ED%99%94,https://wimg.sedaily.com/news/cms/2026/08/31/news-p.v1.20260831.49b34bdff9574e928d827665a8fbff0b_P1.jpeg,640,426,ok
https://ailens.sedaily.ai/markets/2026/08/31/2026-08-31-%EC%82%BC%EC%A0%84%EB%8B%89%EC%8A%A4-%EB%82%98%EB%9E%80%ED%9E%88-2-%EB%8C%80-%ED%95%98%EB%9D%BD-%EC%BD%94%EC%8A%A4%ED%94%BC-2-%EB%8C%80-%EB%82%B4%EB%A0%A4-6600%EB%8C%80-%EC%BD%94%EC%A3%BC%EB%B6%80,https://wimg.sedaily.com/news/cms/2026/08/31/rcv.NEWS1.NEWS1.20260831.2026-08-31T091353_1008079268_FINANCE-STOCK_I_P1.jpg,1200,621,ok
https://ailens.sedaily.ai/markets/2026/08/31/2026-08-31-%EB%8C%80%EB%B2%95%EC%9B%90-%EA%B3%A0%EB%A0%A4%EC%95%84%EC%97%B0%EC%9D%98-%EC%98%81%ED%92%8D-%EC%9D%98%EA%B2%B0%EA%B6%8C-%ED%96%89%EC%82%AC-%EC%A0%9C%ED%95%9C%EC%9D%80-%EC%9C%84%EB%B2%95-%EC%8B%9C%EA%B7%B8%EB%84%90,https://wimg.sedaily.com/news/cms/2026/08/31/news-p.v1.20260831.085c9dd8e31249b88d9270e949806cc9_P1.jpg,860,307,ok
https://ailens.sedaily.ai/international/2026/08/31/2026-08-31-%ED%95%9C%EB%8B%AC-%EB%A7%8C%EC%97%90-%EC%9D%B4%EB%9E%80-%EA%B3%B5%EA%B2%A9-%EC%9D%B4%EB%9E%80%EC%9D%80-%EC%9A%94%EB%A5%B4%EB%8B%A8-%EB%AF%B8%EA%B5%B0-%EA%B8%B0%EC%A7%80%EC%97%90-%EB%AF%B8%EC%82%AC%EC%9D%BC-%EC%A2%85%ED%95%A9,https://wimg.sedaily.com/news/cms/2026/08/31/news-p.v1.20260831.f28aa4fed9524eb4b578b9f511e83b62_P1.jpg,1200,800,ok
https://ailens.sedaily.ai/finance/2026/08/31/2026-08-31-%EB%8C%80%EC%B6%9C-%EC%98%A4%ED%94%88%EB%9F%B0-%EA%B3%84%EC%86%8D-5%EB%8C%80-%EA%B0%80%EA%B3%84%EB%8C%80%EC%B6%9C-3000%EC%96%B5-%EB%82%A8%EC%95%98%EB%8B%A4,https://wimg.sedaily.com/news/cms/2026/08/30/news-p.v1.20260114.688a698fd2694347b25dd372a381f9f0_P1.jpg,1200,827,ok
https://ailens.sedaily.ai/news/2026/08/31/2026-08-31-%EB%8C%80%ED%86%B5%EB%A0%B9%EC%9D%80-%EA%B3%A0%EA%B8%88%EB%A6%AC-%EC%84%A0%ED%98%B8-%EC%96%BC%EC%96%B4%EB%B6%99%EC%9D%80-%EC%B1%84%EA%B6%8C-%EC%8B%9C%EC%9E%A5-%EA%B9%80%ED%98%9C%EB%9E%80%EC%9D%98-FX,https://wimg.sedaily.com/news/cms/2026/08/30/news-p.v1.20260828.82192dfb47174b38bfdea0065f529c14_P1.jpg,1200,826,ok
https://ailens.sedaily.ai/news/2026/08/31/2026-08-31-CPTPP-%EB%85%BC%EC%9D%98-%EB%B3%B8%EA%B2%A9-%EC%9E%AC%EA%B0%9C-%EB%86%8D%EC%97%85-%EC%83%9D%EC%82%B0-7000%EC%96%B5-%EC%A4%84%EC%A7%80%EB%A7%8C-%EC%A0%9C%EC%A1%B0%EC%97%85-%EC%88%9C%EC%88%98%EC%B6%9C%EC%9D%80-%EC%88%98%EC%A1%B0-%EC%9B%90-%EC%A6%9D%EA%B0%80-Pick%EC%BD%94%EB%85%B8%EB%AF%B8,https://wimg.sedaily.com/news/cms/2026/08/31/news-p.v1.20260830.29dbade11cfc4723be9b726a44c67632_P1.jpg,860,733,ok
https://ailens.sedaily.ai/news/2026/08/31/2026-08-31-%EC%A0%81%EB%8C%80%EC%A0%81-M-A-%EC%9C%A0%EB%8F%84%ED%95%B4-%EC%A3%BC%EA%B0%80-%EB%88%84%EB%A5%B4%EA%B8%B0-%EA%B8%B0%EC%97%85-%EC%95%95%EB%B0%95-K-%EB%B2%A0%EC%96%B4%ED%97%88%EA%B7%B8-%EC%98%A8%EB%8B%A4,https://wimg.sedaily.com/news/cms/2026/08/30/news-p.v1.20260804.f8dfe572c74d4755a239bc1bea59214c_P1.jpg,860,572,ok
https://ailens.sedaily.ai/industry/2026/08/31/2026-08-31-%EC%8B%A0%EC%84%B8%EA%B3%84%EB%9D%BC%EC%9D%B4%EB%B8%8C%EC%87%BC%ED%95%91-APLB-%EC%9D%B8%EC%88%98%EC%97%90-50%EC%96%B5-%EB%B3%B4%ED%83%A0%EB%8B%A4-%EC%8B%9C%EA%B7%B8%EB%84%90,https://wimg.sedaily.com/news/cms/2026/08/30/news-p.v1.20260828.82bd1c016e54454094184dfe626245b0_P1.png,807,405,ok
https://ailens.sedaily.ai/markets/2026/08/31/2026-08-31-%EC%9E%A5%EA%B8%B0%EC%B1%84%EB%8A%94-%ED%8C%94%EA%B3%A0-%ED%9A%8C%EC%82%AC%EC%B1%84%EB%8A%94-%EC%82%AC%EA%B3%A0-%EC%97%87%EA%B0%88%EB%A6%B0-%EC%B1%84%EA%B6%8C%EC%8B%9C%EC%9E%A5-%EC%88%98%EA%B8%89-%EC%8B%9C%EA%B7%B8%EB%84%90,https://wimg.sedaily.com/news/cms/2026/08/30/news-p.v1.20260830.925650d6b11e43dfb4b8510c3116e347_P1.jpg,640,425,ok
https://ailens.sedaily.ai/industry/2026/08/31/2026-08-31-%EC%A4%91%EC%A7%84%EA%B3%B5-%EC%A4%91%EA%B8%B0-%EB%8C%80%EC%83%81-%EC%9A%B0%EC%B2%B4%EA%B5%AD-%EA%B5%AD%EC%A0%9C%EB%AC%BC%EB%A5%98-%EC%A7%80%EC%9B%90%EC%82%AC%EC%97%85-%EA%B3%B5%EB%AA%A8,https://wimg.sedaily.com/news/cms/2026/08/30/news-p.v1.20260830.ea21021b55b74da29c0e85f435a1908e_P1.jpg,500,333,ok
https://ailens.sedaily.ai/industry/2026/08/31/2026-08-31-K%EB%B7%B0%ED%8B%B0-%EB%9C%A8%EC%9E%90-%EA%B8%80%EB%A1%9C%EB%B2%8C-%EA%B8%B0%EC%97%85%EB%93%A4-%EC%9B%90%EB%A3%8C-%EC%84%A0%EC%A0%90-%EA%B2%BD%EC%9F%81,https://wimg.sedaily.com/news/cms/2026/08/30/news-p.v1.20260830.9d9fe83517654d3bbcc9d532550c8ab7_P1.jpg,860,348,ok
https://ailens.sedaily.ai/industry/2026/08/31/2026-08-31-%EC%98%AC%EC%98%81-%ED%94%BC%EB%B6%80%EA%B3%BC-%EC%95%BD%EA%B5%AD-%EC%99%B8%EA%B5%AD%EC%9D%B8%EC%9D%B4-%EB%A7%8C%EB%93%A0-K%EB%B7%B0%ED%8B%B0-%EC%86%8C%EB%B9%84%EC%82%AC%EC%8A%AC,https://wimg.sedaily.com/news/cms/2026/08/30/news-p.v1.20260609.1b50bae26982455abe6a0236998ed409_P1.png,1057,1488,ok
https://ailens.sedaily.ai/industry/2026/08/31/2026-08-31-%EC%84%A0-%EA%B2%BD%EC%98%81%EA%B6%8C%EC%9D%B8-%EC%9D%B8%EB%A0%A5-%EC%9E%AC%EB%B0%B0%EC%B9%98-%EC%84%A0-%ED%8C%8C%EC%97%85-%EB%8C%80%EC%83%81-%EB%90%98%EB%82%98-biz-%ED%94%8C%EB%9F%AC%EC%8A%A4,https://wimg.sedaily.com/news/cms/2026/08/31/ams.001.photo.202604231555019315876828_P1.jpg,1200,652,ok
https://ailens.sedaily.ai/markets/2026/08/31/2026-08-31-%EC%9C%84%EC%B6%95%EB%90%9C-IPO-%ED%88%AC%EC%8B%AC-%EC%86%8D-%EA%B3%B5%EB%AA%A8%EA%B0%80-%ED%95%98%EB%8B%A8-%EB%B0%91-%EC%8A%A4%EC%B9%B4%EC%9D%B4%EB%9E%A9%EC%8A%A4-%EC%BD%94%EC%8A%A4%EB%8B%A5-%EC%83%81%EC%9E%A5-%EC%9D%B4%EB%B2%88%EC%A3%BC-%EC%A6%9D%EC%8B%9C-%EC%BA%98%EB%A6%B0%EB%8D%94,https://wimg.sedaily.com/news/cms/2026/08/30/news-p.v1.20260830.351aecb318024a9e8dea0ae5d9e9aea6_P1.png,866,569,ok
https://ailens.sedaily.ai/markets/2026/08/31/2026-08-31-%EC%A1%B0%EC%A0%95%EC%9E%A5%EC%97%90-%EA%B0%88-%EA%B3%B3-%EC%9E%83%EC%9D%80-%EC%9E%90%EA%B8%88-%ED%8C%8C%ED%82%B9-%EC%BB%A4%EB%B2%84%EB%93%9C%EC%BD%9C-ETF%EC%97%90-2-6%EC%A1%B0-%EB%AA%B0%EB%A0%A4-%EC%BD%94%EC%A3%BC%EB%B6%80,https://wimg.sedaily.com/news/cms/2026/08/30/news-p.v1.20260830.4abd3b491de14e1fb1973aadaddd4187_P1.jpg,640,425,ok
https://ailens.sedaily.ai/markets/2026/08/31/2026-08-31-%EA%B8%88%EB%A6%AC%EC%9D%B8%EC%83%81-%EC%9A%B0%EB%A0%A4%EC%97%90-%EB%B0%98%EB%8F%84%EC%B2%B4-%EA%B8%89%EB%9D%BD-%EC%B9%A0%EC%B2%9C%ED%94%BC-%EC%9E%AC%EB%8F%84%EC%A0%84-%EB%98%90-%EA%B3%A0%EB%B9%84-%EB%A7%9E%EB%82%98-%EC%A3%BC%EA%B0%84-%EC%A6%9D%EC%8B%9C-%EC%A0%84%EB%A7%9D,https://wimg.sedaily.com/news/cms/2026/08/30/news-p.v1.20260830.ffc75d1560984a98bed6501f20077766_P1.png,1200,565,ok
https://ailens.sedaily.ai/markets/2026/08/31/2026-08-31-%EC%9B%90%EC%A0%84-AI-%EB%8D%B0%EC%9D%B4%ED%84%B0%EC%84%BC%ED%84%B0-%EC%88%98%EC%A3%BC-%EA%B8%B0%EB%8C%80%EC%97%90-%EB%B6%88%EA%B8%B0%EB%91%A5-%EB%93%A4%EC%8D%A9%EC%9D%B4%EB%8A%94-%EA%B1%B4%EC%84%A4%EC%A3%BC-%EC%A4%8D%EC%A4%8D-%EB%A6%AC%ED%8F%AC%ED%8A%B8,https://wimg.sedaily.com/news/cms/2026/08/30/news-p.v1.20260830.ef5e3c433d544ca8a52100cb4217adec_P1.png,860,572,ok
https://ailens.sedaily.ai/industry/2026/08/31/2026-08-31-LG-%EB%B2%84%EC%A7%80%EB%8B%88%EC%95%84%EC%97%90-%EC%B9%A0%EB%9F%AC%EA%B3%B5%EC%9E%A5-AIDC-%EB%83%89%EA%B0%81-%EC%8B%9C%EC%9E%A5-%EC%84%A0%EC%A0%90%ED%95%9C%EB%8B%A4,https://wimg.sedaily.com/news/cms/2026/08/30/news-p.v1.20260712.499d47619140433e8c6ade48e5e04e93_P1.png,1200,724,ok
https://ailens.sedaily.ai/news/2026/08/31/2026-08-31-%EB%8B%A8%EB%8F%85-%EC%A0%80PBR-%EA%B8%B0%EC%97%85-%EC%95%95%EB%B0%95-%ED%95%9C%EA%B5%AD%ED%98%95-%EB%B2%A0%EC%96%B4%ED%97%88%EA%B7%B8-%EB%8F%84%EC%9E%85,https://sedaily-mbti-cms-media-dev.s3.us-east-1.amazonaws.com/media/frontpage-auto/20084941-webtoon-cut001.png,1824,1248,ok
https://ailens.sedaily.ai/news/2026/08/30/2026-08-30-%EA%B2%BD%EA%B8%B0-%EA%B0%95%EC%9B%90-%EA%B2%BD%EB%B6%81-%EC%82%B0%EC%82%AC%ED%83%9C-%EC%9C%84%EA%B8%B0%EA%B2%BD%EB%B3%B4-%EC%A3%BC%EC%9D%98-%EB%A1%9C-%EC%83%81%ED%96%A5-%EC%A7%91%EC%A4%91%ED%98%B8%EC%9A%B0-%EB%8C%80%EB%B9%84,https://wimg.sedaily.com/news/cms/2026/08/30/news-p.v1.20260830.bfd7a3535d944a12b6f7c84b141ed3b7_P1.jpg,1200,596,ok
https://ailens.sedaily.ai/news/2026/08/30/2026-08-30-%EC%A0%84%EB%82%A8%EA%B4%91%EC%A3%BC-%EC%9A%B8%EC%82%B0-%EC%A0%84%EB%B6%81-%EA%B2%BD%EB%B6%81-%ED%98%B8%EC%9A%B0%ED%8A%B9%EB%B3%B4%EC%97%90-%EC%A4%91%EB%8C%80%EB%B3%B8-1%EB%8B%A8%EA%B3%84-%EA%B0%80%EB%8F%99,https://wimg.sedaily.com/news/cms/2026/08/30/rcv.YNA.20260822.PYH2026082202460001300_P1.jpg,1200,800,ok
https://ailens.sedaily.ai/news/2026/08/30/2026-08-30-%EB%8F%8C%EC%95%84%EC%98%A8-%ED%95%98%EC%A0%95%EC%9A%B0-AI-3%EA%B0%95-%EB%84%98%EC%96%B4-%EB%8C%80%EC%B2%B4%EB%B6%88%EA%B0%80-%EA%B5%AD%EA%B0%80%EB%A1%9C,https://wimg.sedaily.com/news/cms/2026/08/30/news-p.v1.20260830.a73d97408dd847b5b60abaf90cb4c201_P1.jpg,1200,563,ok
https://ailens.sedaily.ai/industry/2026/08/30/2026-08-30-%EC%82%BC%EC%84%B1%EC%A0%84%EC%9E%90-%ED%95%98%EC%9D%B4%EB%8B%89%EC%8A%A4-%EB%B2%95%EC%9D%B8%EC%84%B8%EB%A1%9C%EB%A7%8C-%EC%97%B0-100%EC%A1%B0-%EB%82%B4%EB%82%98,https://wimg.sedaily.com/news/cms/2026/08/30/news-p.v1.20260823.e793072b53e44087a8bef18c11250c0e_P1.jpg,658,438,ok
https://ailens.sedaily.ai/news/2026/08/30/2026-08-30-%ED%8C%90%EC%82%AC-%EC%B6%9C%EC%8B%A0-%EA%B9%80%EC%8A%B9%EC%9B%90-%EA%B2%80%EC%B0%B0%EA%B0%9C%ED%98%81-%EB%A7%88%EB%AC%B4%EB%A6%AC-%EC%A4%91%EC%B1%85-%EC%95%88%EB%B3%B4-%EC%A0%84%EB%AC%B8-%EA%B0%95%EC%8B%A0%EC%B2%A0-%EC%A0%84%EC%9E%91%EA%B6%8C-%ED%99%98%EC%88%98-%EC%B6%94%EC%A7%84,https://wimg.sedaily.com/news/cms/2026/08/30/news-p.v1.20260830.90c362ec1ea44c46a44247215ea283d5_P1.jpg,1200,750,ok
https://ailens.sedaily.ai/property/2026/08/30/2026-08-30-6000%EC%96%B5-%EB%9B%B4-%EA%B0%80%EB%8D%95%EB%8F%84-%EC%8B%A0%EA%B3%B5%ED%95%AD-%EA%B3%B5%EC%82%AC%EB%B9%84-%ED%95%B4%EB%B2%95-%EB%B3%B4%EC%9D%B8%EB%8B%A4,https://wimg.sedaily.com/news/cms/2026/08/30/news-p.v1.20260526.1fcdc3a916a4482c943a37c46eb479a6_P1.jpg,1200,800,ok
https://ailens.sedaily.ai/news/2026/08/30/2026-08-30-%EB%B6%80%EB%8F%99%EC%82%B0-%EB%AF%BC%EC%8B%AC-%EB%8B%AC%EB%9E%98%EA%B3%A0-%EB%B2%94%EC%97%AC%EA%B6%8C-%EA%B2%B0%EC%A7%91-%EB%93%B1-%EB%8F%8C%EB%A6%B0-2030-%EC%97%AC%EC%84%B1-%EB%81%8C%EC%96%B4%EC%95%88%EA%B8%B0,https://wimg.sedaily.com/news/cms/2026/08/30/news-p.v1.20260830.aa9d7fad3bf04b0caa65038e39556d93_P1.jpg,1200,778,ok
https://ailens.sedaily.ai/industry/2026/08/30/2026-08-30-%EC%88%99%EB%A0%A8%EA%B3%B5-%ED%88%AC%EC%9E%85-%EB%B0%9C%EB%AA%A9%EC%9E%A1%EB%8A%94-%EB%85%B8%EB%B4%89%EB%B2%95-%ED%98%B8%EB%82%A8%ED%8C%B9-%EC%A7%80%EC%96%B4%EB%86%93%EA%B3%A0-%EB%AA%BB-%EB%8F%8C%EB%A6%B4-%EC%88%98%EB%8F%84,https://wimg.sedaily.com/news/cms/2026/08/30/ams.001.photo.202604231555019315876828_P1.jpg,1200,652,ok
https://ailens.sedaily.ai/international/2026/08/30/2026-08-30-%EB%A7%A4%ED%8C%8C-%EB%B3%B8%EC%83%89-%EB%93%9C%EB%9F%AC%EB%82%B8-%EC%9B%8C%EC%8B%9C-%EA%B8%88%EB%A6%AC-%EC%9D%B8%ED%95%98-%EC%95%95%EB%B0%95-%ED%8A%B8%EB%9F%BC%ED%94%84%EC%97%90-%EB%A7%9E%EC%84%A4%EA%B9%8C,https://wimg.sedaily.com/news/cms/2026/08/30/news-p.v1.20260830.0de1bb94f13348aeb361ff64273057de_P1.jpg,1200,449,ok
https://ailens.sedaily.ai/finance/2026/08/30/2026-08-30-%EC%A0%95%EA%B6%8C%EB%A7%88%EB%8B%A4-%EC%9A%94%EC%A7%81-%EA%B1%B0%EC%B9%9C-%EC%A0%95%EC%B1%85%ED%86%B5-3-%EB%8C%80-%EC%84%B1%EC%9E%A5-%EC%86%8D-%EC%96%91%EA%B7%B9%ED%99%94-%EC%99%84%ED%99%94-%EC%88%99%EC%A0%9C,https://wimg.sedaily.com/news/cms/2026/08/30/news-p.v1.20260830.d650deb74a4447e28ccb2650258a05c9_P1.jpg,1200,821,ok
https://ailens.sedaily.ai/industry/2026/08/30/2026-08-30-%EC%9D%B8%EB%A0%A5-%EC%9E%AC%EB%B0%B0%EC%B9%98%EA%B9%8C%EC%A7%80-%ED%8A%B8%EC%A7%91-800%EC%A1%B0-%ED%88%AC%EC%9E%90-%EB%B0%9C%EB%AA%A9%EC%9E%A1%EB%8A%94-%EB%85%B8%EB%B4%89%EB%B2%95,https://wimg.sedaily.com/news/cms/2026/08/30/rcv.YNA.20260423.PYH2026042318620001300_P1.jpg,1200,816,ok
https://ailens.sedaily.ai/news/2026/08/30/2026-08-30-%EA%B2%BD%EC%A0%9C%EB%B6%80%EC%B4%9D%EB%A6%AC-%EC%9D%B4%ED%98%95%EC%9D%BC-%EB%B2%95%EB%AC%B4-%EA%B9%80%EC%8A%B9%EC%9B%90,https://wimg.sedaily.com/news/cms/2026/08/30/news-p.v1.20260830.67ecb753e3cf4f49af11454a142c9515_P1.jpg,1200,800,ok
https://ailens.sedaily.ai/international/2026/08/30/2026-08-30-2030-%EC%8B%A0%EA%B7%9C%EC%B1%84%EC%9A%A9-%EC%97%AD%EB%8C%80-%EC%B5%9C%EC%A0%80-%EC%B7%A8%EC%97%85-%ED%95%9C%ED%8C%8C-%EC%97%90-%EC%86%8C%EB%93%9D%EA%B9%8C%EC%A7%80-%EC%A4%84%EC%96%B4,https://wimg.sedaily.com/news/cms/2026/08/30/news-p.v1.20260828.46acd1514a454fa494ab8ea136ce3f9d_P1.jpg,1200,720,ok
https://ailens.sedaily.ai/international/2026/08/30/2026-08-30-%EB%84%A4%ED%8C%94-%ED%8B%B0%EB%B2%A0%ED%8A%B8-%EB%8C%80%ED%99%8D%EC%88%98-%EB%8B%B7%EC%83%88%EC%A7%B8-%EC%82%AC%EB%A7%9D-750%EB%AA%85%EC%9C%BC%EB%A1%9C-%EB%8A%98%EC%96%B4,https://wimg.sedaily.com/news/cms/2026/08/30/news-p.v1.20260830.1421f678c2ef4373a124ce0de095d337_P1.jpg,1200,800,ok
https://ailens.sedaily.ai/markets/2026/08/30/2026-08-30-%EB%8B%A8%EB%8F%85-%EB%B9%84%EC%83%81%EC%9E%A5-%EC%A4%91%EA%B0%9C-%EC%9D%B8%EA%B0%80-%EC%8B%9C%EB%8F%99-%EB%84%A4%EC%9D%B4%EB%B2%84-%EB%8F%85%EC%A0%90%ED%95%98%EB%82%98,https://wimg.sedaily.com/news/cms/2026/08/30/news-p.v1.20260830.c2431f5f06d64a0abd3a62bf64543545_P1.png,600,400,ok
https://ailens.sedaily.ai/international/2026/08/30/2026-08-30-%EC%8B%A0%ED%98%84%EC%86%A1-%ED%95%9C%EC%9D%80-%EC%B4%9D%EC%9E%AC-%EC%9B%90%ED%99%94-%EB%A9%B4%EC%97%AD%EB%A0%A5-%EC%83%9D%EA%B2%A8-%EB%8C%80%EB%AF%B8-%ED%88%AC%EC%9E%90-%ED%99%98%EC%9C%A8%EC%97%90-%EB%B6%80%EB%8B%B4-%EC%95%88-%EB%8F%BC,https://wimg.sedaily.com/news/cms/2026/08/30/rcv.YNA.20260830.PYH2026083001510007200_P1.jpg,1200,802,ok
https://ailens.sedaily.ai/news/2026/08/30/2026-08-30-%EB%8B%A8%EB%8F%85-CPTPP-%EC%B2%B4%EA%B2%B0%ED%95%98%EB%A9%B4-%EB%86%8D%EC%97%85-%EC%83%9D%EC%82%B0-7000%EC%96%B5-%EA%B0%90%EC%86%8C-%EC%A0%9C%EC%A1%B0%EC%97%85-%EC%88%9C%EC%88%98%EC%B6%9C%EC%9D%80-%EC%88%98-%EC%A1%B0%EC%9B%90-%EC%A6%9D%EA%B0%80,https://wimg.sedaily.com/news/cms/2026/08/30/news-p.v1.20260830.a93810677d234537bf780cf914293efa_P1.jpg,1200,800,ok
https://ailens.sedaily.ai/industry/2026/08/30/2026-08-30-%EB%B9%85%ED%85%8C%ED%81%AC%EB%A7%88%EB%8B%A4-%EC%84%9C-%EB%A7%8C%EB%93%A4%EC%96%B4%EB%8B%AC%EB%9D%BC-15%EB%85%84%EB%A7%8C%EC%97%90-%EC%B2%AB-%ED%95%B4%EC%99%B8-%EC%83%9D%EC%82%B0%EA%B1%B0%EC%A0%90,https://wimg.sedaily.com/news/cms/2026/08/30/news-p.v1.20260807.27849fd89e864afd98184a17f373fe3a_P1.jpg,1200,675,ok
https://ailens.sedaily.ai/property/2026/08/30/2026-08-30-%EB%8C%80%EC%B6%9C%EC%97%B0%EC%B2%B4%EC%97%90-%EA%B2%BD%EB%A7%A4%ED%8F%AD%EC%A6%9D-%EC%A3%BC%ED%83%9D%EA%B0%80%EA%B2%A9-%ED%8F%AD%EB%9D%BD-%EB%8C%80%EB%B9%84-%EC%A4%91,https://wimg.sedaily.com/news/cms/2026/08/30/rcv.YNA.20260828.PYH2026082810340001300_P1.jpg,1200,724,ok
https://ailens.sedaily.ai/finance/2026/08/30/2026-08-30-%ED%98%B8%EB%AF%B8%EB%A1%9C-%EB%A7%89%EC%9D%80-%EC%9D%B4%EC%9C%A0-%EC%9E%88%EC%97%88%EB%84%A4-%EB%B0%98%EB%8F%84%EC%B2%B4-%EC%88%98%EC%9A%94%EC%95%95%EB%A0%A5%EC%9D%B4-%EB%AC%BC%EA%B0%80-%EC%9E%90%EA%B7%B9-%EC%9A%94%EC%9D%B8,https://wimg.sedaily.com/news/cms/2026/08/30/news-p.v1.20260827.54ce8bdbf76f4217837a94c5400f72a0_P1.jpg,1200,836,ok
https://ailens.sedaily.ai/international/2026/08/30/2026-08-30-%EB%B0%98%EB%8F%84%EC%B2%B4%EB%A1%9C-%EB%B2%88-%EB%8F%88-%EC%86%8C%EB%B9%84%EB%90%98%EB%A9%B4-%EB%AC%BC%EA%B0%80-%EC%9E%90%EA%B7%B9-%ED%95%9C%EC%9D%80-%EC%88%98%EC%9A%94%EB%B0%9C-%EC%9D%B8%ED%94%8C%EB%A0%88-%EA%B2%BD%EA%B3%A0,https://wimg.sedaily.com/news/cms/2026/08/30/rcv.YNA.20260818.PYH2026081807830005100_P1.jpg,1200,652,ok
https://ailens.sedaily.ai/news/2026/08/30/2026-08-30-%EB%8C%80%ED%86%B5%EB%A0%B9-6%EA%B0%9C-%EB%B6%80%EC%B2%98-%EA%B0%9C%EA%B0%81-%EA%B2%BD%EC%A0%9C-%EC%9D%B4%ED%98%95%EC%9D%BC-%EB%B2%95%EB%AC%B4-%EA%B9%80%EC%8A%B9%EC%9B%90-%EA%B5%AD%ED%86%A0-%ED%99%8D%EC%A7%80%EC%84%A0-%EB%93%B1,https://wimg.sedaily.com/news/cms/2026/08/30/rcv.YNA.20260830.PYH2026083003810001300_P1.jpg,668,582,ok
https://ailens.sedaily.ai/news/2026/08/30/2026-08-30-2030%EB%85%84-%EC%A7%80%EC%97%AD%EC%83%81%ED%92%88%EA%B6%8C-31-2%EC%A1%B0-%EB%B0%9C%ED%96%89-%EA%B8%B0%EC%97%85-%EB%B2%95%EC%9D%B8-%EA%B3%B5%EA%B3%B5%EA%B8%B0%EA%B4%80-%EC%83%81%ED%92%88%EA%B6%8C-%EA%B5%AC%EB%A7%A4-%EC%9C%A0%EB%8F%84,https://wimg.sedaily.com/news/cms/2026/08/30/news-p.v1.20260830.9e4f0a0fa2e24798b70183bc6158b6b6_P1.png,640,294,ok
https://ailens.sedaily.ai/property/2026/08/30/2026-08-30-%EC%86%8D%EB%B3%B4-%EA%B5%AD%ED%86%A0%EA%B5%90%ED%86%B5%EB%B6%80-%EC%9E%A5%EA%B4%80-%ED%9B%84%EB%B3%B4%EC%9E%90%EC%97%90-%ED%99%8D%EC%A7%80%EC%84%A0-%ED%98%84-2%EC%B0%A8%EA%B4%80,https://wimg.sedaily.com/news/cms/2026/08/30/news-p.v1.20260305.a9f7167b9a5a44dcbabe0ad0e32df1a5_P1.jpg,1200,780,ok
https://ailens.sedaily.ai/news/2026/08/30/2026-08-30-%EC%B5%9C%EB%8C%80-%EC%97%B0-30-1-%EC%A0%81%EA%B8%88-%ED%9A%A8%EA%B3%BC-%EC%B2%AD%EB%85%84-960%EB%A7%8C%EB%AA%85-%EB%AA%A8%EB%91%90-%EA%B0%80%EC%9E%85-%EA%B0%80%EB%8A%A5%ED%95%98%EB%8B%A4%EB%8A%94-%EC%9D%B4%EA%B2%83,https://wimg.sedaily.com/news/cms/2026/08/30/news-p.v1.20260828.6f876be778a24ffd80f7cd5e5483e953_P1.png,860,573,ok
https://ailens.sedaily.ai/culture/2026/08/30/2026-08-30-%EC%98%81%ED%99%94-%EC%95%94%ED%91%9C%EB%8F%84-%EB%A7%89%EB%8A%94%EB%8B%A4-%EC%98%81%EB%B9%84%EB%B2%95-%EA%B0%9C%EC%A0%95-%EC%B6%94%EC%A7%84,https://wimg.sedaily.com/news/cms/2026/08/30/news-p.v1.20260828.1eafa3bc0b0e4998971bea28d8360f67_P1.jpg,1200,432,ok
https://ailens.sedaily.ai/industry/2026/08/29/2026-08-29-%EB%B0%95%EC%A0%95%EC%9B%90-%EB%B0%95%EC%A7%80%EC%9B%90-%EB%84%A4%ED%8C%94-%EB%8F%84%EC%B0%A9-%EC%8B%A4%EC%A2%85-%EC%A7%81%EC%9B%90-%EC%88%98%EC%83%89-%EA%B5%AC%EC%A1%B0-%EC%A7%81%EC%A0%91-%EC%B1%99%EA%B8%B4%EB%8B%A4,https://wimg.sedaily.com/news/cms/2026/08/29/rcv.YNA.20260829.PYH2026082905100001300_P1.jpg,1200,850,ok
https://ailens.sedaily.ai/industry/2026/08/29/2026-08-29-29CM-%EA%B3%A0%EA%B0%9D-%EA%B0%9C%EC%9D%B8%EC%A0%95%EB%B3%B4-15%EB%A7%8C%EC%97%AC%EA%B1%B4-%EC%9C%A0%EC%B6%9C-%EC%9D%B4%EB%A6%84-%EC%A0%84%ED%99%94%EB%B2%88%ED%98%B8-%EB%93%B1-%ED%8F%AC%ED%95%A8,https://wimg.sedaily.com/news/cms/2026/08/29/news-p.v1.20260829.1d60e7db59ed414cb0b13258bd153dd5_P1.png,889,1202,ok
https://ailens.sedaily.ai/markets/2026/08/29/2026-08-29-AI%EA%B0%80-%EC%9C%84%EC%84%B1-1%EB%A7%8C%EA%B8%B0-%EC%A0%9C%EC%96%B4-%EA%B0%80%EB%8A%A5%ED%95%A0%EA%B9%8C-%EB%A8%B8%EC%8A%A4%ED%81%AC%EC%9D%98-%EC%8A%B9%EB%B6%80%EC%88%98-%EA%B9%80%EA%B8%B0%ED%98%81%EC%9D%98-%ED%85%8C%EC%8A%AC%EB%9D%BC%EC%9B%94%EB%93%9C,https://wimg.sedaily.com/news/cms/2026/08/28/rcv.YNA.20260123.PAP20260123012101009_P1.jpg,1200,800,ok
https://ailens.sedaily.ai/news/2026/08/29/2026-08-29-%EC%A3%BC%EC%B0%A8%EC%9E%A5-%EC%9E%85%EA%B5%AC-%EB%98%90-%EB%A7%89%EC%9C%BC%EC%85%A8%EC%A3%A0-500%EB%A7%8C%EC%9B%90%EC%9E%85%EB%8B%88%EB%8B%A4-%EC%9D%B4%EC%A0%A0-%EC%A3%BC%EC%B0%A8-%EB%B9%8C%EB%9F%B0-%EC%82%AC%EB%9D%BC%EC%A7%84%EB%8B%A4,https://wimg.sedaily.com/news/cms/2026/08/29/news-p.v1.20260828.160b9699f3da4eb6891ebb9e1094eb79_P1.png,860,530,ok
https://ailens.sedaily.ai/international/2026/08/29/2026-08-29-%EB%84%A4%ED%8C%94-%EB%8C%80%ED%99%8D%EC%88%98-%EC%8B%A4%EC%A2%85%EC%9E%90-3000%EB%AA%85%EC%9C%BC%EB%A1%9C-%EC%A6%9D%EA%B0%80-6%EB%AA%85-%EC%A4%91-1%EB%AA%85%EC%9D%80-%EC%99%B8%EA%B5%AD%EC%9D%B8,https://wimg.sedaily.com/news/cms/2026/08/29/rcv.NEWS1.NEWS1.20260829.2026-08-29T123404_1008078047_DIPLOMACY_I_P1.jpg,1200,859,ok
https://ailens.sedaily.ai/international/2026/08/29/2026-08-29-%EC%9D%B8%ED%94%8C%EB%A0%88%EC%97%90-%ED%95%A0-%EC%9D%BC-%EC%9D%B4-%EB%98%90-%EB%A7%90%EB%A1%9C%EB%A7%8C-%EC%9D%B8%EC%83%81-%EC%9D%80-%EC%95%84%EB%8B%88%EC%A3%A0-%ED%8A%B8%EB%9F%BC%ED%94%84-%EC%8A%A4%ED%86%A1%EC%BB%A4,https://wimg.sedaily.com/news/cms/2026/08/29/news-p.v1.20260829.fd29d0ae61a1449eab0c66c637517079_P1.jpg,824,678,ok
https://ailens.sedaily.ai/industry/2026/08/29/2026-08-29-%EC%82%AC%EB%9E%8C%EC%9D%B4-%EC%82%AC%EB%9D%BC%EC%A7%80%EB%8A%94-%EA%B0%80%EA%B2%8C%EB%93%A4-%EB%B6%88%EC%96%B4%EB%82%9C-%EC%9D%B8%EA%B1%B4%EB%B9%84-%EB%95%8C%EB%AC%B8%EC%9D%BC%EA%B9%8C-%EB%8C%80%EB%A9%B4%EC%9D%B4-%EB%B6%88%ED%8E%B8%ED%95%B4%EC%84%9C%EC%9D%BC%EA%B9%8C,https://wimg.sedaily.com/news/cms/2026/08/29/news-p.v1.20260828.7dd69b9f36704b779a8ed6eaa82f0cc5_P1.png,1200,790,ok
https://ailens.sedaily.ai/industry/2026/08/29/2026-08-29-PDRN-%EB%A7%A4%EC%B6%9C-32%EB%B0%B0-%EB%9B%B4-%ED%95%9C%EA%B5%AD%EC%BD%9C%EB%A7%88-%EB%8D%94%EB%A7%88-%EC%86%8C%EC%9E%AC-%EC%84%A0%EC%A0%90-%EB%82%98%EC%84%A0%EB%8B%A4,https://wimg.sedaily.com/news/cms/2026/08/28/news-p.v1.20260828.4b213051cb784481bb810b99fb51c9e7_P1.jpg,1200,800,ok
https://ailens.sedaily.ai/industry/2026/08/29/2026-08-29-%ED%83%80%EA%B2%9F%EB%B6%80%ED%84%B0-%EC%84%B8%ED%8F%AC%EB%9D%BC%EA%B9%8C%EC%A7%80-%EC%98%A4%ED%94%84%EB%9D%BC%EC%9D%B8%EB%8F%84-%ED%8C%8C%EA%B3%A0%EB%93%9C%EB%8A%94-K%EB%B7%B0%ED%8B%B0-%EA%B9%80%EC%97%B0%ED%95%98%EC%9D%98-%ED%82%AC%EB%A7%81%EC%9D%B4%EC%8A%88,https://wimg.sedaily.com/news/cms/2026/08/29/news-p.v1.20260828.8270aa9d656242549e43d77a1613f61a_P1.jpg,1024,683,ok
https://ailens.sedaily.ai/international/2026/08/29/2026-08-29-%ED%8A%B8%EB%9F%BC%ED%94%84-%EB%B2%A0%EB%84%A4%EC%88%98%EC%97%98%EB%9D%BC%EC%99%80-%EC%84%9D%EC%9C%A0%EA%B1%B0%EB%9E%98-%ED%95%A9%EC%9D%98-%EB%A7%A4%EC%9E%A5%EB%9F%89-%EA%B3%BC%EB%B0%98-%ED%86%B5%EC%A0%9C%EA%B6%8C-%ED%99%95%EB%B3%B4,https://wimg.sedaily.com/news/cms/2026/08/29/rcv.YNA.20260829.PRU20260829122601009_P1.jpg,1200,800,ok
https://ailens.sedaily.ai/industry/2026/08/29/2026-08-29-SK%EC%9D%B4%EB%85%B8-%ED%95%A9%EB%B3%91-%EC%95%9E%EB%91%90%EA%B3%A0-SKIET-%EC%9D%B4%ED%8B%80-%EC%97%B0%EC%86%8D-8-%EB%8C%80-%EA%B8%89%EB%9D%BD-%EC%9D%B4%EB%9F%B0%EA%B5%AD%EC%9E%A5-%EC%A0%80%EB%9F%B0%EC%A3%BC%EC%8B%9D,https://wimg.sedaily.com/news/cms/2026/08/28/news-p.v1.20260825.57bc173c2e014e2f93c2e7f13cc50d9b_P1.png,808,600,ok
https://ailens.sedaily.ai/industry/2026/08/29/2026-08-29-AS-%EB%84%98%EC%96%B4-%EC%9D%B4%EC%82%AC-%EC%A7%91%EC%88%98%EB%A6%AC%EA%B9%8C%EC%A7%80-%EB%A7%88%EC%9D%B4%EC%8A%A4%ED%84%B0%EC%A6%88%EA%B0%80-%EC%B9%9C%EC%A0%88-%EC%9D%84-%ED%8C%8C%EB%8A%94-%EB%B2%95-%EB%B9%9B%EC%9D%B4-%EB%82%98%EB%8A%94-%EB%B9%84%EC%A6%88,https://wimg.sedaily.com/news/cms/2026/08/29/news-p.v1.20260829.6f0b936c5f2943a19d40bfb83b5d1f5f_P1.jpg,793,607,ok
https://ailens.sedaily.ai/industry/2026/08/29/2026-08-29-%EA%B0%95%EC%9D%98-%EB%93%A3%EB%8A%94-AI-%EA%B5%90%EC%9C%A1%EC%9D%80-%EA%B7%B8%EB%A7%8C-%EC%82%AC%EB%82%B4-%ED%95%B4%EC%BB%A4%ED%86%A4-%EC%97%AC%EB%8A%94-%EA%B8%B0%EC%97%85%EB%93%A4,https://wimg.sedaily.com/news/cms/2026/08/28/news-p.v1.20260828.b230650723234f33b675e466511aa0c9_P1.jpg,1200,800,ok
https://ailens.sedaily.ai/industry/2026/08/29/2026-08-29-SP%EC%82%BC%ED%99%94-%EB%B0%A9%EC%82%B0-%EC%97%90%EB%84%88%EC%A7%80-%EB%85%B8%EB%A3%A8-%ED%95%AD%EA%B3%B5-%EB%AA%A8%EB%B9%8C%EB%A6%AC%ED%8B%B0-%ED%8E%98%EC%9D%B8%ED%8A%B8-%EB%9D%BC%EC%9D%B4%EB%B2%8C-%EC%8B%A0%EC%82%AC%EC%97%85-%EC%A0%84%EC%9F%81-%EB%B9%9B%EC%9D%B4-%EB%82%98%EB%8A%94-%EB%B9%84%EC%A6%88,https://wimg.sedaily.com/news/cms/2026/08/29/news-p.v1.20260828.3e36e459756f4d4081ae8928ee0b20a6_P1.jpg,720,479,ok
https://ailens.sedaily.ai/industry/2026/08/29/2026-08-29-%EC%98%AC%EB%8B%A4%EB%AC%B4%EC%BB%AC-%EC%9E%98%EB%82%98%EA%B0%80%EB%8A%94-%EC%9D%B4%EC%9C%A0-%EB%B3%B8%EC%97%85-%ED%83%84%ED%83%84-%EC%8B%A0%EC%82%AC%EC%97%85%EC%9D%80-%ED%99%95%EC%9E%A5-%EB%98%91%EB%98%91-%EC%8A%A4%EB%A7%88%EC%8A%88%EB%A8%B8,https://wimg.sedaily.com/news/cms/2026/08/28/news-p.v1.20260828.a5cec533615740f6886d92596ce2c771_P1.png,1200,675,ok
https://ailens.sedaily.ai/international/2026/08/29/2026-08-29-%EC%9B%8C%EC%8B%9C-%EC%97%B0%EC%A4%80-%EC%9D%98%EC%9E%A5-65%EA%B0%9C%EC%9B%94-%EA%B3%A0%EC%9D%B8%ED%94%8C%EB%A0%88-%EC%B1%85%EC%9E%84-%EC%97%B0%EC%A4%80%EC%97%90-%ED%86%B5%ED%99%94%EB%9F%89-%EB%8B%A4%EC%8B%9C-%EB%B4%90%EC%95%BC,https://wimg.sedaily.com/news/cms/2026/08/29/news-p.v1.20260828.7f37bbc246a84b1bb4cf4517f70566ec_P1.jpg,1200,800,ok
https://ailens.sedaily.ai/news/2026/08/29/2026-08-29-0%EC%84%B8%EB%B6%80%ED%84%B0-34%EC%84%B8%EA%B9%8C%EC%A7%80-%EC%95%84%EC%9D%B4-%ED%95%9C-%EB%AA%85%EB%8B%B9-%EC%B5%9C%EB%8C%80-%EC%95%BD-2%EC%96%B5-%EC%A7%80%EC%9B%90-%EC%A0%95%EB%B6%80-%EC%B2%AD%EB%85%84-%EC%A0%95%EC%B1%85%EC%97%90-43%EC%A1%B0-%EC%93%B4%EB%8B%A4-Pick%EC%BD%94%EB%85%B8%EB%AF%B8,https://wimg.sedaily.com/news/cms/2026/08/28/news-p.v1.20260828.50d1689b22fd45d59dc9e06b92e9f383_P1.jpg,1200,762,ok
https://ailens.sedaily.ai/industry/2026/08/29/2026-08-29-%EC%82%BC%EC%A0%84%EB%8B%89%EC%8A%A4-%EC%9E%90%EC%82%AC%EC%A3%BC-10-%EB%A7%A4%EC%88%98-%EC%BD%94%EC%8A%A4%ED%94%BC-%ED%95%98%EB%B0%A9-%EB%96%A0%EB%B0%9B%EC%B9%9C%EB%8B%A4-%EC%BD%94%EC%A3%BC%EB%B6%80,https://wimg.sedaily.com/news/cms/2026/08/28/news-p.v1.20260827.a620c1c439b74661a0f071a90d4be5e7_P1.jpg,658,438,ok
https://ailens.sedaily.ai/industry/2026/08/29/2026-08-29-%EB%A6%AC%ED%8A%AC-%EC%9E%AD%ED%8C%9F-%ED%8F%AC%EC%8A%A4%EC%BD%94-%EC%95%84%EB%A5%B4%ED%97%A8-%EC%9D%BC%EC%9E%90%EB%A6%AC-%EC%B0%BD%EC%B6%9C-%EC%9D%B8%EC%9E%AC-%EC%96%91%EC%84%B1-%EC%95%9E%EC%9E%A5,https://wimg.sedaily.com/news/cms/2026/08/28/news-p.v1.20260827.c9a26802e46143a1837652e6857adb0f_P1.jpg,1200,900,ok
https://ailens.sedaily.ai/industry/2026/08/29/2026-08-29-%ED%98%84%EB%8C%80%EC%B0%A8-%EA%B8%B0%EC%95%84-%EB%94%94%EC%A0%A4%EC%B0%A8-%EC%82%AC%EC%97%85-%EC%B2%A0%EC%88%98-%EB%A7%88%EC%A7%80%EB%A7%89-%EC%8F%98%EB%A0%8C%ED%86%A0-%EB%A7%88%EC%A0%80-%EB%8B%A8%EC%A2%85-biz-%ED%94%8C%EB%9F%AC%EC%8A%A4,https://wimg.sedaily.com/news/cms/2026/08/29/news-p.v1.20260829.d1b7f21811e548e5811415d3a3889c89_P1.jpg,675,283,ok
https://ailens.sedaily.ai/finance/2026/08/29/2026-08-29-%EB%8B%A8%EB%8F%85-KORU-ETF-%EB%AC%B4%EA%B8%B0%ED%95%9C%EC%84%A0%EB%AC%BC-%EC%9D%B4%EB%8B%AC%EB%A7%8C-33%EC%A1%B0-%EA%B1%B0%EB%9E%98,https://wimg.sedaily.com/news/cms/2026/08/28/news-p.v1.20260828.10afd13e8f734b3d949b1000602afe13_P1.png,820,366,ok
https://ailens.sedaily.ai/industry/2026/08/29/2026-08-29-%EA%B5%AD%EA%B0%80%EA%B0%80-%ED%8C%90-%EA%B9%90-%EC%9E%A5%EA%B8%B0%EC%9D%B4%EC%8B%9D-%EC%A0%88%EB%B0%98%EC%9D%B4-DCD,https://sedaily-mbti-cms-media-dev.s3.us-east-1.amazonaws.com/media/frontpage-auto/20084582-webtoon-cut001.png,1824,1248,ok
https://ailens.sedaily.ai/finance/2026/08/29/2026-08-29-%EB%82%B4%EB%85%84-%EC%B6%9C%EC%83%9D%EC%95%84-34%EC%84%B8%EA%B9%8C%EC%A7%80-%EC%B5%9C%EB%8C%80-1-9%EC%96%B5-%EC%A7%80%EC%9B%90,https://wimg.sedaily.com/news/cms/2026/08/28/news-p.v1.20260828.12be15c2904f474397ee5ded34a15b97_P1.jpg,1200,790,ok
https://ailens.sedaily.ai/news/2026/08/29/2026-08-28-%EB%82%B4%EB%85%84%EB%B6%80%ED%84%B0-%EC%A7%80%EB%B0%A9%EA%B5%AD%EB%A6%BD%EB%8C%80-%EC%8B%A0%EC%9E%85%EC%83%9D-%EB%93%B1%EB%A1%9D%EA%B8%88-0%EC%9B%90-2030%EB%85%84-%EC%A0%84-%ED%95%99%EB%85%84-%ED%99%95%EB%8C%80-%EC%B6%94%EC%A7%84,https://wimg.sedaily.com/news/cms/2026/08/28/rcv.NEWS1.NEWS1.20260828.2026-08-28T160937_1008077551_POLITICS_I_P1.jpg,1200,618,ok
https://ailens.sedaily.ai/industry/2026/08/28/2026-08-28-%EB%A1%AF%EB%8D%B0-%EA%B1%B0%EC%A0%9C-%EB%93%B1-%EA%B2%BD%EC%83%81%EA%B6%8C-%EC%A7%80%EC%97%AD-%EC%88%98%ED%95%B4-%EB%B3%B5%EA%B5%AC%EC%97%90-10%EC%96%B5-%EC%A7%80%EC%9B%90,https://wimg.sedaily.com/news/cms/2026/08/28/news-p.v1.20260828.c9f5bfefe3674810b692aa3a80bdbc2b_P1.jpg,1200,1439,ok
https://ailens.sedaily.ai/industry/2026/08/28/2026-08-28-%EA%B1%B0%EC%A3%BC-%ED%9B%84%EA%B8%B0-%ED%95%9C%EB%88%88%EC%97%90-%EB%8B%B9%EA%B7%BC-%EC%82%B4%EC%95%84%EB%B3%B8-%ED%9B%84%EA%B8%B0-%EC%A7%80%EB%8F%84-%EA%B8%B0%EB%8A%A5-%EC%B6%9C%EC%8B%9C,https://wimg.sedaily.com/news/cms/2026/08/28/news-p.v1.20260828.7fb963942c244fdfa3e797fc637261ad_P1.png,1200,614,ok
https://ailens.sedaily.ai/industry/2026/08/28/2026-08-28-%EC%95%B1%ED%81%B4%EB%A1%A0-%EC%B0%A8%EC%84%B8%EB%8C%80-%EC%9D%B4%EC%A4%91%ED%95%AD%EC%B2%B4-AM105-%EC%9D%BC%EB%B3%B8-%ED%8A%B9%ED%97%88-%ED%99%95%EB%B3%B4-%EA%B8%80%EB%A1%9C%EB%B2%8C-%EA%B6%8C%EB%A6%AC-%ED%99%95%EB%8C%80,https://wimg.sedaily.com/news/cms/2026/08/28/news-p.v1.20260828.f2410c370e7942078709fd7244d0140b_P1.jpg,790,1117,ok
https://ailens.sedaily.ai/industry/2026/08/28/2026-08-28-%EB%B7%B0%EB%85%B8-314%EC%96%B5-%EC%9B%90-%EC%9C%A0%EC%83%81%EC%A6%9D%EC%9E%90-%EC%9E%AC%EB%AC%B4%EA%B5%AC%EC%A1%B0-%EA%B0%9C%EC%84%A0%EC%97%90-200%EC%96%B5-%ED%88%AC%EC%9E%85,https://wimg.sedaily.com/news/cms/2026/08/28/news-p.v1.20260828.0bf6ab5c49c24bb897b0bf2627e0d89e_P1.jpg,860,200,ok
https://ailens.sedaily.ai/markets/2026/08/28/2026-08-28-%ED%81%B4%EB%9E%98%EC%8B%9C%EC%8A%A4-%EC%8B%A4%EC%A0%81-%EB%88%88%EB%86%92%EC%9D%B4-%EB%82%AE%EC%B7%84%EC%A7%80%EB%A7%8C-3%EB%B6%84%EA%B8%B0-%EB%82%A8%EB%AF%B8-%EC%A0%95%EC%83%81%ED%99%94%EA%B0%80-%EB%B0%98%EB%93%B1-%EC%97%B4%EC%87%A0-Why-%EB%B0%94%EC%9D%B4%EC%98%A4,https://wimg.sedaily.com/news/cms/2026/08/28/news-p.v1.20260828.39537c33656d4e0c9da70f9c2471ec83_P1.png,500,129,ok
https://ailens.sedaily.ai/markets/2026/08/28/2026-08-28-%EA%B3%BC%EC%9D%98-%ED%8C%8C%ED%8A%B8%EB%84%88%EC%8B%AD-%EA%B0%95%ED%99%94%ED%95%B4%EC%95%BC-K%EB%B0%94%EC%9D%B4%EC%98%A4-%EB%A6%AC%EB%8D%94%EB%93%A4%EC%9D%B4-%EB%8D%98%EC%A7%84-%EC%A0%9C%EC%96%B8,https://wimg.sedaily.com/news/cms/2026/08/28/news-p.v1.20260828.0b99c031edd84445ad03da37340b438a_P1.jpg,1200,900,ok
https://ailens.sedaily.ai/markets/2026/08/28/2026-08-28-%EB%8B%A8%EB%8F%85-%EB%AF%B8%EB%9E%98%EC%97%90%EC%85%8B-ETF-%EC%A1%B0%EC%A7%81-%EC%83%88%ED%8C%90-%EC%A7%B0%EB%8B%A4-%EC%9A%B4%EC%9A%A9%EB%B6%80%EB%AC%B8-%EC%82%B0%ED%95%98-%EC%A0%84%EB%9E%B5%EB%B3%B8%EB%B6%80-%EC%8B%A0%EC%84%A4,https://wimg.sedaily.com/news/cms/2026/08/28/news-p.v1.20260828.6d3f9e4659b5467483f26b843369b7bd_P1.png,860,344,ok
https://ailens.sedaily.ai/markets/2026/08/28/2026-08-28-%EA%B8%B0%EC%97%85-%EA%B3%B5%EC%8B%9C-8%EC%9B%94-28%EC%9D%BC,https://sedaily-mbti-cms-media-dev.s3.us-east-1.amazonaws.com/media/mustknow-auto/20084536-webtoon-cut001.png,1824,1248,ok
https://ailens.sedaily.ai/news/2026/08/28/2026-08-28-%EC%86%8D%EB%B3%B4-%EC%A1%B0%ED%9D%AC%EB%8C%80-%EA%B5%AD%EB%AF%BC%EA%BB%98-%EC%8B%AC%EB%A0%A4-%EB%81%BC%EC%B3%90-%EC%A3%84%EC%86%A1-%EB%82%B4%EC%A3%BC-%EC%9E%AC%EC%A0%9C%EC%B2%AD-%EA%B2%80%ED%86%A0-%EA%B3%B5%EC%8B%9D-%EC%9E%85%EC%9E%A5%EB%82%BC-%EA%B2%83,https://wimg.sedaily.com/news/cms/2026/08/28/rcv.YNA.20260828.PYH2026082813860001300_P1.jpg,1200,900,ok
https://ailens.sedaily.ai/news/2026/08/28/2026-08-28-%ED%98%B8%EB%82%A8-%EB%B0%98%EB%8F%84%EC%B2%B4-%EC%86%8D%EB%8F%84-%EB%82%B4%EB%82%98-%EA%B4%91%EC%A3%BC-%EA%B5%B0%EA%B3%B5%ED%95%AD-%EC%9D%B4%EC%A0%84%ED%9B%84%EB%B3%B4%EC%A7%80-%EB%AC%B4%EC%95%88%EA%B5%B0-%EB%A7%9D%EC%9A%B4%EB%A9%B4-%ED%99%95%EC%A0%95,https://wimg.sedaily.com/news/cms/2026/08/28/news-p.v1.20260828.77ca5c654cd44d49806503e9c540e4e2_P1.jpg,1200,441,ok
https://ailens.sedaily.ai/international/2026/08/28/2026-08-28-%EC%8B%9C%EC%A7%84%ED%95%91-%EB%B0%A9%EB%AF%B8%EA%B8%B8%EC%97%90-%EA%B8%B0%EC%97%85%EC%9D%B8%EB%8F%84-%EB%8F%99%ED%96%89%ED%95%A0-%EB%93%AF,https://wimg.sedaily.com/news/cms/2026/08/28/rcv.YNA.20260515.PAP20260515185401009_P1.jpg,1200,800,ok
https://ailens.sedaily.ai/news/2026/08/28/2026-08-28-%EB%8B%A8%EB%8F%85-%EA%B0%95%EA%B0%84%EB%AF%B8%EC%88%98%EA%B0%80-%EC%83%81%ED%95%B4%EB%A1%9C-%EC%9D%B4%EC%9D%98-%EC%97%86%EC%97%88%EC%9C%BC%EB%A9%B4-%EB%AC%BB%ED%9E%90-%EC%82%AC%EA%B1%B4-%EC%98%AC%ED%95%B4%EB%A7%8C-480%EA%B1%B4,https://wimg.sedaily.com/news/cms/2026/08/28/news-g.v1.20260828.2c15cd51573d40ad9b73c2c213997ab9_P1.jpg,1200,718,ok
https://ailens.sedaily.ai/international/2026/08/28/2026-08-28-%EB%B2%A0%EB%84%A4%EC%88%98%EC%97%98%EB%9D%BC-OPEC-%ED%83%88%ED%87%B4-%EC%A1%B0%EA%B1%B4%EC%9C%BC%EB%A1%9C-%EC%9C%A0%EC%A0%84-100%EB%85%84-%EC%9E%84%EB%8C%80-%EB%B9%85%EB%94%9C,https://wimg.sedaily.com/news/cms/2026/08/28/news-p.v1.20260827.b5080c95d11544d18362d18919b1363d_P1.jpg,1200,800,ok
https://ailens.sedaily.ai/news/2026/08/28/2026-08-28-%EC%B4%88%EC%9C%A0%EC%9D%98-%EB%8C%80%EB%B2%95%EA%B4%80-%EC%9E%AC%EC%A0%9C%EC%B2%AD-%EC%9A%94%EA%B5%AC-%EC%A1%B0%ED%9D%AC%EB%8C%80-%EA%B1%B0%EB%B6%80%EB%95%90-%EC%A0%95%EB%A9%B4%EC%B6%A9%EB%8F%8C,https://wimg.sedaily.com/news/cms/2026/08/28/news-p.v1.20260828.783e1e5f097a4d9a8944df7e72ee659b_P1.jpg,1200,773,ok
https://ailens.sedaily.ai/industry/2026/08/28/2026-08-28-SK%EA%B7%B8%EB%A3%B9-%ED%98%B8%EC%9A%B0-%ED%94%BC%ED%95%B4-%EB%B3%B5%EA%B5%AC%EC%97%90-%EC%84%B1%EA%B8%88-20%EC%96%B5-%EC%9B%90-%EC%A7%80%EC%9B%90,https://wimg.sedaily.com/news/cms/2026/08/28/news-p.v1.20260828.c8081694af0e4491ba55a4c3d98eda6b_P1.jpg,700,525,ok
https://ailens.sedaily.ai/industry/2026/08/28/2026-08-28-LG-%EB%82%A8%EB%B6%80-%EC%A7%91%EC%A4%91%ED%98%B8%EC%9A%B0-%ED%94%BC%ED%95%B4-%EB%B3%B5%EA%B5%AC%EC%97%90-10%EC%96%B5%EC%9B%90-%EA%B8%B0%EB%B6%80,https://wimg.sedaily.com/news/cms/2026/08/28/news-p.v1.20260828.dd35fbbe82f24c3686b548103425f96b_P1.jpg,1200,686,ok
https://ailens.sedaily.ai/industry/2026/08/28/2026-08-28-%EC%95%BC%EC%9E%A5-%ED%95%AB%ED%94%8C-%EB%8C%80%ED%95%99%EA%B0%80%EC%84%9C-%EC%88%A0-%EB%8D%94-%ED%8C%94%EB%A0%B8%EB%8B%A4-MZ-%EC%83%81%EA%B6%8C-%EC%82%B4%EC%95%84%EB%82%98%EB%8A%94-%EC%A3%BC%EB%A5%98-%EC%86%8C%EB%B9%84,https://wimg.sedaily.com/news/cms/2026/08/28/news-p.v1.20260828.6b8325531e2045b2b7d2601da39f5da9_P1.jpg,1200,1022,ok
https://ailens.sedaily.ai/industry/2026/08/28/2026-08-28-%EA%B5%AD%EB%AF%BC-10%EB%AA%85-%EC%A4%91-8%EB%AA%85-12%EC%B0%A8-%EC%A0%84%EA%B8%B0%EB%B3%B8%EC%97%90-%EC%8B%A0%EA%B7%9C-%EC%9B%90%EC%A0%84-%EB%B0%98%EC%98%81%ED%95%B4%EC%95%BC-SMR-%ED%95%84%EC%9A%94%EC%84%B1%EB%8F%84-87,https://wimg.sedaily.com/news/cms/2026/08/28/news-p.v1.20260820.0a4f293e44944e79a0b1d4799b8a5c81_P1.jpg,1200,755,ok
https://ailens.sedaily.ai/markets/2026/08/28/2026-08-28-%EC%9C%A0%EB%8F%99%EC%8B%9C%EC%B4%9D-%EC%83%81%EC%9C%84-10%EA%B0%9C-%EA%B8%B0%EC%97%85-%ED%88%AC%EC%9E%90-1%EA%B0%9C%EC%9B%94-%EC%88%98%EC%9D%B5%EB%A5%A0-15-%EB%A1%9C-1%EC%9C%84-ETF-%EC%A4%8C%EC%9D%B8,https://wimg.sedaily.com/news/cms/2026/08/28/rcv.YNA.20260828.PYH2026082802390001300_P1.jpg,1200,737,ok
https://ailens.sedaily.ai/markets/2026/08/28/2026-08-28-GD-%EC%86%8C%EC%86%8D%EC%82%AC-%EA%B0%A4%EB%9F%AD%EC%8B%9C%EC%BD%94%ED%8D%BC-%ED%95%B4%EC%99%B8%EC%84%9C-1000%EC%96%B5-%EC%9B%90-%ED%8E%80%EB%94%A9-%EC%8B%9C%EA%B7%B8%EB%84%90,https://wimg.sedaily.com/news/cms/2026/08/28/news-p.v1.20260828.f0ac1fb75b874fbd863f0011a0d2e1bf_P1.jpg,1200,800,ok
https://ailens.sedaily.ai/markets/2026/08/28/2026-08-28-%EA%B3%A0%EB%A0%A4%EC%95%84%EC%97%B0-%EC%9D%98%EA%B2%B0%EA%B6%8C-%EA%B8%88%EC%A7%80-%EA%B0%80%EC%B2%98%EB%B6%84-%EA%B3%A0%EC%9D%98%EC%A0%81-%ED%97%88%EC%9C%84-%EA%B3%B5%EC%8B%9C-VS-%EC%A4%91%EC%9A%94-%EC%A0%95%EB%B3%B4-%EC%95%84%EB%83%90-%EC%8B%9C%EA%B7%B8%EB%84%90,https://wimg.sedaily.com/news/cms/2026/08/28/news-p.v1.20260828.ff435a7a1c624535ae816d2721fc0e18_P1.jpg,860,307,ok
https://ailens.sedaily.ai/markets/2026/08/28/2026-08-28-%EC%82%BC%EC%84%B1%EB%B0%94%EC%9D%B4%EC%98%A4-4%EB%85%84%EB%A7%8C%EC%97%90-3%EC%A1%B0-%EC%9C%A0%EC%A6%9D-%EC%B6%94%EC%A7%84-%EA%B8%88%EA%B0%90%EC%9B%90-%ED%98%84%EB%AF%B8%EA%B2%BD-%EC%8B%AC%EC%82%AC-%ED%86%B5%EA%B3%BC%ED%95%A0%EA%B9%8C,https://wimg.sedaily.com/news/cms/2026/08/28/news-p.v1.20260828.50568f971e3e476486217df6b1d0ade4_P1.png,658,370,ok
https://ailens.sedaily.ai/finance/2026/08/28/2026-08-28-%EC%9E%90%EC%98%81%EC%97%85%EC%9E%90-%EC%BD%94%EB%A1%9C%EB%82%98-%EB%8C%80%EC%B6%9C-%EC%B5%9C%EB%8C%80-6%EC%A1%B0-%ED%83%95%EA%B0%90%ED%95%B4%EC%A4%80%EB%8B%A4,https://sedaily-mbti-cms-media-dev.s3.us-east-1.amazonaws.com/media/mustknow-auto/20084584-webtoon-cut001.png,1824,1248,ok
https://ailens.sedaily.ai/news/2026/08/28/2026-08-28-ESS%EC%97%90-%EA%B5%AD%EA%B3%B5%EC%9C%A0%EC%A7%80-15%EB%85%84-%EC%9D%B4%EC%83%81-%EC%9E%84%EB%8C%80-%ED%97%88%EC%9A%A9-%EC%B4%9D%EB%A6%AC-%ED%95%B4%EA%B2%B0-%EA%B0%80%EB%8A%A5%ED%95%9C-%EA%B7%9C%EC%A0%9C%EB%8A%94-%EB%B0%94%EB%A1%9C-%ED%92%80-%EA%B2%83,https://wimg.sedaily.com/news/cms/2026/08/28/rcv.YNA.20260828.PYH2026082803640001301_P1.jpg,1200,800,ok
https://ailens.sedaily.ai/news/2026/08/28/2026-08-28-%EC%95%84%EC%9D%B4-%EB%82%B3%EC%9C%BC%EB%A9%B4-%EC%B5%9C%EB%8C%80-2000%EB%A7%8C%EC%9B%90-%EC%9B%94%EC%86%8C%EB%93%9D-273%EB%A7%8C%EC%9B%90-%EC%B2%AD%EB%85%84%EB%8F%84-%EC%9B%94%EC%84%B8-%EC%A7%80%EC%9B%90,https://wimg.sedaily.com/news/cms/2026/08/28/rcv.YNA.20260828.PYH2026082810340001300_P1.jpg,1200,724,ok
https://ailens.sedaily.ai/finance/2026/08/28/2026-08-28-%EA%B3%A0%EA%B8%88%EB%A6%AC%EC%97%90-%EC%9E%A5%EA%B8%B0%EC%97%B0%EC%B2%B4%EC%9E%90-%EB%98%90-%EA%B5%AC%EC%A0%9C-%EC%B2%AD%EB%85%84%EC%A0%84%EC%9A%A9-%EB%8C%80%EC%B6%9C%EB%8F%84-2%EB%B0%B0-%EB%8A%98%EB%A6%B0%EB%8B%A4,https://wimg.sedaily.com/news/cms/2026/08/28/news-g.v1.20260828.d8638f2488b04f0eb651c5b3b9e41396_P1.jpg,1200,416,ok
https://ailens.sedaily.ai/industry/2026/08/28/2026-08-28-%EC%8B%A4%ED%8A%B8%EB%A1%A0-%EC%A7%80%EB%B6%84-%ED%84%B0%EB%8A%94-%EC%B5%9C%ED%83%9C%EC%9B%90-%ED%9A%8C%EC%9E%A5-%EB%8F%85%EC%9E%90-%ED%98%91%EC%83%81%EB%8B%A8-%EA%BE%B8%EB%A6%B0%EB%8B%A4-%EC%8B%9C%EA%B7%B8%EB%84%90,https://wimg.sedaily.com/news/cms/2026/08/28/ams.001.photo.202607251106558533457251_P1.jpg,1200,1553,ok
https://ailens.sedaily.ai/markets/2026/08/28/2026-08-28-%EC%99%B8%EA%B5%AD%EC%9D%B8-%EA%B8%B0%EA%B4%80-2-%EB%A7%A4%EB%8F%84%EC%97%90-%EC%BD%94%EC%8A%A4%ED%94%BC-6800-%EC%82%AC%EC%88%98-%EB%AC%B4%EC%82%B0-%EB%A7%88%EC%BC%93%EC%8B%9C%EA%B7%B8%EB%84%90,https://wimg.sedaily.com/news/cms/2026/08/28/rcv.YNA.20260828.PYH2026082811560001300_P1.jpg,1200,565,ok
https://ailens.sedaily.ai/markets/2026/08/28/2026-08-28-%EB%8B%A8%EB%8F%85-%EC%B5%9C%EC%9C%A4%EB%B2%94-%EA%B3%A0%EB%A0%A4%EC%95%84%EC%97%B0-%ED%9A%8C%EC%9E%A5-%EC%9D%BC%EA%B0%80-%EC%A7%80%EB%B6%84-60-%EB%8B%B4%EB%B3%B4-%EC%9E%A1%ED%98%94%EB%8B%A4-%EC%8B%9C%EA%B7%B8%EB%84%90,https://wimg.sedaily.com/news/cms/2026/08/28/news-p.v1.20260828.16f1a3f783b241a8aa79ffff70cc3e28_P1.jpg,860,307,ok
https://ailens.sedaily.ai/industry/2026/08/28/2026-08-28-%EA%B3%A0%EB%A0%A4%EC%95%84%EC%97%B0-%EC%98%81%ED%92%8D-MBK-%EC%9D%98%EA%B2%B0%EA%B6%8C-%EC%9E%90%EB%AC%B8%EC%82%AC%EB%93%A4-%EB%B0%98%EB%8C%80%EC%97%90-%EC%9D%BC%EB%B0%A9%EC%A0%81-%EC%A3%BC%EC%9E%A5-%EB%B0%98%EB%B3%B5,https://wimg.sedaily.com/news/cms/2026/08/28/news-p.v1.20260806.d3ef5679f8c941fc884341f6577a5e36_P1.png,600,327,ok
https://ailens.sedaily.ai/industry/2026/08/28/2026-08-28-%EC%82%B0%EB%8B%A8%EA%B3%B5-%EC%A4%91%EC%86%8C-%EC%A4%91%EA%B2%AC-%EC%A0%9C%EC%A1%B0-AX-%EC%B4%89%EC%A7%84-%EC%9C%84%ED%95%B4-AI-%EB%91%90%EB%87%8C-%EB%A7%8C%EB%93%A0%EB%8B%A4,https://wimg.sedaily.com/news/cms/2026/08/28/news-p.v1.20260828.6b97acb3f4494d35b1f6eadfcb79f011_P1.jpg,1200,800,ok
https://ailens.sedaily.ai/industry/2026/08/28/2026-08-28-%EB%8B%A8%EB%8F%85-%EA%B7%9C%EC%A0%9C-%EA%B0%95%ED%99%94-%EA%B0%80%EC%84%B1%EB%B9%84-%ED%9B%84%EC%A7%84-%EB%94%94%EC%A0%A4-%EC%A0%91%EA%B3%A0-%EC%B9%9C%ED%99%98%EA%B2%BD%EC%B0%A8%EC%97%90-%EC%A3%BC%EB%A0%A5,https://wimg.sedaily.com/news/cms/2026/08/28/news-g.v1.20260828.f122c8df27884a3a9b0cd8106dbf0990_P1.jpg,1200,504,ok
https://ailens.sedaily.ai/industry/2026/08/28/2026-08-28-%EB%8B%A8%EB%8F%85-%ED%98%84%EB%8C%80%EC%B0%A8-%EA%B8%B0%EC%95%84-%EA%B5%BF%EB%B0%94%EC%9D%B4-%EB%94%94%EC%A0%A4-%EB%A7%88%EC%A7%80%EB%A7%89-%EB%AA%A8%EB%8D%B8-%EC%8F%98%EB%A0%8C%ED%86%A0%EB%8F%84-%EB%8B%A8%EC%82%B0,https://wimg.sedaily.com/news/cms/2026/08/28/news-p.v1.20260828.13a6ca7663334ec498ecd4707be1dece_P1.png,640,427,ok
https://ailens.sedaily.ai/markets/2026/08/28/2026-08-28-%EC%82%BC%EC%A0%84%EB%8B%89%EC%8A%A4-%EC%98%A4%EB%A5%B4%EA%B8%B0%EB%A7%8C-%EA%B8%B0%EB%8B%A4%EB%A6%AC%EB%8B%A4-%EB%8B%A4-%EB%86%93%EC%B3%A4%EB%84%A4-%ED%95%9C-%EB%8B%AC-%EC%83%88-30-%EB%9B%B4-%EC%97%85%EC%A2%85-%EB%94%B0%EB%A1%9C-%EC%9E%88%EC%97%88%EB%8B%A4,https://wimg.sedaily.com/news/cms/2026/08/28/news-p.v1.20260828.c29d6bf612144b068df0a9bcd20b8aae_P1.jpg,1200,587,ok
https://ailens.sedaily.ai/markets/2026/08/28/2026-08-28-%EB%8B%A8%EB%8F%85-%ED%95%9C%ED%99%94-%EA%B0%80%EC%83%81%EC%9E%90%EC%82%B0-%EC%82%AC%EC%97%85-%EC%86%8D%EB%8F%84-%EC%82%AC%EB%AC%B4%EC%86%8C-%EC%97%B4%EA%B3%A0-%ED%88%AC%EC%9E%90%EC%A1%B0%EC%A7%81-%EA%B0%9C%ED%8E%B8,https://wimg.sedaily.com/news/cms/2026/08/28/news-p.v1.20260828.59f031b68926431eb51d60b7c9a46235_P1.png,800,450,ok
https://ailens.sedaily.ai/markets/2026/08/28/2026-08-28-%EB%8B%A4%EC%8B%9C-%EB%AA%A9%ED%91%9C%EA%B0%80-%EC%98%AC%EB%A6%AC%EB%8A%94-%EC%A6%9D%EA%B6%8C%EA%B0%80-%EC%B9%A0%EC%B2%9C%ED%94%BC-%ED%83%88%ED%99%98%ED%95%98%EB%82%98,https://wimg.sedaily.com/news/cms/2026/08/28/rcv.YNA.20260828.PYH2026082802350001300_P1.jpg,1200,800,ok
https://ailens.sedaily.ai/markets/2026/08/28/2026-08-28-%EC%9E%A5%EA%B8%B0-%EA%B8%B0%EC%A6%9D-1%EC%9C%84-%EC%8A%A4%ED%8E%98%EC%9D%B8-DCD-%EB%B9%84%EC%9A%A9-%EC%A0%84%EC%95%A1-%EB%B3%B4%EC%83%81-%EC%9D%98%EB%A3%8C%EC%A7%84%EC%97%94-%EC%88%98%EB%8B%B9-%EC%A7%80%EA%B8%89,https://wimg.sedaily.com/news/cms/2026/08/28/news-p.v1.20260828.8e4ae15f51ca4106920b1cc6b9797137_P1.jpg,675,140,ok
https://ailens.sedaily.ai/news/2026/08/28/2026-08-28-%EC%86%90%EB%B4%89%EA%B8%B0-%EC%9E%84%EB%AA%85%EB%8F%99%EC%9D%98%EC%95%88-%EC%A0%9C%EC%B6%9C%EC%95%8A%EA%B8%B0%EB%A1%9C-%EB%8C%80%EB%B2%95%EA%B4%80-%EC%9E%AC%EC%A0%9C%EC%B2%AD-%EC%9A%94%EC%B2%AD,https://wimg.sedaily.com/news/cms/2026/08/28/news-p.v1.20260828.dce4f7e3c8e94ec6a4eb80affc51c8d7_P1.jpg,1200,811,ok
https://ailens.sedaily.ai/news/2026/08/28/2026-08-28-%EB%B2%95%EC%9B%90-JTBC-%ED%9A%8C%EC%83%9D%EC%A0%88%EC%B0%A8-%EA%B0%9C%EC%8B%9C-%EA%B2%B0%EC%A0%95-%EB%82%B4%EB%85%84-1%EC%9B%94-29%EC%9D%BC%EA%B9%8C%EC%A7%80-%ED%9A%8C%EC%83%9D%EA%B3%84%ED%9A%8D%EC%95%88-%EC%A0%9C%EC%B6%9C%ED%95%B4%EC%95%BC,https://wimg.sedaily.com/news/cms/2026/08/28/news-p.v1.20260624.53d201a559a34c14bf1864fcbc48d732_P1.png,1200,806,ok
https://ailens.sedaily.ai/news/2026/08/28/2026-08-28-%EC%88%98%EB%8A%A5-%EC%84%9C-%EB%85%BC%EC%88%A0%ED%98%95-%EB%8F%84%EC%9E%85-%EA%B3%B5%EB%A1%A0%ED%99%94-%EA%B5%AD%EA%B5%90%EC%9C%84-29%EC%9D%BC%EB%B6%80%ED%84%B0-%EC%9D%B4%ED%8B%80%EA%B0%84-%EC%88%99%EC%9D%98%ED%86%A0%EB%A1%A0,https://wimg.sedaily.com/news/cms/2026/08/28/rcv.YNA.20260812.PYH2026081207200001300_P1.jpg,1200,800,ok
https://ailens.sedaily.ai/news/2026/08/28/2026-08-28-%EB%82%B4%EB%9E%80%ED%8A%B9%EA%B2%80-%ED%97%8C%EB%B2%95%EC%9E%AC%ED%8C%90%EA%B4%80-%EB%AF%B8%EC%9E%84%EB%AA%85-%ED%95%9C%EB%8D%95%EC%88%98%EC%97%90-%EC%A7%95%EC%97%AD-5%EB%85%84-%EA%B5%AC%ED%98%95,https://wimg.sedaily.com/news/cms/2026/08/28/news-p.v1.20260122.386bb5141264490f88dacf67853b3a37_P1.jpg,759,489,ok
https://ailens.sedaily.ai/international/2026/08/28/2026-08-28-%ED%99%A9-CEO%EA%B0%80-%EC%8F%9C-AI-%ED%9D%AC%EB%A7%9D%EC%97%90-%EA%B3%A0%EC%9C%A8-%EA%B4%80%EC%84%B8-%EB%A7%A4%EA%B8%B4%EB%8B%A4%EB%A9%B4-%ED%8A%B8%EB%9F%BC%ED%94%84-%EC%8A%A4%ED%86%A1%EC%BB%A4,https://wimg.sedaily.com/news/cms/2026/08/28/news-p.v1.20260828.abb5a1122bc14be18c3278b0f5f92fd0_P1.jpeg,658,438,ok
https://ailens.sedaily.ai/markets/2026/08/28/2026-08-28-%EB%8B%AC%EB%9F%AC-%EC%95%BD%EC%84%B8-%EA%B8%88%EB%A6%AC-%EC%83%81%EC%8A%B9-%EC%95%95%EB%A0%A5-%EC%A3%BC%EC%8B%9C%ED%95%B4%EC%95%BC-KIC-%EB%89%B4%EC%9A%95%EC%84%9C-%EA%B8%80%EB%A1%9C%EB%B2%8C-%ED%88%AC%EC%9E%90-%EC%A0%84%EB%9E%B5-%EB%85%BC%EC%9D%98-%EC%8B%9C%EA%B7%B8%EB%84%90,https://wimg.sedaily.com/news/cms/2026/08/28/news-p.v1.20260828.9252df747e12460a8c1c09b9d85ab82c_P1.jpg,1200,813,ok
https://ailens.sedaily.ai/industry/2026/08/28/2026-08-28-%ED%99%94%EC%9E%A5%ED%92%88-%EC%8B%A4%EC%A0%81-%EA%B8%B0%EB%8C%80%EA%B0%90-%EC%86%8D-%EB%B6%88%EA%B8%B0%EB%91%A5-%EB%B0%B8%EB%A5%98%EC%97%90%EC%9D%B4%EC%85%98-%EB%A7%A4%EB%A0%A5%EC%A0%81-%EC%9D%B4%EB%9F%B0%EA%B5%AD%EC%9E%A5-%EC%A0%80%EB%9F%B0%EC%A3%BC%EC%8B%9D,https://wimg.sedaily.com/news/cms/2026/08/28/news-p.v1.20260825.ece1a77bbfe74b609aa58acf110be21d_P1.png,860,583,ok
https://ailens.sedaily.ai/markets/2026/08/28/2026-08-28-%EC%98%81%ED%92%8D-MBK-%ED%95%9C%ED%99%94-LG%ED%99%94%ED%95%99%EC%97%90-%EC%84%9C%ED%95%9C-%EB%8F%85%EB%A6%BD-%EA%B0%90%EC%82%AC%EC%9C%84%EC%9B%90-%EC%A7%80%EC%A7%80-%ED%98%B8%EC%86%8C-%EC%8B%9C%EA%B7%B8%EB%84%90,https://wimg.sedaily.com/news/cms/2026/08/28/news-p.v1.20260828.ff435a7a1c624535ae816d2721fc0e18_P1.jpg,860,307,ok
https://ailens.sedaily.ai/industry/2026/08/28/2026-08-28-GC%EB%85%B9%EC%8B%AD%EC%9E%90-%EC%98%A4%EC%8B%9C%EB%B0%B1%EC%8A%A4%EC%99%80-%EC%B0%A8%EC%84%B8%EB%8C%80-%EB%8F%85%EA%B0%90%EB%B0%B1%EC%8B%A0-%EA%B0%9C%EB%B0%9C-%EB%A7%9E%EC%86%90,https://wimg.sedaily.com/news/cms/2026/08/28/news-p.v1.20260828.07716c63db6c415db74951bda9d7ba19_P1.png,1200,898,ok
https://ailens.sedaily.ai/industry/2026/08/28/2026-08-28-%EC%87%BC%ED%95%91%EB%AA%B0%EC%84%9C-10km-%EB%9F%AC%EB%8B%9D-%EB%B0%B1%ED%99%94%EC%A0%90%EC%84%9C-%EB%B0%A9%ED%83%88%EC%B6%9C-%EA%B2%BD%ED%97%98%EA%B2%BD%EC%A0%9C-%EC%86%8C%EB%B9%84%EA%B3%B5%EC%8B%9D-%EB%B0%94%EA%BE%BC%EB%8B%A4,https://wimg.sedaily.com/news/cms/2026/08/27/news-p.v1.20260722.f5bfb0c72a594ea681e5260a792ec334_P1.jpg,1200,900,ok
https://ailens.sedaily.ai/industry/2026/08/28/2026-08-28-%EB%AF%B8%EC%A3%BC%ED%88%AC%EC%9E%90%EA%B3%B5%EC%82%AC-1%EC%A1%B0-%EC%8F%9C%EB%8B%A4-%ED%8F%AC%EC%8A%A4%EC%BD%94%ED%99%80%EB%94%A9%EC%8A%A4-%EC%95%84%EB%A5%B4%ED%97%A8-%EB%A6%AC%ED%8A%AC%EC%82%AC%EC%97%85-%EB%82%A0%EA%B0%9C,https://wimg.sedaily.com/news/cms/2026/08/28/news-p.v1.20260828.d4cf2d2ad932466baa8ec32194d0f641_P1.png,1200,693,ok
https://ailens.sedaily.ai/industry/2026/08/28/2026-08-28-%EB%8B%A8%EB%8F%85-%EC%82%BC%EC%84%B1-HBM4-%EC%9D%B4%EC%96%B4-%EC%97%94%EB%B9%84%EB%94%94%EC%95%84-NVHBM-%EC%84%A0%EC%A0%90,https://wimg.sedaily.com/news/cms/2026/08/28/news-p.v1.20260828.189e219096a24640b0a5d63fcf7906f7_P1.png,1200,638,ok
https://ailens.sedaily.ai/markets/2026/08/28/2026-08-28-SK%EB%B0%94%EC%9D%B4%EC%98%A4%ED%8C%9C-%EC%84%B8%EB%85%B8%EB%B0%94%EB%A9%94%EC%9D%B4%ED%8A%B8-%EC%9D%98%EC%A1%B4-%EB%82%AE%EC%B6%98%EB%8B%A4-%EB%AA%A9%ED%91%9C%EA%B0%80-14%EB%A7%8C-%EC%9B%90-Why-%EB%B0%94%EC%9D%B4%EC%98%A4,https://wimg.sedaily.com/news/cms/2026/08/28/news-p.v1.20260828.f0efe379c52b485687a82f22f2f84513_P1.png,547,227,ok
https://ailens.sedaily.ai/markets/2026/08/28/2026-08-28-%ED%95%9C%ED%99%94%EC%9A%B4%EC%9A%A9-S-P500-ETF-2%EC%A2%85-%EB%B3%B4%EC%88%98-0-0062-%EB%A1%9C-%EC%9D%B8%ED%95%98,https://wimg.sedaily.com/news/cms/2026/08/28/news-p.v1.20260828.b6127a07356e4987ba792b83db7ecad5_P1.jpg,1200,805,ok
https://ailens.sedaily.ai/markets/2026/08/28/2026-08-28-%EB%A7%A5%EC%BF%BC%EB%A6%AC-S-I%EC%BD%94%ED%8D%BC%EB%A0%88%EC%9D%B4%EC%85%98-%EB%A7%A4%EA%B0%81-%EC%A4%91%EB%8B%A8-%EA%B5%AD%EB%82%B4%EC%99%B8-%EC%82%AC%EC%97%85-%ED%99%95%EC%9E%A5%EC%97%90-%EC%A7%91%EC%A4%91-%EC%8B%9C%EA%B7%B8%EB%84%90,https://wimg.sedaily.com/news/cms/2026/08/28/news-p.v1.20260828.4d5cfdf3894d443eafe13c3469fd5d57_P1.jpg,600,280,ok
https://ailens.sedaily.ai/markets/2026/08/28/2026-08-28-%EC%98%81%ED%92%8D-MBK-%EA%B3%A0%EB%A0%A4%EC%95%84%EC%97%B0-%EC%B8%A1-%ED%8E%80%EB%93%9C-%ED%9A%8C%EC%9E%A5-%EC%9D%BC%EA%B0%80%EC%99%80-%ED%88%AC%EC%9E%90-%EA%B8%B0%EC%97%85-%EC%99%9C-%EA%B2%B9%EC%B9%98%EB%82%98-%EC%8B%9C%EA%B7%B8%EB%84%90,https://wimg.sedaily.com/news/cms/2026/08/28/news-p.v1.20260826.05ad5a71d981436e95fc95252ef22287_P1.jpg,860,307,ok
https://ailens.sedaily.ai/news/2026/08/28/2026-08-28-%EC%A0%84%ED%99%94-%EC%B9%B4%ED%86%A1-IPTV%EB%A1%9C-AI-%EC%93%B4%EB%8B%A4-SKT-%EC%B9%B4%EC%B9%B4%EC%98%A4-KT-%EB%AA%A8%EB%91%90%EC%9D%98-AI-9%EC%9B%94-%EC%B6%9C%EA%B2%A9,https://wimg.sedaily.com/news/cms/2026/08/28/rcv.YNA.20260820.PYH2026082006500001300_P1.jpg,1200,773,ok
https://ailens.sedaily.ai/news/2026/08/28/2026-08-28-%EC%BD%94%EB%A1%9C%EB%82%98-%EB%B9%9A-%EB%AA%BB-%EA%B0%9A%EC%9D%80-%EC%9E%90%EC%98%81%EC%97%85%EC%9E%90-154%EC%A1%B0-%EC%9E%A5%EA%B8%B0%EC%97%B0%EC%B2%B4-%EC%B1%84%EB%AC%B4-%EC%86%8C%EA%B0%81-%ED%83%95%EA%B0%90-%EC%B6%94%EC%A7%84,https://wimg.sedaily.com/news/cms/2026/08/28/rcv.NEWS1.NEWS1.20260802.2026-08-02T130034_1008036954_SOCIETY_I_P1.jpg,1200,795,ok
https://ailens.sedaily.ai/culture/2026/08/28/2026-08-28-%EC%98%A4%EB%8A%98%EB%B6%80%ED%84%B0-%EC%95%94%ED%91%9C-%EC%9C%A0%ED%86%B5-%EC%8B%9C-%EC%B5%9C%EB%8C%80-50%EB%B0%B0-%EA%B3%BC%EC%A7%95%EA%B8%88-%EB%B6%80%EA%B3%BC%EC%95%A1-50-%EC%8B%A0%EA%B3%A0%ED%8F%AC%EC%83%81%EA%B8%88,https://wimg.sedaily.com/news/cms/2026/08/28/news-p.v1.20260828.42dd20e9b7d441f1804499a9528e49e0_P1.jpg,1200,765,ok
https://ailens.sedaily.ai/markets/2026/08/28/2026-08-28-%EC%82%BC%EC%84%B1%EB%B0%94%EC%9D%B4%EC%98%A4-3-%EC%9C%A0%EC%83%81%EC%A6%9D%EC%9E%90%EC%97%90-%ED%94%84%EB%A6%AC%EB%A7%88%EC%BC%93-6-%ED%95%98%EB%9D%BD%EC%84%B8-%EC%9D%B4%EB%9F%B0%EA%B5%AD%EC%9E%A5-%EC%A0%80%EB%9F%B0%EC%A3%BC%EC%8B%9D,https://wimg.sedaily.com/news/cms/2026/08/28/news-p.v1.20260825.f7a1c629a131494db917a6e6c1fb8edd_P1.png,1200,675,ok
https://ailens.sedaily.ai/markets/2026/08/28/2026-08-28-%EC%82%BC%EC%84%B1%EC%A0%84%EA%B8%B0%EC%97%90-%EA%BD%82%ED%9E%8C-%EC%83%81%EC%9C%84-1-%ED%95%98%EB%82%98%EB%A7%88%EC%9D%B4%ED%81%AC%EB%A1%A0-%EC%8B%AC%ED%85%8D%EC%9D%80-%ED%8C%94%EC%95%98%EB%8B%A4-%EC%A3%BC%EC%8B%9D-%EC%B4%88%EA%B3%A0%EC%88%98%EB%8A%94-%EC%A7%80%EA%B8%88,https://wimg.sedaily.com/news/cms/2026/08/28/news-p.v1.20260828.c4751b6e136e44058ada5277e4311f0c_P1.png,406,1713,ok
https://ailens.sedaily.ai/markets/2026/08/28/2026-08-28-%EB%A8%B8%EB%82%98%EB%A8%BC-%EC%B9%A0%EC%B2%9C%ED%94%BC-%EC%97%94%EB%B9%84%EB%94%94%EC%95%84-%ED%9B%88%ED%92%8D%EC%97%90%EB%8F%84-6900-%EB%82%B4%EC%A4%AC%EB%8B%A4-%EB%A7%88%EC%BC%93%EC%8B%9C%EA%B7%B8%EB%84%90,https://wimg.sedaily.com/news/cms/2026/08/28/rcv.YNA.20260828.PYH2026082802380001300_P1.jpg,1200,776,ok
https://ailens.sedaily.ai/industry/2026/08/28/2026-08-28-S-Oil-7-%EC%A7%88%EC%A3%BC-%EC%A0%95%EC%A0%9C%EB%A7%88%EC%A7%84-%EA%B0%95%EC%84%B8-%EC%A0%84%EB%A7%9D-%ED%98%B8%EC%9E%AC-%EC%A4%8D%EC%A4%8D%EB%A6%AC%ED%8F%AC%ED%8A%B8,https://wimg.sedaily.com/news/cms/2026/08/28/news-p.v1.20260818.19b5726db3b04ba9ae1927b12a26ef5d_P1.jpg,640,243,ok
https://ailens.sedaily.ai/industry/2026/08/28/2026-08-28-%EC%82%BC%EC%84%B1-%EA%B2%BD%EC%83%81%EA%B6%8C-%EC%88%98%ED%95%B4-%EB%B3%B5%EA%B5%AC%EC%97%90-30%EC%96%B5-%EC%A7%80%EC%9B%90-9%EA%B0%9C-%EA%B3%84%EC%97%B4%EC%82%AC-%EB%8F%99%EC%B0%B8,https://wimg.sedaily.com/news/cms/2026/08/28/news-p.v1.20260706.0261e55e7ce84b9f8daee1c1007aff18_P1.png,700,1134,ok
https://ailens.sedaily.ai/industry/2026/08/28/2026-08-28-%EA%B8%B0%EB%B3%B4-%EC%A4%91%EA%B8%B0-%EC%8A%B9%EA%B3%84-M-A-%EB%A7%A4%EC%B9%AD%EC%8B%9C%EC%8A%A4%ED%85%9C-%EA%B5%AC%EC%B6%95-%EC%9D%B8%EC%88%98%EC%9E%90%EA%B8%88%EB%8F%84-%EC%A7%80%EC%9B%90,https://wimg.sedaily.com/news/cms/2026/08/27/news-p.v1.20260827.07e169e5ba8944998940ff617bb795fa_P1.jpg,800,744,ok
https://ailens.sedaily.ai/industry/2026/08/28/2026-08-28-%EC%97%90%EC%9D%B4%EB%B9%84%EC%97%98%EB%B0%94%EC%9D%B4%EC%98%A4-%ED%8C%8C%ED%8A%B8%EB%84%88%EC%82%AC-%EB%A6%BC%ED%94%84%EC%A2%85-%EC%9E%84%EC%83%81-1b%EC%83%81%EC%84%9C-%EC%99%84%EC%A0%84%EA%B4%80%ED%95%B4%EC%9C%A8-100,https://wimg.sedaily.com/news/cms/2026/08/28/news-p.v1.20260828.1e86fb769d1f4650bc0c7c89e766cef1_P1.jpg,860,646,ok
https://ailens.sedaily.ai/industry/2026/08/28/2026-08-28-SK%ED%95%98%EC%9D%B4%EB%8B%89%EC%8A%A4-%ED%95%9C-%EB%AF%B8-HBM-%EB%B2%A8%ED%8A%B8-%EB%A7%8C%EB%93%A0%EB%8B%A4-%EC%88%98%EC%8B%AD%EB%A7%8C%EC%9E%A5-%ED%8C%A8%ED%82%A4%EC%A7%95-%EC%84%A0%EC%96%B8,https://wimg.sedaily.com/news/cms/2026/08/28/news-p.v1.20260828.c20a9b937c044397895f432e49ebe5af_P1.jpg,1200,800,ok
https://ailens.sedaily.ai/markets/2026/08/28/2026-08-28-%EC%A6%9D%EA%B6%8C%EC%8B%A0%EA%B3%A0%EC%84%9C-%EB%AF%B8%ED%9D%A1-%EB%B0%98%EB%B3%B5%EC%8B%9C-%EC%8B%AC%EC%82%AC-%EC%B0%A8%EB%93%B1%ED%99%94-%EA%B8%88%EA%B0%90%EC%9B%90-%EB%B6%88%ED%95%84%EC%9A%94%ED%95%9C-%EC%A0%95%EC%A0%95-%EC%B5%9C%EC%86%8C%ED%99%94%ED%95%B4%EC%95%BC,https://wimg.sedaily.com/news/cms/2026/08/28/news-p.v1.20260828.a48f97cead9c439190a9bc0d9d2d4e8a_P1.png,600,400,ok
https://ailens.sedaily.ai/markets/2026/08/28/2026-08-28-%EB%B2%84%ED%95%8F-%EB%8D%94-%EC%8C%80-%EB%95%8C-%EC%95%88-%EC%82%B0-%EA%B1%B4-%EC%8B%A4%EC%88%98-%EC%93%B8%EC%96%B4-%EB%8B%B4%EC%95%98%EB%8A%94%EB%8D%B0-%EC%84%9D-%EB%8B%AC-%EC%83%88-%EC%8B%9C%EC%B4%9D-960%EC%A1%B0-%EC%A6%9D%EB%B0%9C%ED%95%9C-%EC%9D%B4-%EC%A3%BC%EC%8B%9D,https://wimg.sedaily.com/news/cms/2026/08/28/news-p.v1.20260828.dc7f698408b64045990ec0051859e66e_P1.png,1200,840,ok
https://ailens.sedaily.ai/markets/2026/08/28/2026-08-28-%EC%82%BC%EC%84%B1%EB%B0%94%EC%9D%B4%EC%98%A4%EB%A1%9C%EC%A7%81%EC%8A%A4-3%EC%A1%B0-%EC%9C%A0%EC%83%81%EC%A6%9D%EC%9E%90%EC%97%90-%EC%A3%BC%EA%B0%80-4-Why-%EB%B0%94%EC%9D%B4%EC%98%A4,https://wimg.sedaily.com/news/cms/2026/08/28/news-p.v1.20260828.dab1296c2ad04494a504b2f23a97afec_P1.png,1200,675,ok
https://ailens.sedaily.ai/markets/2026/08/28/2026-08-28-%EA%B5%AD%EB%AF%BC%EC%97%B0%EA%B8%88-6%EA%B0%9C%EC%9B%94-%EB%A7%8C%EC%97%90-400%EC%A1%B0-%EB%B2%8C%EC%97%88%EB%8B%A4-%EA%B5%AD%EC%9E%A5-%EC%88%98%EC%9D%B5%EB%A5%A0%EC%9D%80-107-%EC%8B%9C%EA%B7%B8%EB%84%90,https://wimg.sedaily.com/news/cms/2026/08/28/news-p.v1.20260821.9c9d89d87d154fb1814f38b291885335_P1.jpg,1200,804,ok
https://ailens.sedaily.ai/finance/2026/08/28/2026-08-28-%EA%B5%AD%EC%82%B0-%EB%A1%9C%EB%B4%87-2030%EB%85%84%EA%B9%8C%EC%A7%80-2-3%EC%A1%B0-%ED%88%AC%EC%9E%90-%EA%B5%AD%EC%82%B0%ED%99%94%EC%9C%A8-80-%EB%A1%9C-Pick%EC%BD%94%EB%85%B8%EB%AF%B8,https://wimg.sedaily.com/news/cms/2026/08/28/news-p.v1.20260828.faea1c3ab56640309d9c4787fb7339b0_P1.jpg,1200,800,ok
https://ailens.sedaily.ai/news/2026/08/28/2026-08-28-%ED%98%B8%EB%AF%B8%EB%A1%9C-%EB%A7%89%EA%B2%A0%EB%8B%A4-%ED%95%9C%EC%9D%80-%EA%B8%88%EB%A6%AC-3-%EB%A1%9C-%EB%AC%BC%EA%B0%80-%EC%A7%91%EA%B0%92-%EC%84%A0%EC%A0%9C-%EB%8C%80%EC%9D%91-Pick%EC%BD%94%EB%85%B8%EB%AF%B8,https://wimg.sedaily.com/news/cms/2026/08/27/news-p.v1.20260827.8e19697ebb2d409eb97018df50c97b62_P1.jpg,1200,757,ok
https://ailens.sedaily.ai/industry/2026/08/28/2026-08-28-%EB%8C%90-5%EA%B3%B3-%EC%83%88%EB%A1%9C-%EC%A7%93%EB%8A%94%EB%8B%A4-%EA%B7%B9%ED%95%9C-%ED%98%B8%EC%9A%B0%EB%8F%84-%EA%B4%80%EB%A6%AC-Pick%EC%BD%94%EB%85%B8%EB%AF%B8,https://wimg.sedaily.com/news/cms/2026/08/27/rcv.YNA.20260827.PYH2026082710760001300_P1.jpg,1200,800,ok
https://ailens.sedaily.ai/markets/2026/08/28/2026-08-28-%EC%82%BC%EC%84%B1%EB%B0%94%EC%9D%B4%EC%98%A4-%EC%9C%A0%EC%83%81%EC%A6%9D%EC%9E%90-3%EC%A1%B0-%ED%8F%B4%EB%A6%AC%ED%8E%A9%ED%83%80%EC%9D%B4%EB%93%9C-%EC%9D%B8%EC%88%98-%EC%A0%95%EC%A1%B0%EC%A4%80-%EC%8B%9C%EA%B7%B8%EB%84%90,https://wimg.sedaily.com/news/cms/2026/08/28/news-p.v1.20260820.f08affb4b38c431c9cf945929748b591_P1.jpg,600,338,ok
https://ailens.sedaily.ai/industry/2026/08/28/2026-08-28-%EC%84%B1%EC%88%98-%EC%97%B0%EB%AC%B4%EC%9E%A5%EA%B8%B8-%EB%84%98%EC%96%B4-%EA%B1%B4%EB%8C%80%EA%B9%8C%EC%A7%80-%ED%8C%9D%EC%97%85-%EA%B2%BD%ED%97%98%EA%B2%BD%EC%A0%9C%EC%97%90-%EC%A0%84%EA%B5%AD-%EC%86%8C%EB%B9%84%EC%A7%80%EB%8F%84-%EC%9E%AC%ED%8E%B8,https://wimg.sedaily.com/news/cms/2026/08/27/news-p.v1.20260625.0a38ac0c4d4d42bf8ce93b975ad43cfb_P1.jpg,1200,1311,ok
https://ailens.sedaily.ai/industry/2026/08/28/2026-08-28-%EC%86%8D%EB%8F%84%EB%82%B4%EB%8A%94-SK%EA%B7%B8%EB%A3%B9-%EB%A6%AC%EB%B0%B8%EB%9F%B0%EC%8B%B1-%EC%82%AC%ED%9D%98%EA%B0%84-%ED%9D%A1%EC%88%98%ED%95%A9%EB%B3%91-3%EA%B1%B4-%EA%B2%B0%EC%9D%98-biz-%ED%94%8C%EB%9F%AC%EC%8A%A4,https://wimg.sedaily.com/news/cms/2026/08/27/news-p.v1.20260827.af8198eef7b84fcc927c41b74543b21e_P1.png,860,488,ok
https://ailens.sedaily.ai/industry/2026/08/28/2026-08-28-%EC%97%94%EB%B9%84%EB%94%94%EC%95%84-%EC%84%9C%ED%94%84%EB%9D%BC%EC%9D%B4%EC%A6%88-%EC%82%BC%EC%A0%84-%ED%95%98%EB%8B%89-%EC%98%81%EC%97%85%EC%9D%B5-%EC%B6%94%EC%A0%95%EC%B9%98%EB%8F%84-%EC%9A%B0%EC%83%81%ED%96%A5,https://wimg.sedaily.com/news/cms/2026/08/27/news-g.v1.20260827.f9af56b4f7ae49c48c15e6d7de4b4b7a_P1.jpg,1200,627,ok
https://ailens.sedaily.ai/industry/2026/08/28/2026-08-28-HD%ED%98%84%EB%8C%80%EC%A4%91-%ED%8F%AC%EC%8A%A4%EC%BD%94-%ED%8C%8C%EC%97%85-%ED%98%84%EC%8B%A4%ED%99%94%ED%95%98%EB%82%98-%EA%B5%90%EC%84%AD-%EB%82%9C%ED%95%AD-%EC%86%8D-%EB%B6%80%EB%B6%84%ED%8C%8C%EC%97%85-%EC%9A%B0%EB%A0%A4,https://wimg.sedaily.com/news/cms/2026/08/27/news-p.v1.20260827.736f4d6db0f44ef99ad8c58c4f67d625_P1.jpeg,600,340,ok
https://ailens.sedaily.ai/markets/2026/08/28/2026-08-28-9%EC%9B%94-15%EC%9D%BC%EA%B9%8C%EC%A7%80-%EC%A7%80%EC%A0%95%EA%B8%B0%EC%B4%88%EC%9E%90%EB%A3%8C-%EC%A0%9C%EC%B6%9C%ED%95%98%EC%84%B8%EC%9A%94-%EA%B8%88%EA%B0%90%EC%9B%90-%EA%B0%90%EC%82%AC%EC%9D%B8-%EC%A7%80%EC%A0%95%EC%A0%9C-%EC%98%A8%EB%9D%BC%EC%9D%B8-%EC%84%A4%EB%AA%85%ED%9A%8C,https://wimg.sedaily.com/news/cms/2026/08/27/news-p.v1.20260827.0efc0d96276c487c9423f96d92ad13b3_P1.png,600,400,ok
https://ailens.sedaily.ai/markets/2026/08/28/2026-08-28-%EC%97%94%EB%B9%84%EB%94%94%EC%95%84-%EA%B8%88%ED%86%B5%EC%9C%84-%EB%84%98%EC%9D%80-%EC%BD%94%EC%8A%A4%ED%94%BC-7000-%EB%8F%8C%ED%8C%8C-%EB%91%90-%EB%B2%88%EC%A7%B8-%EB%8F%84%EC%A0%84-%EC%BD%94%EC%A3%BC%EB%B6%80,https://wimg.sedaily.com/news/cms/2026/08/27/news-p.v1.20260827.ddf27fb523a445248e173759cba567c6_P1.jpg,1200,800,ok
https://ailens.sedaily.ai/markets/2026/08/28/2026-08-28-%EB%82%9C%EA%B3%B5%EB%B6%88%EB%9D%BD-%EC%B7%8C%EC%9E%A5%EC%95%94-40%EB%85%84-%EB%A7%8C%EC%97%90-%ED%91%9C%EC%A0%81%EC%B9%98%EB%A3%8C-%EA%B8%B8-%EC%97%B4%EB%A0%B8%EB%8B%A4,https://wimg.sedaily.com/news/cms/2026/08/27/news-g.v1.20260827.67c632b9dcc840ec8f70a42420dfc177_P1.jpg,1200,721,ok
https://ailens.sedaily.ai/industry/2026/08/28/2026-08-28-%EB%AC%BC%EA%B1%B4%EB%B3%B4%EB%8B%A4-%EA%B2%BD%ED%97%98%EC%9D%84-%EC%82%B0%EB%8B%A4-%ED%98%B8%EB%AA%A8-%EC%97%91%EC%8A%A4%ED%8E%98%EB%A6%AC%EC%97%94%EC%8A%A4,https://wimg.sedaily.com/news/cms/2026/08/27/news-p.v1.20260722.c8a2c00508964e2e8db3f27b63c290e9_P1.jpg,1200,900,ok
https://ailens.sedaily.ai/international/2026/08/28/2026-08-28-%EB%A9%94%EC%9D%B4%EB%93%9C-%EC%9D%B8-USA-HBM-SK%ED%95%98%EB%8B%89-2029%EB%85%84-%EC%96%91%EC%82%B0,https://wimg.sedaily.com/news/cms/2026/08/27/news-p.v1.20260821.917bc11d16654b3d9ae826d3410791a4_P1.png,640,423,ok
https://ailens.sedaily.ai/industry/2026/08/27/2026-08-27-ASML%EC%BD%94%EB%A6%AC%EC%95%84-%EB%B0%98%EB%8F%84%EC%B2%B4-%EA%B2%BD%EB%A0%A5%EC%9E%90%EB%8F%84-%EB%BD%91%EB%8A%94%EB%8B%A4-%ED%95%98%EB%B0%98%EA%B8%B0-100%EB%AA%85-%EC%9D%B4%EC%83%81-%EC%B1%84%EC%9A%A9,https://wimg.sedaily.com/news/cms/2026/08/27/news-p.v1.20260827.2f0e95ac071844a888a360aecbf75567_P1.png,1200,626,ok
https://ailens.sedaily.ai/industry/2026/08/27/2026-08-27-DN%EC%86%94%EB%A3%A8%EC%85%98%EC%A6%88-%EC%9D%B8%EB%8F%84%EC%97%90-%EC%B2%AB-%EC%A0%9C%EC%A1%B0%EA%B3%B5%EC%9E%A5-%EA%B3%B5%EC%9E%91%EA%B8%B0%EA%B3%84-%EC%B2%A8%EB%8B%A8-%EB%B9%84%EC%A0%84-%EC%A0%9C%EC%8B%9C,https://wimg.sedaily.com/news/cms/2026/08/27/news-p.v1.20260827.b51106cbd7bb41f1bce30bcef45aafa6_P1.jpg,1200,675,ok
https://ailens.sedaily.ai/industry/2026/08/27/2026-08-27-%EC%B0%BD%EC%97%85-%EC%A7%80%EC%9B%90%ED%95%98%EB%8A%94%EB%8D%B0-%EA%B0%84%ED%8C%90%EC%9D%80-%EC%B0%BD%EC%A1%B0%EA%B2%BD%EC%A0%9C-%EC%B0%BD%EA%B2%BD%EC%84%BC%ED%84%B0-12%EB%85%84-%EB%A7%8C%EC%97%90-%EA%B0%9C%EB%AA%85-%EC%B6%94%EC%A7%84,https://wimg.sedaily.com/news/cms/2026/08/27/news-p.v1.20260827.0e78bd5d8e104ffa882914708bd81581_P1.png,1200,900,ok
https://ailens.sedaily.ai/industry/2026/08/27/2026-08-27-HD%ED%98%84%EB%8C%80%EC%A4%91%EA%B3%B5%EC%97%85-%EB%85%B8%EC%A1%B0-%EC%9F%81%EC%9D%98-%EC%B0%AC%EB%B0%98%ED%88%AC%ED%91%9C-%EA%B0%80%EA%B2%B0-%ED%8C%8C%EC%97%85-%EC%B4%88%EC%9D%BD%EA%B8%B0,https://wimg.sedaily.com/news/cms/2026/08/27/news-p.v1.20260827.00cc6b148c034fe9b825db3180025e10_P1.png,640,362,ok
https://ailens.sedaily.ai/markets/2026/08/27/2026-08-27-%EA%B8%B0%EC%97%85-%EA%B3%B5%EC%8B%9C-8%EC%9B%94-27%EC%9D%BC,https://sedaily-mbti-cms-media-dev.s3.us-east-1.amazonaws.com/media/mustknow-auto/20084105-webtoon-cut001.png,1824,1248,ok
https://ailens.sedaily.ai/markets/2026/08/27/2026-08-27-%EB%8C%80%EC%84%A0-%EC%95%9E%EB%91%94-%EC%A0%95%EC%B9%98-%EB%B6%88%EC%95%88%EC%97%90-%ED%97%A4%EC%95%8C%ED%99%94-%EC%95%BD%EC%84%B8-%EA%B2%B9%EC%B3%90-%EC%99%B8%EB%A9%B4%EB%B0%9B%EB%8A%94-%EB%B8%8C%EB%9D%BC%EC%A7%88-%EA%B5%AD%EC%B1%84,https://wimg.sedaily.com/news/cms/2026/08/27/news-p.v1.20260827.ff995eee784c4cdfb91cc067b7fe9cca_P1.png,500,349,ok
https://ailens.sedaily.ai/markets/2026/08/27/2026-08-27-%ED%95%9C%ED%88%AC-%EC%9A%B4%EC%9A%A9%EC%82%AC-%EA%B5%90%ED%86%B5%EC%A0%95%EB%A6%AC-%EC%95%A1%ED%8B%B0%EB%B8%8C-MMF-%ED%95%9C%ED%88%AC%EB%B0%B8%EB%A5%98%EA%B0%80-%EB%A7%A1%EB%8A%94%EB%8B%A4,https://wimg.sedaily.com/news/cms/2026/08/27/news-p.v1.20260827.51dd385cdd5b417a88e47b5bde206a39_P1.jpg,600,965,ok
https://ailens.sedaily.ai/markets/2026/08/27/2026-08-27-%ED%9E%98-%EB%B9%A0%EC%A7%84-%EB%B0%98%EB%8F%84%EC%B2%B4-%EB%8C%80%EC%8B%A0-2%EC%B0%A8%EC%A0%84%EC%A7%80-%EC%A0%84%EB%A0%A5%EC%9D%B4-%EB%8B%AC%EB%A0%B8%EB%8B%A4-%EC%BD%94%EC%8A%A4%ED%94%BC-6900%EC%84%A0-%EC%95%88%EC%B0%A9-%EC%9D%B4%EB%9F%B0%EA%B5%AD%EC%9E%A5-%EC%A0%80%EB%9F%B0%EC%A3%BC%EC%8B%9D,https://wimg.sedaily.com/news/cms/2026/08/27/news-p.v1.20260827.3f0a0af07bbb416eb35956dab52634ac_P1.jpg,1200,800,ok
https://ailens.sedaily.ai/finance/2026/08/27/2026-08-27-%EA%B5%AD%EC%82%B0-%ED%9C%B4%EB%A8%B8%EB%85%B8%EC%9D%B4%EB%93%9C-%EC%A0%95%EB%B6%80%EA%B0%80-%EB%A8%BC%EC%A0%80-%EC%82%B0%EB%8B%A4-2030%EB%85%84%EA%B9%8C%EC%A7%80-1080%EB%8C%80-%EB%8F%84%EC%9E%85,https://wimg.sedaily.com/news/cms/2026/08/27/news-p.v1.20260827.81a6ae1a956e4e04baca4d7d82668392_P1.jpg,1200,800,ok
https://ailens.sedaily.ai/news/2026/08/27/2026-08-27-%EB%AC%BC%EA%B0%80-%EC%A7%91%EA%B0%92-%ED%98%B8%EB%AF%B8%EB%A1%9C-%EB%AF%B8%EB%A6%AC-%EB%A7%89%EC%95%84-%EC%97%B0%EB%82%B4-%EC%B6%94%EA%B0%80%EC%9D%B8%EC%83%81-%EA%B0%80%EB%8A%A5%EC%84%B1%EC%9D%80-%EB%82%AE%EC%95%84%EC%A0%B8,https://wimg.sedaily.com/news/cms/2026/08/27/rcv.YNA.20260827.PYH2026082710200001300_P1.jpg,1200,730,ok
https://ailens.sedaily.ai/international/2026/08/27/2026-08-27-%EC%98%A8%EB%82%9C%ED%99%94%EC%97%90-%EB%AC%B4%EB%84%88%EC%A0%B8-%EB%82%B4%EB%A6%B0-%EB%B9%99%ED%95%98%ED%98%B8-%EC%9E%AC%EC%95%99-%EC%8B%9C%ED%95%9C%ED%8F%AD%ED%83%84-50%EC%97%AC%EA%B0%9C-%EB%8D%94-%EC%9E%88%EB%8B%A4,https://wimg.sedaily.com/news/cms/2026/08/27/news-p.v1.20260827.7e6bf9267ed84eef822036f0c5d1de83_P1.jpg,1200,800,ok
https://ailens.sedaily.ai/industry/2026/08/27/2026-08-27-LG%EC%A0%84%EC%9E%90-%ED%95%9C%EA%B5%AD%EC%A0%84%EB%A0%A5-%EC%8A%A4%EB%A7%88%ED%8A%B8%EA%B0%80%EC%A0%84-%EC%BA%90%EC%8B%9C%EB%B0%B1%EC%9C%BC%EB%A1%9C-%EC%97%90%EB%84%88%EC%A7%80-%ED%9A%A8%EC%9C%A8-%EB%AC%B8%ED%99%94-%ED%99%95%EC%82%B0,https://wimg.sedaily.com/news/cms/2026/08/27/news-p.v1.20260827.e101c9ac611b4c62ab8638ba37008c3c_P1.jpg,1200,782,ok
https://ailens.sedaily.ai/industry/2026/08/27/2026-08-27-%EC%82%AC%EC%97%85%EB%A7%88%EB%8B%A4-%EC%A3%BC%ED%8C%8C%EC%88%98-%EB%B3%B4%EC%95%88%EC%9A%94%EA%B1%B4-%EC%A0%9C%EA%B0%81%EA%B0%81-%EB%AC%B4%EC%9D%B8%EC%B2%B4%EA%B3%84-%ED%91%9C%EC%A4%80-%EC%9D%B4-%EC%97%86%EB%8B%A4,https://wimg.sedaily.com/news/cms/2026/08/27/news-g.v1.20260827.199263d2580a47ab8e35210681c21a26_P1.jpg,1200,526,ok
https://ailens.sedaily.ai/industry/2026/08/27/2026-08-27-LG%EC%A0%84%EC%9E%90-%EC%A0%84%EA%B8%B0-%EB%8D%9C-%EC%93%B0%EB%8A%94-%EC%8B%9C%EA%B0%84-%EA%B0%80%EC%A0%84-%EC%9D%B4%EC%9A%A9-%EC%8B%9C-%EC%BA%90%EC%8B%9C%EB%B0%B1-%EC%A7%80%EC%9B%90,https://wimg.sedaily.com/news/cms/2026/08/27/news-p.v1.20260827.1bd650c406ca45179828cdc8e81ef0c3_P1.jpg,1200,782,ok
https://ailens.sedaily.ai/industry/2026/08/27/2026-08-27-HD%ED%98%84%EB%8C%80%EC%A4%91%EA%B3%B5%EC%97%85-%EB%85%B8%EC%A1%B0-%EC%9F%81%EC%9D%98-%EC%B0%AC%EB%B0%98%ED%88%AC%ED%91%9C%EC%84%9C-66-%EC%B0%AC%EC%84%B1-%ED%8C%8C%EC%97%85-%ED%98%84%EC%8B%A4%ED%99%94%ED%95%98%EB%82%98,https://wimg.sedaily.com/news/cms/2026/08/27/news-p.v1.20260827.736f4d6db0f44ef99ad8c58c4f67d625_P1.jpeg,600,340,ok
https://ailens.sedaily.ai/markets/2026/08/27/2026-08-27-%EC%A3%BC%EC%A3%BC%ED%99%98%EC%9B%90-%EC%8B%A4%EB%A7%9D%ED%95%9C-%EC%B4%88%EA%B3%A0%EC%95%A1-%EC%9E%90%EC%82%B0%EA%B0%80-%EC%82%BC%EC%A0%84-%EB%98%90-%ED%8C%94%EC%95%98%EB%8B%A4,https://wimg.sedaily.com/news/cms/2026/08/27/news-p.v1.20260827.c8518798656c4222b4047ca99e43a8f6_P1.jpg,640,436,ok
https://ailens.sedaily.ai/markets/2026/08/27/2026-08-27-%EC%A3%BC%ED%83%9D%EA%B3%B5%EA%B8%89-%ED%99%95%EB%8C%80-%EA%B8%B0%EB%8C%80-%ED%99%9C%EC%A7%9D-%EC%9B%83%EB%8A%94-%EC%8B%9C%EB%A9%98%ED%8A%B8,https://wimg.sedaily.com/news/cms/2026/08/27/ams.001.photo.202608191223124431651397_P1.jpg,1200,710,ok
https://ailens.sedaily.ai/markets/2026/08/27/2026-08-27-%EB%8B%A8%EB%8F%85-%ED%95%98%EB%8B%89-1%EC%A3%BC-%ED%95%98%ED%95%9C%EA%B0%80-%EC%9E%AC%EB%B0%9C-%EB%A7%89%EB%8A%94%EB%8B%A4-NXT-%EC%8B%9C%EA%B0%80-%EB%8B%A8%EC%9D%BC%EA%B0%80-%EB%8F%84%EC%9E%85-%EC%B6%94%EC%A7%84,https://wimg.sedaily.com/news/cms/2026/08/27/news-p.v1.20260827.ea12e786170e4ee8855d1b5c0938c189_P1.png,710,472,ok
https://ailens.sedaily.ai/markets/2026/08/27/2026-08-27-%EC%8B%A4%EC%A0%81-%EC%9E%AC%EB%AC%B4-%EA%B0%9C%EC%84%A0%EC%97%90-%EC%B2%B4%EA%B8%89-%EC%BB%A4%EC%A0%B8-%EB%A7%88%EC%A7%80%EB%A7%89-%EC%9A%B0%EB%9F%89-%EB%B3%B4%ED%97%98%EC%82%AC-%EB%A7%A4%EB%AC%BC-%EC%9D%B8%EC%88%98%EC%A0%84-%EB%B6%88%EB%B6%99%EB%82%98-%EC%8B%9C%EA%B7%B8%EB%84%90,https://wimg.sedaily.com/news/cms/2026/08/27/news-p.v1.20260512.f3b909a7fedb45dfaff0d6cd6d72efd3_P1.jpg,650,455,ok
https://ailens.sedaily.ai/culture/2026/08/27/2026-08-27-FDA-%EB%A8%B9%EB%8A%94-%EC%B7%8C%EC%9E%A5%EC%95%94-%EC%8B%A0%EC%95%BD-%EB%9D%BC%EC%86%90%ED%81%90-%EC%8A%B9%EC%9D%B8-3%EC%83%81%EC%84%9C-%EC%82%AC%EB%A7%9D%EC%9C%84%ED%97%98-60,https://wimg.sedaily.com/news/cms/2026/08/27/rcv.YNA.20260807.PRU20260807065601009_P1.jpg,1200,800,ok
https://ailens.sedaily.ai/news/2026/08/27/2026-08-27-%EA%B8%B0%EC%A4%80%EA%B8%88%EB%A6%AC-3-%EA%B8%B4%EC%B6%95%EC%9D%98-%EC%8B%9C%EA%B0%84-%EC%98%A8%EB%8B%A4,https://wimg.sedaily.com/news/cms/2026/08/27/news-p.v1.20260827.ec7de20a87394daaa01fd5f188658dde_P1.jpg,1200,822,ok
https://ailens.sedaily.ai/international/2026/08/27/2026-08-27-%EB%A9%94%ED%83%80-SNS-%EC%A4%91%EB%8F%85-24%EC%A1%B0%EC%9B%90-%ED%95%A9%EC%9D%98-%EC%B2%AD%EC%86%8C%EB%85%84-%EC%9D%B8%EC%8A%A4%ED%83%80-%EC%9E%90%EC%A0%95%EB%B6%80%ED%84%B0-%EB%A9%88%EC%B6%98%EB%8B%A4-%EB%A7%88%EC%BC%93%EB%AC%B4%EB%B2%84,https://wimg.sedaily.com/news/cms/2026/08/27/news-g.v1.20260827.9a7795df504e479b8d0daf1daffce532_P1.jpg,636,572,ok
https://ailens.sedaily.ai/property/2026/08/27/2026-08-27-LH-2030%EB%85%84%EA%B9%8C%EC%A7%80-%EC%97%B0-12%EB%A7%8C-%EA%B0%80%EA%B5%AC-%EA%B3%B5%EA%B8%89-8-13-%EB%8C%80%EC%B1%85-%ED%9B%84%EC%86%8D-%EC%B0%A9%EA%B3%B5%EA%B3%84%ED%9A%8D-%EB%B0%9C%ED%91%9C,https://wimg.sedaily.com/news/cms/2026/08/27/news-p.v1.20260827.9aad65fd26414239bd9f40addb474cd7_P1.jpg,1200,800,ok
https://ailens.sedaily.ai/news/2026/08/27/2026-08-27-%EB%AA%A9%ED%91%9C%EB%8A%94-%EA%B5%AD%ED%86%A0%EB%B6%80-%EC%9E%A5%EA%B4%80-%EC%A0%95%EB%B6%80-%EA%B0%95%EC%95%95%EA%B0%90%EC%82%AC-%ED%99%95%EC%9D%B8,https://wimg.sedaily.com/news/cms/2026/08/27/news-p.v1.20260827.3f1ae4ebb52c49f1898b75954f814506_P1.jpg,1200,827,ok
https://ailens.sedaily.ai/news/2026/08/27/2026-08-27-%EA%B5%AD%ED%9A%8C-%EB%B4%89%EC%87%84-%EB%82%B4%EB%9E%80-%EA%B0%80%EB%8B%B4-%EA%B9%80%ED%98%84%ED%83%9C-707%ED%8A%B9%EC%9E%84%EB%8B%A8%EC%9E%A5-1%EC%8B%AC-%EC%A7%95%EC%97%AD-12%EB%85%84,https://wimg.sedaily.com/news/cms/2026/08/27/rcv.YNA.20260827.PYH2026082711290001300_P1.jpg,1200,910,ok
https://ailens.sedaily.ai/international/2026/08/27/2026-08-27-%EC%8B%A0%ED%98%84%EC%86%A1-%ED%99%95%EC%9E%A5%EC%9E%AC%EC%A0%95%EA%B3%BC-%EA%B8%88%EB%A6%AC-%EC%9D%B8%EC%83%81-%EB%B0%98%EB%93%9C%EC%8B%9C-%EC%97%87%EB%B0%95%EC%9E%90%EB%8A%94-%EC%95%84%EB%83%90,https://wimg.sedaily.com/news/cms/2026/08/27/news-p.v1.20260827.8807792253024a939ec33b405982c14f_P1.jpg,1200,829,ok
https://ailens.sedaily.ai/news/2026/08/27/2026-08-27-%EC%A7%80%EC%A7%80%EC%9C%A8-%ED%95%98%EB%9D%BD%EC%97%90-%EC%A2%85%EB%B6%80%EC%84%B8-%EC%9D%B4%EC%96%B4-%EA%B8%B0%EC%B4%88%EC%97%B0%EA%B8%88%EB%8F%84-%EA%B8%89%EC%A0%9C%EB%8F%99-%EA%B1%B8%EB%A6%AC%EB%82%98,https://wimg.sedaily.com/news/cms/2026/08/27/news-p.v1.20260827.32296cd676db426f9c1fe948fe5e57ef_P1.jpg,1200,794,ok
https://ailens.sedaily.ai/finance/2026/08/27/2026-08-27-%EC%A3%BC%EB%8B%B4%EB%8C%80-%EA%B8%88%EB%A6%AC-%EC%97%B0%EB%82%B4-8-%EB%8F%8C%ED%8C%8C-%EA%B0%80%EB%8A%A5%EC%84%B1-3%EC%96%B5-%EB%8C%80%EC%B6%9C%EB%95%90-%ED%95%9C%EB%8B%AC-%EC%9D%B4%EC%9E%90%EB%A7%8C-200%EB%A7%8C%EC%9B%90,https://wimg.sedaily.com/news/cms/2026/08/27/rcv.NEWSIS.NEWSIS.20260827.NISI20260827_0021413245_P1.jpg,err,<urlopen error [Errno 8] noden,ok
https://ailens.sedaily.ai/industry/2026/08/27/2026-08-27-%EC%9B%90%EC%A0%84-%EC%8B%A0%EC%84%A4-%EC%9D%B4%EC%96%B4-%EC%A0%95%EB%B6%80-%EC%B6%94%EC%A7%84-%EB%8C%90-5%EA%B3%B3%EB%8F%84-%EB%B6%80%ED%99%9C,https://wimg.sedaily.com/news/cms/2026/08/27/rcv.YNA.20260827.PYH2026082705920001300_P1.jpg,1200,706,ok
https://ailens.sedaily.ai/markets/2026/08/27/2026-08-27-%EC%86%A1%EC%9D%B8%EC%A4%80-%EA%B3%BD%EB%8F%99%EA%B1%B8-%EC%9E%84%EC%9C%A0%EC%B2%A0-PEF%ED%98%91%ED%9A%8C-%EC%B4%88%EB%8C%80-%ED%9A%8C%EC%9E%A5-%ED%9B%84%EB%B3%B4%EA%B5%B0-%EC%95%95%EC%B6%95-%EC%8B%9C%EA%B7%B8%EB%84%90,https://wimg.sedaily.com/news/cms/2026/08/27/news-p.v1.20260827.00018503ce6e4984b075462deb1c9ddf_P1.png,788,310,ok
https://ailens.sedaily.ai/markets/2026/08/27/2026-08-27-IMA-4%EC%A1%B0%EB%A1%9C-%EC%BB%A4%EC%A1%8C%EC%A7%80%EB%A7%8C-%ED%9A%8C%EC%82%AC%EC%B1%84-%ED%81%B0%EC%86%90-%EC%97%AD%ED%95%A0-%EC%97%86%EA%B3%A0-%EB%8C%80%EC%B6%9C%EB%A7%8C-%EC%8B%9C%EA%B7%B8%EB%84%90,https://wimg.sedaily.com/news/cms/2026/08/27/news-p.v1.20260827.58de7de59f3b49feb253cfd2d3b47296_P1.jpg,620,412,ok
https://ailens.sedaily.ai/markets/2026/08/27/2026-08-27-AA-%EA%B8%88%EB%A6%AC-%EC%9D%B4%EB%AF%B8-4-%EC%A4%91%EB%B0%98%EC%9D%B8%EB%8D%B0-%ED%9A%8C%EC%82%AC%EC%B1%84-%EC%8B%9C%EC%9E%A5-%ED%95%9C%ED%8C%8C-%EC%A7%80%EC%86%8D-%EC%8B%9C%EA%B7%B8%EB%84%90,https://wimg.sedaily.com/news/cms/2026/08/27/news-p.v1.20260827.ec7de20a87394daaa01fd5f188658dde_P1.jpg,1200,822,ok
https://ailens.sedaily.ai/industry/2026/08/27/2026-08-27-%ED%8F%B4%EB%9E%80%EB%93%9C-%EA%B5%AD%EC%9C%A0%EC%9E%90%EC%82%B0%EB%B6%80-%EC%9E%A5%EA%B4%80-%ED%95%9C%ED%99%94-HD%ED%98%84%EB%8C%80-%EB%B0%A9%EC%82%B0-%EC%97%90%EB%84%88%EC%A7%80-%ED%8C%8C%ED%8A%B8%EB%84%88%EC%8B%AD-%ED%99%95%EB%8C%80,https://wimg.sedaily.com/news/cms/2026/08/27/news-p.v1.20260827.2fe8cbd4a3b04a47a532a1920ce93de2_P1.jpeg,1200,841,ok
https://ailens.sedaily.ai/industry/2026/08/27/2026-08-27-%EC%82%BC%EC%84%B1-%EC%97%94%EB%B9%84%EB%94%94%EC%95%84-GPU%EB%A1%9C-%EB%B0%98%EB%8F%84%EC%B2%B4-%EB%8D%94-%EB%B9%A0%EB%A5%B4%EA%B2%8C-%EB%8D%94-%EB%A7%8E%EC%9D%B4-%EB%A7%8C%EB%93%A0%EB%8B%A4,https://wimg.sedaily.com/news/cms/2026/08/27/news-p.v1.20260827.af297c6525f442f19fa07a0b3af4b433_P1.png,1200,675,ok
https://ailens.sedaily.ai/industry/2026/08/27/2026-08-27-%ED%8F%AC%EC%8A%A4%EC%BD%94-%EB%85%B8%EC%A1%B0-9%EC%9B%94-9%EC%9D%BC-%EA%B5%90%EC%84%AD-%EC%B5%9C%EC%A2%85%EC%8B%9C%ED%95%9C-%EC%A0%9C%EC%8B%9C-%EA%B2%B0%EB%A0%AC%EC%8B%9C-48%EC%8B%9C%EA%B0%84-%EB%B6%80%EB%B6%84%ED%8C%8C%EC%97%85,https://wimg.sedaily.com/news/cms/2026/08/27/news-p.v1.20260827.cf788581a93345fdbae25e2bb9b33e5c_P1.jpg,1200,834,ok
https://ailens.sedaily.ai/industry/2026/08/27/2026-08-27-%EC%A0%A0%EC%8A%A8-%ED%99%A9-%EC%97%94%EB%B9%84%EB%94%94%EC%95%84-%EB%82%B4%EB%85%84-70-%EC%84%B1%EC%9E%A5-%EB%A9%94%EB%AA%A8%EB%A6%AC-%EB%B3%91%EB%AA%A9-%EC%97%86%EC%97%88%EB%8B%A4%EB%A9%B4-2%EB%B0%B0-%EA%B0%80%EB%8A%A5,https://wimg.sedaily.com/news/cms/2026/08/27/ams.001.photo.202607251415052272840561_P1.jpg,1200,720,ok
https://ailens.sedaily.ai/markets/2026/08/27/2026-08-27-%EB%B0%95%EC%8A%A4%ED%94%BC-%EC%A7%80%EC%B9%9C-%EA%B0%9C%EB%AF%B8-%EC%A6%9D%EC%8B%9C-%EB%96%A0%EB%82%98%EB%82%98-%EC%98%88%ED%83%81%EA%B8%88-%EB%8B%A4%EC%8B%9C-100%EC%A1%B0-%EB%AF%B8%EB%A7%8C-%ED%84%B8%EC%8D%A9-%EC%9D%B4%EB%9F%B0%EA%B5%AD%EC%9E%A5-%EC%A0%80%EB%9F%B0%EC%A3%BC%EC%8B%9D,https://wimg.sedaily.com/news/cms/2026/08/27/news-p.v1.20260827.087684307c484c5e9b66a576dcc1cdb7_P1.jpg,1200,800,ok
https://ailens.sedaily.ai/markets/2026/08/27/2026-08-27-%EC%A6%9D%EC%84%A0%EC%9C%84-%EC%A4%91%EC%A7%95%EA%B3%84-%EA%B3%A0%EB%A0%A4%EC%95%84%EC%97%B0-%EC%9B%90%EC%95%84%EC%8B%9C%EC%95%84-%ED%88%AC%EC%9E%90-7%EB%85%84%EA%B0%84-%EA%B0%90%EC%82%AC%EC%9C%84%EC%9B%90%ED%9A%8C-%EB%B0%98%EB%8C%80-0-%EC%8B%9C%EA%B7%B8%EB%84%90,https://wimg.sedaily.com/news/cms/2026/08/27/news-p.v1.20260826.05ad5a71d981436e95fc95252ef22287_P1.jpg,860,307,ok
https://ailens.sedaily.ai/markets/2026/08/27/2026-08-27-%EC%B4%88%EA%B3%A0%EB%A0%B9%EC%82%AC%ED%9A%8C-%EB%8C%80%EB%B9%84-%EC%9E%AC%ED%83%9D%EC%9D%98%EB%A3%8C-%ED%99%95%EB%8C%80%ED%95%9C%EB%8B%A4-%ED%95%9C%EA%B5%AD%ED%98%95-%EC%A3%BC%EC%B9%98%EC%9D%98%EC%A0%9C-%EC%A0%9C%EA%B8%B0%EB%8F%84,https://wimg.sedaily.com/news/cms/2026/08/27/rcv.YNA.20260827.PYH2026082710440001300_P1.jpg,1200,845,ok
https://ailens.sedaily.ai/markets/2026/08/27/2026-08-27-%EB%8B%A8%EB%8F%85-%EB%A1%AF%EB%8D%B0%EC%86%90%EB%B3%B4-%EA%B2%B0%EA%B5%AD-%EA%B3%B5%EA%B0%9C%EB%A7%A4%EA%B0%81-%EC%8B%A0%ED%95%9C%EA%B3%BC-%ED%98%91%EC%83%81-%EA%B2%B0%EB%A0%AC-%EC%8B%9C%EA%B7%B8%EB%84%90,https://wimg.sedaily.com/news/cms/2026/08/27/news-p.v1.20260814.e770d20636654da48bfa3558cea78b08_P1.png,730,458,ok
https://ailens.sedaily.ai/international/2026/08/27/2026-08-27-GDP%EA%B0%AD-%ED%94%8C%EB%9F%AC%EC%8A%A4-%EC%A0%84%ED%99%98-%EC%95%9E%EB%8B%B9%EA%B8%B4-%ED%95%9C%EC%9D%80-3%EB%8C%80-%EB%A9%94%EA%B0%80%ED%94%84%EB%A1%9C%EC%A0%9D%ED%8A%B8-%EC%84%B1%EC%9E%A5%EB%A5%A0-0-1-p-%EB%81%8C%EC%96%B4%EC%98%AC%EB%A6%B4-%EA%B2%83,https://wimg.sedaily.com/news/cms/2026/08/27/news-p.v1.20260827.8562ea509e1a4f1cb1bc1f5994dda2ed_P1.jpg,1200,896,ok
https://ailens.sedaily.ai/news/2026/08/27/2026-08-27-%EC%83%81-%ED%95%98%EC%9C%84-%EC%86%8C%EB%93%9D-%EA%B2%A9%EC%B0%A8-%EC%A7%91%EA%B3%84-%EC%9D%B4%EB%9E%98-%EC%B5%9C%EC%A0%80-%EA%B3%A0%EC%9C%A0%EA%B0%80-%EC%A7%80%EC%9B%90%EA%B8%88%EC%97%90-%EA%B2%A9%EC%B0%A8-%EB%9A%9D,https://wimg.sedaily.com/news/cms/2026/08/27/news-p.v1.20260827.eb7e3b3b005f43379d6e533931e5f6da_P1.png,1200,675,ok
https://ailens.sedaily.ai/news/2026/08/27/2026-08-27-%EC%A1%B0%EC%82%AC-%EB%AA%BB%EB%B0%9B%EA%B2%A0%EB%8B%A4-%EC%BF%A0%ED%8C%A1-%EA%B3%B5%EC%A0%95%EC%9C%84%EC%99%80-%EC%A0%95%EB%A9%B4%EC%B6%A9%EB%8F%8C,https://wimg.sedaily.com/news/cms/2026/08/27/9/news-p.v1.20260805.d5f37fce44b045e3a4507a3932c27f39_P1.png,620,370,ok
https://ailens.sedaily.ai/markets/2026/08/27/2026-08-27-%ED%95%9C%EA%B5%AD%EC%84%B1%EC%9E%A5%EA%B8%88%EC%9C%B5-%ED%95%80%ED%85%8C%ED%81%AC-%EC%8A%A4%ED%83%80%ED%8A%B8%EC%97%85-%ED%88%AC%EC%9E%90%EB%B0%8B%EC%97%85-%EC%B0%B8%EA%B0%80%EC%82%AC-%EB%AA%A8%EC%A7%91-%EB%A7%9E%EC%B6%A4%ED%98%95-%EC%A7%80%EC%9B%90-%EC%A0%9C%EA%B3%B5-%EC%8B%9C%EA%B7%B8%EB%84%90,https://wimg.sedaily.com/news/cms/2026/08/27/news-p.v1.20260827.74fdac27989546718828a772335e4a55_P1.png,891,1260,ok
https://ailens.sedaily.ai/industry/2026/08/27/2026-08-27-SKS-PE-%EB%B3%80%EC%95%95%EA%B8%B0-%EC%A0%9C%EC%A1%B0%EC%82%AC-%EC%84%B1%EC%A7%84%EC%A2%85%ED%95%A9%EC%A0%84%EA%B8%B0-550%EC%96%B5-%ED%94%84%EB%A6%ACIPO-%ED%88%AC%EC%9E%90-%EC%8B%9C%EA%B7%B8%EB%84%90,https://wimg.sedaily.com/news/cms/2026/08/27/news-p.v1.20260826.60bcc0d1c47646639dc594babe0645a4_P1.jpg,500,750,ok
https://ailens.sedaily.ai/industry/2026/08/27/2026-08-27-%EB%85%B8%EB%B8%8C%EB%9E%9C%EB%93%9C-%EB%B2%84%EA%B1%B0-%EC%9D%BC%EB%B6%80-%EB%A9%94%EB%89%B4-%EA%B0%80%EA%B2%A9-%EC%9D%B8%EC%83%81-%ED%8F%89%EA%B7%A0-2-5,https://wimg.sedaily.com/news/cms/2026/08/27/news-p.v1.20260827.98e5af197a534ad6a854679bbe661e14_P1.jpg,1200,900,ok
https://ailens.sedaily.ai/industry/2026/08/27/2026-08-27-%EB%A6%AC%EA%B0%80%EC%BC%90%EB%B0%94%EC%9D%B4%EC%98%A4-ADC-%ED%94%8C%EB%9E%AB%ED%8F%BC-%EC%A0%81%EC%9A%A9-SOT106-FDA-%ED%8C%A8%EC%8A%A4%ED%8A%B8%ED%8A%B8%EB%9E%99-%EC%A7%80%EC%A0%95-%EC%97%B0%EB%82%B4-%EC%9E%84%EC%83%81-%EB%8F%8C%EC%9E%85,https://wimg.sedaily.com/news/cms/2026/08/27/news-p.v1.20260827.47505b4c016f487699b2015a77228f99_P1.jpg,860,541,ok
https://ailens.sedaily.ai/industry/2026/08/27/2026-08-27-LG%EC%A0%84%EC%9E%90-%ED%8F%90%EA%B0%80%EC%A0%84%EC%84%9C-%ED%9D%AC%ED%86%A0%EB%A5%98-%EC%BA%94%EB%8B%A4-%EC%97%B0-1-6%ED%86%A4-%ED%9A%8C%EC%88%98,https://wimg.sedaily.com/news/cms/2026/08/27/news-p.v1.20260827.8cd6110240ad42b18036319cfa339ebc_P2.jpg,500,310,ok
https://ailens.sedaily.ai/industry/2026/08/27/2026-08-27-%EC%A0%95%EC%9A%A9%EC%A7%84-%EC%A0%95%EC%9C%A0%EA%B2%BD-%EA%B3%84%EC%97%B4%EB%B6%84%EB%A6%AC-%EC%86%8D%EB%8F%84-SSG%EB%8B%B7%EC%BB%B4-%EC%9D%B8%EC%A0%81%EB%B6%84%ED%95%A0-%EC%B6%94%EC%A7%84,https://wimg.sedaily.com/news/cms/2026/08/27/news-p.v1.20260812.90ca5655964b48c1a2a84160e18b6f54_P1.jpg,1076,807,ok
https://ailens.sedaily.ai/markets/2026/08/27/2026-08-27-%EB%A7%88%EC%8A%A4%ED%84%B4%ED%88%AC%EC%9E%90%EC%9A%B4%EC%9A%A9-%EB%B0%95%ED%98%95%EC%84%9D-%EB%8C%80%ED%91%9C-%EC%B7%A8%EC%9E%84-%EC%9D%B4%ED%9B%84-%EB%94%9C-%ED%8C%8C%ED%8A%B8%EB%84%88%EC%8B%AD%EC%9C%BC%EB%A1%9C-%EC%A1%B4%EC%9E%AC%EA%B0%90-%EC%91%A5-%EC%8B%9C%EA%B7%B8%EB%84%90,https://wimg.sedaily.com/news/cms/2026/08/27/news-p.v1.20260827.c978274038a9474fbb15e30b167c83bd_P1.png,558,862,ok
https://ailens.sedaily.ai/markets/2026/08/27/2026-08-27-%EC%97%94%EB%B9%84%EB%94%94%EC%95%84-%EC%8B%A4%EC%A0%81-%ED%99%95%EC%9D%B8%ED%95%9C-%EA%B3%A0%EC%88%98%EB%93%A4-%EC%82%BC%EC%A0%84-%EB%8B%89%EC%8A%A4-%EC%A4%8D%EA%B3%A0-%EC%8B%A4%EB%A6%AC%EC%BD%98%ED%88%AC-%EB%8D%98%EC%A1%8C%EB%8B%A4-%EC%A3%BC%EC%8B%9D-%EC%B4%88%EA%B3%A0%EC%88%98%EB%8A%94-%EC%A7%80%EA%B8%88,https://wimg.sedaily.com/news/cms/2026/08/27/news-p.v1.20260827.0c4a93d571ca4eb4b89cdcf3eeedf9f0_P1.png,436,1814,ok
https://ailens.sedaily.ai/markets/2026/08/27/2026-08-27-%EA%B8%88%EB%A6%AC-%EC%9D%B8%EC%83%81%EC%97%90-%EB%86%80%EB%9E%80-%EC%A6%9D%EC%8B%9C-%EB%B0%98%EB%8F%84%EC%B2%B4-%EC%A0%84%EB%A0%A5%EC%A3%BC-%EC%8F%A0%EB%A6%BC-%EA%B0%95%ED%99%94-%ED%95%98%EB%9D%BD%EC%A2%85%EB%AA%A9%EC%9D%B4-1-8%EB%B0%B0-%EC%9D%B4%EB%9F%B0%EA%B5%AD%EC%9E%A5-%EC%A0%80%EB%9F%B0%EC%A3%BC%EC%8B%9D,https://wimg.sedaily.com/news/cms/2026/08/27/news-p.v1.20260827.50630d5c2b004bd7997f641f2aa95605_P1.jpg,1200,824,ok
https://ailens.sedaily.ai/markets/2026/08/27/2026-08-27-%EC%97%94%EB%B9%84%EB%94%94%EC%95%84-%EB%A9%94%EB%AA%A8%EB%A6%AC%EA%B0%80-%ED%95%B5%EC%8B%AC-%EB%B3%91%EB%AA%A9-%EC%82%BC%EC%A0%84-%EB%8B%89%EC%8A%A4-%ED%94%84%EB%A6%AC%EB%A7%88%EC%BC%93-2-3-%EC%83%81%EC%8A%B9-%EC%BD%94%EC%A3%BC%EB%B6%80,https://wimg.sedaily.com/news/cms/2026/08/27/news-p.v1.20260827.47aa8f6467f54698953c330c16577200_P1.jpg,1200,800,ok
https://ailens.sedaily.ai/news/2026/08/27/2026-08-27-%ED%95%9C%EC%9D%80-%EC%98%AC-%EC%84%B1%EC%9E%A5%EB%A5%A0-%EC%A0%84%EB%A7%9D%EC%B9%98-2-6-3-3-%EC%83%81%ED%96%A5,https://wimg.sedaily.com/news/cms/2026/08/27/news-p.v1.20260827.e3d5119009a0402aa98dbdd4e3d2862b_P1.jpg,1200,822,ok
https://ailens.sedaily.ai/news/2026/08/27/2026-08-27-%EC%8B%A4%EC%A2%85%EC%95%84%EB%8F%99-%EC%9E%85%EC%96%91%EC%9D%B8-%EC%A0%95%EB%B3%B4-117%EB%A7%8C-%EA%B1%B4-%EC%9C%A0%EC%B6%9C-%EC%95%84%EB%8F%99%EA%B6%8C%EB%A6%AC%EB%B3%B4%EC%9E%A5%EC%9B%90-%EA%B3%BC%EC%A7%95%EA%B8%88-8%EC%96%B5,https://wimg.sedaily.com/news/cms/2026/08/27/news-p.v1.20260827.3915764d15ac407eb7bd0bfe6d95cec5_P1.png,1200,900,ok
https://ailens.sedaily.ai/news/2026/08/27/2026-08-27-%EB%88%84%EB%A6%AC%ED%98%B8-5%EC%B0%A8-%EB%B0%9C%EC%82%AC-10%EC%9B%94-7%EC%9D%BC-%ED%99%95%EC%A0%95-%EC%97%AD%EB%8C%80-%EC%B5%9C%EB%8B%A4-15%EA%B8%B0-%EC%9C%84-%ED%83%91%EC%9E%AC,https://wimg.sedaily.com/news/cms/2026/08/27/news-p.v1.20260827.9c08d5a199a248ba8e66038ac1e2a612_P1.png,1200,800,ok
https://ailens.sedaily.ai/news/2026/08/27/2026-08-27-%ED%95%9C%EC%9D%80-%EA%B8%B0%EC%A4%80%EA%B8%88%EB%A6%AC-3-00-%EB%A1%9C-0-25-%ED%8F%AC%EC%9D%B8%ED%8A%B8-%EC%9D%B8%EC%83%81,https://wimg.sedaily.com/news/cms/2026/08/27/news-p.v1.20260827.eaced9c353664b04a2bdaabf0339a646_P1.jpg,1200,824,ok
https://ailens.sedaily.ai/international/2026/08/27/2026-08-27-%EC%9D%B8%ED%94%8C%EB%A0%88-%EC%9E%A1%EC%9D%84-%EB%AC%98%EC%88%98-%EC%A0%9C%EC%8B%9C%ED%95%A0%EA%B9%8C-%EC%9B%8C%EC%8B%9C-%EC%8B%9C%EA%B0%84-28%EC%9D%BC-%EB%B0%A4-11%EC%8B%9C-%EC%B2%AB-%EC%9E%AD%EC%8A%A8%ED%99%80-%EC%97%B0%EC%84%A4,https://wimg.sedaily.com/news/cms/2026/08/26/news-p.v1.20260824.33e63c0eaf44417eb51b276d6d1e267d_P1.png,658,438,ok
https://ailens.sedaily.ai/international/2026/08/27/2026-08-27-%EC%A0%A0%EC%8A%A8-%ED%99%A9-%EB%82%B4%EB%85%84-%EB%A7%A4%EC%B6%9C-70-%EC%84%B1%EC%9E%A5-%EB%A9%94%EB%AA%A8%EB%A6%AC-%EB%B3%91%EB%AA%A9-%EC%97%86%EC%97%88%EC%9C%BC%EB%A9%B4-%EB%8D%94-%EB%8A%98%EC%97%88%EC%9D%84-%EA%B2%83,https://wimg.sedaily.com/news/cms/2026/08/27/rcv.YNA.20260827.PAP20260827067001009_P1.jpg,1200,800,ok
https://ailens.sedaily.ai/industry/2026/08/27/2026-08-27-%EA%B8%80%EB%9E%9C%EC%9A%B0%EB%93%9C%ED%81%AC%EB%A0%88%EB%94%A7-%EC%8B%A4%EB%A6%AC%EC%BD%98%ED%88%AC-%EC%A7%80%EB%B6%84-6-72-%EB%B8%94%EB%A1%9D%EB%94%9C-%EC%8B%9C%EA%B7%B8%EB%84%90,https://wimg.sedaily.com/news/cms/2026/08/27/news-p.v1.20260729.2a2ecf8bfd2547d3b0fad58e6602002a_P1.jpg,900,600,ok
https://ailens.sedaily.ai/industry/2026/08/27/2026-08-27-%EC%95%84%EB%A7%88%EC%A1%B4-%EB%A1%9C%EB%B3%B4%ED%83%9D%EC%8B%9C-%EC%A3%BD%EC%8A%A4-LG%EC%9D%B4%EB%85%B8%ED%85%8D-%EC%B9%B4%EB%A9%94%EB%9D%BC-%EB%A1%9C-%EB%8B%AC%EB%A6%B0%EB%8B%A4,https://wimg.sedaily.com/news/cms/2026/08/27/news-p.v1.20260827.d53202b2f3b842abb670b4ea67717285_P1.png,1200,675,ok
https://ailens.sedaily.ai/industry/2026/08/27/2026-08-27-%EB%84%A4%ED%8C%94-%ED%99%8D%EC%88%98%EB%A1%9C-%EB%91%90%EC%82%B0%EC%97%90%EB%84%88%EB%B9%8C-%ED%95%9C%EA%B5%AD%EC%9D%B8-%EC%A7%81%EC%9B%90-6%EB%AA%85-%EC%97%B0%EB%9D%BD%EB%91%90%EC%A0%88-%EC%A0%95%EC%97%B0%EC%9D%B8-%EB%8C%80%ED%91%9C-%EB%93%B1-%ED%98%84%EC%9E%A5%EB%8C%80%EC%9D%91%ED%8C%80-%EA%B8%89%ED%8C%8C,https://wimg.sedaily.com/news/cms/2026/08/27/news-p.v1.20260826.2e4011939f814dc68b9be9dd3051542b_P1.jpg,1200,629,ok
https://ailens.sedaily.ai/industry/2026/08/27/2026-08-27-%EC%97%94%EB%B9%84%EB%94%94%EC%95%84-%EB%A9%94%EB%AA%A8%EB%A6%AC-%EB%B3%91%EB%AA%A9-2028%EB%85%84%EA%B9%8C%EC%A7%80-%EC%82%BC%EC%84%B1-SK-3%EB%85%84-%EC%97%B0%EC%86%8D-%EC%B5%9C%EB%8C%80-%EC%8B%A4%EC%A0%81,https://wimg.sedaily.com/news/cms/2026/08/27/rcv.YNA.20260821.PYH2026082113660001300_P1.jpg,1200,821,ok
https://ailens.sedaily.ai/industry/2026/08/27/2026-08-27-%EC%A7%80%EC%9B%90%EC%82%AC%EC%97%85-232%EA%B0%9C-%ED%9A%A8%EC%9C%A8%ED%99%94-4%EC%A1%B0-%EC%95%84%EA%BB%B4-%EC%84%B1%EC%9E%A5%EA%B8%B0%EC%97%85%EC%97%90-%EC%9E%AC%ED%88%AC%EC%9E%90,https://wimg.sedaily.com/news/cms/2026/08/27/news-p.v1.20260428.6262244fb0d44f79b35f4a6f4ffb9094_P1.jpg,640,427,ok
https://ailens.sedaily.ai/markets/2026/08/27/2026-08-27-%EB%B0%95%ED%98%84%EC%A3%BC-%EB%B0%B0%EB%8B%B9-%EB%A7%8E%EC%9D%B4-%ED%96%88%EB%8B%A4%EB%A9%B4-%EC%82%BC%EC%A0%84%EB%8B%89%EC%8A%A4-%EC%83%9D%EA%B2%BC%EA%B2%A0%EB%83%90-%EB%8D%94-%ED%88%AC%EC%9E%90%ED%95%B4%EC%95%BC-%EB%A7%88%EC%BC%93%EC%8B%9C%EA%B7%B8%EB%84%90,https://wimg.sedaily.com/news/cms/2026/08/27/news-p.v1.20260827.629e8726961546ccbf62ae27f1a09c73_P1.jpg,1200,2050,ok
https://ailens.sedaily.ai/markets/2026/08/27/2026-08-27-%ED%8A%B8%EB%9F%BC%ED%94%84-%EC%A0%84%EB%A0%A5%EB%A7%9D-%ED%87%B4%EC%B6%9C-%EC%97%90-%EC%A0%84%EB%A0%A5%EA%B8%B0%EA%B8%B0-%EB%B3%95-%EB%93%9C%EB%82%98-4-11-%EB%8C%80-%EA%B0%95%EC%84%B8-%EC%A4%8D%EC%A4%8D%EB%A6%AC%ED%8F%AC%ED%8A%B8,https://wimg.sedaily.com/news/cms/2026/08/27/news-p.v1.20260827.6a34b6437aea4432bb4b3b5cc313c9b4_P1.jpg,500,142,ok
https://ailens.sedaily.ai/markets/2026/08/27/2026-08-27-%EC%97%94%EB%B9%84%EB%94%94%EC%95%84%EB%B0%9C-%ED%9B%88%ED%92%8D%EC%97%90-%EC%82%BC%EC%A0%84-%EB%8B%89%EC%8A%A4-3-5-%EB%8C%80-%EA%B0%95%EC%84%B8-%EC%BD%94%EC%8A%A4%ED%94%BC-7000-%ED%9A%8C%EB%B3%B5-%EA%B2%A8%EB%83%A5-%EC%9D%B4%EB%9F%B0%EA%B5%AD%EC%9E%A5-%EC%A0%80%EB%9F%B0%EC%A3%BC%EC%8B%9D,https://wimg.sedaily.com/news/cms/2026/08/27/news-p.v1.20260827.c04df5e886844eb2b2686b485503b06b_P1.jpg,500,142,ok
https://ailens.sedaily.ai/markets/2026/08/27/2026-08-27-FCP-%EC%82%BC%EC%84%B1-%EC%B8%A1-%EC%97%90%EC%8A%A4%EC%9B%90-%EC%A7%80%EB%B6%84-%EC%9D%B8%EC%88%98-%EC%A0%9C%EC%95%88-45-%ED%94%84%EB%A6%AC%EB%AF%B8%EC%97%84-%EC%A0%9C%EC%8B%9C-%EC%8B%9C%EA%B7%B8%EB%84%90,https://wimg.sedaily.com/news/cms/2026/08/27/news-p.v1.20260731.df5adef685f1408db57aeb2f01d48f09_P1.jpg,552,221,ok
https://ailens.sedaily.ai/finance/2026/08/27/2026-08-27-%EB%94%94%EC%A7%80%ED%84%B8%EC%9E%90%EC%82%B0%EA%B8%B0%EB%B3%B8%EB%B2%95-%EC%9C%A4%EA%B3%BD-%EA%B1%B0%EB%9E%98%EC%86%8C-%EB%8C%80%EC%A3%BC%EC%A3%BC-%EC%A7%80%EB%B6%84-20-%EC%A0%9C%ED%95%9C,https://wimg.sedaily.com/news/cms/2026/08/26/news-p.v1.20260817.dd003e820adb423fbfb2137d4280f988_P1.png,880,593,ok
https://ailens.sedaily.ai/news/2026/08/27/2026-08-27-%EC%84%9C%EC%9A%B8%EC%84%9C-%EB%A9%80%EC%88%98%EB%A1%9D-%EC%82%B0%EC%97%85%EC%9A%A9-%EC%A0%84%EA%B8%B0%EB%A3%8C-%EC%8B%B8%EC%A7%84%EB%8B%A4-%EC%98%81-%ED%98%B8%EB%82%A8-%EC%B5%9C%EB%8C%80-10-%EC%9D%B8%ED%95%98-Pick%EC%BD%94%EB%85%B8%EB%AF%B8,https://wimg.sedaily.com/news/cms/2026/08/26/rcv.YNA.20260826.PYH2026082612870001300_P1.jpg,1200,800,ok
https://ailens.sedaily.ai/international/2026/08/27/2026-08-27-%EC%98%81%EC%83%81-%EB%84%A4%ED%8C%94-%EB%8C%80%ED%99%8D%EC%88%98%EB%A1%9C-160%EB%AA%85-%EC%82%AC%EB%A7%9D-%ED%95%9C%EA%B5%AD%EC%9D%B8-9%EB%AA%85-%EB%93%B1-403%EB%AA%85-%EC%8B%A4%EC%A2%85,https://wimg.sedaily.com/news/cms/2026/08/27/rcv.YNA.20260826.PRU20260826216701009_P1.jpg,1200,800,ok
https://ailens.sedaily.ai/finance/2026/08/27/2026-08-27-%EA%B8%80%EB%A1%9C%EB%B2%8C-%EC%8A%A4%ED%83%A0%EB%8B%A4%EB%93%9C-%EC%95%84%EB%83%90-%EC%A7%80%EC%A3%BC%ED%9A%8C%EC%9E%A5-3%EC%97%B0%EC%9E%84-%EA%B8%88%EC%A7%80-%EB%AA%85%EB%AC%B8%ED%99%94-%EC%95%88%ED%95%98%EA%B8%B0%EB%A1%9C,https://wimg.sedaily.com/news/cms/2026/08/26/news-g.v1.20260826.988514766d6a4d1f9307d43b410c8552_P1.jpg,1200,511,ok
https://ailens.sedaily.ai/news/2026/08/27/2026-08-27-%EC%B6%9C%EC%82%B0%EC%9C%A8-0-9%EB%AA%85%EB%8C%80-%EB%88%88%EC%95%9E-%EB%B0%98%EB%93%B1-%EB%92%A4%EC%97%94-20%EB%8C%80-%EC%A0%88%EB%B2%BD-Pick%EC%BD%94%EB%85%B8%EB%AF%B8,https://wimg.sedaily.com/news/cms/2026/08/26/rcv.YNA.20260826.PYH2026082611590001302_P1.jpg,1200,800,ok
https://ailens.sedaily.ai/property/2026/08/27/2026-08-27-%EC%9A%A9%EC%82%B0%EA%B3%B5%EC%9B%90-%EC%A0%91%EC%9C%BC%EB%A9%B4-%EA%B7%B8%EB%A6%B0%EB%B2%A8%ED%8A%B8-%ED%91%BC%EB%8B%A4-%EC%84%9C%EC%9A%B8%EC%8B%9C-%EA%B5%AD%ED%86%A0%EB%B6%80-%EB%A7%9E%EB%B0%94%EA%BE%B8%EA%B8%B0-%EC%A7%91%EC%8A%90%EB%9E%AD,https://wimg.sedaily.com/news/cms/2026/08/26/news-p.v1.20260826.61e5f574791843329e3fb859b9d06e46_P1.jpg,1200,887,ok
https://ailens.sedaily.ai/industry/2026/08/27/2026-08-27-2040%EB%85%84%EA%B9%8C%EC%A7%80-%EC%9E%AC%EC%83%9De-6%EB%B0%B0-%ED%99%95%EB%8C%80-%EC%9B%90%EC%A0%84-LNG-%EC%8B%A0%EC%84%A4-%EB%B6%88%EA%B0%80%ED%94%BC-Pick%EC%BD%94%EB%85%B8%EB%AF%B8,https://wimg.sedaily.com/news/cms/2026/08/27/news-p.v1.20260826.9e9124e3eb454107b53d51a218fd5b34_P1.jpg,1200,800,ok
https://ailens.sedaily.ai/industry/2026/08/27/2026-08-27-%ED%8C%A8%EC%8A%A4%ED%8A%B8%ED%91%B8%EB%93%9C-%EB%84%98%EC%96%B4-%EB%AF%B8%EC%8B%9D%EC%9C%BC%EB%A1%9C-%EB%B2%84%EA%B1%B0%ED%82%B9-%EC%99%80%ED%8D%BC-%EC%BD%94%EC%8A%A4-%ED%94%8C%EB%9E%98%EA%B7%B8%EC%8B%AD%EC%9C%BC%EB%A1%9C-1%EC%A1%B0-%EC%8B%9C%EB%8C%80-%EC%97%B0%EB%8B%A4,https://wimg.sedaily.com/news/cms/2026/08/26/news-p.v1.20260826.d84d20f33a404817b313af2f7b2fba7c_P1.jpg,1200,800,ok
https://ailens.sedaily.ai/industry/2026/08/27/2026-08-27-%ED%9A%8C%EC%9E%A5%EB%8B%98-%EC%9D%B4-%EC%A7%81%EC%A0%91-%EC%B1%99%EA%B8%B4-%EB%AC%B8%ED%99%94%EC%98%88%EC%88%A0-%EC%9C%A0%ED%86%B5%EA%B0%80-%EB%A8%B8%EB%AC%B4%EB%8A%94-%EA%B3%B5%EA%B0%84-%EB%A7%8C%EB%93%A0%EB%8B%A4,https://wimg.sedaily.com/news/cms/2026/08/26/news-p.v1.20260826.cb2a8806532b4365bd5a3807689c6921_P1.jpg,1200,720,ok
https://ailens.sedaily.ai/industry/2026/08/27/2026-08-27-%EC%9D%B4%EC%A0%9C%EA%BB%8F-%EA%B2%AA%EC%96%B4%EB%B3%B4%EC%A7%80-%EB%AA%BB%ED%95%9C-%EA%B0%9C%EB%B0%A9%EA%B0%90-%EC%A0%9C%EB%84%A4%EC%8B%9C%EC%8A%A4%EA%B0%80-%EB%9F%AD%EC%85%94%EB%A6%AC-SUV%EC%9D%98-%EC%83%88-%EA%B8%B0%EC%A4%80%EC%A0%90-%EB%AA%A8%EB%B9%8C%EB%A6%AC%ED%8B%B0-%EB%A6%AC%ED%8F%AC%ED%8A%B8,https://wimg.sedaily.com/news/cms/2026/08/27/news-g.v1.20260826.d19ebf429ef44d8f9207728696d51f20_P1.jpg,1200,587,ok
https://ailens.sedaily.ai/industry/2026/08/27/2026-08-27-%ED%8A%B9%ED%97%88-%EC%A0%88%EB%B2%BD-%EC%95%9E%EB%91%94-SK%EB%B0%94%EC%9D%B4%EC%98%A4%ED%8C%9C-1-1%EC%A1%B0-%EB%93%A4%EC%97%AC-%EC%B0%A8%EC%84%B8%EB%8C%80-%EB%87%8C%EC%A0%84%EC%A6%9D%EC%95%BD-%ED%99%95%EB%B3%B4,https://wimg.sedaily.com/news/cms/2026/08/26/news-g.v1.20260826.8e198a6070fa49f1b1f9a5e4985205a1_P1.jpg,1200,430,ok
https://ailens.sedaily.ai/markets/2026/08/27/2026-08-27-%EC%98%A4%EB%B9%84%EB%A7%A5%EC%A3%BC-%EB%B2%84%EA%B1%B0%ED%82%B9-%EB%B9%85%EB%94%9C-%EC%9D%B4%EB%81%88-19%EB%85%84-%EB%85%B8%ED%95%98%EC%9A%B0-%EB%AF%BC%EB%B3%91%EC%B2%A0%ED%98%B8-%EC%95%84%EB%A5%B4%ED%85%8C%EB%AF%B8%EC%8A%A4-%EB%8B%BB-%EC%98%AC%EB%A6%B0%EB%8B%A4-%EC%8B%9C%EA%B7%B8%EB%84%90,https://wimg.sedaily.com/news/cms/2026/08/26/news-p.v1.20260826.d53d84b413d14869ace13133156f1313_P1.jpg,400,600,ok
https://ailens.sedaily.ai/markets/2026/08/27/2026-08-27-%EC%A0%81%EC%9E%90-%EA%B8%B0%EC%97%85-%ED%95%A9%EB%B3%91%EC%97%90-%EC%83%81%EC%9E%A5%EC%82%AC-%EC%A3%BC%EA%B0%80-%EC%9A%B0%EC%88%98%EC%88%98-%EC%9D%B4%EB%9F%B0%EA%B5%AD%EC%9E%A5-%EC%A0%80%EB%9F%B0%EC%A3%BC%EC%8B%9D,https://wimg.sedaily.com/news/cms/2026/08/26/news-p.v1.20260825.57bc173c2e014e2f93c2e7f13cc50d9b_P1.png,808,600,ok
https://ailens.sedaily.ai/news/2026/08/27/2026-08-27-%ED%83%9C%EC%96%91%EA%B4%91-55-%EB%8A%98%EB%A9%B4-ESS-220-%EB%B0%B0%ED%84%B0%EB%A6%AC%EC%97%90-%EB%8B%AC%EB%A6%B0-%EC%A0%84%EB%A0%A5%EC%95%88%EB%B3%B4,https://wimg.sedaily.com/news/cms/2026/08/26/9/news-p.v1.20260811.9751482f1d004c02b5b8ef18af8c54d8_P1.jpg,513,262,ok
https://ailens.sedaily.ai/finance/2026/08/27/2026-08-27-15%EB%A7%8C%EB%AA%85-%EA%B5%90%EC%9C%A1-%EA%B8%88%EC%9C%B5-%EB%AC%B8%ED%84%B1-%EB%82%AE%EC%B6%94%EB%8A%94-%EC%8B%A0%ED%95%9C,https://wimg.sedaily.com/news/cms/2026/08/26/news-p.v1.20260716.eb8844e63c0b45ccabea24f78a294d23_P1.png,640,414,ok
https://ailens.sedaily.ai/markets/2026/08/27/2026-08-27-%EB%B0%95%ED%98%84%EC%A3%BC%EC%9D%98-%EB%94%94%EC%A7%80%ED%84%B8%EC%9E%90%EC%82%B0-%EC%B2%AD%EC%82%AC%EC%A7%84-150%EC%A1%B0-%EA%B7%9C%EB%AA%A8%EB%A1%9C-%EC%9C%A1%EC%84%B1%ED%95%A0-%EA%B2%83,https://wimg.sedaily.com/news/cms/2026/08/26/news-p.v1.20260826.11b8a8afa4304fc48ba74fb9f437fab6_P1.jpg,1200,2050,ok
https://ailens.sedaily.ai/international/2026/08/27/2026-08-26-%EB%AF%B8%EA%B5%AD-7%EC%9B%94-PCE-%EB%AC%BC%EA%B0%80-3-7-%EC%83%81%EC%8A%B9-%EC%98%88%EC%83%81%EC%B9%98-%EC%86%8C%ED%8F%AD-%EC%83%81%ED%9A%8C,https://sedaily-mbti-cms-media-dev.s3.us-east-1.amazonaws.com/media/mustknow-auto/20083767-webtoon-cut001.png,1824,1248,ok
https://ailens.sedaily.ai/international/2026/08/27/2026-08-26-%EC%9D%B4%EC%83%81%EA%B3%A0%EC%98%A8%EC%97%90-%EB%85%B9%EC%9D%80-%EB%B9%99%EC%84%A4%EB%A1%9C-%ED%99%8D%EC%88%98-%EB%A7%88%EC%9D%84-%ED%9C%A9%EC%93%B8%EC%9E%90-%EC%88%98%EB%A0%A5%EB%B0%9C%EC%A0%84%EC%86%8C-%EC%A7%93%EB%8D%98-%ED%95%9C%EA%B5%AD%EC%9D%B8-8%EB%AA%85-%EC%8B%A4%EC%A2%85,https://wimg.sedaily.com/news/cms/2026/08/26/rcv.YNA.20260826.PAF20260826132901009_P1.jpg,1200,800,ok
https://ailens.sedaily.ai/industry/2026/08/26/2026-08-26-%ED%8F%AD%EC%97%BC%EC%97%90-%EC%A0%84%EA%B8%B0%EB%A3%8C-%EB%B9%84%EC%83%81-%EB%8F%84%EB%A3%8C%EC%97%85%EA%B3%84-%EC%97%90%EB%84%88%EC%A7%80-%EC%A0%88%EA%B0%90-%EC%8B%9C%EC%9E%A5-%EC%A0%95%EC%A1%B0%EC%A4%80,https://wimg.sedaily.com/news/cms/2026/08/26/news-p.v1.20260826.f9faa1948d884f7f80706444a36d4919_P1.jpg,1200,800,ok
https://ailens.sedaily.ai/industry/2026/08/26/2026-08-26-LS%EC%9D%BC%EB%A0%89%ED%8A%B8%EB%A6%AD-GE%EB%B2%84%EB%85%B8%EB%B0%94%EC%99%80-%EC%A0%84%EC%95%95%ED%98%95-HVDC-%ED%95%A9%EC%9E%91%EB%B2%95%EC%9D%B8-%EC%84%B8%EC%9B%8C,https://wimg.sedaily.com/news/cms/2026/08/26/news-p.v1.20260826.bf047bd25a1b479289b83908ed003e20_P1.jpg,1200,800,ok
https://ailens.sedaily.ai/industry/2026/08/26/2026-08-26-K-%EA%B5%BF%EC%A6%88-%EC%95%9E%EC%84%B8%EC%9A%B4-140%EA%B3%B3-%EB%8C%80%ED%98%95-%EC%9C%A0%ED%86%B5%EB%A7%9D-%EB%AC%B8-%EB%91%90%EB%93%9C%EB%A6%B0%EB%8B%A4,https://wimg.sedaily.com/news/cms/2026/08/26/news-p.v1.20260826.59bd0f2e1e0841d78d826e61f5d54e1a_P1.jpg,1200,404,ok
https://ailens.sedaily.ai/industry/2026/08/26/2026-08-26-K-%EC%95%84%EB%9D%BC%EB%AF%B8%EB%93%9C-3%EC%B4%9D%EC%82%AC-AI-%ED%83%80%EA%B3%A0-%EA%B3%B5%EC%84%B8-%EB%9A%AB%EB%8A%94%EB%8B%A4,https://wimg.sedaily.com/news/cms/2026/08/26/news-p.v1.20260825.5117fce229344284b4e15b3b5c848bba_P1.jpg,1200,820,ok
https://ailens.sedaily.ai/markets/2026/08/26/2026-08-26-%EB%8F%88-%EB%B2%8C%EA%B3%A0-%EC%8B%B6%EB%8B%A4%EB%A9%B4-%EA%B8%88-%EB%A7%90%EA%B3%A0-%EC%9D%B4%EA%B2%83-%EC%82%AC%EB%9D%BC-%EB%B0%94%EB%8B%A5-%ED%83%88%EC%B6%9C%ED%95%98%EB%A9%B0-%EB%AA%A8%EB%A9%98%ED%85%80-%EC%82%B4%EC%95%84%EB%82%98-%EB%B6%84%EC%84%9D-%EB%82%98%EC%99%94%EB%8B%A4,https://wimg.sedaily.com/news/cms/2026/08/26/news-p.v1.20260826.0e66ce7a9f0b41f38e5e50816c2fdc9d_P1.jpg,1200,732,ok
https://ailens.sedaily.ai/markets/2026/08/26/2026-08-26-110%EC%A1%B0-%EC%A3%BC%EC%A3%BC%ED%99%98%EC%9B%90%EC%97%90%EB%8F%84-%ED%95%98%EB%9D%BD%ED%95%9C-%EC%82%BC%EC%A0%84-%EC%A3%BC%EA%B0%80-%EB%AA%A9%ED%91%9C%EA%B0%80-37%EB%A7%8C%EC%9B%90-%EC%A4%8D%EC%A4%8D%EB%A6%AC%ED%8F%AC%ED%8A%B8,https://wimg.sedaily.com/news/cms/2026/08/26/news-p.v1.20260824.ea5776f853ab4b328794d0c0f965ed73_P1.png,860,575,ok
https://ailens.sedaily.ai/markets/2026/08/26/2026-08-26-%EC%82%BC%EC%A0%84%EB%8B%89%EC%8A%A4-%ED%86%A0%ED%81%B0%ED%99%94%EC%97%90-%EA%B8%88-%EC%BD%94%EC%9D%B8%EA%B9%8C%EC%A7%80-%EC%96%B4%EB%A7%88%EC%96%B4%EB%A7%88%ED%95%9C-%EC%8B%9C%EC%9E%A5-%EC%97%B4%EB%A6%B0%EB%8B%A4,https://wimg.sedaily.com/news/cms/2026/08/26/news-p.v1.20260826.52b0bc2b2a61401d9240576e5e5baebb_P3.jpg,300,512,ok
https://ailens.sedaily.ai/news/2026/08/26/2026-08-26-%EC%BF%A0%ED%8C%A1-%EC%A1%B0%EC%82%AC%EA%B1%B0%EB%B6%80%EC%97%90-%EB%B0%98%EB%8C%80%ED%95%B4%EB%8F%84-%EC%98%A8%ED%94%8C%EB%B2%95-%EC%B6%94%EC%A7%84,https://wimg.sedaily.com/news/cms/2026/08/26/news-p.v1.20260826.e450df0cf6474862afdc7ebc865ef59a_P1.jpg,1024,641,ok
https://ailens.sedaily.ai/property/2026/08/26/2026-08-26-10%EC%9B%94%EB%B6%80%ED%84%B0-%EA%B3%A0%EC%86%8D%EB%B2%84%EC%8A%A4-%EB%8D%94-%EB%B9%84%EC%8B%B8%EC%A7%84%EB%8B%A4-%EC%9A%B4%EC%9E%84-9-%EC%9D%B8%EC%83%81-%ED%99%95%EC%A0%95,https://wimg.sedaily.com/news/cms/2026/08/26/news-p.v1.20260214.4338c536406e4e92a2b5c06224aa91a7_P1.jpg,1200,829,ok
https://ailens.sedaily.ai/news/2026/08/26/2026-08-26-%EC%A7%80%EC%84%A0-%ED%8C%A8%EB%B0%B0-%EC%B1%85%EC%9E%84-%EB%AC%BC%EB%9F%AC%EB%82%9C-%EC%9D%B4%EC%A4%80%EC%84%9D-%EC%A0%9C-3%EC%A7%80%EB%8C%80-%EC%A1%B4%ED%8F%90-%EA%B8%B0%EB%A1%9C,https://wimg.sedaily.com/news/cms/2026/08/26/news-p.v1.20260826.e68006ecc1954a2da0e6454b78252831_P1.jpg,1200,886,ok
https://ailens.sedaily.ai/news/2026/08/26/2026-08-26-%ED%85%94%EB%A0%88%EA%B7%B8%EB%9E%A8-%ED%83%80%EA%B3%A0-%EB%B2%88%EC%A7%84-%EB%A7%88%EC%95%BD-%EB%AF%B8%EC%84%B1%EB%85%84-%EC%82%AC%EB%B2%94-%EC%83%81%EB%B0%98%EA%B8%B0-456%EB%AA%85-5%EB%85%84-%EC%B5%9C%EB%8C%80,https://wimg.sedaily.com/news/cms/2026/08/26/news-p.v1.20260826.9e660d5886f042d390b1634b87848160_P1.jpg,1200,800,ok
https://ailens.sedaily.ai/news/2026/08/26/2026-08-26-5%EA%B7%B93%ED%8A%B9%EC%97%90-%EB%B0%98%EB%8F%84%EC%B2%B4-AI-%EB%93%B1-%EC%84%B1%EC%9E%A5%EC%97%94%EC%A7%84-%EB%8C%80%EA%B7%9C%EB%AA%A8-%ED%88%AC%EC%9E%90%EC%97%94-%ED%8A%B9%EB%B3%84%EB%B3%B4%EC%A1%B0%EA%B8%88,https://wimg.sedaily.com/news/cms/2026/08/26/rcv.YNA.20260826.PYH2026082613640001300_P1.jpg,1200,749,ok
https://ailens.sedaily.ai/industry/2026/08/26/2026-08-26-SK%EA%B0%80%EC%8A%A4-%EC%9E%90%ED%9A%8C%EC%82%AC-SK%EC%96%B4%EB%93%9C%EB%B0%B4%EC%8A%A4%EB%93%9C-%ED%95%A9%EB%B3%91-%ED%86%B5%ED%95%A9-%EB%B0%B8%EB%A5%98%EC%B2%B4%EC%9D%B8-%EA%B5%AC%EC%B6%95,https://wimg.sedaily.com/news/cms/2026/08/26/news-p.v1.20260826.7f1a4f34f7ec4ed2aa938baf57084a15_P1.jpg,679,543,ok
https://ailens.sedaily.ai/industry/2026/08/26/2026-08-26-%EA%B2%BD%EC%A0%9C-%EC%82%B0%EC%97%85%EB%8B%A8%EC%B2%B4-21%EA%B3%B3-%EC%82%B0%EC%97%85%EC%9A%A9-%EC%A7%80%EC%97%AD-%EC%A0%84%EA%B8%B0%EC%9A%94%EA%B8%88%EC%A0%9C-%EB%8F%84%EC%9E%85-%ED%99%98%EC%98%81-%EC%84%B1%EB%AA%85,https://wimg.sedaily.com/news/cms/2026/08/26/news-p.v1.20260826.d93268ff0f014a21bf39957df28f0413_P1.jpg,860,535,ok
https://ailens.sedaily.ai/industry/2026/08/26/2026-08-26-%EC%9A%94%EA%B8%B0%EC%9A%94-%EC%9C%84%ED%83%81%EC%97%85%EC%B2%B4%EC%84%9C-%EB%B0%B0%EB%8B%AC-%EC%A3%BC%EC%86%8C%EC%A7%80-%EB%93%B1-%EA%B0%9C%EC%9D%B8%EC%A0%95%EB%B3%B4-%EC%9C%A0%EC%B6%9C,https://wimg.sedaily.com/news/cms/2026/08/26/news-p.v1.20260826.81e4a7c6a0ab4d6c95cdc696c0345215_P1.png,691,292,ok
https://ailens.sedaily.ai/industry/2026/08/26/2026-08-26-SK%EC%9D%B4%EB%85%B8-SKIET-%ED%95%A9%EB%B3%91%EC%9C%BC%EB%A1%9C-%EC%97%B0%EA%B0%84-600%EC%96%B5-%EB%B9%84%EC%9A%A9-%EC%A0%88%EA%B0%90-2%EB%85%84%EB%82%B4-%ED%9D%91%EC%9E%90%EC%A0%84%ED%99%98,https://wimg.sedaily.com/news/cms/2026/08/26/news-p.v1.20260826.84c0582313d14153925dd3bac9ca1eeb_P1.png,1200,681,ok
https://ailens.sedaily.ai/markets/2026/08/26/2026-08-26-%EB%B0%98%EB%8F%84%EC%B2%B4-%EC%8A%88%ED%8D%BC%EC%82%AC%EC%9D%B4%ED%81%B4-2%EB%A7%89%EC%9D%80-%EC%86%8C%EB%B6%80%EC%9E%A5-%EB%AF%B8%EB%9E%98%EC%97%90%EC%85%8B-MLCC-%EA%B8%B0%ED%8C%90-%EC%A3%BC%EB%AA%A9,https://wimg.sedaily.com/news/cms/2026/08/26/news-p.v1.20260826.81ea83ddb3934639b395e8de4a06dc1e_P1.png,923,638,ok
https://ailens.sedaily.ai/markets/2026/08/26/2026-08-26-%EB%94%94%EC%A7%80%ED%84%B8%EA%B8%88%EC%9C%B5-%EC%83%9D%ED%83%9C%EA%B3%84-%EB%A9%94%EA%B8%B0-%EB%90%9C-%EB%AF%B8%EB%9E%98%EC%97%90%EC%85%8B-%EB%B0%95%ED%98%84%EC%A3%BC-%EB%A7%A4%EC%A7%81-%EB%98%90-%ED%86%B5%ED%95%A0%EA%B9%8C,https://wimg.sedaily.com/news/cms/2026/08/26/news-p.v1.20260826.ba185c3649a6473095c797532c98085e_P1.jpg,1200,799,ok
https://ailens.sedaily.ai/markets/2026/08/26/2026-08-26-%ED%9C%B4%EC%98%A8%EC%8A%A4-%EC%A3%BC%EA%B0%80-%ED%95%98%EB%9D%BD-%EC%A3%BC%EC%A3%BC-%EB%B0%98%EB%8C%80%EC%97%90-%ED%9C%B4%EC%98%A8%EC%8A%A4%EB%9E%A9-%ED%95%A9%EB%B3%91-%EC%B2%A0%ED%9A%8C,https://wimg.sedaily.com/news/cms/2026/08/26/news-p.v1.20260826.7b9ef8566c7e46dea005b949cc2ebea8_P1.jpg,612,147,ok
https://ailens.sedaily.ai/markets/2026/08/26/2026-08-26-%EC%95%84%EB%B9%A0-%EC%9C%A1%ED%9C%B4-%EB%8A%98%EC%97%88%EB%8B%A4%EC%A7%80%EB%A7%8C-%EC%A6%9D%EA%B6%8C%EB%A7%A8%EC%97%94-%EC%95%84%EC%A7%81-%EB%82%A8%EC%9D%98-%EC%9D%BC,https://wimg.sedaily.com/news/cms/2026/08/26/news-p.v1.20260823.7fee1650fba34d64b7e58b33ccc550d6_P1.jpg,640,425,ok
https://ailens.sedaily.ai/finance/2026/08/26/2026-08-26-%EB%8B%B9%EA%B5%AD-%EA%B1%B0%EB%9E%98%EC%86%8C-%EB%8C%80%EC%A3%BC%EC%A3%BC-%EC%A7%80%EB%B6%84-20-%EC%A0%9C%ED%95%9C-%EC%B6%94%EC%A7%84,https://wimg.sedaily.com/news/cms/2026/08/26/news-p.v1.20260817.dd003e820adb423fbfb2137d4280f988_P1.png,880,593,ok
https://ailens.sedaily.ai/finance/2026/08/26/2026-08-26-NH%EB%86%8D%ED%98%91%EC%9D%80%ED%96%89-%ED%83%80%ED%96%89%EB%8C%80%ED%99%98-40%EB%85%84-%EC%A3%BC%EB%8B%B4%EB%8C%80-%EC%9E%AC%EA%B0%9C%ED%95%9C%EB%8B%A4,https://wimg.sedaily.com/news/cms/2026/08/26/news-p.v1.20260102.344cb2af4f5e45ef8119470d05d4c2ce_P1.jpg,500,340,ok
https://ailens.sedaily.ai/property/2026/08/26/2026-08-26-%EB%A9%88%EC%B6%B0-%EC%84%A0-PF-%EC%82%AC%EC%97%85%EC%9E%A5-%EC%B2%AD%EB%85%84-%EC%8B%A0%ED%98%BC%EB%B6%80%EB%B6%80-%EC%A7%91%EC%9C%BC%EB%A1%9C,https://wimg.sedaily.com/news/cms/2026/08/26/news-p.v1.20260302.096fef5939524e9b9ff6347d31d72026_P1.jpg,1200,722,ok
https://ailens.sedaily.ai/news/2026/08/26/2026-08-26-%EC%9E%AC%EC%83%9D%EC%97%90%EB%84%88%EC%A7%80%EB%A1%9C-%EC%9B%90%EC%A0%84-45%EA%B8%B0-%EC%A0%84%EB%A0%A5-%EB%A7%8C%EB%93%A0%EB%8B%A4,https://wimg.sedaily.com/news/cms/2026/08/26/rcv.YNA.20260826.PYH2026082612810001300_P1.jpg,1200,784,ok
https://ailens.sedaily.ai/news/2026/08/26/2026-08-26-%EC%98%81-%ED%98%B8%EB%82%A8-%EC%82%B0%EC%97%85%EC%9A%A9-%EC%A0%84%EA%B8%B0%EC%9A%94%EA%B8%88-%EC%B5%9C%EB%8C%80-10-%EC%8B%B8%EC%A7%84%EB%8B%A4,https://wimg.sedaily.com/news/cms/2026/08/26/rcv.YNA.20260826.PYH2026082612790001301_P1.jpg,1200,825,ok
https://ailens.sedaily.ai/finance/2026/08/26/2026-08-26-%EB%B9%84%EA%B1%B0%EC%A3%BC-1%EC%A3%BC%ED%83%9D%EC%9E%90-%EA%B3%B5%EC%A0%9C-%EA%B3%B5%EC%8B%9C%EA%B0%80-12%EC%96%B5-%EC%9C%A0%EC%A7%80-%EA%B0%80%EB%8B%A5,https://wimg.sedaily.com/news/cms/2026/08/26/news-p.v1.20260826.1e2d56d3a1684347a267811727dc95a3_P1.jpg,1200,741,ok
https://ailens.sedaily.ai/news/2026/08/26/2026-08-26-%EC%9D%B4%EC%A7%84%EC%88%99-%EC%A0%9C%EB%AA%85-%EC%B4%89%EA%B5%AC%EC%95%88-%EB%B3%B8%ED%9A%8C%EC%9D%98-%ED%86%B5%EA%B3%BC-%ED%97%8C%EC%A0%95%EC%82%AC-%EC%B2%AB-%EC%82%AC%EB%A1%80,https://wimg.sedaily.com/news/cms/2026/08/26/rcv.YNA.20260826.PYH2026082618190001300_P1.jpg,1200,845,ok
https://ailens.sedaily.ai/news/2026/08/26/2026-08-26-%EC%A4%91%EC%88%98%EC%B2%AD%EC%9E%A5-%EC%9D%B8%EC%82%AC%EC%B2%AD%EB%AC%B8%EB%B2%95-%EA%B5%AD%ED%9A%8C-%ED%86%B5%EA%B3%BC-%EC%97%AC%EC%95%BC-%EC%88%98%EC%82%AC%EA%B6%8C-%EB%86%93%EA%B3%A0-%EC%8B%A0%EA%B2%BD%EC%A0%84,https://wimg.sedaily.com/news/cms/2026/08/26/rcv.NEWS1.NEWS1.20260826.2026-08-26T113609_1008072846_POLITICS_I_P1.jpg,1200,800,ok
https://ailens.sedaily.ai/finance/2026/08/26/2026-08-26-%ED%95%B4%EC%99%B8%EC%82%AC%EB%A1%80-%EB%B3%B8%EC%A0%81-%EC%97%86%EC%96%B4-%EC%A7%80%EC%A3%BC%ED%9A%8C%EC%9E%A5-3%EC%97%B0%EC%9E%84-%EB%B2%95%EC%9C%BC%EB%A1%9C-%EC%95%88-%EB%A7%89%EB%8A%94%EB%8B%A4,https://wimg.sedaily.com/news/cms/2026/08/26/news-p.v1.20260731.be197976f90540c08804d8e23c54a252_P1.png,880,593,ok
https://ailens.sedaily.ai/news/2026/08/26/2026-08-26-%EC%95%84%EC%9D%B4-%EC%95%88-%EB%82%B3%EB%8D%98-%ED%95%9C%EA%B5%AD%EC%9D%B4-%EB%8B%AC%EB%9D%BC%EC%A1%8C%EB%8B%A4-%EB%AC%B4%EC%8A%A8-%EC%9D%BC-%EC%B6%9C%EC%82%B0%EC%9C%A8-%EB%B0%98%EB%93%B1%ED%95%9C-%EC%9D%B4%EC%9C%A0%EA%B0%80,https://wimg.sedaily.com/news/cms/2026/08/26/news-p.v1.20260826.a47e97387d9145929d83589ead3ba5d4_P1.png,640,387,ok
https://ailens.sedaily.ai/property/2026/08/26/2026-08-26-%EC%A0%95%EB%B9%84%EC%82%AC%EC%97%85-%EC%9A%A9%EC%A0%81%EB%A5%A0-1-2%EB%B0%B0-%EC%83%81%ED%96%A5-%EC%A0%91%EC%A0%90-4-3%EB%A7%8C%EA%B0%80%EA%B5%AC-%EC%B6%94%EA%B0%80-%EA%B3%B5%EA%B8%89-%EA%B0%80%EB%8A%A5,https://wimg.sedaily.com/news/cms/2026/08/26/news-p.v1.20260826.61e5f574791843329e3fb859b9d06e46_P1.jpg,1200,887,ok
https://ailens.sedaily.ai/news/2026/08/26/2026-08-26-%EC%98%A4%ED%94%BC%EC%8A%A4%ED%85%94%EB%8F%84-%EC%83%9D%EC%95%A0-%EC%B2%AB-%EC%B7%A8%EB%93%9D%EC%84%B8-%EA%B0%90%EB%A9%B4-%EC%B2%AD%EB%85%84%EC%9D%80-%EC%B5%9C%EB%8C%80-300%EB%A7%8C%EC%9B%90,https://wimg.sedaily.com/news/cms/2026/08/26/news-g.v1.20260826.df6055bc9d554708aba512622a9c2aeb_P1.jpg,1200,513,ok
https://ailens.sedaily.ai/industry/2026/08/26/2026-08-26-%ED%83%88%EC%9B%90%EC%A0%84-%EB%B3%B4%EB%8B%A4-%EB%B3%B4%EA%B8%89-%EB%B9%A8%EB%9D%BC-%EA%B3%84%ED%86%B5-%EC%95%88%EC%A0%95-%EB%AA%BB-%EB%94%B0%EB%9D%BC%EC%98%A4%EB%A9%B4-%EA%B3%BC%EC%86%8D-%ED%9B%84%EC%9C%A0%EC%A6%9D,https://wimg.sedaily.com/news/cms/2026/08/26/news-p.v1.20260826.5cc77b46bed74c11bc84835ebb08160e_P1.jpeg,1200,692,ok
https://ailens.sedaily.ai/news/2026/08/26/2026-08-26-%EC%86%94%EB%9D%BC-%ED%97%88%EB%B8%8C-%EC%86%8D%EB%8F%84%EB%82%B4%EB%8A%94-%ED%95%9C%ED%99%94%ED%81%90%EC%85%80-3%EC%96%B5-%EC%B6%94%EA%B0%80-%EC%A1%B0%EB%8B%AC-%EC%B6%94%EC%A7%84-%EC%8B%9C%EA%B7%B8%EB%84%90,https://wimg.sedaily.com/news/cms/2026/08/26/news-p.v1.20260826.9dc6937eb9c34dbc85b382a2a3b22549_P1.jpg,1200,675,ok
https://ailens.sedaily.ai/markets/2026/08/26/2026-08-26-%EA%B3%A0%EA%B8%88%EB%A6%AC%EC%97%90%EB%8F%84-%ED%9A%8C%EC%82%AC%EC%B1%84-%EC%8A%A4%ED%94%84%EB%A0%88%EB%93%9C-%EC%B6%95%EC%86%8C-%EC%9A%B0%EB%9F%89%EC%B1%84-%EC%BA%90%EB%A6%AC-%EC%88%98%EC%9A%94-%EC%9C%A0%EC%9E%85-%EC%8B%9C%EA%B7%B8%EB%84%90,https://wimg.sedaily.com/news/cms/2026/08/26/news-p.v1.20260826.654c1843976f44a2ac68d36ca8ac5c34_P1.jpg,620,412,ok
https://ailens.sedaily.ai/industry/2026/08/26/2026-08-26-%EC%82%BC%EC%84%B1%EC%A0%84%EC%9E%90-%EC%97%B0%EC%82%B0%EA%B8%B0-%EB%84%A3%EC%9D%80-%EB%A9%94%EB%AA%A8%EB%A6%AC-%EC%8B%A4%EC%A6%9D-AI-%EB%8B%B5%EB%B3%80-%EC%86%8D%EB%8F%84-3%EB%B0%B0-%EB%B9%A8%EB%9D%BC%EC%A1%8C%EB%8B%A4,https://wimg.sedaily.com/news/cms/2026/08/26/news-p.v1.20260826.f6e2f0d273e94ad39e155c39569e3346_P1.png,700,459,ok
https://ailens.sedaily.ai/industry/2026/08/26/2026-08-26-%EC%9D%B4%EB%B2%88%EC%97%94-%ED%99%8D%ED%95%B4-%EB%A6%AC%EC%8A%A4%ED%81%AC-%EC%82%AC%EC%9A%B0%EB%94%94-%EC%88%98%EC%B6%9C%EB%8F%84-%EB%A7%89%EB%A7%89,https://wimg.sedaily.com/news/cms/2026/08/26/news-p.v1.20260826.9fb230cd07cc499e8f2b33548644e8f6_P1.jpg,860,573,ok
https://ailens.sedaily.ai/industry/2026/08/26/2026-08-26-%ED%98%84%EB%8C%80%EC%B0%A8-%EA%B0%95%EA%B3%B5%EC%B1%85-%EC%A0%84%ED%99%98%ED%95%B4-%EC%83%9D%EC%82%B0%EB%8A%A5%EB%A0%A5-127%EB%A7%8C%EB%8C%80-%ED%99%95%EB%8C%80-2%EB%85%84-%EB%92%A4-%EC%B2%AB-%EC%9E%90%EC%9C%A8%EC%B0%A8-%EC%96%91%EC%82%B0,https://wimg.sedaily.com/news/cms/2026/08/26/news-p.v1.20260826.bbd0c7e686e34496b47ab46c331da710_P1.jpg,1200,785,ok
https://ailens.sedaily.ai/industry/2026/08/26/2026-08-26-%ED%98%84%EB%8C%80%EC%B0%A8-5%EB%85%84%EA%B0%84-%EC%8B%A0%EC%B0%A8-100%EC%A2%85-%EC%8F%9F%EC%95%84%EB%82%B8%EB%8B%A4,https://sedaily-mbti-cms-media-dev.s3.us-east-1.amazonaws.com/media/mustknow-auto/20083673-webtoon-cut001.png,1824,1248,ok
https://ailens.sedaily.ai/markets/2026/08/26/2026-08-26-%EA%B8%B0%EC%97%85-%EA%B3%B5%EC%8B%9C-8%EC%9B%94-26%EC%9D%BC,https://sedaily-mbti-cms-media-dev.s3.us-east-1.amazonaws.com/media/mustknow-auto/20083565-webtoon-cut001.png,1824,1248,ok
https://ailens.sedaily.ai/markets/2026/08/26/2026-08-26-%EB%8B%A8%EC%9D%BC%EC%A2%85%EB%AA%A9-%EB%A0%88%EB%B2%84%EB%A6%AC%EC%A7%80-%EC%B0%AC%EB%B0%94%EB%9E%8C-%EA%B1%B0%EB%9E%98%EB%8C%80%EA%B8%88-90-%EA%B8%89%EA%B0%90,https://wimg.sedaily.com/news/cms/2026/08/26/news-p.v1.20260826.e3e057ee1b374deebd1a838cfd82e201_P1.jpg,1200,742,ok
https://ailens.sedaily.ai/markets/2026/08/26/2026-08-26-%EC%A3%BC%EC%A3%BC%ED%99%98%EC%9B%90%EC%97%90%EB%8F%84-%EC%A3%BC%EA%B0%80-%EC%95%88%EC%98%AC%EB%9D%BC-%EC%9D%B4-%EB%B3%B4%EC%97%AC%EC%A4%80-%EA%B3%A0%EB%B0%B0%EB%8B%B9-%ED%95%A8%EC%A0%95,https://wimg.sedaily.com/news/cms/2026/08/26/news-p.v1.20260826.08eb2fd4bdf748c5b7b6694a8bf67857_P1.jpg,860,584,ok
https://ailens.sedaily.ai/markets/2026/08/26/2026-08-26-%EC%98%81%ED%92%8D-MBK-%EA%B3%A0%EB%A0%A4%EC%95%84%EC%97%B0-%EC%9D%98%EA%B2%B0%EA%B6%8C-%EA%B8%88%EC%A7%80-%EA%B0%80%EC%B2%98%EB%B6%84-%EC%9E%84%EC%8B%9C-%EC%A3%BC%EC%B4%9D-%EB%B3%80%EC%88%98%EB%A1%9C-%EC%8B%9C%EA%B7%B8%EB%84%90,https://wimg.sedaily.com/news/cms/2026/08/26/news-p.v1.20260826.05ad5a71d981436e95fc95252ef22287_P1.jpg,860,307,ok
https://ailens.sedaily.ai/news/2026/08/26/2026-08-26-%EC%86%8D%EB%B3%B4-%EB%AC%B4%EC%95%88%EA%B3%B5%ED%95%AD-%EB%A1%9C%EC%BB%AC%EB%9D%BC%EC%9D%B4%EC%A0%80-%EB%AC%B8%EC%A0%9C-%EC%A1%B0%EC%A7%81%EC%A0%81-%EC%9D%80%ED%8F%90-%EA%B5%AD%ED%86%A0%EB%B6%80%EC%A7%81%EC%9B%90-7%EB%AA%85-%EC%86%A1%EC%B9%98,https://wimg.sedaily.com/news/cms/2026/08/26/news-p.v1.20260826.e428ce0846be46a5bf9f259382c92155_P1.png,620,273,ok
https://ailens.sedaily.ai/news/2026/08/26/2026-08-26-%EC%A3%BC%EC%9C%A0%EC%86%8C-%ED%83%80%EC%82%AC-%EA%B8%B0%EB%A6%84-40-%EA%B9%8C%EC%A7%80-%EA%B5%AC%EB%A7%A4-%ED%97%88%EC%9A%A9-%EC%82%AC%ED%9B%84%EC%A0%95%EC%82%B0-%EC%9B%90%EC%B9%99-%ED%8F%90%EC%A7%80,https://wimg.sedaily.com/news/cms/2026/08/26/news-p.v1.20260821.6cd8dc8e346c4847aadee30e8466c5f9_P1.jpg,1200,767,ok
https://ailens.sedaily.ai/industry/2026/08/26/2026-08-26-%EB%B0%B0%EB%8B%AC%EC%95%B1-%ED%8F%AD%EC%97%BC%EC%97%90-%EB%8C%80%EB%B0%95%EB%82%AC%EB%8A%94%EB%8D%B0-%EA%B5%AD%EB%AF%BC-%EB%AC%B4%EC%84%AD%EB%8B%A4%EB%8A%94-%EA%B2%83-%EB%B3%B4%EC%97%AC%EB%8B%AC%EB%9D%BC-%EC%86%8C%ED%99%98%EB%90%9C-%EB%B0%9C%EC%96%B8,https://wimg.sedaily.com/news/cms/2026/08/26/rcv.YNA.20260825.PYH2026082505920001300_P1.jpg,1200,874,ok
https://ailens.sedaily.ai/news/2026/08/26/2026-08-26-6%EC%9B%94-%EC%B6%9C%EC%83%9D%EC%95%84-15-6-%EB%8A%98%EC%96%B4-%EC%97%AD%EB%8C%80-%EC%B5%9C%EB%8C%80-%EC%83%81%EB%B0%98%EA%B8%B0-%EC%A6%9D%EA%B0%80%ED%8F%AD%EB%8F%84-%EC%B5%9C%EA%B3%A0,https://wimg.sedaily.com/news/cms/2026/08/26/news-p.v1.20260826.91c92abf6b83466e8c9e3a0f89b1c9b4_P1.jpg,1200,800,ok
https://ailens.sedaily.ai/finance/2026/08/26/2026-08-26-SK%ED%95%98%EC%9D%B4%EB%8B%89%EC%8A%A4-ADR-%EC%9D%B4%EB%81%88-%EC%94%A8%ED%8B%B0%EC%A6%9D%EA%B6%8C-IB-%EC%8B%9C%EC%9E%A5%EC%84%9C-%EA%B8%B0%EB%A1%9D%EC%A0%81-%ED%96%89%EB%B3%B4-%EC%8B%9C%EA%B7%B8%EB%84%90,https://wimg.sedaily.com/news/cms/2026/08/26/news-p.v1.20260817.634603e4d74e44e392f38b48c26ac48f_P1.jpg,960,960,ok
https://ailens.sedaily.ai/markets/2026/08/26/2026-08-26-%EA%B8%80%EB%A1%9C%EB%B2%8C-%EA%B8%88%EB%A6%AC-%EB%B6%88%EC%95%88%EC%97%90%EB%8F%84-%EC%A4%91%EA%B5%AD%EC%9D%B4-%EB%A7%8C%EB%93%A0-%ED%95%9C%EA%B5%AD%EB%AC%BC-%ED%81%B0-%EC%9E%A5-%EC%8B%9C%EA%B7%B8%EB%84%90,https://wimg.sedaily.com/news/cms/2026/08/26/news-p.v1.20260823.654185af5351492bba113e1457bc83a4_P1.png,1198,851,ok
https://ailens.sedaily.ai/industry/2026/08/26/2026-08-26-SGC%EC%97%90%EB%84%88%EC%A7%80-%EC%A0%84%EB%B6%81-AI-%EB%8D%B0%EC%9D%B4%ED%84%B0%EC%84%BC%ED%84%B0-%EA%B1%B4%EC%84%A4%EC%97%90-%EB%AF%BC%EA%B4%80-%ED%98%91%EB%A0%A5%EC%B2%B4%EA%B3%84-%EB%96%B4%EB%8B%A4,https://wimg.sedaily.com/news/cms/2026/08/26/news-p.v1.20260826.cc81e39ed6994a3b9cfb7c33fefbbd28_P1.jpg,1200,644,ok
https://ailens.sedaily.ai/industry/2026/08/26/2026-08-26-SK%EB%B0%94%EC%9D%B4%EC%98%A4%ED%8C%9C-1-1%EC%A1%B0-%EB%B2%A0%ED%8C%85-%EB%87%8C%EC%A0%84%EC%A6%9D-%EC%8B%A0%EC%95%BD-%EB%B0%9C%EA%B5%B4-%ED%94%8C%EB%9E%AB%ED%8F%BC-%ED%92%88%EC%97%88%EB%8B%A4,https://wimg.sedaily.com/news/cms/2026/08/26/news-p.v1.20260826.b7644b4ea54d420797562ffd13ad9526_P1.png,547,227,ok
https://ailens.sedaily.ai/industry/2026/08/26/2026-08-26-%EC%A0%80%EC%88%98%EC%9D%B5-%ED%95%9C%EA%B3%84%EA%B8%B0%EC%97%85%EC%97%90-%EB%AA%B0%EB%A6%B0-%EC%A0%95%EC%B1%85%EC%9E%90%EA%B8%88-%EC%84%B1%EA%B3%BC-%EB%82%BC-%EA%B3%B3%EC%97%90-%EB%8D%94-%EC%A4%98%EC%95%BC,https://wimg.sedaily.com/news/cms/2026/08/26/news-p.v1.20260826.71ab2b6a2aa14cfa9992414f640cdc68_P1.png,953,843,ok
https://ailens.sedaily.ai/industry/2026/08/26/2026-08-26-%ED%98%84%EB%8C%80%EC%B0%A8-2030%EB%85%84%EA%B9%8C%EC%A7%80-%EC%8B%A0%EC%B0%A8-100%EC%A2%85-%EC%B6%9C%EC%8B%9C-%EC%97%B0%EA%B0%84-%EC%83%9D%EC%82%B0-127%EB%A7%8C-%EB%8C%80-%ED%99%95%EB%8C%80,https://wimg.sedaily.com/news/cms/2026/08/26/news-p.v1.20260826.b71491c3a6b7470c9f10fc6f2e611f94_P1.jpg,670,425,ok
https://ailens.sedaily.ai/markets/2026/08/26/2026-08-26-%EB%9F%AC-%EA%B5%AD%EC%98%81-%ED%86%B5%EC%8B%A0%EC%82%AC-%EB%AF%B8-%EC%9D%B4%EB%9E%80-%ED%9C%B4%EC%A0%84-%EB%B3%B4%EB%8F%84%EC%97%90-%EC%9E%AC%EA%B1%B4-%EC%9D%BC%EC%A0%9C%ED%9E%88-%EC%83%81%EC%8A%B9-%EB%A7%88%EC%BC%93%EC%8B%9C%EA%B7%B8%EB%84%90,https://wimg.sedaily.com/news/cms/2026/08/26/news-p.v1.20260809.a6804e5b71b84b1884571d95cb8cc858_P1.jpg,1200,800,ok
https://ailens.sedaily.ai/markets/2026/08/26/2026-08-26-7900%EC%96%B5-%EC%9E%90%EC%82%AC%EC%A3%BC-%EC%86%8C%EA%B0%81%EC%97%90%EB%8F%84-%EC%8B%9C%ED%81%B0%EB%91%A5-%EC%8B%9C%EC%B4%9D-4%EC%9C%84-%ED%98%84%EB%8C%80%EC%B0%A8-2-%EB%8C%80-%EC%95%BD%EC%84%B8-%EC%9D%B4%EB%9F%B0%EA%B5%AD%EC%9E%A5-%EC%A0%80%EB%9F%B0%EC%A3%BC%EC%8B%9D,https://wimg.sedaily.com/news/cms/2026/08/26/news-p.v1.20260826.d4b08ef8ec0c43048d7a1b266128c00f_P1.png,860,533,ok
https://ailens.sedaily.ai/markets/2026/08/26/2026-08-26-%EC%82%BC%EC%84%B1%EC%83%9D%EB%AA%85-9-%EC%82%BC%EC%84%B1%EB%AC%BC%EC%82%B0-5-%EC%83%81%EC%8A%B9-%EC%82%BC%EC%A0%84-110%EC%A1%B0-%ED%99%98%EC%9B%90-%EC%98%81%ED%96%A5-%EC%A4%8D%EC%A4%8D%EB%A6%AC%ED%8F%AC%ED%8A%B8,https://wimg.sedaily.com/news/cms/2026/08/26/news-p.v1.20260824.ea5776f853ab4b328794d0c0f965ed73_P1.png,860,575,ok
https://ailens.sedaily.ai/markets/2026/08/26/2026-08-26-DB%ED%98%95-%EC%88%98%EC%9D%B5%EB%A5%A0-%EB%B6%88%EA%B3%BC-%EC%97%B0-3-5-%EC%9E%84%EA%B8%88%EC%83%81%EC%8A%B9%EB%A5%A0-%EC%9D%B4%EC%83%81%EC%9C%BC%EB%A1%9C-%EC%98%AC%EB%A0%A4%EC%95%BC,https://wimg.sedaily.com/news/cms/2026/08/26/news-p.v1.20260826.4d0fda17ddd14273afb5be0c777f3e18_P1.png,600,400,ok
https://ailens.sedaily.ai/news/2026/08/26/2026-08-26-%EC%9D%B4%EC%A4%80%EC%84%9D-%EC%A0%84%EA%B2%A9-%EC%82%AC%ED%87%B4-%EA%B0%9C%ED%98%81%EC%8B%A0%EB%8B%B9-%ED%99%80%EB%A1%9C%EC%84%9C%EA%B8%B0-%EC%A4%91%EB%8C%80-%EA%B8%B0%EB%A1%9C,https://wimg.sedaily.com/news/cms/2026/08/26/news-p.v1.20260826.b468b490fe6f420c9d51097c72be5955_P1.jpg,1200,807,ok
https://ailens.sedaily.ai/news/2026/08/26/2026-08-26-%EB%86%8D%EC%97%85%EC%A7%81%EB%B6%88%EA%B8%88-%EB%86%8D%EC%99%B8%EC%86%8C%EB%93%9D-%EA%B8%B0%EC%A4%80-17%EB%85%84-%EB%A7%8C%EC%97%90-%EC%83%81%ED%96%A5-3700%EB%A7%8C-4700%EB%A7%8C-%EC%9B%90,https://wimg.sedaily.com/news/cms/2026/08/26/rcv.NEWS1.NEWS1.20260729.2026-07-29T123011_1008031057_LOCAL_I_P1.jpg,1200,727,ok
https://ailens.sedaily.ai/property/2026/08/26/2026-08-26-%EC%84%9C%EC%9A%B8%EC%8B%9C-%EA%B5%AD%ED%86%A0%EB%B6%80-%EC%9E%AC%EA%B0%9C%EB%B0%9C-%EC%9A%A9%EC%A0%81%EB%A5%A0-1-2%EB%B0%B0-%EC%99%84%ED%99%94-%EB%85%BC%EC%9D%98-%EC%A7%84%EC%A0%84-4-3%EB%A7%8C%EA%B0%80%EA%B5%AC-%EC%B6%94%EA%B0%80-%EA%B3%B5%EA%B8%89-%EA%B0%80%EB%8A%A5%EC%84%B1,https://wimg.sedaily.com/news/cms/2026/08/26/rcv.YNA.20260826.PYH2026082607340001300_P1.jpg,1200,924,ok
https://ailens.sedaily.ai/international/2026/08/26/2026-08-26-%EB%B6%88%EC%96%B4%EB%8F%84-%EC%B0%A8%EB%B3%84%EC%9D%B4%EB%9D%BC%EB%8A%94-%EC%96%B4%EB%B6%80%EC%A7%80%EB%A6%AC-%EA%B8%B0%ED%9A%8C%EB%9D%BC%EB%A9%B4-%ED%8A%B8%EB%9F%BC%ED%94%84-%EC%8A%A4%ED%86%A1%EC%BB%A4,https://wimg.sedaily.com/news/cms/2026/08/26/rcv.YNA.20260825.PAP20260825041301009_P1.jpg,1200,839,ok
https://ailens.sedaily.ai/markets/2026/08/26/2026-08-26-%ED%9A%8C%EC%9E%A5-%EC%9D%BC%EA%B0%80-%EC%82%AC%EC%9D%B5-%EC%B6%94%EA%B5%AC-%EC%9D%98%ED%98%B9-%EC%98%81%ED%92%8D-MBK-vs-%EA%B3%A0%EB%A0%A4%EC%95%84%EC%97%B0-%EC%A3%BC%EC%B4%9D-%EC%A0%84-%EA%B3%B5%EB%B0%A9-%EA%B2%A9%ED%99%94-%EC%8B%9C%EA%B7%B8%EB%84%90,https://wimg.sedaily.com/news/cms/2026/08/26/news-p.v1.20260826.05ad5a71d981436e95fc95252ef22287_P1.jpg,860,307,ok
https://ailens.sedaily.ai/industry/2026/08/26/2026-08-26-%EB%B2%84%ED%8A%BC-%EB%88%84%EB%A5%B4%EB%A9%B4-%ED%99%94%EB%A9%B4%EC%9D%B4-%EC%8A%A4%EB%A5%B4%EB%A5%B5-%EC%82%BC%EC%84%B1D-GV90-%EA%B0%80%EB%B3%80%ED%98%95-OLED-%EA%B3%B5%EA%B8%89,https://wimg.sedaily.com/news/cms/2026/08/26/news-p.v1.20260826.ebed38e12aeb466e824ae2b8e5368572_P1.jpg,1200,586,ok
https://ailens.sedaily.ai/industry/2026/08/26/2026-08-26-%EC%9A%B0%EB%A6%AC-%EB%AA%A8%EB%8D%B8%EC%9D%B4-%EC%B1%97GPT%EB%B3%B4%EB%8B%A4-%EB%8D%94-%EC%A2%8B%EB%8B%A4-%EC%9E%90%EC%B2%B4-AI-%EA%B0%9C%EB%B0%9C%ED%95%98%EB%8A%94-%EA%B8%B0%EC%97%85%EB%93%A4-%EB%AF%BF%EB%8A%94-%EA%B1%B4-%EB%B0%94%EB%A1%9C,https://wimg.sedaily.com/news/cms/2026/08/26/news-p.v1.20260824.0193c8c15431473ebfcd2da693fa2fdd_P1.jpg,1200,675,ok
https://ailens.sedaily.ai/industry/2026/08/26/2026-08-26-%EB%AA%A8%ED%98%B8%ED%95%9C-%EB%B0%B0%EC%9E%84%EC%A3%84-%EA%B8%B0%EC%97%85-%ED%88%AC%EC%9E%90-%EC%A4%84%EC%9D%B8%EB%8B%A4-%ED%95%9C%EA%B2%BD%ED%98%91-%ED%98%81%EC%8B%A0-%EC%9C%84%EC%B6%95-%EC%9A%B0%EB%A0%A4,https://wimg.sedaily.com/news/cms/2026/08/26/news-p.v1.20260826.bc64801d0ca64d2198b0b256a8635444_P1.png,1052,506,ok
https://ailens.sedaily.ai/industry/2026/08/26/2026-08-26-%EC%98%A8%EB%9D%BC%EC%9D%B8-%EC%9C%A0%ED%86%B5-%EB%B9%84%EC%A4%91-60-8-%EC%97%AD%EB%8C%80-%EC%B5%9C%EB%8C%80-%EB%8C%80%ED%98%95%EB%A7%88%ED%8A%B8-SSM-%EB%B6%80%EC%A7%84-%EC%A7%80%EC%86%8D,https://wimg.sedaily.com/news/cms/2026/08/26/news-p.v1.20260826.cc2789d2d6c844ed9bbb51f5f37c30ef_P1.png,1200,800,ok
https://ailens.sedaily.ai/markets/2026/08/26/2026-08-26-%ED%95%9C%EA%B5%AD%ED%88%AC%EC%9E%90%EC%A6%9D%EA%B6%8C-%EA%B5%B0%EC%82%B0-AI-%EB%8D%B0%EC%9D%B4%ED%84%B0%EC%84%BC%ED%84%B0-%ED%88%AC%EC%9E%90-PF-%EC%8B%A0%EC%82%AC%EC%97%85-%ED%99%95%EB%8C%80,https://wimg.sedaily.com/news/cms/2026/08/26/news-p.v1.20260826.1d9e06ed87684a649862606bd082c28d_P1.png,512,308,ok
https://ailens.sedaily.ai/markets/2026/08/26/2026-08-26-%EC%A4%91%EB%8F%99-%EB%B6%84%EC%9F%81-%EB%93%9C%EB%94%94%EC%96%B4-%EC%99%84%ED%99%94%EB%90%A0%EA%B9%8C-%ED%95%AD%EA%B3%B5-5-%ED%95%B4%EC%9A%B4-6-%ED%9D%AC%EB%B9%84-%EB%A7%88%EC%BC%93%EC%8B%9C%EA%B7%B8%EB%84%90,https://wimg.sedaily.com/news/cms/2026/08/26/news-p.v1.20260806.bf8c8f06c42745bea2130a9e924398d5_P1.png,500,317,ok
https://ailens.sedaily.ai/markets/2026/08/26/2026-08-26-%EA%B8%88%EB%A6%AC-%EC%98%A4%EB%A5%BC-%EB%95%8C%EB%8A%94-%EC%9D%B4-%EC%A2%85%EB%AA%A9-%EB%8F%84-%EC%98%A4%EB%A5%B8%EB%8B%A4-%EC%A6%9D%EA%B6%8C%EA%B0%80%EA%B0%80-%EC%BD%95-%EC%A7%91%EC%9D%80-%EB%B0%A9%EC%96%B4%EC%A3%BC%EC%9D%98-%EC%A0%95%EC%B2%B4%EB%8A%94,https://wimg.sedaily.com/news/cms/2026/08/26/news-p.v1.20260826.af03f6ff0c68454a9960230c2e903fae_P1.jpg,1200,688,ok
https://ailens.sedaily.ai/markets/2026/08/26/2026-08-26-%EC%9E%90%ED%9A%8C%EC%82%AC-%ED%9D%A1%EC%88%98%ED%95%A9%EB%B3%91-SK%EC%9D%B4%EB%85%B8%EB%B2%A0%EC%9D%B4%EC%85%98-%EC%9E%A5-%EC%B4%88%EB%B0%98-15-%EB%8C%80-%EA%B8%89%EB%9D%BD-%EC%9D%B4%EB%9F%B0%EA%B5%AD%EC%9E%A5-%EC%A0%80%EB%9F%B0%EC%A3%BC%EC%8B%9D,https://wimg.sedaily.com/news/cms/2026/08/26/news-p.v1.20260825.57bc173c2e014e2f93c2e7f13cc50d9b_P1.png,808,600,ok
https://ailens.sedaily.ai/news/2026/08/26/2026-08-26-8%EC%9B%94-%EA%B8%B0%EC%97%85-%EC%B2%B4%EA%B0%90%EA%B2%BD%EA%B8%B0-4%EB%85%84%EB%A7%8C-%EC%B5%9C%EA%B3%A0-1-1p-%EC%98%A4%EB%A5%B8-99-6-Pick%EC%BD%94%EB%85%B8%EB%AF%B8,https://wimg.sedaily.com/news/cms/2026/08/26/rcv.YNA.20260806.PYH2026080604660005100_P1.jpg,1200,765,ok
https://ailens.sedaily.ai/international/2026/08/26/2026-08-26-%EC%BA%90%EB%82%98%EB%8B%A4-%EC%97%90-%EB%B3%B4%EB%B3%B5-%EA%B4%80%EC%84%B8-700%EA%B0%9C-%ED%92%88%EB%AA%A9%EC%97%90-%EC%B5%9C%EB%8C%80-50,https://wimg.sedaily.com/news/cms/2026/08/26/news-p.v1.20260707.e4559d853ae34d0fa336cda5d294c138_P1.jpg,1200,825,ok
https://ailens.sedaily.ai/news/2026/08/26/2026-08-26-%EB%8B%A4%EB%A5%B8-%EC%A7%80%EC%97%AD-%EC%97%85%EC%B2%B4%EB%8A%94-%EC%95%88%EB%8F%BC-%ED%8F%90%EA%B8%B0%EB%AC%BC-%EC%88%98%EA%B1%B0%EC%8B%9C%EC%9E%A5-%EB%B9%97%EC%9E%A5-%ED%92%80%EB%A6%B0%EB%8B%A4-Pick%EC%BD%94%EB%85%B8%EB%AF%B8,https://wimg.sedaily.com/news/cms/2026/08/25/news-p.v1.20260609.cac7bac1fd86436d90d4982ae46325fd_P1.png,647,377,ok
https://ailens.sedaily.ai/markets/2026/08/26/2026-08-26-%EB%B9%84%EB%B0%94%EB%A6%AC%ED%8D%BC%EB%B8%94%EB%A6%AC%EC%B9%B4-%EC%82%AC%EB%AA%A8%EC%B1%84-330%EC%96%B5-%EC%B6%94%EA%B0%80-%EB%B0%9C%ED%96%89-%EC%98%AC%ED%95%B4%EB%A7%8C-2200%EC%96%B5-%EC%A1%B0%EB%8B%AC-%EC%8B%9C%EA%B7%B8%EB%84%90,https://wimg.sedaily.com/news/cms/2026/08/25/news-p.v1.20260825.43d4a88022f04c6eb749e4efd74b7a88_P1.jpeg,597,335,ok
https://ailens.sedaily.ai/news/2026/08/26/2026-08-26-60%EB%8C%80-%EC%B4%88%EB%B0%98-108%EB%A7%8C%EB%AA%85-%EC%97%B0%EA%B8%88-0%EC%9B%90-%EC%9D%BC%EC%9E%90%EB%A6%AC%EB%8F%84-%EC%97%86%EB%8B%A4-Pick%EC%BD%94%EB%85%B8%EB%AF%B8,https://wimg.sedaily.com/news/cms/2026/08/25/rcv.YNA.20260805.PYH2026080513800001301_P1.jpg,1200,780,ok
https://ailens.sedaily.ai/property/2026/08/26/2026-08-26-%EB%8C%80%EA%B5%AC-3%EB%8C%80-%EA%B1%B4%EC%84%A4%EC%82%AC-%ED%83%9C%EC%99%95%EC%9D%B4%EC%95%A4%EC%94%A8%EB%8F%84-%EB%B2%95%EC%A0%95%EA%B4%80%EB%A6%AC-%ED%8F%90%EC%97%85-10%EA%B3%B3-%EC%A4%91-6%EA%B3%B3%EC%9D%80-%EC%A7%80%EB%B0%A9-%EC%97%85%EC%B2%B4-%EC%A7%91%EC%8A%90%EB%9E%AD,https://wimg.sedaily.com/news/cms/2026/08/25/news-g.v1.20260825.48ccb34ed34c46f493e2b0600997c214_P1.jpg,1200,460,ok
https://ailens.sedaily.ai/markets/2026/08/26/2026-08-26-5%EB%85%84%EC%A7%B8-%EC%98%A4%EB%84%88-%EA%B7%B8%EB%A6%BC%EC%9E%90-%EB%82%A8%EC%96%91%EC%9C%A0%EC%97%85-444%EC%96%B5-%ED%87%B4%EC%A7%81%EA%B8%88-%ED%8C%90%EA%B2%B0-%EB%82%98%EC%98%A8%EB%8B%A4-%EC%8B%9C%EA%B7%B8%EB%84%90,https://wimg.sedaily.com/news/cms/2026/08/25/news-p.v1.20260825.a520c14479464fde95d94e9041150e29_P1.jpg,640,597,ok
https://ailens.sedaily.ai/industry/2026/08/26/2026-08-26-%EC%B6%9C%EC%A0%90-%ED%80%B5%EC%BB%A4%EB%A8%B8%EC%8A%A4-%EB%A6%AC%EB%89%B4%EC%96%BC-%EB%8F%99%EC%8B%9C-%EC%B6%94%EC%A7%84-%EC%9D%B4%EB%A7%88%ED%8A%B8-%EB%B3%B8%EC%97%85-%EC%8A%B9%EB%B6%80%EC%88%98-%EB%98%91%EB%98%91-%EC%8A%A4%EB%A7%88%EC%8A%88%EB%A8%B8,https://wimg.sedaily.com/news/cms/2026/08/25/news-p.v1.20260707.5ec408140cb54c59849febb99a6931c7_P1.jpg,1200,800,ok
https://ailens.sedaily.ai/industry/2026/08/26/2026-08-26-%ED%95%9C%EA%B5%AD%EC%9D%80-%EC%95%88%EB%90%98%EB%82%98%EC%9A%94-%EC%95%84%EC%9D%B4%EC%98%A4%EB%8B%89V-%EC%84%9C-2000%EB%A7%8C-%EC%9B%90%EB%8C%80-%ED%8C%8C%EA%B2%A9%EA%B0%80-%EC%B6%9C%EC%8B%9C,https://wimg.sedaily.com/news/cms/2026/08/25/news-p.v1.20260825.d023d688362c42639037a19d3f60896e_P1.jpg,1200,800,ok
https://ailens.sedaily.ai/industry/2026/08/26/2026-08-26-17%EB%85%84%EA%B0%84-%EB%8B%B4%EA%B8%88%EC%A7%88-%ED%8F%AC%EC%8A%A4%EC%BD%94-%EC%95%84%EB%A5%B4%ED%97%A8-%EB%A6%AC%ED%8A%AC%ED%88%AC%EC%9E%90-%EC%9E%AD%ED%8C%9F%EC%97%90-%ED%8A%B8%EB%A6%AC%ED%94%8C%EC%BD%94%EC%96%B4-%ED%83%84%EB%A0%A5,https://wimg.sedaily.com/news/cms/2026/08/26/news-p.v1.20260825.e44da7c1a622485fb290a80ff025c161_P1.jpg,1200,900,ok
https://ailens.sedaily.ai/industry/2026/08/26/2026-08-26-%EA%B7%B8%EB%A1%9D3-%EC%88%98%EC%9C%A8-2-3%EB%B0%B0-%EB%9B%B0%EC%97%88%EB%8B%A4-%EC%82%BC%EC%84%B1%ED%8C%8C%EC%9A%B4%EB%93%9C%EB%A6%AC-4%EB%82%98%EB%85%B8-%EA%B2%BD%EC%9F%81%EB%A0%A5-%EC%9E%85%EC%A6%9D,https://wimg.sedaily.com/news/cms/2026/08/26/news-p.v1.20260826.93859db427864021af46bb0a29172138_P1.png,500,142,ok
https://ailens.sedaily.ai/markets/2026/08/26/2026-08-26-%EB%8B%A8%EB%8F%85-%EC%B9%B4%EC%9D%B4%EC%A7%84-1000%EC%96%B5-%EC%A1%B0%EB%8B%AC-%EC%B6%94%EC%A7%84-5%EB%85%84-%EC%B5%9C%EB%8C%80-%EA%B7%9C%EB%AA%A8,https://wimg.sedaily.com/news/cms/2026/08/25/news-p.v1.20260825.71649ac9becd42ab86757cca6ee9e1ef_P1.jpg,738,387,ok
https://ailens.sedaily.ai/markets/2026/08/26/2026-08-26-%EC%97%94%EB%B9%84%EB%94%94%EC%95%84-%EC%8B%A4%EC%A0%81-%EC%95%9E%EB%91%90%EA%B3%A0-%EB%B2%A0%ED%8C%85-%EB%82%98%EC%84%A0-%EC%84%9C%ED%95%99%EA%B0%9C%EB%AF%B8-%EB%B0%98%EB%8F%84%EC%B2%B4-3%EB%B0%B0-ETF%EC%97%90-1%EC%A1%B0-%EC%BD%94%EC%A3%BC%EB%B6%80,https://wimg.sedaily.com/news/cms/2026/08/25/rcv.NEWS1.NEWS1.20260825.2026-08-25T155033_1008071583_FINANCE-STOCK_I_P1.jpg,1200,736,ok
https://ailens.sedaily.ai/markets/2026/08/26/2026-08-26-%EA%B5%AD%EB%AF%BC%EC%97%B0%EA%B8%88-2%EB%85%84%EB%A7%8C%EC%97%90-%EA%B5%AD%EB%82%B4-PEF-%EC%B6%9C%EC%9E%90-%EC%9E%AC%EA%B0%9C-%EC%B6%94%EC%A7%84-%EC%8B%9C%EA%B7%B8%EB%84%90,https://wimg.sedaily.com/news/cms/2026/08/25/news-p.v1.20260401.025380f25e56478bb043e2b0d101e5eb_P1.jpg,640,479,ok
https://ailens.sedaily.ai/markets/2026/08/26/2026-08-26-%EC%9B%90%EC%A0%84-%ED%8A%B9%EC%88%98-%EA%B8%B0%EB%8C%80%EA%B0%90%EC%97%90-%EB%B0%98%ED%86%A0%EB%A7%89-%EB%82%AC%EB%8D%98-%EC%9B%90%EC%A0%84-%EB%93%A4%EC%8D%A9,https://wimg.sedaily.com/news/cms/2026/08/25/news-p.v1.20260731.7f7b4646dd0e4ef2abbb1ec39a8cd169_P1.jpg,1200,706,ok
https://ailens.sedaily.ai/finance/2026/08/26/2026-08-26-%EC%82%B0%EC%9E%AC%EA%B8%B0%EA%B8%88-PE-%EC%B6%9C%EC%9E%90-GP%EC%97%90-%EC%A0%9C%EB%84%A4%EC%8B%9C%EC%8A%A4-BNW-H-Q-%EC%8B%9C%EA%B7%B8%EB%84%90,https://wimg.sedaily.com/news/cms/2026/08/25/news-p.v1.20260805.824ff790b6084170972f92db582a245f_P1.png,640,427,ok
https://ailens.sedaily.ai/markets/2026/08/26/2026-08-26-IPO-%ED%88%AC%EC%8B%AC-%EA%BA%BE%EC%9D%B4%EB%8D%94%EB%8B%88-%EA%B8%89%EA%B8%B0%EC%95%BC-%EA%B3%B5%EB%AA%A8%EA%B0%80-%EC%98%AC%ED%95%B4-%EC%B2%98%EC%9D%8C-%EB%B0%B4%EB%93%9C-%EC%95%84%EB%9E%98%EB%A1%9C-%EC%8B%9C%EA%B7%B8%EB%84%90,https://wimg.sedaily.com/news/cms/2026/08/25/news-p.v1.20260313.c07c1180072949728d96aaafa8edc91c_P1.jpg,717,574,ok
https://ailens.sedaily.ai/culture/2026/08/26/2026-08-26-%EC%9D%98%EC%95%BD%ED%92%88-%EB%A6%AC%EB%B2%A0%EC%9D%B4%ED%8A%B8-%EC%B0%BD%EA%B5%AC-CSO-%EC%86%90%EB%B3%B8%EB%8B%A4,https://wimg.sedaily.com/news/cms/2026/08/25/news-p.v1.20260825.ce6df303379540dd8e778117150ce9fd_P1.png,1200,761,ok
https://ailens.sedaily.ai/news/2026/08/26/2026-08-26-%EA%B2%8C%EC%9E%84-%EB%B9%85-5-%EC%83%81%EB%B0%98%EA%B8%B0-%EB%A7%A4%EC%B6%9C%EB%A7%8C-6%EC%A1%B0-%ED%95%B4%EC%99%B8%EB%A7%A4%EC%B6%9C-%EB%B9%84%EC%A4%91-70-%EB%8F%8C%ED%8C%8C,https://wimg.sedaily.com/news/cms/2026/08/25/news-p.v1.20260825.1b1b580c0a8e4823aea3cca0b55b0df8_P1.jpg,1200,675,ok
https://ailens.sedaily.ai/industry/2026/08/26/2026-08-26-%ED%95%B4%EB%B0%9C-4000m-%EC%86%8C%EA%B8%88%ED%98%B8%EC%88%98%EC%84%9C-8%EB%85%84-%ED%8F%AC%EC%8A%A4%EC%BD%94-%EB%A6%AC%ED%8A%AC-%EC%B2%AB-%ED%9D%91%EC%9E%90,https://wimg.sedaily.com/news/cms/2026/08/25/news-p.v1.20260824.ee4869eb57bd4142a3a95e638c2add8a_P1.jpg,1200,900,ok
https://ailens.sedaily.ai/markets/2026/08/26/2026-08-26-%EC%83%81%EC%9E%A5%EB%A7%8C-%ED%95%98%EB%A9%B4-%EA%B3%A4%EB%91%90%EB%B0%95%EC%A7%88-%EA%B8%B8%EC%96%B4%EC%A7%80%EB%8A%94-IPO-%EB%B9%99%ED%95%98%EA%B8%B0,https://wimg.sedaily.com/news/cms/2026/08/25/rcv.YNA.20260825.PYH2026082502780001300_P1.jpg,1200,809,ok
https://ailens.sedaily.ai/industry/2026/08/26/2026-08-25-SK%EC%9D%B4%EB%85%B8-%EB%B6%84%EB%A6%AC%EB%A7%89-%EC%9E%90%ED%9A%8C%EC%82%AC-SKIET-%ED%9D%A1%EC%88%98%ED%95%A9%EB%B3%91,https://wimg.sedaily.com/news/cms/2026/08/25/news-p.v1.20260825.7cab4a05426b413a8a124b528076adf5_P1.png,808,600,ok
https://ailens.sedaily.ai/industry/2026/08/26/2026-08-25-SK%ED%95%98%EC%9D%B4%EB%8B%89%EC%8A%A4-%EB%85%B8%EC%A1%B0-%EC%84%B1%EA%B3%BC%EA%B8%89-%EC%9E%90%EC%82%AC%EC%A3%BC-%EC%A7%80%EA%B8%89-%ED%95%A9%EC%9D%98%EC%95%88-%EB%B6%80%EA%B2%B0-%EC%9E%84%EB%8B%A8%ED%98%91-%EB%8B%A4%EC%8B%9C-%EC%95%88%EA%B0%AF%EC%86%8D,https://wimg.sedaily.com/news/cms/2026/08/25/news-p.v1.20260820.2b72d5fb2e9f4948ab676dcaf71e4ef3_P1.png,700,453,ok
https://ailens.sedaily.ai/industry/2026/08/26/2026-08-25-%EC%84%9C%EC%9A%B8-%EC%A0%88%EB%B0%98-%EB%A9%B4%EC%A0%81%EC%97%90-1500%EB%A7%8C%ED%86%A4-%EB%AC%BB%ED%98%80-%ED%86%A4%EB%8B%B9-2%EB%A7%8C-%ED%95%98%EC%96%80%EC%84%9D%EC%9C%A0-%EC%BD%B8%EC%BD%B8,https://wimg.sedaily.com/news/cms/2026/08/25/news-p.v1.20260824.6588651b13ad460ea6d89113d44a2b74_P1.jpg,1200,900,ok
https://ailens.sedaily.ai/markets/2026/08/26/2026-08-25-%EA%B4%B4%EB%A6%AC%EC%9C%A8-%EA%B8%B0%EC%A4%80-%EA%B0%95%ED%99%94%ED%96%88%EC%A7%80%EB%A7%8C-ETF-%EA%B0%80%EA%B2%A9%EC%99%9C%EA%B3%A1-%EC%97%AC%EC%A0%84,https://wimg.sedaily.com/news/cms/2026/08/25/news-p.v1.20260824.e62f12061de546a896cee52f054cddba_P1.jpg,1200,795,ok
https://ailens.sedaily.ai/markets/2026/08/26/2026-08-25-4000%EB%A7%8C%EC%9B%90-%EB%84%A3%EC%97%88%EB%8A%94%EB%8D%B0-70-%EC%A6%9D%EB%B0%9C-%EB%AF%B8%EC%B9%9C-%EC%A3%BC%EC%8B%9D%EC%8B%9C%EC%9E%A5-%EB%90%9C-%ED%95%9C%EA%B5%AD-%EC%96%B4%EC%A9%8C%EB%8B%A4-%EC%9D%B4%EB%A0%87%EA%B2%8C,https://wimg.sedaily.com/news/cms/2026/08/25/rcv.YNA.20260825.PYH2026082516190001300_P1.jpg,1200,683,ok
https://ailens.sedaily.ai/markets/2026/08/25/2026-08-25-%EC%A0%84%EB%AC%B8%EA%B0%80-79-8%EC%9B%94-%EA%B8%88%ED%86%B5%EC%9C%84-%EA%B8%88%EB%A6%AC-%EB%8F%99%EA%B2%B0-%EC%B1%84%EA%B6%8C%EC%8B%9C%EC%9E%A5-%EC%8B%AC%EB%A6%AC-%EC%86%8C%ED%8F%AD-%ED%9A%8C%EB%B3%B5,https://wimg.sedaily.com/news/cms/2026/08/25/news-p.v1.20260825.9e98238c8f77490cbc81e6d13f5c38f9_P1.jpeg,640,426,ok
https://ailens.sedaily.ai/finance/2026/08/25/2026-08-25-%EB%8C%80%EC%B6%9C%EA%B4%80%EB%A6%AC-%EA%B0%95%ED%99%94%EC%97%90-%EC%8B%A0%EA%B7%9C-%EC%A3%BC%EB%8B%B4%EB%8C%80-2110%EB%A7%8C%EC%9B%90-%EC%97%AD%EB%8C%80-%EC%B5%9C%EB%8C%80%ED%8F%AD-%EA%B0%90%EC%86%8C,https://wimg.sedaily.com/news/cms/2026/08/25/rcv.YNA.20260825.PYH2026082512010001300_P1.jpg,1200,742,ok
https://ailens.sedaily.ai/news/2026/08/25/2026-08-25-%EC%A0%95%EB%B6%80-%EA%B3%B5%EA%B3%B5%EB%B9%84%EC%B6%95%EB%AF%B8-40%EB%A7%8C-%ED%86%A4%EC%9C%BC%EB%A1%9C-%EC%A4%84%EC%9D%B8%EB%8B%A4-%EB%86%8D%EA%B0%80-%EC%84%A0%EC%A7%80%EA%B8%89%EA%B8%88%EC%9D%80-6%EB%A7%8C-%EC%9B%90%EC%9C%BC%EB%A1%9C-%EC%9D%B8%EC%83%81,https://wimg.sedaily.com/news/cms/2026/08/25/rcv.YNA.20260824.PYH2026082414990006200_P1.jpg,1200,800,ok
https://ailens.sedaily.ai/news/2026/08/25/2026-08-25-%EC%9E%A5%EB%A1%80%EC%8B%9D%EC%9E%A5%EC%97%90-%EA%B3%BC%EC%9D%BC-%EC%A3%BC%EB%A5%98-%EB%B0%98%EC%9E%85-%EA%B0%80%EB%8A%A5%ED%95%B4%EC%A7%84%EB%8B%A4-%ED%99%94%ED%99%98%EB%8F%84-%EC%9C%A0%EC%A1%B1-%EC%86%8C%EC%9C%A0%EB%A1%9C,https://wimg.sedaily.com/news/cms/2026/08/25/news-p.v1.20260825.e14d4d46385945188ef0d9c0340d97a5_P1.jpg,860,573,ok
https://ailens.sedaily.ai/international/2026/08/25/2026-08-25-%EB%AF%B8%EA%B5%AD%EC%84%9C-%EC%9D%BC%ED%95%98%EA%B3%A0-%EC%8B%B6%EB%8B%A4%EA%B3%A0-1%EC%96%B54000%EB%A7%8C%EC%9B%90-%EB%82%B4%EB%9D%BC-%EC%99%B8%EA%B5%AD%EC%9D%B8-%EB%B9%84%EC%9E%90-%EB%AC%B8%ED%84%B1-%EB%8D%94-%EB%86%92%EC%9D%B8%EB%8B%A4,https://wimg.sedaily.com/news/cms/2026/08/25/news-p.v1.20260825.68f9af404f284f83a86e119b2f60f976_P1.jpg,860,573,ok
https://ailens.sedaily.ai/news/2026/08/25/2026-08-25-%EA%B2%BD%EC%B0%B0-%EC%A0%9C%EC%A3%BC-%ED%95%9C%EB%A6%BC%EC%9D%8D%EC%84%9C-%EB%B0%9C%EA%B2%AC%EB%90%9C-%EC%8B%9C%EC%8B%A0-%EC%9E%A5%EB%AF%B8%EB%9E%80%EC%94%A8%EB%A1%9C-%EC%B5%9C%EC%A2%85-%ED%99%95%EC%9D%B8,https://wimg.sedaily.com/news/cms/2026/08/25/rcv.YNA.20260824.PYH2026082409170005600_P1.jpg,1200,805,ok
https://ailens.sedaily.ai/finance/2026/08/25/2026-08-25-%EC%A0%95%EB%B6%80-%ED%95%9C%EC%A0%84%EC%97%90-%EC%B6%9C%EC%9E%90-AI-%EC%9D%B8%ED%94%84%EB%9D%BC-%ED%8C%90-%EA%B9%90%EB%8B%A4,https://wimg.sedaily.com/news/cms/2026/08/25/news-p.v1.20260825.cc524bb3ac1f4fc89f8e6893802ead47_P1.jpg,1200,940,ok
https://ailens.sedaily.ai/news/2026/08/25/2026-08-25-%EC%A7%80%EB%B0%A9%EA%B5%AD%EB%A6%BD%EB%8C%80-%EB%93%B1%EB%A1%9D%EA%B8%88-0%EC%9B%90-5%EA%B7%B9-3%ED%8A%B9-%EC%9D%B8%EC%9E%AC-%EC%9C%A0%EC%9E%85-%EC%B4%9D%EB%A0%A5,https://wimg.sedaily.com/news/cms/2026/08/25/news-p.v1.20260825.8b8d5ad53ae945be962d3e2b910f2b01_P1.jpg,1200,717,ok
https://ailens.sedaily.ai/international/2026/08/25/2026-08-25-%ED%8A%B8%EB%9F%BC%ED%94%84-%EA%B8%B0%EC%96%B4%EC%9D%B4-%EC%A0%84%EB%AC%B8%EC%A7%81-%EB%B9%84%EC%9E%90-1-4%EC%96%B5%EC%9B%90-%EC%B2%AD%EA%B5%AC%EC%84%9C-%EA%B0%95%ED%96%89,https://wimg.sedaily.com/news/cms/2026/08/25/news-p.v1.20260825.b6dacff5b80e4a3695bddc3313188fd9_P1.jpg,661,438,ok
https://ailens.sedaily.ai/news/2026/08/25/2026-08-25-%EB%8B%A8%EB%8F%85-%EB%8D%B0%EC%9D%B4%ED%84%B0%EC%84%BC%ED%84%B0-%EC%A0%84%EB%A0%A5-%EB%B3%80%EB%8F%99%EC%84%B1-%EB%82%AE%EC%B6%94%EB%A9%B4-%EC%9A%94%EA%B8%88-%EA%B9%8E%EC%95%84%EC%A4%80%EB%8B%A4,https://wimg.sedaily.com/news/cms/2026/08/25/news-p.v1.20260824.25563ef79d9c454aa77c80fd4c9f3880_P1.jpg,1200,900,ok
https://ailens.sedaily.ai/news/2026/08/25/2026-08-25-%EC%86%A1%EC%A0%84%EB%A7%9D%EB%A7%8C-2038%EB%85%84%EA%B9%8C%EC%A7%80-72%EC%A1%B0-%EB%93%9C%EB%8A%94%EB%8D%B0-%EB%B6%80%EC%B1%84-211%EC%A1%B0-%ED%95%9C%EC%A0%84-15%EB%85%84-%EB%A7%8C%EC%97%90-%EC%9E%90%EB%B3%B8-%EC%88%98%ED%98%88,https://wimg.sedaily.com/news/cms/2026/08/25/news-p.v1.20260825.bbf067c0b0e745eeafc9c47d41df381f_P1.jpg,1200,716,ok
https://ailens.sedaily.ai/news/2026/08/25/2026-08-25-%EA%B2%BD%EC%B0%B0-%EA%B6%8C%ED%95%9C-%EC%83%81%EC%9D%91%ED%95%98%EB%8A%94-%EC%B1%85%EC%9E%84%EC%A0%B8%EC%95%BC-%EB%8F%84-%EA%B0%9C%ED%98%81%EC%B6%94%EC%A7%84%EB%8B%A8-%EC%84%A4%EC%B9%98,https://wimg.sedaily.com/news/cms/2026/08/25/news-p.v1.20260825.b8ddfea76a004dc1acc9ff5eb4568def_P1.jpg,1200,934,ok
https://ailens.sedaily.ai/international/2026/08/25/2026-08-25-%EC%9D%B4%EB%9E%80-%EB%8F%88%EC%A4%84-%EA%B8%B0%EC%88%A0-%EB%AC%BC%EB%A5%98%EB%A7%9D-%EB%8B%A4-%EB%81%8A%EB%8A%94%EB%8B%A4-%EA%B2%BD%EC%A0%9C%EC%A0%81-%EC%99%95%EB%94%B0-%EC%9E%91%EC%A0%84-%EA%B0%9C%EC%8B%9C,https://wimg.sedaily.com/news/cms/2026/08/25/news-g.v1.20260825.d7596a8c8bf84e6996c7215e61b3a709_P1.jpg,1200,756,ok
https://ailens.sedaily.ai/news/2026/08/25/2026-08-25-60%EC%84%B8-%EC%A0%95%EB%85%84%EC%9D%B8%EB%8D%B0-%EC%97%B0%EA%B8%88%EC%9D%80-63%EC%84%B8-228%EB%A7%8C%EB%AA%85-%EC%97%B0%EA%B8%88-0%EC%9B%90,https://wimg.sedaily.com/news/cms/2026/08/25/rcv.YNA.20260518.PYH2026051813100001300_P1.jpg,1200,793,ok
https://ailens.sedaily.ai/finance/2026/08/25/2026-08-25-200%EC%96%B5-%EC%A7%91%EC%97%90-%ED%9A%8C%EC%82%BF%EB%8F%88-100%EC%96%B5%EC%9C%BC%EB%A1%9C-%EC%9D%B8%ED%85%8C%EB%A6%AC%EC%96%B4-%EB%B2%95%EC%9D%B8-%ED%99%A9%EC%A0%9C%EC%82%AC%ED%83%9D-50%EA%B3%B3-%EC%84%B8%EB%AC%B4%EC%A1%B0%EC%82%AC,https://wimg.sedaily.com/news/cms/2026/08/25/news-p.v1.20260825.a2d874f4551243c185c3e1de4f400898_P1.jpg,1200,805,ok
https://ailens.sedaily.ai/finance/2026/08/25/2026-08-25-%EB%8C%80%EC%B6%9C%EA%B4%80%EB%A6%AC-%EA%B0%95%ED%99%94%EC%97%90-%EC%8B%A0%EA%B7%9C-%EC%A3%BC%EB%8B%B4%EB%8C%80-%EA%B0%90%EC%86%8C-30%EB%8C%80-%EB%B9%84%EC%A4%91-%EC%9E%94%EC%95%A1%EC%9D%80-%EC%97%AD%EB%8C%80-%EC%B5%9C%EB%8C%80,https://wimg.sedaily.com/news/cms/2026/08/25/rcv.YNA.20260816.PYH2026081602460001300_P1.jpg,1200,823,ok
https://ailens.sedaily.ai/international/2026/08/25/2026-08-25-%ED%8A%B8%EB%9F%BC%ED%94%84-%EC%A0%95%EB%B6%80-%EC%A0%84%EB%AC%B8%EC%A7%81-%EB%B9%84%EC%9E%90-1-4%EC%96%B5-%EC%88%98%EC%88%98%EB%A3%8C-%EA%B0%95%ED%96%89-%EA%B3%A0%EC%88%99%EB%A0%A8-%EC%9D%B8%EB%A0%A5-%ED%8C%8C%EA%B2%AC-%EB%B9%84%EC%83%81,https://wimg.sedaily.com/news/cms/2026/08/25/rcv.YNA.20260825.PUP20260825002201009_P1.jpg,1200,800,ok
https://ailens.sedaily.ai/news/2026/08/25/2026-08-25-%EB%B6%80%EC%82%B0-%EC%8B%9C%EB%82%B4%EB%B2%84%EC%8A%A4-%EB%85%B8%EC%82%AC-%ED%98%91%EC%83%81-%ED%83%80%EA%B2%B0-%EC%B4%9D%ED%8C%8C%EC%97%85-%EC%B2%A0%ED%9A%8C%EB%A1%9C-%EB%B0%9C-%EB%AC%B6%EC%9E%84-%EB%A9%B4%ED%95%B4,https://wimg.sedaily.com/news/cms/2026/08/25/news-p.v1.20251219.00656fd9b05645a9bd86b37e4338ad3b_P1.jpg,1200,587,ok
https://ailens.sedaily.ai/news/2026/08/25/2026-08-25-%EB%8C%80%ED%86%B5%EB%A0%B9-%EA%B2%BD%EC%B0%B0-%EC%95%9E%EC%9C%BC%EB%A1%9C-%EA%B0%80%EC%9E%A5-%ED%81%B0-%EA%B6%8C%EB%A0%A5-%EA%B0%9C%ED%98%81%EA%B8%B0%EA%B5%AC-%EA%B5%AC%EC%83%81%ED%95%B4%EC%95%BC,https://wimg.sedaily.com/news/cms/2026/08/25/news-p.v1.20260825.f695345eb8ca41f28c13c8ec832e29ab_P1.jpg,1200,837,ok
https://ailens.sedaily.ai/property/2026/08/25/2026-08-25-%EA%B9%80%EC%9C%A4%EB%8D%95-%EC%98%A4%EC%84%B8%ED%9B%88-26%EC%9D%BC-2%EC%B0%A8-%ED%9A%8C%EB%8F%99-%EC%9A%A9%EC%82%B0-%EC%A3%BC%ED%83%9D%EA%B3%B5%EA%B8%89-%EC%8B%A4%EB%A7%88%EB%A6%AC-%EC%B0%BE%EB%82%98,https://wimg.sedaily.com/news/cms/2026/08/25/rcv.YNA.20260820.PYH2026082009330001300_P1.jpg,1200,870,ok
https://ailens.sedaily.ai/markets/2026/08/25/2026-08-25-%EB%B0%98%EB%8F%84%EC%B2%B4%EC%A3%BC-%EA%B8%89%EB%9D%BD%EC%97%90-%EC%82%BC%EC%84%B1%EC%A0%84%EC%9E%90-SK%ED%95%98%EC%9D%B4%EB%8B%89%EC%8A%A4-3-4-%EC%BD%94%EC%8A%A4%ED%94%BC-3-%EB%8C%80-%ED%95%98%EB%9D%BD-%EC%9D%B4%EB%9F%B0%EA%B5%AD%EC%9E%A5-%EC%A0%80%EB%9F%B0%EC%A3%BC%EC%8B%9D,https://wimg.sedaily.com/news/cms/2026/08/25/news-p.v1.20260825.72f34f1bd4b44150bd30ae92299eb650_P1.png,500,142,ok
https://ailens.sedaily.ai/news/2026/08/25/2026-08-25-%EB%8B%B9%EC%A0%95-%EC%A7%80%EB%B0%A9%EA%B5%AD%EB%A6%BD%EB%8C%80-%EB%93%B1%EB%A1%9D%EA%B8%88-%EC%A0%84%EC%95%A1-%EB%A9%B4%EC%A0%9C-%EC%A0%81%EA%B7%B9-%EC%9E%AC%EC%A0%95%EC%9C%BC%EB%A1%9C-3%EB%8C%80-%EB%A9%94%EA%B0%80-AI-%EB%93%B1-%EC%A7%91%EC%A4%91%ED%88%AC%EC%9E%90,https://wimg.sedaily.com/news/cms/2026/08/25/news-p.v1.20260825.867ab1c1983d43fb8efc69ebe72429bb_P1.jpg,1200,734,ok
https://ailens.sedaily.ai/international/2026/08/25/2026-08-25-%EC%9D%B4%EB%9E%80-%EA%B1%B0%EB%9E%98-%EC%A0%9C3%EA%B5%AD%EB%8F%84-%EC%A0%9C%EC%9E%AC-%EB%AA%A8%EB%93%A0-%EC%88%98%EC%9E%85%EC%9B%90-%EC%B0%A8%EB%8B%A8%ED%95%98%EB%8A%94-%EC%99%95%EB%94%B0-%EC%9E%91%EC%A0%84-%EC%9D%B4%EB%9E%80%EC%A0%84%EC%9F%81,https://wimg.sedaily.com/news/cms/2026/08/25/rcv.YNA.20260822.PRU20260822102101009_P1.jpg,1200,814,ok
https://ailens.sedaily.ai/markets/2026/08/25/2026-08-25-%ED%98%84%EB%8C%80%EC%B0%A8-111%EC%9D%BC%EB%A7%8C%EC%97%90-%EC%9E%84%ED%98%91-%ED%95%A9%EC%9D%98-%EA%B8%B0%EB%B3%B8%EA%B8%89-10%EB%A7%8C%EC%9B%90-%EC%9D%B8%EC%83%81%EC%97%90-%EC%84%B1%EA%B3%BC%EA%B8%89-400,https://wimg.sedaily.com/news/cms/2026/08/25/ams.001.photo.202608211455413959287769_P1.jpg,1200,812,ok
https://ailens.sedaily.ai/news/2026/08/25/2026-08-25-%EA%B8%B0%EB%A1%9C%EC%97%90-%EC%84%A0-%EB%B9%84%EA%B1%B0%EC%A3%BC-1%EC%A3%BC%ED%83%9D-%EA%B3%B5%EC%A0%9C-12%EC%96%B5-%EC%A0%88%EC%B6%A9%EC%95%88-%EB%B6%80%EC%83%81-Pick%EC%BD%94%EB%85%B8%EB%AF%B8,https://wimg.sedaily.com/news/cms/2026/08/24/rcv.YNA.20260824.PYH2026082410350001300_P1.jpg,1200,853,ok
https://ailens.sedaily.ai/property/2026/08/25/2026-08-25-%EC%84%9C%EC%9A%B8-%EC%A0%95%EB%B9%84%EC%82%AC%EC%97%85-41-%EA%B5%AC%EC%B2%AD%EC%9E%A5-%EC%86%90%EC%97%90-%EB%8B%B9%EC%A0%95-%EC%9D%B4%EC%96%91-%EC%B6%94%EC%A7%84-%EC%97%90-%EC%84%9C%EC%9A%B8%EC%8B%9C-%EB%B0%98%EB%B0%9C-%EC%A7%91%EC%8A%90%EB%9E%AD,https://wimg.sedaily.com/news/cms/2026/08/24/news-g.v1.20260824.3705b385ced84e599a67fe77ff020f05_P1.jpg,1200,723,ok
https://ailens.sedaily.ai/news/2026/08/25/2026-08-25-10%EB%85%84-%EA%B3%B5%EC%84%9D-%ED%8A%B9%EB%B3%84%EA%B0%90%EC%B0%B0%EA%B4%80-%EC%9E%AC%EA%B0%80%EB%8F%99-%EC%B6%94%EC%B2%9C-%EC%B5%9C%EA%B8%B8%EC%88%98-%EB%8F%85%EB%A6%BD%EC%84%B1-%EC%8B%9C%ED%97%98%EB%8C%80,https://wimg.sedaily.com/news/cms/2026/08/24/news-p.v1.20260821.0016155be3f34a8f8e0f87cd83e28704_P1.jpg,1200,941,ok
https://ailens.sedaily.ai/news/2026/08/25/2026-08-25-%EC%9A%B0%EB%A6%AC-%EC%A7%80%EC%97%AD%EC%97%94-%EC%95%88%EB%8F%BC-%EB%8D%B0%EC%9D%B4%ED%84%B0%EC%84%BC%ED%84%B0-%EC%A0%9C%EB%8F%99-%EA%B1%B0%EB%8A%94-%EC%A7%80%EC%9E%90%EC%B2%B4%EB%93%A4,https://sedaily-mbti-cms-media-dev.s3.us-east-1.amazonaws.com/media/frontpage-auto/20082699-webtoon-cut001.png,1824,1248,ok
https://ailens.sedaily.ai/news/2026/08/25/2026-08-25-10%EB%B6%84-%EA%B1%B0%EB%A6%AC-%EB%91%90%EA%B3%A0-3%EA%B0%9C%EC%9B%94%EA%B0%84-%EB%AA%B0%EB%9E%90%EB%8B%A4,https://wimg.sedaily.com/news/cms/2026/08/24/news-p.v1.20260824.a4c5138f37ea47c78a82a60d6dcf1289_P1.jpg,1200,767,ok
https://ailens.sedaily.ai/finance/2026/08/25/2026-08-25-%EC%A7%80%EB%B0%A9%EC%9D%B4%EC%A0%84-60%EB%85%84-%EA%B8%88%EC%9C%B5%EC%9D%80-%EB%82%A8%EA%B2%BC%EB%8B%A4,https://wimg.sedaily.com/news/cms/2026/08/24/rcv.NEWS1.NEWS1.20260824.2026-08-24T111922_1008068950_SOCIETY_I_P1.jpg,1200,734,ok
https://ailens.sedaily.ai/news/2026/08/24/2026-08-24-%EC%B4%88-%EC%A4%91-%EA%B3%A0%EC%97%90-%EC%93%B0%EB%8D%98-%EA%B5%90%EC%9C%A1%EC%84%B8-1-8%EC%A1%B0-%EB%82%B4%EB%85%84%EB%B6%80%ED%84%B0-%EB%8C%80%ED%95%99-%ED%8F%89%EC%83%9D%EA%B5%90%EC%9C%A1%EC%97%90-%ED%88%AC%EC%9E%85,https://wimg.sedaily.com/news/cms/2026/08/24/rcv.YNA.20260821.PYH2026082108490001300_P1.jpg,1200,860,ok
https://ailens.sedaily.ai/industry/2026/08/24/2026-08-24-%EC%9B%90%EC%A0%84-%EA%B3%84%EC%86%8D%EC%9A%B4%EC%A0%84-%ED%97%88%EA%B0%80-10%EB%85%84-20%EB%85%84-%EA%B2%80%ED%86%A0,https://wimg.sedaily.com/news/cms/2026/08/24/news-p.v1.20260824.4a7aa959c4844e79bae2649ec6ab6f16_P1.jpg,1200,971,ok
https://ailens.sedaily.ai/news/2026/08/24/2026-08-24-%EB%82%B4%EB%85%84-%EC%84%B8%EC%88%98-520%EC%A1%B0-%EC%B2%AD%EB%85%84%EC%98%88%EC%82%B0-40%EC%A1%B0-%EC%9D%B4%EC%83%81-%ED%91%BC%EB%8B%A4,https://wimg.sedaily.com/news/cms/2026/08/24/rcv.YNA.20260818.PYH2026081810650001300_P1.jpg,1200,905,ok
https://ailens.sedaily.ai/news/2026/08/24/2026-08-24-%EC%85%80%ED%94%84-%EC%A2%85%EA%B2%B0%EC%97%90-%EC%88%98%EC%83%89-%ED%83%80%EC%9D%B4%EB%B0%8D%EA%B9%8C%EC%A7%80-%EB%86%93%EC%B3%90-%EA%B2%BD%EC%B0%B0-%EC%88%98%EC%82%AC%EC%97%AD%EB%9F%89-%EB%98%90-%EB%8F%84%EB%A7%88,https://wimg.sedaily.com/news/cms/2026/08/24/rcv.YNA.20260824.PYH2026082409170005600_P1.jpg,1200,805,ok
https://ailens.sedaily.ai/news/2026/08/24/2026-08-24-10%EB%85%84-%EB%A7%8C%EC%97%90-%EB%8C%80%ED%86%B5%EB%A0%B9-%EC%B9%9C%EC%9D%B8%EC%B2%99-%EC%B8%A1%EA%B7%BC-%EB%B0%80%EC%B0%A9-%EA%B0%90%EC%8B%9C-%EB%8F%85%EB%A6%BD%EC%84%B1-%ED%99%95%EB%B3%B4%EA%B0%80-%EA%B4%80%EA%B1%B4,https://wimg.sedaily.com/news/cms/2026/08/24/news-p.v1.20260821.5190ce7010b64a48b98f1bcdafcd44a2_P1.jpg,1200,910,ok
https://ailens.sedaily.ai/news/2026/08/24/2026-08-24-%EC%86%8D%EB%B3%B4-%EB%8C%80%ED%86%B5%EB%A0%B9-%EC%A0%95%EC%84%B1%ED%98%B8-%EB%B2%95%EB%AC%B4%EC%9E%A5%EA%B4%80-%EC%82%AC%ED%91%9C-%EC%88%98%EB%A6%AC,https://wimg.sedaily.com/news/cms/2026/08/24/news-p.v1.20260824.65d8c0c5b0ee453c8e52913740c85613_P1.jpg,860,535,ok
https://ailens.sedaily.ai/news/2026/08/24/2026-08-24-%EB%8C%80%ED%86%B5%EB%A0%B9-%ED%8A%B9%EB%B3%84%EA%B0%90%EC%B0%B0%EA%B4%80%EC%97%90-%EC%B6%94%EC%B2%9C-%EC%B5%9C%EA%B8%B8%EC%88%98-%EC%A7%80%EB%AA%85,https://wimg.sedaily.com/news/cms/2026/08/24/news-p.v1.20260824.dbc258a67fc94cf9adb3e7651d583fea_P2.png,426,500,ok
https://ailens.sedaily.ai/industry/2026/08/24/2026-08-24-%ED%95%9C%EB%AF%B8%EC%95%BD%ED%92%88-%EB%B9%84%EB%A7%8C%EC%8B%A0%EC%95%BD-3-2%EC%A1%B0-%EC%9E%AD%ED%8C%9F-%EC%A0%9C%EB%84%A8%ED%85%8D%EC%97%90-%EC%88%98%EC%B6%9C,https://wimg.sedaily.com/news/cms/2026/08/24/news-p.v1.20260824.456b4bafcbe945f9affa2f013d7a1660_P1.jpg,1200,800,ok
https://ailens.sedaily.ai/international/2026/08/24/2026-08-24-%EB%B0%98%EB%8F%84%EC%B2%B4-%EC%88%98%EC%B6%9C-%EB%A7%A4%ED%8C%8C-%ED%95%9C%EC%9D%80-%EA%B8%B0%EC%97%85-%EC%88%98%EC%9A%94-3%EB%B0%95%EC%9E%90-%EA%B0%80-%EB%A7%8C%EB%93%A0-%EC%9B%90%ED%99%94-%EA%B0%95%EC%84%B8,https://wimg.sedaily.com/news/cms/2026/08/24/rcv.NEWS1.NEWS1.20260811.2026-08-11T134844_1008050445_ECONOMY_I_P1.jpg,1200,798,ok
https://ailens.sedaily.ai/news/2026/08/24/2026-08-24-%EC%A0%9C%EC%A3%BC-%EC%8B%A4%EC%A2%85-%EC%88%98%EC%82%AC-%EA%B2%BD%EC%B0%B0%EA%B4%80-298%EA%B1%B4-%EC%85%80%ED%94%84-%EC%A2%85%EA%B2%B0-%EC%97%AC%EC%95%BC-%EC%9E%88%EC%9D%84-%EC%88%98-%EC%97%86%EB%8A%94-%EC%9D%BC,https://wimg.sedaily.com/news/cms/2026/08/24/news-p.v1.20260824.03ef0bd8b8da4c52b2eb9d9357a5449c_P1.jpg,1200,795,ok
https://ailens.sedaily.ai/markets/2026/08/24/2026-08-24-%EA%B8%88%EC%82%B0%EB%B2%95-10-%EB%A3%B0-%EC%97%90-%EB%A7%89%ED%9E%8C-%EC%9E%90%EC%82%AC%EC%A3%BC-%EC%86%8C%EA%B0%81-%EC%82%BC%EC%A0%84-%EC%97%AD%EB%8C%80%EA%B8%89-%EC%A3%BC%EC%A3%BC%ED%99%98%EC%9B%90%EC%97%90%EB%8F%84-%EA%B8%89%EB%9D%BD,https://wimg.sedaily.com/news/cms/2026/08/24/rcv.YNA.20260824.PYH2026082415500001300_P1.jpg,1200,763,ok
https://ailens.sedaily.ai/news/2026/08/24/2026-08-24-%EC%97%B0%EB%9D%BD%EB%90%90%EB%8B%A4-%EC%9D%B4%EB%9F%AC%EA%B3%A0-%ED%97%88%EC%9C%84-%EC%A2%85%EA%B2%B0%ED%95%9C-%EA%B2%BD%EC%B0%B0-%EA%B2%B0%EA%B5%AD-%EC%8B%A4%EC%A2%85-%EC%82%AC%EA%B1%B4-9%EB%A7%8C2800%EA%B1%B4-%EB%8B%A4%EC%8B%9C-%EB%B3%B8%EB%8B%A4,https://wimg.sedaily.com/news/cms/2026/08/24/news-p.v1.20260824.c82552fdc1c548e4b476ef9d46d0d08d_P1.png,635,533,ok
https://ailens.sedaily.ai/industry/2026/08/24/2026-08-24-%ED%95%9C%EB%AF%B8%EC%95%BD%ED%92%88-%EA%B7%BC%EC%9C%A1-%EC%A7%80%ED%82%A4%EB%8A%94-%EB%B9%84%EB%A7%8C%EC%8B%A0%EC%95%BD-%EC%A0%9C%EB%84%A8%ED%85%8D%EC%97%90-%EC%B5%9C%EB%8C%80-3-2%EC%A1%B0-%EA%B8%B0%EC%88%A0%EC%88%98%EC%B6%9C,https://wimg.sedaily.com/news/cms/2026/08/24/news-p.v1.20260824.fa44b302bfb742fea9080f6d08cc201d_P1.jpg,1200,800,ok
https://ailens.sedaily.ai/news/2026/08/24/2026-08-24-%EC%A0%84%EC%9E%A5%EC%97%B0-%EC%B6%9C%EA%B7%BC%EA%B8%B8-%EC%A7%80%ED%95%98%EC%B2%A0-%EC%8B%9C%EC%9C%84-%EB%A9%88%EC%B6%98%EB%8B%A4-%EC%9E%A5%EC%95%A0%EC%9D%B8-%EA%B6%8C%EB%A6%AC-%EC%A1%B0%EB%A1%80-%ED%86%B5%EA%B3%BC-%EC%95%BD%EC%86%8D,https://wimg.sedaily.com/news/cms/2026/08/24/rcv.YNA.20260824.PYH2026082409020001300_P1.jpg,1200,885,ok
https://ailens.sedaily.ai/news/2026/08/24/2026-08-24-20%EC%9D%BC-%EB%A7%8C%EC%97%90-%EB%92%A4%EC%A7%91%ED%9E%8C-%EC%A2%85%EB%B6%80%EC%84%B8-%EB%8B%B9%EC%A0%95-%EA%B1%B0%EC%A3%BC-%EB%B9%84%EA%B1%B0%EC%A3%BC-1%EC%A3%BC%ED%83%9D-%EC%B0%A8%EB%93%B1-%ED%8F%90%EC%A7%80-%EA%B0%80%EB%8B%A5,https://wimg.sedaily.com/news/cms/2026/08/23/news-p.v1.20260823.f7fb09328d724f078378ba563d541b4a_P1.jpg,1200,743,ok
https://ailens.sedaily.ai/international/2026/08/24/2026-08-24-%ED%98%84%EC%A7%81-%EB%8C%80%ED%86%B5%EB%A0%B9-%EC%B5%9C%EC%B4%88-%EC%9D%80%ED%96%89-%EC%84%A4%EB%A6%BD-%EB%82%98%EC%84%9C%EB%8A%94-%ED%8A%B8%EB%9F%BC%ED%94%84-%EC%9D%BC%EA%B0%80-%EC%9D%B4%ED%95%B4%EC%B6%A9%EB%8F%8C-%EC%96%B4%EB%94%94%EA%B9%8C%EC%A7%80-%EA%B0%80%EB%82%98,https://wimg.sedaily.com/news/cms/2026/08/24/news-p.v1.20260824.8b9543b3a73f423d806b74086f465687_P1.jpg,860,573,ok
https://ailens.sedaily.ai/news/2026/08/24/2026-08-24-%EC%82%AC%EC%84%A4-%EC%B4%9D%EB%A6%AC-%EC%99%80-%EC%A0%84%EC%9F%81-%EC%A4%91-%ED%95%9C%EB%AF%B8-%EA%B0%88%EB%93%B1-%EA%B4%80%EB%A6%AC%EB%8A%94-%EB%B9%88%ED%8B%88-%EC%97%86%EC%96%B4%EC%95%BC,https://wimg.sedaily.com/news/cms/2026/08/23/rcv.YNA.20260823.PAP20260823015501009_P1.jpg,1200,749,ok
https://ailens.sedaily.ai/news/2026/08/24/2026-08-24-%EC%A7%81%EC%9B%90-%EB%B3%B5%EC%A7%80-%EB%9D%BC%EB%8D%98-100%EC%96%B5-%EC%BD%98%EB%8F%84-%EC%A7%81%EC%9B%90%EC%9D%80-%EB%AA%BB-%EC%93%B0%EA%B3%A0-%EC%98%A4%EB%84%88%EA%B0%80-%EB%88%84%EB%A0%B8%EB%8B%A4-Pick%EC%BD%94%EB%85%B8%EB%AF%B8,https://wimg.sedaily.com/news/cms/2026/08/23/news-p.v1.20260823.328fa1c8c2a547fa8ebd8b6672b0c3b1_P1.png,1200,675,ok
https://ailens.sedaily.ai/international/2026/08/24/2026-08-24-%EC%A0%84%EB%AC%B8%EA%B0%80-65-8%EC%9B%94-%EC%9D%B8%EC%83%81-%EA%B5%AD%EC%B1%84-%EA%B8%88%EB%A6%AC-%EA%B8%89%EB%93%B1%EC%97%90-%EC%86%8D%EB%8F%84-%EC%A1%B0%EC%A0%88%EB%A1%A0%EB%8F%84-Pick%EC%BD%94%EB%85%B8%EB%AF%B8,https://wimg.sedaily.com/news/cms/2026/08/23/news-p.v1.20260716.d84f37437d334cebbbb18cc56d64b2c4_P1.jpg,1200,800,ok
https://ailens.sedaily.ai/international/2026/08/24/2026-08-24-50-%EA%B4%80%EC%84%B8-%EB%A7%9E%EB%B6%88-%EB%86%93%EB%8A%94-%EC%BA%90%EB%82%98%EB%8B%A4-%EA%B7%B8%EB%A6%AC%EC%96%B4%EB%8A%94-%EC%B6%94%EA%B0%80-%EB%B3%B4%EB%B3%B5-%EC%98%88%EA%B3%A0,https://wimg.sedaily.com/news/cms/2026/08/23/rcv.YNA.20260823.PAF20260823116101009_P1.jpg,1200,900,ok
https://ailens.sedaily.ai/news/2026/08/24/2026-08-24-%EA%B8%B0%EC%97%85%ED%9A%8C%EC%83%9D-%ED%95%9C%EA%B5%AD%ED%8C%90-%EC%B1%95%ED%84%B011-%EC%8B%9C%EB%B2%94-%EB%8F%84%EC%9E%85,https://wimg.sedaily.com/news/cms/2026/08/23/news-p.v1.20260101.9205028c6b994afeb1ba581e6b8ebe28_P1.jpg,1200,824,ok
https://ailens.sedaily.ai/industry/2026/08/24/2026-08-24-%EB%B9%85%ED%85%8C%ED%81%AC-%EC%9A%94%EC%B2%AD%EC%97%90-LS%EC%A0%84%EC%84%A0-%EC%9C%A0%EB%9F%BD%EC%97%90-%EA%B3%B5%EC%9E%A5,https://wimg.sedaily.com/news/cms/2026/08/23/news-p.v1.20260823.21076984206e447fb22047aa65cc07af_P1.png,958,568,ok
https://ailens.sedaily.ai/international/2026/08/24/2026-08-24-%EB%A1%9C%EB%B4%87%EC%98%AC%EB%A6%BC%ED%94%BD-1%EB%85%84-%EB%A7%8C%EC%97%90-%EB%A7%A4%EC%84%9C%EC%9A%B4-%EC%A7%84%ED%99%94,https://wimg.sedaily.com/news/cms/2026/08/23/news-p.v1.20260823.bcbbc783a77e4e3f8a92387318dad5b9_P1.jpg,1200,900,ok
https://ailens.sedaily.ai/industry/2026/08/24/2026-08-24-TSMC-%EB%84%98%EC%9D%84-%EA%B2%8C%EC%9E%84%EC%B2%B4%EC%9D%B8%EC%A0%80-%ED%8C%A8%ED%82%A4%EC%A7%95-%EA%B8%B0%EC%88%A0-%ED%8C%90-%EB%B0%94%EA%BE%BC%EB%8B%A4-%EC%95%95%EC%B6%95%EC%A0%84%ED%99%98-%EB%8C%80%ED%95%9C%EB%AF%BC%EA%B5%AD,https://wimg.sedaily.com/news/cms/2026/08/23/ams.001.photo.202607221817167191551113_P1.jpg,1200,823,ok
https://ailens.sedaily.ai/news/2026/08/23/2026-08-23-1%EC%A3%BC%ED%83%9D-%EA%B1%B0%EC%A3%BC-%EB%B9%84%EA%B1%B0%EC%A3%BC-%EC%A2%85%EB%B6%80%EC%84%B8-%EC%B0%A8%EB%93%B1-%EC%97%86%EC%95%A4%EB%8B%A4,https://wimg.sedaily.com/news/cms/2026/08/23/news-p.v1.20260823.cee7495246f74100a2ad3dd41f0bbcab_P1.jpg,1200,743,ok
https://ailens.sedaily.ai/news/2026/08/23/2026-08-23-%EC%86%8D%EB%B3%B4-%EC%A2%85%ED%95%A9%ED%8A%B9%EA%B2%80-%EC%B4%9D-58%EB%AA%85-%EA%B8%B0%EC%86%8C-%EA%B5%AC%EC%86%8D-7%EB%AA%85-%EB%B6%88%EA%B5%AC%EC%86%8D-51%EB%AA%85,https://wimg.sedaily.com/news/cms/2026/08/23/rcv.YNA.20260722.PYH2026072202350001300_P1.jpg,1200,797,ok
https://ailens.sedaily.ai/news/2026/08/23/2026-08-23-%EC%9E%A5%EB%AF%B8%EB%9E%80-%EC%82%AC%EA%B1%B4-%EB%8B%B4%EB%8B%B9-%EA%B2%BD%EC%B0%B0%EA%B4%80-%EB%8B%A4%EB%A5%B8-%EC%8B%A4%EC%A2%85%EC%9E%90%EB%8F%84-%ED%97%88%EC%9C%84-%EC%A2%85%EA%B2%B0,https://wimg.sedaily.com/news/cms/2026/08/23/rcv.NEWS1.NEWS1.20260823.2026-08-23T152131_1008068049_LOCAL_I_P1.jpg,1200,800,ok
https://ailens.sedaily.ai/news/2026/08/23/2026-08-23-%EA%B8%88%EB%A6%AC-%EC%9D%B4%EB%8B%AC-%EC%97%B0%EC%86%8D-%EC%9D%B8%EC%83%81%ED%95%98%EB%82%98-%EA%B5%AD%EC%B1%84%EA%B8%88%EB%A6%AC-%EA%B8%89%EB%93%B1%EC%97%90-%EC%8B%A0%EC%A4%91%EB%A1%A0%EB%8F%84,https://wimg.sedaily.com/news/cms/2026/08/23/news-p.v1.20260823.d7090999b6834112bbe01d0685693108_P1.jpg,500,333,ok
https://ailens.sedaily.ai/news/2026/08/23/2026-08-23-%EA%B1%B0%EC%A3%BC-%EA%B4%80%EA%B3%84-%EC%97%86%EC%9D%B4-1%EC%A3%BC%ED%83%9D-%EA%B3%B5%EC%A0%9C-14%EC%96%B5%EC%9C%BC%EB%A1%9C-%EB%B6%80%EB%8B%B4%EB%8F%84-%ED%98%84%ED%96%89-%EC%9C%A0%EC%A7%80-%EA%B0%80%EB%8B%A5,https://wimg.sedaily.com/news/cms/2026/08/23/news-p.v1.20260823.e93488ce006d45baa6b8d3529393c902_P1.jpg,1200,600,ok
https://ailens.sedaily.ai/finance/2026/08/23/2026-08-23-%EC%B4%9D%EB%9F%89%EC%A0%9C%EC%9D%98-%EB%8D%AB-%EC%9D%80%ED%96%89-%EA%B0%80%EA%B3%84%EB%8C%80%EC%B6%9C-%EC%A0%9C%ED%95%9C-3%EB%B0%B0-%EA%B8%89%EC%A6%9D,https://wimg.sedaily.com/news/cms/2026/08/23/news-p.v1.20251231.0ef809eba2644ed6a811fe407e3008aa_P1.jpg,1200,800,ok
https://ailens.sedaily.ai/finance/2026/08/23/2026-08-23-%EC%9D%80%ED%96%89-%EC%83%81%EB%B0%98%EA%B8%B0%EC%97%90-14%EC%A1%B0-%EB%B2%8C%EC%97%88%EB%8B%A4-%EC%9D%B4%EC%9E%90%EC%9D%B4%EC%9D%B5%EB%A7%8C-32%EC%A1%B0,https://wimg.sedaily.com/news/cms/2026/08/23/news-p.v1.20260823.ccd9a5e3a0b94d3387d870da1e97644a_P1.jpg,860,599,ok
https://ailens.sedaily.ai/markets/2026/08/23/2026-08-23-%EA%B8%89%EB%9D%BD-%EB%92%A4-%EA%B8%89%EB%B0%98%EB%93%B1-%EB%A1%A4%EB%9F%AC%EC%BD%94%EC%8A%A4%ED%94%BC-%EA%B8%88%EB%A6%AC%EC%97%90-%EC%9A%B8%EA%B3%A0-%EC%A3%BC%EC%A3%BC%ED%99%98%EC%9B%90%EC%97%90-%EC%9B%83%EC%97%88%EB%8B%A4-%EC%84%A0%EB%8D%B0%EC%9D%B4-%EB%A8%B8%EB%8B%88%EC%B9%B4%ED%8E%98,https://wimg.sedaily.com/news/cms/2026/08/23/rcv.YNA.20260821.PYH2026082112800001300_P1.jpg,1200,804,ok
https://ailens.sedaily.ai/international/2026/08/23/2026-08-22-%EC%BA%90%EB%82%98%EB%8B%A4-%EB%AC%B4%EC%97%AD%ED%98%91%EC%83%81-%EA%B2%B0%EB%A0%AC-50-%EA%B4%80%EC%84%B8-%EB%B0%9C%ED%9A%A8,https://wimg.sedaily.com/news/cms/2026/08/22/news-p.v1.20260820.4a962f7b24f048b2a05160f9afa070a2_P1.jpg,1200,800,ok
https://ailens.sedaily.ai/news/2026/08/23/2026-08-22-%EC%A0%9C%EC%A3%BC-%EC%97%AC%EC%84%B1-%EC%8B%A4%EC%A2%85-%ED%97%88%EC%9C%84%EC%A2%85%EA%B2%B0-%EA%B2%BD%EC%B0%B0%EA%B4%80-%EA%B8%B4%EA%B8%89-%EC%B2%B4%ED%8F%AC-%EA%B0%99%EC%9D%80-%EC%82%AC%EB%A1%80-%EB%98%90-%EC%9E%88%EC%97%88%EB%8B%A4,https://wimg.sedaily.com/news/cms/2026/08/22/news-p.v1.20260822.aa6a159ff2ab418f801b2bd812b3293a_P1.jpg,1200,702,ok
https://ailens.sedaily.ai/news/2026/08/23/2026-08-22-%EC%82%AC%EC%84%A4-%EC%84%9C%EC%9A%B8-%EC%95%84%ED%8C%8C%ED%8A%B8%EA%B0%92-20%EC%96%B5-%ED%82%A4-%EB%A7%9E%EC%B6%94%EA%B8%B0-%EC%84%B8%EC%A0%9C%EA%B0%9C%ED%8E%B8%EC%9D%B4-%EB%B6%88%EB%9F%AC%EC%98%A8-%EB%B6%80%EC%9E%91%EC%9A%A9,https://wimg.sedaily.com/news/cms/2026/08/21/rcv.YNA.20260719.PYH2026071905030001300_P1.jpg,1200,647,ok
https://ailens.sedaily.ai/international/2026/08/23/2026-08-22-2030%EB%85%84%EC%97%94-%EC%9A%B0%EC%A3%BC%EC%84%A0-1000%ED%9A%8C-%EB%B0%9C%EC%82%AC-%ED%8A%B8%EB%9F%BC%ED%94%84-%EC%9A%B0%EC%A3%BC-%EC%88%98%EC%86%A1-%EA%B0%81%EC%84%9C%EC%97%90-%EC%84%9C%EB%AA%85,https://wimg.sedaily.com/news/cms/2026/08/21/news-p.v1.20260731.f1229e8631ee401088f6df9f0c066785_P1.png,1024,574,ok
https://ailens.sedaily.ai/property/2026/08/22/2026-08-22-%EA%B7%9C%EC%A0%9C-%EC%99%84%ED%99%94%EC%97%90-%EB%A6%AC%EB%AA%A8%EB%8D%B8%EB%A7%81-%EA%BF%88%ED%8B%80-%EC%A3%BC%ED%83%9D%EA%B3%B5%EA%B8%89-%EC%88%A8%EC%9D%80-%ED%95%9C-%EC%B6%95-%EC%9C%BC%EB%A1%9C-%EB%B6%80%EC%83%81-%EC%A7%91%EC%8A%90%EB%9E%AD,https://wimg.sedaily.com/news/cms/2026/08/21/news-p.v1.20260821.e1045f4e3c4441f3bf250a457f80634f_P1.jpg,640,480,ok
https://ailens.sedaily.ai/industry/2026/08/22/2026-08-22-%EC%82%BC%EC%84%B1-110%EC%A1%B0-%ED%99%98%EC%9B%90-%EC%97%90%EB%8F%84-%EB%A8%B8%EC%93%B1-40%EC%A1%B0-%EC%86%8C%EA%B0%81-%EB%9D%84%EC%9A%B4-SK%ED%95%98%EC%9D%B4%EB%8B%89%EC%8A%A4%EB%8A%94-%ED%98%B8%ED%8F%89-%EA%B0%AD-%EC%9B%94%EB%93%9C,https://wimg.sedaily.com/news/cms/2026/08/22/news-p.v1.20260807.ceb61d47b796458fbe1d2733f10c5672_P1.jpg,1200,800,ok
https://ailens.sedaily.ai/news/2026/08/22/2026-08-22-%EA%B9%80%EA%B1%B4%ED%9D%AC-%EB%B4%90%EC%A3%BC%EA%B8%B0-%EC%96%91%ED%8F%89%EA%B3%A0%EC%86%8D-%EC%9D%98%ED%98%B9-%EB%81%9D%EB%82%B4-%EA%B8%B0%EC%86%8C-%EB%AA%BB%ED%95%9C-%EC%A2%85%ED%95%A9%ED%8A%B9%EA%B2%80-%EC%84%9C%EC%B4%88%EB%8F%99-%EC%95%BC%EB%8B%A8%EB%B2%95%EC%84%9D,https://wimg.sedaily.com/news/cms/2026/08/21/news-p.v1.20260821.fc184b20712149f789160d9a9354b1a3_P1.jpg,620,370,ok
https://ailens.sedaily.ai/finance/2026/08/22/2026-08-22-%EC%82%BC%EC%84%B1%EC%A0%84%EC%9E%90-110%EC%A1%B0%EC%9B%90-%EC%A3%BC%EC%A3%BC%ED%99%98%EC%9B%90-%EC%97%AD%EB%8C%80-%EC%B5%9C%EB%8C%80-%EA%B7%9C%EB%AA%A8,https://wimg.sedaily.com/news/cms/2026/08/22/news-p.v1.20260821.fe0700062c35444085c2a60eafcd5d6f_P1.jpeg,640,360,ok
https://ailens.sedaily.ai/property/2026/08/22/2026-08-22-%EB%8B%A4%EC%A3%BC%ED%83%9D%EC%9E%90%EB%A7%8C-%EB%BF%94%EB%82%9C-%EA%B2%8C-%EC%95%84%EB%8B%88%EB%8B%A4-30%EB%8C%80-72-%EB%AC%B4%EC%A3%BC%ED%83%9D%EC%9E%90-57-%EB%B6%80%EB%8F%99%EC%82%B0%EC%A0%95%EC%B1%85-%EB%B6%88%EB%A7%8C-%EB%8D%B0%EC%9D%B4%ED%84%B0%EB%A1%9C-%EB%B3%B8-%EC%A0%95%EC%B9%98%EB%AF%BC%EC%8B%AC,https://wimg.sedaily.com/news/cms/2026/08/21/ams.001.photo.202608131146255462574800_P1.jpg,1200,800,ok
https://ailens.sedaily.ai/international/2026/08/22/2026-08-22-%ED%8A%B8%EB%9F%BC%ED%94%84-%EC%8A%A4%ED%86%A1%EC%BB%A4-%EB%B0%94%EC%9D%B4%EB%B0%B1-%EB%95%9C%EC%A7%88-%EC%86%8C%EC%9A%A9%EC%97%86%EB%8A%94-%EC%A3%BC%EB%8B%B4%EB%8C%80%EC%97%90-%ED%91%9C%EC%8B%AC-%EA%B3%A8%EC%B9%98,https://wimg.sedaily.com/news/cms/2026/08/22/news-p.v1.20260821.5734e9eab1884b73947f8df1d4aa8dfd_P1.png,864,658,ok
https://ailens.sedaily.ai/news/2026/08/22/2026-08-22-%EB%91%90-%EA%B0%9C%EC%9D%98-%EC%97%94%EC%A7%84-%EC%B9%B4%EC%B9%B4%EC%98%A4-AI-X-%EB%A1%9C-%EC%9D%B8%EC%A0%81%EB%B6%84%ED%95%A0,https://wimg.sedaily.com/news/cms/2026/08/21/news-p.v1.20260821.a9f94246340d4ddb8069b888bc8ac088_P1.jpg,1200,800,ok
https://ailens.sedaily.ai/industry/2026/08/22/2026-08-22-%EA%B5%90%EC%9C%A1%EA%B5%90%EB%B6%80%EA%B8%88-%EC%97%B0%EB%8F%99-55%EB%85%84%EB%A7%8C%EC%97%90-%ED%8F%90%EC%A7%80-100%EC%A1%B0-%EB%AF%B8%EB%9E%98%EA%B8%B0%EA%B8%88-%EB%A7%8C%EB%93%A0%EB%8B%A4,https://wimg.sedaily.com/news/cms/2026/08/21/news-p.v1.20260821.e09d1e4770f64888b61c27cd4c452e87_P1.jpg,1200,800,ok
https://ailens.sedaily.ai/industry/2026/08/22/2026-08-22-%EC%82%BC%EC%84%B1%EC%A0%84%EC%9E%90-%EC%82%AC%EC%83%81-%EC%B5%9C%EB%8C%80-%EC%A3%BC%EC%A3%BC%ED%99%98%EC%9B%90-%EC%98%AC%ED%95%B4-%EC%B5%9C%EB%8C%80-110%EC%A1%B0,https://wimg.sedaily.com/news/cms/2026/08/21/news-p.v1.20260707.67d63a0e616246018c7db5bb544903d7_P1.jpg,1200,779,ok
https://ailens.sedaily.ai/industry/2026/08/22/2026-08-22-%ED%98%84%EB%8C%80%EC%B0%A8-10%EB%85%84-%EB%A7%8C%EC%9D%98-%EC%A0%84%EB%A9%B4%ED%8C%8C%EC%97%85-%EA%B3%B5%EC%9E%A5-%EC%98%AC%EC%8A%A4%ED%86%B1,https://wimg.sedaily.com/news/cms/2026/08/21/news-p.v1.20260821.083e8520c7eb4583a31c5c4115950c3a_P1.jpg,1200,800,ok
https://ailens.sedaily.ai/markets/2026/08/22/2026-08-22-%EC%83%81%EB%B2%95%EA%B0%9C%EC%A0%95-%ED%9B%84%EC%9C%A0%EC%A6%9D-%EC%9C%A0%EC%83%81%EC%A6%9D%EC%9E%90-%EC%B2%A0%ED%9A%8C-2%EB%B0%B0-%EB%8A%98%EC%97%88%EB%8B%A4-%EC%8B%9C%EA%B7%B8%EB%84%90,https://wimg.sedaily.com/news/cms/2026/08/21/news-p.v1.20260707.1e3be1d225424324a57c93a1d32cab23_P1.jpg,860,572,ok
https://ailens.sedaily.ai/international/2026/08/21/2026-08-21-%EB%A7%9E%EC%B6%A4%ED%98%95-%EC%95%94%EB%B0%B1%EC%8B%A0-%EC%84%B8%EA%B3%84-%EC%B2%AB-%EC%9E%84%EC%83%81-3%EC%83%81-%EC%84%B1%EA%B3%B5,https://wimg.sedaily.com/news/cms/2026/08/20/rcv.YNA.20260820.PGT20260820003901009_P1.jpg,1200,1125,ok
https://ailens.sedaily.ai/news/2026/08/21/2026-08-21-%EC%BD%94%EC%8A%A4%EB%8B%A5-%EA%B8%89%EB%B8%8C%EB%A0%88%EC%9D%B4%ED%81%AC-5-%EB%8C%80-%EA%B8%89%EB%9D%BD%EC%97%90-800%EC%84%A0-%EB%82%B4%EC%A4%98-video,https://sedaily-mbti-cms-media-dev.s3.us-east-1.amazonaws.com/media/video/2026/08/lens-kosdaq-video-thumb.jpg,1920,1080,ok
https://ailens.sedaily.ai/news/2026/08/21/2026-08-21-%EC%BD%94%EC%8A%A4%EB%8B%A5-%EA%B8%89%EB%B8%8C%EB%A0%88%EC%9D%B4%ED%81%AC-5-%EB%8C%80-%EA%B8%89%EB%9D%BD%EC%97%90-800%EC%84%A0-%EB%82%B4%EC%A4%98-webtoon,https://sedaily-mbti-cms-media-dev.s3.us-east-1.amazonaws.com/media/2026/08/lens-kosdaq-webtoon-cut001.png,1536,1024,ok
https://ailens.sedaily.ai/markets/2026/08/21/2026-08-21-%EC%BD%94%EC%8A%A4%EB%8B%A5-%EA%B8%89%EB%B8%8C%EB%A0%88%EC%9D%B4%ED%81%AC-5-%EB%8C%80-%EA%B8%89%EB%9D%BD%EC%97%90-800%EC%84%A0-%EB%82%B4%EC%A4%98,https://sedaily-mbti-cms-media-dev.s3.us-east-1.amazonaws.com/media/2026/08/lens-kosdaq-crash-photo.jpg,1200,800,ok
https://ailens.sedaily.ai/news/2026/08/21/2026-08-21-%EC%BD%94%EC%8A%A4%EB%8B%A5-%EA%B8%89%EB%B8%8C%EB%A0%88%EC%9D%B4%ED%81%AC-5-%EB%8C%80-%EA%B8%89%EB%9D%BD%EC%97%90-800%EC%84%A0-%EB%82%B4%EC%A4%98-podcast,https://sedaily-mbti-cms-media-dev.s3.us-east-1.amazonaws.com/media/2026/08/lens-kosdaq-crash-photo.jpg,1200,800,ok
https://ailens.sedaily.ai/industry/2026/08/21/2026-08-21-SK%ED%95%98%EC%9D%B4%EB%8B%89%EC%8A%A4-40%EC%A1%B0-10%EC%A1%B0-%EC%9E%90%EC%82%AC%EC%A3%BC-%EC%B6%94%EA%B0%80-%EB%A7%A4%EC%9E%85-%EB%85%B8%EC%82%AC-%ED%95%A9%EC%9D%98%EB%A1%9C-%EC%A3%BC%EC%A3%BC%EA%B0%80%EC%B9%98-%EC%84%A0%EC%88%9C%ED%99%98,https://sedaily-mbti-cms-media-dev.s3.us-east-1.amazonaws.com/media/2026/08/lens-skbuyback-photo.png,1200,800,ok
https://ailens.sedaily.ai/markets/2026/08/21/2026-08-21-%ED%98%B8%EB%82%A8-%EB%B0%98%EB%8F%84%EC%B2%B4-%ED%8C%B9-2%EA%B8%B0-%EC%B6%94%EA%B0%80-%EC%9B%90%EC%A0%84-LNG-%EB%8A%98%EB%A0%A4%EC%95%BC-%EC%A0%84%EB%A0%A5-%EA%B0%90%EB%8B%B9,https://sedaily-mbti-cms-media-dev.s3.us-east-1.amazonaws.com/media/2026/08/lens-powergrid-photo.jpg,1200,800,ok
https://ailens.sedaily.ai/industry/2026/08/21/2026-08-20-%EB%8B%A8%EB%8F%85-%ED%98%B8%EB%82%A8-%EB%B0%98%EB%8F%84%EC%B2%B4-%ED%8C%B9-2%EA%B8%B0-%EB%8D%94-%EC%A7%93%EB%8A%94%EB%8B%A4,https://sedaily-mbti-cms-media-dev.s3.us-east-1.amazonaws.com/media/2026/08/lens-fab-photo.jpg,1200,721,ok
https://ailens.sedaily.ai/finance/2026/08/21/2026-08-20-%EB%8B%A8%EB%8F%85-%EC%9D%80%ED%96%89-%EA%B0%80%EA%B3%84%EB%8C%80%EC%B6%9C-%EA%B8%B0%EC%A4%80-%EC%98%AC%ED%95%B4%EB%A7%8C-73%EB%B2%88-%EB%B0%94%EA%BF%A8%EB%8B%A4,https://sedaily-mbti-cms-media-dev.s3.us-east-1.amazonaws.com/media/2026/08/lens-loan-photo.jpg,1200,782,ok
https://ailens.sedaily.ai/industry/2026/08/21/2026-08-20-%EC%A0%95%EC%9D%98%EC%84%A0-%EA%B0%80%EA%B2%A9-%EC%95%84%EB%8B%8C-%EA%B0%80%EC%B9%98%EB%A1%9C-%EB%9F%AD%EC%85%94%EB%A6%AC-%EB%AA%A8%EB%B9%8C%EB%A6%AC%ED%8B%B0-%EC%9E%AC%EC%A0%95%EC%9D%98,https://sedaily-mbti-cms-media-dev.s3.us-east-1.amazonaws.com/media/2026/08/lens-gv90-photo.jpg,500,686,ok
https://ailens.sedaily.ai/international/2026/08/21/2026-08-20-%ED%8A%B8%EB%9F%BC%ED%94%84-%ED%95%B5%EB%AC%B4%EA%B8%B0-57%EA%B0%9C-%EB%B3%B4%EC%9C%A0-%EB%B9%84%ED%95%B5%ED%99%94-%EC%96%B8%EA%B8%89%EC%9D%80-%ED%9A%8C%ED%94%BC,https://sedaily-mbti-cms-media-dev.s3.us-east-1.amazonaws.com/media/2026/08/lens-trump-nk-photo.jpg,1200,800,ok
https://ailens.sedaily.ai/news/2026/08/21/home-player-podcast-5,https://ailens.sedaily.ai/lens/default-cover.webp,960,960,ok
https://ailens.sedaily.ai/news/2026/08/21/home-player-podcast-3,https://ailens.sedaily.ai/lens/default-cover.webp,960,960,ok
https://ailens.sedaily.ai/news/2026/08/21/home-player-podcast-4,https://ailens.sedaily.ai/lens/default-cover.webp,960,960,ok
https://ailens.sedaily.ai/finance/2026/08/20/2026-08-20-%EC%9D%80%ED%96%89%EA%B6%8C-%EC%98%88%EB%B3%B4%EB%A3%8C-9000%EC%96%B5-%EB%8D%94%EB%82%B8%EB%8B%A4-%EC%86%90%EB%B3%B4%EC%97%85%EA%B3%84-3-3%EB%B0%B0-%EC%9D%B8%EC%83%81,https://sedaily-mbti-cms-media-dev.s3.us-east-1.amazonaws.com/media/2026/08/lens-yebo-photo.jpg,1200,511,ok
https://ailens.sedaily.ai/news/2026/08/20/2026-08-11-%EB%B9%B5-%EC%82%AC%EB%9F%AC-%EB%8C%80%EC%A0%84-%EC%84%B1%EC%8B%AC%EB%8B%B9%EB%A7%8C-%EA%B0%80%EB%8A%94-%EC%A4%84-%EC%95%8C%EC%95%98%EB%8D%94%EB%8B%88-%EC%9A%94%EC%A6%98-%EB%9C%A8%EB%8A%94-%EB%B9%B5%EC%A7%80%EC%88%9C%EB%A1%80-%EB%8F%84%EC%8B%9C-5%EA%B3%B3%EC%9D%80-webtoon,https://sedaily-mbti-cms-media-dev.s3.us-east-1.amazonaws.com/media/2026/08/lens-bread-webtoon-round3-cut001.png,1536,1024,ok
https://ailens.sedaily.ai/news/2026/08/20/2026-08-11-%EB%B9%B5-%EC%82%AC%EB%9F%AC-%EB%8C%80%EC%A0%84-%EC%84%B1%EC%8B%AC%EB%8B%B9%EB%A7%8C-%EA%B0%80%EB%8A%94-%EC%A4%84-%EC%95%8C%EC%95%98%EB%8D%94%EB%8B%88-%EC%9A%94%EC%A6%98-%EB%9C%A8%EB%8A%94-%EB%B9%B5%EC%A7%80%EC%88%9C%EB%A1%80-%EB%8F%84%EC%8B%9C-5%EA%B3%B3%EC%9D%80-podcast,https://sedaily-mbti-cms-media-dev.s3.us-east-1.amazonaws.com/media/2026/08/lens-bread-webtoon-round3-cut001.png,1536,1024,ok
https://ailens.sedaily.ai/news/2026/08/20/2026-08-11-%EB%B9%B5-%EC%82%AC%EB%9F%AC-%EB%8C%80%EC%A0%84-%EC%84%B1%EC%8B%AC%EB%8B%B9%EB%A7%8C-%EA%B0%80%EB%8A%94-%EC%A4%84-%EC%95%8C%EC%95%98%EB%8D%94%EB%8B%88-%EC%9A%94%EC%A6%98-%EB%9C%A8%EB%8A%94-%EB%B9%B5%EC%A7%80%EC%88%9C%EB%A1%80-%EB%8F%84%EC%8B%9C-5%EA%B3%B3%EC%9D%80-video,https://sedaily-mbti-cms-media-dev.s3.us-east-1.amazonaws.com/media/2026/08/lens-bread-webtoon-round3-cut001.png,1536,1024,ok
https://ailens.sedaily.ai/culture/2026/08/20/2026-08-11-%EB%B9%B5-%EC%82%AC%EB%9F%AC-%EB%8C%80%EC%A0%84-%EC%84%B1%EC%8B%AC%EB%8B%B9%EB%A7%8C-%EA%B0%80%EB%8A%94-%EC%A4%84-%EC%95%8C%EC%95%98%EB%8D%94%EB%8B%88-%EC%9A%94%EC%A6%98-%EB%9C%A8%EB%8A%94-%EB%B9%B5%EC%A7%80%EC%88%9C%EB%A1%80-%EB%8F%84%EC%8B%9C-5%EA%B3%B3%EC%9D%80,https://sedaily-mbti-cms-media-dev.s3.us-east-1.amazonaws.com/media/2026/08/lens-bread-webtoon-round3-cut001.png,1536,1024,ok
https://ailens.sedaily.ai/news/2026/08/16/2026-08-16-Korea-Post-Halves-Household-Lending-as-Samsung-Life-Fire-Post-Record,https://ailens.sedaily.ai/lens/default-cover.webp,960,960,ok
https://ailens.sedaily.ai/news/2026/08/16/2026-08-16-Seoul-Adds-100-000-Homes-Samsung-Locks-In-Genesis-Battery-Deal-August,https://ailens.sedaily.ai/lens/default-cover.webp,960,960,ok
https://ailens.sedaily.ai/news/2026/08/14/2026-08-14-%EC%9D%B4%EB%9E%80-%EB%AC%BC%EA%B0%80-3%EA%B0%9C%EC%9B%94%EC%A7%B8-80-%EA%B8%B0%EC%97%85%EB%93%A4-%EC%99%B8%EC%83%81-%ED%8C%90%EB%A7%A4-%ED%99%95%EC%82%B0,https://sedaily-mbti-cms-media-dev.s3.us-east-1.amazonaws.com/media/2026/08/4d0d7767f9fb-lens-cover-0814-story_7.png,1080,1350,ok
https://ailens.sedaily.ai/news/2026/08/14/2026-08-14-%ED%8E%B8%EC%9D%98%EC%A0%90-%EB%9D%BC%EB%A9%B4%EC%9C%BC%EB%A1%9C-%ED%95%9C-%EB%81%BC-%EB%8C%80%EC%B6%A9-%EB%95%8C%EC%9A%B0%EA%B3%A0-%EB%B0%A5%EA%B0%92-%EB%AC%B4%EC%84%9C%EC%9B%8C-%EC%B9%9C%EA%B5%AC%EB%8F%84-%EC%95%88-%EB%A7%8C%EB%82%98%EC%9A%94,https://sedaily-mbti-cms-media-dev.s3.us-east-1.amazonaws.com/media/2026/08/2dcbe207080f-lens-cover-0814-story_12.png,1080,1350,ok
https://ailens.sedaily.ai/news/2026/08/14/2026-08-14-%EC%9C%A0%EA%B0%80-%ED%95%98%EB%9D%BD%EC%97%90-%EB%8F%84%EB%A7%A4%EB%AC%BC%EA%B0%80%EB%8F%84-%EC%99%84%ED%99%94-S-P500-%EC%B5%9C%EA%B3%A0%EC%B9%98-%EB%98%90-%EA%B2%BD%EC%8B%A0,https://sedaily-mbti-cms-media-dev.s3.us-east-1.amazonaws.com/media/2026/08/6eaa5b25366a-lens-cover-0814-story_13.png,1080,1350,ok
https://ailens.sedaily.ai/news/2026/08/14/2026-08-14-%EC%82%BC%EC%84%B1%EC%A0%84%EC%9E%90-%EC%95%A0%ED%94%8C%EB%8F%84-AI-%EC%95%88%EA%B2%BD-%EC%B6%9C%EC%82%AC%ED%91%9C-%EB%8D%98%EC%A1%8C%EB%8A%94%EB%8D%B0-%EC%A0%90%EC%A0%90-%EC%BB%A4%EC%A7%80%EB%8A%94-%EC%82%AC%EB%B2%95-%EB%A6%AC%EC%8A%A4%ED%81%AC,https://sedaily-mbti-cms-media-dev.s3.us-east-1.amazonaws.com/media/2026/08/5dec21c727de-lens-cover-0814-story_17.png,1080,1350,ok
https://ailens.sedaily.ai/news/2026/08/14/2026-08-14-%EC%98%AC%ED%95%B4-%EA%B0%80%EA%B3%84%EB%8C%80%EC%B6%9C-%EA%B3%B5%EA%B8%89-%EC%97%AC%EB%A0%A5-30%E5%85%86-%EC%A6%9D%EC%95%A1-%EC%A3%BC%ED%83%9D%EA%B8%88%EC%9C%B5-%EC%88%A8%ED%86%B5,https://sedaily-mbti-cms-media-dev.s3.us-east-1.amazonaws.com/media/2026/08/6414f9b82023-lens-cover-0814-story_5.png,1080,1350,ok
https://ailens.sedaily.ai/news/2026/08/14/2026-08-14-%EC%86%8D%EB%B3%B4-%ED%8A%B8%EB%9F%BC%ED%94%84-%EC%99%B8%EA%B5%AD-%EC%A1%B0%EC%84%A0%EC%86%8C%EC%84%9C-%ED%95%A8%EC%A0%95-2%EC%B2%99%EA%B9%8C%EC%A7%80-%EA%B1%B4%EC%A1%B0-%EC%A1%B0%EA%B1%B4%EB%B6%80-%ED%97%88%EC%9A%A9,https://sedaily-mbti-cms-media-dev.s3.us-east-1.amazonaws.com/media/2026/08/5710f42686c1-lens-cover-0814-story_15.png,1080,1350,ok
https://ailens.sedaily.ai/news/2026/08/14/2026-08-14-%ED%80%B8-%EC%97%98%EB%A6%AC%EC%9E%90%EB%B2%A0%EC%8A%A4-%EC%9A%B0%EC%8A%B9%EC%9E%90-%ED%8C%8C%EA%B0%80%EB%85%B8-%EC%A0%84%EC%84%A4%EC%9D%98-%EC%B9%B4%EC%9E%98%EC%8A%A4-%EB%93%A4%EA%B3%A0-%EB%82%B4%ED%95%9C,https://sedaily-mbti-cms-media-dev.s3.us-east-1.amazonaws.com/media/2026/08/679575bd85a8-lens-cover-0814-story_16.png,1080,1350,ok
https://ailens.sedaily.ai/news/2026/08/14/2026-08-14-%EA%B5%AC%EA%B8%80-%EA%B2%80%EC%83%89%EC%97%90-%EC%83%98-%EC%98%AC%ED%8A%B8%EB%A8%BC-%EC%98%A4%ED%94%88AI-CEO-%EC%82%AC%EB%A7%9D-%EC%98%A4%EB%A5%98-%EC%86%8C%EB%8F%99,https://sedaily-mbti-cms-media-dev.s3.us-east-1.amazonaws.com/media/2026/08/2ce52cd00176-lens-cover-0814-story_2.png,1080,1350,ok
https://ailens.sedaily.ai/news/2026/08/14/2026-08-14-%EB%85%B8%ED%8B%B8%EB%9F%AC%EC%8A%A4-%EA%B4%80%EC%84%B8-52-5-%ED%8F%AC%EB%93%9C-2030%EB%85%84%EB%B6%80%ED%84%B0-%E4%B8%AD-%EC%83%9D%EC%82%B0-%EC%A0%91%EA%B3%A0-%E7%BE%8E%EB%A1%9C,https://sedaily-mbti-cms-media-dev.s3.us-east-1.amazonaws.com/media/2026/08/c577211ad268-lens-cover-0814-story_6.png,1080,1350,ok
https://ailens.sedaily.ai/news/2026/08/14/2026-08-14-%EB%AF%B8%EA%B5%AD%E7%99%BC-%EB%B0%98%EB%8F%84%EC%B2%B4-%EB%9E%A0%EB%A6%AC%EC%97%90-%EC%82%BC%EC%84%B1%EA%B7%B8%EB%A3%B9-%EC%8B%9C%EC%B4%9D-2000%EC%A1%B0-%ED%83%88%ED%99%98,https://sedaily-mbti-cms-media-dev.s3.us-east-1.amazonaws.com/media/2026/08/182447815d13-lens-cover-0814-story_14.png,1080,1350,ok
https://ailens.sedaily.ai/news/2026/08/14/2026-08-14-%EC%B9%B4%EC%B9%B4%EC%98%A4%EB%A7%B5-%EB%8F%85%EB%8F%84-%EC%9D%B8%EC%A6%9D-%EB%95%90-815%EC%9B%90-%EA%B8%B0%EB%B6%80-%EA%B4%91%EB%B3%B5%EC%A0%88-%EC%BA%A0%ED%8E%98%EC%9D%B8-%EC%A7%84%ED%96%89,https://sedaily-mbti-cms-media-dev.s3.us-east-1.amazonaws.com/media/2026/08/7c99c45db46a-lens-cover-0814-story_1.png,1080,1350,ok
https://ailens.sedaily.ai/news/2026/08/14/2026-08-14-%EB%8C%80%EB%8F%99%EA%B7%B8%EB%A3%B9-%EB%A0%88%EC%9D%B8%EB%B3%B4%EC%9A%B0%EB%A1%9C%EB%B3%B4%ED%8B%B1%EC%8A%A4%EC%99%80-%EB%86%8D%EC%97%85-%EB%A1%9C%EB%B4%87-%EC%95%A0%EA%B7%B8%EB%A1%9C%EC%9D%B4%EB%93%9C-%EA%B3%B5%EB%8F%99-%EA%B0%9C%EB%B0%9C-%EC%B6%94%EC%A7%84,https://sedaily-mbti-cms-media-dev.s3.us-east-1.amazonaws.com/media/2026/08/ef230b42a968-lens-cover-0814-story_3.png,1080,1350,ok
https://ailens.sedaily.ai/news/2026/08/14/2026-08-14-%ED%99%98%EC%9C%A8-%EC%9C%A0%EA%B0%80-%ED%95%98%EB%9D%BD%EC%97%90-%EC%88%98%EC%9E%85%EB%AC%BC%EA%B0%80-2%EA%B0%9C%EC%9B%94%EC%A7%B8-%ED%95%98%EB%9D%BD-%EC%88%98%EC%B6%9C%EB%AC%BC%EA%B0%80%EB%8A%94-28%EB%85%84%EB%A7%8C-%EC%B5%9C%EA%B3%A0%ED%8F%AD,https://sedaily-mbti-cms-media-dev.s3.us-east-1.amazonaws.com/media/2026/08/2bcc4f9c3c07-lens-cover-0814-story_4.png,1080,1350,ok
https://ailens.sedaily.ai/news/2026/08/14/2026-08-14-%EB%B0%B1%EC%95%85%EA%B4%80-%E4%B8%AD-%EB%9D%BC%EB%B2%A8%EA%B0%88%EC%9D%B4%EB%A1%9C-%EA%B4%80%EC%84%B8-%ED%9A%8C%ED%94%BC-%EA%B2%BD%EA%B8%B0%EB%8F%84-%EB%B0%98%EB%8F%84%EC%B2%B4-%EB%B2%A8%ED%8A%B8-%EC%A7%80%EB%AA%A9,https://sedaily-mbti-cms-media-dev.s3.us-east-1.amazonaws.com/media/2026/08/313c92e9ec59-lens-cover-0814-story_10.png,1080,1350,ok
https://ailens.sedaily.ai/news/2026/08/14/2026-08-14-%ED%98%84%EB%8C%80%EC%B0%A8-%EC%82%BC%EC%84%B1-%EC%83%9D%EC%A1%B4-%EB%8F%99%EB%A7%B9-%EC%98%81%EC%97%AD-%ED%99%95%EC%9E%A5-%EB%B0%B0%ED%84%B0%EB%A6%AC-%EC%9E%90%EC%9C%A8%EC%A3%BC%ED%96%89%EC%B9%A9-IoT-%EB%A1%9C%EB%B4%87%EA%B9%8C%EC%A7%80,https://sedaily-mbti-cms-media-dev.s3.us-east-1.amazonaws.com/media/2026/08/f0efac6d7f4e-lens-cover-0814-story_8.png,1080,1350,ok
https://ailens.sedaily.ai/news/2026/08/14/2026-08-14-%EC%8F%98%EC%B9%B4-%ED%85%8C%EC%8A%AC%EB%9D%BC-800%EB%8C%80-%EB%8D%94-%EB%8A%98%EB%A6%B0%EB%8B%A4-%EC%A0%84%EA%B8%B0%EC%B0%A8-%EB%B9%84%EC%A4%91-14-%EB%A1%9C,https://ailens.sedaily.ai/lens/sample-socar-tesla.jpg,1200,600,ok
https://ailens.sedaily.ai/news/2026/08/13/2026-08-13-4%EC%96%B5-%EB%B9%84%EC%95%84%ED%8C%8C%ED%8A%B8-%EC%B2%AD%EB%85%84-%EC%A0%95%EC%B1%85%EB%8C%80%EC%B6%9C%EC%97%90-%EC%98%A4%ED%94%BC%EC%8A%A4%ED%85%94%EB%A7%8C-%EC%82%AC%EB%9D%BC%EB%8A%94-%EA%B1%B0%EB%83%90-%EB%83%89%EB%8B%B4,https://sedaily-mbti-cms-media-dev.s3.us-east-1.amazonaws.com/media/2026/08/cbe4ccf7843f-lens-cover-0813-z1.png,1080,1350,ok
https://ailens.sedaily.ai/news/2026/08/13/2026-08-13-%E6%9D%8E%EB%8C%80%ED%86%B5%EB%A0%B9-%EC%84%A0%ED%83%9D%EC%A0%81-%EB%AA%A8%EB%B3%91%EC%A0%9C-%EB%8F%84%EC%9E%85-%EB%82%B4%EB%85%84-%EC%A0%9C%EB%8F%84-%EC%8B%9C%ED%96%89-%EC%98%88%EC%A0%95,https://sedaily-mbti-cms-media-dev.s3.us-east-1.amazonaws.com/media/2026/08/4e3928037888-lens-cover-0813-z5.png,1080,1350,ok
https://ailens.sedaily.ai/news/2026/08/13/2026-08-13-%EC%B2%A0%EA%B0%95-%EC%84%9D%ED%99%94-AI-%EB%B0%98%EB%8F%84%EC%B2%B4-%ED%8A%B9%EC%88%98%EB%A1%9C-%EB%B6%88%ED%99%A9-%EB%9A%AB%EC%97%88%EB%8B%A4,https://sedaily-mbti-cms-media-dev.s3.us-east-1.amazonaws.com/media/2026/08/68c6f8c17d02-lens-cover-0813-z4.png,1080,1350,ok
https://ailens.sedaily.ai/news/2026/08/13/2026-08-13-%EC%82%BC%EC%84%B1%EC%83%9D%EB%AA%85-%ED%99%94%EC%9E%AC-%EC%8B%A4%EC%A0%81-%EB%82%A0%EC%95%98%EB%8B%A4-%EB%82%98%EB%9E%80%ED%9E%88-%EC%83%81%EB%B0%98%EA%B8%B0-%EC%B5%9C%EB%8C%80-%EC%88%9C%EC%9D%B5,https://sedaily-mbti-cms-media-dev.s3.us-east-1.amazonaws.com/media/2026/08/a33bcbbcaab2-lens-cover-0813-z2.png,1080,1350,ok
https://ailens.sedaily.ai/news/2026/08/13/2026-08-13-%ED%95%B4%EC%B9%98%ED%85%8D-%EC%B2%AD%EC%95%BD-%EA%B2%BD%EC%9F%81%EB%A5%A0-25%EB%8C%80-1-%EC%A6%9D%EA%B1%B0%EA%B8%88-739%EC%96%B5-%EC%9C%A0%EC%9E%85,https://sedaily-mbti-cms-media-dev.s3.us-east-1.amazonaws.com/media/2026/08/cffaa4f39d16-lens-cover-0813-z3.png,1080,1350,ok
https://ailens.sedaily.ai/news/2026/08/13/2026-08-13-%EC%8A%A4%ED%8E%98%EC%9D%B4%EC%8A%A4X-%EA%B7%B8%EB%A1%9D-%EC%9E%AC%ED%8F%89%EA%B0%80%EC%97%90-%EC%9A%B0%EC%A3%BCETF%EB%8F%84-%EB%96%B4%EB%8B%A4,https://sedaily-mbti-cms-media-dev.s3.us-east-1.amazonaws.com/media/2026/08/265869445d6a-lens-cover-0813-z6.png,1080,1350,ok
https://ailens.sedaily.ai/news/2026/08/13/2026-08-12-N-%EC%84%B1%EA%B3%BC%EA%B8%89-%EB%85%BC%EB%9E%80-%EC%82%BC%EC%A0%84%ED%95%98%EB%8B%89-%EB%85%B8%EC%A1%B0-%EB%AD%89%EC%B9%9C%EB%8B%A4,https://sedaily-mbti-cms-media-dev.s3.us-east-1.amazonaws.com/media/2026/08/cf1ff6a19602-lens-cover-7.png,1080,1350,ok
https://ailens.sedaily.ai/news/2026/08/13/2026-08-12-%EC%B2%AD%EA%B3%84%EC%B2%9C%EC%84%9C-%EC%BA%94%EB%A7%A5%EC%A3%BC-%EB%A7%88%EC%8B%9C%EB%A9%B4-%EA%B3%BC%ED%83%9C%EB%A3%8C-10%EB%A7%8C%EC%9B%90,https://sedaily-mbti-cms-media-dev.s3.us-east-1.amazonaws.com/media/2026/08/29dd3abff585-lens-cover-21.png,1080,1350,ok
https://ailens.sedaily.ai/news/2026/08/13/2026-08-12-%ED%98%81%EC%8B%A0-%EB%AF%B8%EB%A3%AC-%EC%9C%A0%EB%9F%BD%E8%BB%8A-%EC%82%BC%ED%82%A4%EB%8A%94-%E4%B8%AD-%EA%B3%B5%EA%B8%89%EB%A7%9D-%ED%88%AC%EC%9E%90-2-5%EB%B0%B0-%EB%8A%98%EB%A0%B8%EB%8B%A4,https://sedaily-mbti-cms-media-dev.s3.us-east-1.amazonaws.com/media/2026/08/d66b5e90ebb4-lens-cover-18.png,1080,1350,ok
https://ailens.sedaily.ai/news/2026/08/13/2026-08-13-UCL-%EC%9A%B0%EC%8A%B9%ED%8C%80-PSG-UEL-%EC%9A%B0%EC%8A%B9-%EC%95%A0%EC%8A%A4%ED%84%B4-%EB%B9%8C%EB%9D%BC-%EC%A0%9C%EC%95%95-%EC%8A%88%ED%8D%BC%EC%BB%B5-2%EC%97%B0%ED%8C%A8,https://sedaily-mbti-cms-media-dev.s3.us-east-1.amazonaws.com/media/2026/08/d8bd09cfabc2-lens-cover-2.png,1080,1350,ok
https://ailens.sedaily.ai/news/2026/08/13/2026-08-13-%EC%82%BC%EC%A0%84-%EB%8C%80%EC%8B%A0-%EC%82%BC%EC%84%B1%EC%A0%84%EA%B8%B0-%EB%AA%A8%EA%B1%B4%EC%8A%A4%ED%83%A0%EB%A6%AC-%ED%86%B1%ED%94%BD-%EA%B5%90%EC%B2%B4-%EB%AA%A9%ED%91%9C%EA%B0%80-262%EB%A7%8C-%EC%9B%90%EC%9C%BC%EB%A1%9C,https://sedaily-mbti-cms-media-dev.s3.us-east-1.amazonaws.com/media/2026/08/c6b8c7b1b2d4-lens-cover-17.png,1080,1350,ok
https://ailens.sedaily.ai/news/2026/08/13/2026-08-12-%EC%84%9C%EC%9A%B8%EC%8B%9C-%EC%A3%BC%EB%A7%90-%EA%B3%B5%ED%9C%B4%EC%9D%BC-%ED%95%9C%EA%B0%95%EB%B2%84%EC%8A%A4-%EC%9A%94%EA%B8%88-%EC%9D%B8%EC%83%81-%EA%B2%80%ED%86%A0-%EB%AC%B4%EB%A3%8C-%EC%85%94%ED%8B%80%EC%9D%80-%EC%A2%85%EB%A3%8C,https://sedaily-mbti-cms-media-dev.s3.us-east-1.amazonaws.com/media/2026/08/4ad91fae0925-lens-cover-20.png,1080,1350,ok
https://ailens.sedaily.ai/news/2026/08/13/2026-08-13-%EA%B0%80%EC%9D%84-%EB%82%A0%EC%94%A8-%EB%84%88%EB%AC%B4-%EC%A2%8B%EC%95%84-%ED%96%88%EB%8A%94%EB%8D%B0-%ED%83%9C%ED%92%8D-13%EA%B0%9C-%EB%82%A8%EC%95%98%EB%8B%A4-%EC%95%84%EC%8B%9C%EC%95%84%EC%97%90-%EC%97%AD%EB%8C%80%EA%B8%89-%ED%83%9C%ED%92%8D-%EC%8B%9C%EC%A6%8C-%EC%98%A8%EB%8B%A4,https://sedaily-mbti-cms-media-dev.s3.us-east-1.amazonaws.com/media/2026/08/5d6d2a4c0945-lens-cover-24.png,1080,1350,ok
https://ailens.sedaily.ai/news/2026/08/13/2026-08-12-%EC%98%A4%EB%8A%98-%EB%B0%A4-%EB%B3%84%EB%98%A5%EB%B3%84-%EC%8B%9C%EA%B0%84%EB%8B%B9-100%EA%B0%9C-%EC%8F%9F%EC%95%84%EC%A7%91%EB%8B%88%EB%8B%A4,https://sedaily-mbti-cms-media-dev.s3.us-east-1.amazonaws.com/media/2026/08/6c33f03fced7-lens-cover-26.png,1080,1350,ok
https://ailens.sedaily.ai/news/2026/08/13/2026-08-12-%EA%B8%B0%EC%95%84-6%EB%85%84-%EB%A7%8C%EC%97%90-%ED%8C%8C%EC%97%85-%EC%9C%84%EA%B8%B0-%ED%98%84%EB%8C%80%EC%B0%A8%EA%B7%B8%EB%A3%B9-%ED%95%98%ED%88%AC-%EB%B9%84%EC%83%81,https://sedaily-mbti-cms-media-dev.s3.us-east-1.amazonaws.com/media/2026/08/a16a134b058e-lens-cover-15.png,1080,1350,ok
https://ailens.sedaily.ai/news/2026/08/13/2026-08-13-%EC%A0%95%EA%B8%B0%EC%84%A0-%EB%B9%8C%EA%B2%8C%EC%9D%B4%EC%B8%A0-SMR-%EA%B9%90%EB%B6%80-7%EA%B0%9C%EC%9B%94-%EB%A7%8C%EC%97%90-%EB%8B%A4%EC%8B%9C-%EB%A7%8C%EB%82%9C%EB%8B%A4,https://sedaily-mbti-cms-media-dev.s3.us-east-1.amazonaws.com/media/2026/08/31a98bd4f654-lens-cover-22.png,1080,1350,ok
https://ailens.sedaily.ai/news/2026/08/13/2026-08-12-%EA%B9%80%EC%8A%B9%EC%97%B0-%ED%95%9C%ED%99%94-%ED%9A%8C%EC%9E%A5-%EC%9E%84%EC%A7%81%EC%9B%90-6-9%EB%A7%8C-%EB%AA%85%EC%97%90-%EB%B3%B4%EC%96%91%EC%8B%9D-%EC%84%A0%EB%AC%BC,https://sedaily-mbti-cms-media-dev.s3.us-east-1.amazonaws.com/media/2026/08/5c0facfa490b-lens-cover-11.png,1080,1350,ok
https://ailens.sedaily.ai/news/2026/08/13/2026-08-12-%EB%84%A5%EC%8A%A8-PC-%EC%98%A4%EB%B2%84%EC%9B%8C%EC%B9%98-%EA%B5%AD%EB%82%B4-%EC%84%9C%EB%B9%84%EC%8A%A4-%EC%8B%A4%EC%8B%9C,https://sedaily-mbti-cms-media-dev.s3.us-east-1.amazonaws.com/media/2026/08/f275d7a10c81-lens-cover-14.png,1080,1350,ok
https://ailens.sedaily.ai/news/2026/08/13/2026-08-12-%EC%82%BC%EC%A0%84%EB%8B%89%EC%8A%A4-7-%EB%8C%80-%EA%B8%89%EB%93%B1-%EC%BD%94%EC%8A%A4%ED%94%BC-23%EB%B2%88%EC%A7%B8-%EB%A7%A4%EC%88%98-%EC%82%AC%EC%9D%B4%EB%93%9C%EC%B9%B4,https://sedaily-mbti-cms-media-dev.s3.us-east-1.amazonaws.com/media/2026/08/71bd450c60e5-lens-cover-4.png,1080,1350,ok
https://ailens.sedaily.ai/news/2026/08/13/2026-08-12-%ED%95%98%EB%82%98%EC%B9%B4%EB%93%9C-%EB%82%98%EB%9D%BC%EC%82%AC%EB%9E%91%EC%B9%B4%EB%93%9C-%EA%B4%91%EB%B3%B5%EC%A0%88-%EB%A7%9E%EC%95%84-%EC%9D%B4%EB%B2%A4%ED%8A%B8,https://sedaily-mbti-cms-media-dev.s3.us-east-1.amazonaws.com/media/2026/08/8e68ab7847cd-lens-cover-25.png,1080,1350,ok
https://ailens.sedaily.ai/news/2026/08/13/2026-08-12-%EC%84%B1%EA%B3%BC%EA%B8%89-%EC%A3%BC%EC%8B%9D-%EB%A7%90%EA%B3%A0-%ED%98%84%EA%B8%88%EC%9C%BC%EB%A1%9C-%EB%8B%AC%EB%9D%BC-1%EB%A7%8C8000%EB%AA%85-%EB%AA%A8%EC%9C%BC%EB%8A%94-SK%ED%95%98%EC%9D%B4%EB%8B%89%EC%8A%A4-%EC%83%88-%EB%85%B8%EC%A1%B0-%EB%9C%AC%EB%8B%A4,https://sedaily-mbti-cms-media-dev.s3.us-east-1.amazonaws.com/media/2026/08/d29ca25987d2-lens-cover-5.png,1080,1350,ok
https://ailens.sedaily.ai/news/2026/08/13/2026-08-12-%EC%B9%B4%EB%93%9C%EB%B9%9A-%EB%82%B4%EA%B3%A0-%EC%A7%80%EC%9D%B8%EC%97%90%EA%B2%8C-%EC%86%90-%EB%B2%8C%EB%A0%A4-%EC%83%9D%ED%99%9C%EB%B9%84-%EB%8C%80%EB%8A%94-%E7%BE%8E-%EA%B0%80%EC%A0%95%EB%93%A4,https://sedaily-mbti-cms-media-dev.s3.us-east-1.amazonaws.com/media/2026/08/711ac696e279-lens-cover-1.png,1080,1350,ok
https://ailens.sedaily.ai/news/2026/08/13/2026-08-12-%EC%82%B4-%EB%B9%BC%EB%A0%A4%EA%B3%A0-%EB%A8%B9%EC%97%88%EB%8A%94%EB%8D%B0-%EC%B2%B4%EC%A7%80%EB%B0%A9-%ED%8F%AD%ED%83%84-%EB%8B%A4%EC%9D%B4%EC%96%B4%ED%8A%B8-%EC%8B%9D%EB%8B%A8-%EB%92%A4%ED%9D%94%EB%93%A0-%EC%9D%B4-%EC%8B%9D%ED%92%88,https://sedaily-mbti-cms-media-dev.s3.us-east-1.amazonaws.com/media/2026/08/0448a0664c3b-lens-cover-16.png,1080,1350,ok
https://ailens.sedaily.ai/news/2026/08/13/2026-08-13-%ED%95%9C%EA%B0%95%EC%97%90-8m-%EB%B6%89%EC%9D%80-%EA%B8%B0%EB%A6%B0%EC%9D%B4-%EC%98%A8%EB%8B%A4-%EC%84%9C%EC%9A%B8%EA%B1%B0%EB%A6%AC%EC%98%88%EC%88%A0%EC%B6%95%EC%A0%9C-9%EC%9B%94-%EA%B0%9C%EB%A7%89,https://sedaily-mbti-cms-media-dev.s3.us-east-1.amazonaws.com/media/2026/08/07546e03c008-lens-cover-23.png,1080,1350,ok
https://ailens.sedaily.ai/news/2026/08/13/2026-08-12-%EC%9B%94%EA%B0%80-%EB%92%A4%ED%9D%94%EB%93%A0-25%EC%84%B8-%EC%B2%9C%EC%9E%AC%EA%B0%80-%EC%93%B8%EC%96%B4%EB%8B%B4%EC%9D%80-%EC%9D%B4-%EC%A2%85%EB%AA%A9,https://sedaily-mbti-cms-media-dev.s3.us-east-1.amazonaws.com/media/2026/08/6970f2e5316b-lens-cover-9.png,1080,1350,ok
https://ailens.sedaily.ai/news/2026/08/13/2026-08-13-%ED%98%84%EB%8C%80%EC%B0%A8-%ED%9A%8C%EC%9E%A5%EC%9D%B4-%EC%A7%81%EC%A0%91-%EC%BD%94%EB%94%A9-%EA%B3%B5%EB%B6%80%ED%95%9C-%EC%9D%B4%EC%9C%A0-IT%EA%B8%B0%EC%97%85%EB%B3%B4%EB%8B%A4-%EB%8D%94-IT%EA%B8%B0%EC%97%85-%EA%B0%99%EA%B2%8C,https://sedaily-mbti-cms-media-dev.s3.us-east-1.amazonaws.com/media/2026/08/5401c32bb1ef-lens-cover-3.png,1080,1350,ok
https://ailens.sedaily.ai/news/2026/08/13/2026-08-12-%E5%8C%97-%ED%95%9C%EB%AF%B8%ED%9B%88%EB%A0%A8-%EC%95%9E%EB%91%90%EA%B3%A0-6%EC%9D%BC%EB%A7%8C%EC%97%90-%EB%98%90-%ED%83%84%EB%8F%84%EB%AF%B8%EC%82%AC%EC%9D%BC-700km-%EC%9D%B4%EC%83%81-%EB%B9%84%ED%96%89,https://sedaily-mbti-cms-media-dev.s3.us-east-1.amazonaws.com/media/2026/08/bb67eb2b6c15-lens-cover-13.png,1080,1350,ok
https://ailens.sedaily.ai/news/2026/08/13/2026-08-13-AI%EA%B0%80-BTS%EB%8F%84-%EC%9D%B4%EA%B2%BC%EB%8B%A4%EA%B3%A0-AI-%EC%9E%91%EA%B3%A1-%EC%95%B1-%EC%88%98%EB%85%B8-%EB%AA%B8%EA%B0%92-50%EC%96%B5-%E5%BC%97-%EB%84%98%EA%B2%BC%EB%8B%A4,https://sedaily-mbti-cms-media-dev.s3.us-east-1.amazonaws.com/media/2026/08/14b588d83adb-lens-cover-19.png,1080,1350,ok
https://ailens.sedaily.ai/news/2026/08/13/2026-08-13-%EB%89%B4%EC%9A%95-%EC%A6%9D%EC%8B%9C-%EB%AC%B4%EB%82%9C%ED%95%9C-CPI%EC%97%90-%EB%B3%B4%ED%95%A9-AI-%EC%9D%B8%ED%94%84%EB%9D%BC-%ED%98%B8%EC%8B%A4%EC%A0%81-%EB%B0%98%EB%8F%84%EC%B2%B4%EC%A3%BC-%EA%B0%95%EC%84%B8,https://sedaily-mbti-cms-media-dev.s3.us-east-1.amazonaws.com/media/2026/08/035d9d331e53-lens-cover-6.png,1080,1350,ok
https://ailens.sedaily.ai/news/2026/08/13/2026-08-12-%EC%8B%A0%EC%9E%85-%EC%B1%84%EC%9A%A9%EB%AC%B8-%EB%8B%A4%EC%8B%9C-%EC%97%B4%EB%A6%AC%EB%82%98-%EC%83%81%EB%B0%98%EA%B8%B0-%EC%8B%A0%EC%9E%85-%EA%B3%B5%EA%B3%A0-13-%EC%A6%9D%EA%B0%80,https://sedaily-mbti-cms-media-dev.s3.us-east-1.amazonaws.com/media/2026/08/71be94f163c2-lens-cover-8.png,1080,1350,ok
https://ailens.sedaily.ai/news/2026/08/13/2026-08-12-%EA%B5%AC%EA%B4%91%EB%AA%A8-%EC%A0%A0%EC%8A%A8-%ED%99%A9-%ED%9A%8C%EB%8F%99-%EA%B8%B0%EB%8C%80%EC%97%90-LG%EC%A0%84%EC%9E%90-11-%EA%B8%89%EB%93%B1-20%EB%A7%8C-%EC%9B%90-%ED%9A%8C%EB%B3%B5,https://sedaily-mbti-cms-media-dev.s3.us-east-1.amazonaws.com/media/2026/08/6b73d3ff2af7-lens-cover-10.png,1080,1350,ok
https://ailens.sedaily.ai/news/2026/08/12/2026-08-12-SK%ED%95%98%EC%9D%B4%EB%8B%89%EC%8A%A4-19%EC%A1%B0-%EB%B2%A0%ED%8C%85-%EB%82%B8%EB%93%9C-%EA%B3%B5%EA%B8%89%EB%A7%9D-%EB%8C%80%ED%99%95%EC%9E%A5-2,https://sedaily-mbti-cms-media-dev.s3.us-east-1.amazonaws.com/media/2026/08/d466cfa8159b-news-p.v1.20260811.7333b418f0b5460cb29b753baccfcaee-p1.png,700,433,ok
https://ailens.sedaily.ai/news/2026/08/12/2026-08-12-%ED%9C%B4%EA%B0%80-%EB%B3%B5%EA%B7%80-%ED%98%84%EB%8C%80%EC%B0%A8-%EB%85%B8%EC%A1%B0-12-18%EC%9D%BC-%EC%B6%94%EA%B0%80-%ED%8C%8C%EC%97%85-%EC%88%98%EC%9C%84%EB%8F%84-%EB%86%92%EC%98%80%EB%8B%A4,https://sedaily-mbti-cms-media-dev.s3.us-east-1.amazonaws.com/media/2026/08/7508d7943ac7-rcv.yna.20260729.pyh2026072910290005700-p1.jpg,1200,583,ok
https://ailens.sedaily.ai/news/2026/08/12/2026-08-12-2-2%EB%85%84-%EC%A0%84%EC%84%B8%EB%A7%8C%EA%B8%B0-1%EB%A7%8C%EA%B1%B4-%EC%A7%91%EC%A3%BC%EC%9D%B8-%EC%8B%A4%EA%B1%B0%EC%A3%BC-%EC%A0%84%ED%99%98-%EC%B6%A9%EA%B2%A9%ED%8C%8C,https://sedaily-mbti-cms-media-dev.s3.us-east-1.amazonaws.com/media/2026/08/ce73962a4a18-news-p.v1.20260117.5ed23c7c1187459082f72ed48fb2070b-p1.jpg,1200,800,ok
https://ailens.sedaily.ai/news/2026/08/12/2026-08-12-%EC%B9%B4%EC%B9%B4%EC%98%A4%EB%B1%85%ED%81%AC-%EC%A3%BC%EB%8B%B4%EB%8C%80-%EC%A0%91%EC%88%98%EA%B0%80-%EB%A7%88%EA%B0%90%EB%90%98%EA%B8%B0%EA%B9%8C%EC%A7%80-%EA%B1%B8%EB%A6%B0-%EC%8B%9C%EA%B0%84,https://ailens.sedaily.ai/lens/default-cover.webp,960,960,ok
https://ailens.sedaily.ai/news/2026/08/11/2026-08-11-%EC%9A%B0%EB%A6%AC-%EC%95%84%ED%8C%8C%ED%8A%B8-%EB%B3%80%EC%95%95%EA%B8%B0%EB%8A%94-%EB%AA%87-%EC%82%B4%EC%9D%BC%EA%B9%8C-%ED%8F%AD%EC%97%BC-%EC%A0%95%EC%A0%84%EC%9D%98-%EC%A7%84%EC%A7%9C-%EC%9B%90%EC%9D%B8-2,https://sedaily-mbti-cms-media-dev.s3.us-east-1.amazonaws.com/media/2026/08/38a1fb7b7ce7-electrical-transformer-cabinet-b-2k-202608111736.jpeg,2752,1536,ok
https://ailens.sedaily.ai/news/2026/08/11/2026-08-11-%EC%9A%B0%EB%A6%AC-%EC%95%84%ED%8C%8C%ED%8A%B8-%EB%B3%80%EC%95%95%EA%B8%B0%EB%8A%94-%EB%AA%87-%EC%82%B4%EC%9D%BC%EA%B9%8C-%ED%8F%AD%EC%97%BC-%EC%A0%95%EC%A0%84%EC%9D%98-%EC%A7%84%EC%A7%9C-%EC%9B%90%EC%9D%B8,https://ailens.sedaily.ai/lens/default-cover.webp,960,960,ok
https://ailens.sedaily.ai/news/2026/08/11/2026-08-11-SK%ED%95%98%EC%9D%B4%EB%8B%89%EC%8A%A4-%EC%84%B1%EA%B3%BC%EA%B8%89-%EA%B0%88%EB%93%B1-%ED%86%B5%ED%95%A9%EB%85%B8%EC%A1%B0-%EC%B6%9C%EB%B2%94,https://ailens.sedaily.ai/lens/default-cover.webp,960,960,ok
https://ailens.sedaily.ai/news/2026/08/11/2026-08-11-KAIST-AI-%EB%8D%B0%EC%9D%B4%ED%84%B0%EC%84%BC%ED%84%B0-%EA%B1%B4%EB%A6%BD,https://ailens.sedaily.ai/lens/default-cover.webp,960,960,ok
https://ailens.sedaily.ai/news/2026/08/11/2026-08-11-Chat-GPT%EC%99%80-%ED%95%A8%EA%BB%98%ED%95%98%EB%8A%94-%EC%96%B4%EB%8F%84%EB%B9%84%EC%9D%98-%ED%98%81%EC%8B%A0,https://ailens.sedaily.ai/lens/default-cover.webp,960,960,ok
https://ailens.sedaily.ai/news/2026/08/11/2026-08-11-%EC%8A%A4%ED%83%80%ED%8A%B8%EC%97%85%EA%B3%BC-%EB%8C%80%EA%B8%B0%EC%97%85%EC%9D%98-%ED%98%91%EB%A0%A5-%ED%98%81%EB%AA%85,https://ailens.sedaily.ai/lens/default-cover.webp,960,960,ok
https://ailens.sedaily.ai/news/2026/08/11/2026-08-11-2030%EC%84%B8%EB%8C%80-%EC%97%AC%ED%96%89%EC%9D%98-%EC%83%88%EB%A1%9C%EC%9A%B4-%EC%A0%95%EC%9D%98,https://ailens.sedaily.ai/lens/default-cover.webp,960,960,ok
https://ailens.sedaily.ai/news/2026/08/11/2026-08-11-%EC%A0%95%EB%B6%80%EC%99%80-%EB%AF%BC%EC%A3%BC%EB%8B%B9-%EC%84%B8%EC%A0%9C%EA%B0%9C%ED%8E%B8%EC%95%88%EC%9D%98-%EB%81%9D%EC%9D%80,https://ailens.sedaily.ai/lens/default-cover.webp,960,960,ok
https://ailens.sedaily.ai/news/2026/08/11/2026-08-11-%EB%A1%AF%EB%8D%B0%EC%99%80-HD%ED%98%84%EB%8C%80-%EB%8C%80%EC%82%B0%EA%B3%B5%EC%9E%A5-%EB%8C%80%EB%B3%80%ED%98%81,https://ailens.sedaily.ai/lens/default-cover.webp,960,960,ok
https://ailens.sedaily.ai/news/2026/08/11/2026-08-11-SK%EC%99%80-KKR-%EB%AF%B8%EB%9E%98-%EC%97%90%EB%84%88%EC%A7%80%EC%9D%98-%EC%84%A0%EB%91%90%EC%A3%BC%EC%9E%90,https://ailens.sedaily.ai/lens/default-cover.webp,960,960,ok
https://ailens.sedaily.ai/news/2026/08/11/2026-08-11-%ED%98%84%EB%8C%80%EC%B0%A8-%EC%8B%A0%EC%B0%A8-%EC%9C%84%EA%B8%B0-%ED%8C%8C%EC%97%85%EC%9D%98-%EA%B7%B8%EB%A6%BC%EC%9E%90,https://ailens.sedaily.ai/lens/default-cover.webp,960,960,ok
https://ailens.sedaily.ai/news/2026/08/11/2026-08-11-%EC%BB%A4%EB%B2%84%EB%93%9C%EC%BD%9C-ETF-%EC%A7%80%EA%B8%88-%ED%88%AC%EC%9E%90%ED%95%B4%EC%95%BC-%ED%95%A0%EA%B9%8C,https://ailens.sedaily.ai/lens/default-cover.webp,960,960,ok
https://ailens.sedaily.ai/news/2026/08/11/2026-08-11-%EA%B8%88%EB%A6%AC-%EB%8F%99%EA%B2%B0%EC%97%90%EB%8F%84-%EC%9D%B4%EC%9E%90-%EB%B6%80%EB%8B%B4-%ED%8F%AD%EC%A6%9D,https://ailens.sedaily.ai/lens/default-cover.webp,960,960,ok
https://ailens.sedaily.ai/news/2026/08/11/2026-08-11-%EC%99%B8%EA%B5%AD%EC%9D%B8%EC%9D%98-%EB%B0%98%EB%8F%84%EC%B2%B4-%EB%A7%A4%EB%8F%84-%EA%B7%B8-%EC%9D%B4%EC%9C%A0%EB%8A%94,https://ailens.sedaily.ai/lens/default-cover.webp,960,960,ok
https://ailens.sedaily.ai/news/2026/08/11/2026-08-11-%EC%A0%84%EA%B8%B0%EC%B0%A8-%ED%95%98%EC%9D%B4%EB%B8%8C%EB%A6%AC%EB%93%9C%EB%B3%B4%EB%8B%A4-%EC%8B%B8%EC%A7%84-%EC%9D%B4%EC%9C%A0,https://ailens.sedaily.ai/lens/default-cover.webp,960,960,ok
https://ailens.sedaily.ai/news/2026/08/11/2026-08-11-%EA%B8%88%EC%9C%B5%EC%9C%84%EA%B8%B0-%EC%9D%B4%ED%9B%84-%EC%B5%9C%EB%8C%80-%ED%99%98%EC%9C%A8-%EB%B3%80%EB%8F%99,https://ailens.sedaily.ai/lens/default-cover.webp,960,960,ok
https://ailens.sedaily.ai/news/2026/08/11/2026-08-11-%EA%B8%B0%EC%A4%80%EA%B8%88%EB%A6%AC-%EB%8F%99%EA%B2%B0-%EC%86%8D-%EB%8C%80%EC%B6%9C%EA%B8%88%EB%A6%AC-%EC%83%81%EC%8A%B9%EC%9D%98-%EB%B9%84%EB%B0%80,https://ailens.sedaily.ai/lens/default-cover.webp,960,960,ok
https://ailens.sedaily.ai/news/2026/08/11/2026-08-11-%ED%8B%B1%ED%86%A1%EC%9C%BC%EB%A1%9C-9%EB%B0%B0-%EB%A7%A4%EC%B6%9C-%EB%8B%AC%EC%84%B1-%EB%AF%B8%EC%83%A4-%EB%B6%81%EB%AF%B8-%EC%8B%9C%EC%9E%A5%EC%9D%98-%EC%8B%A0%ED%99%94,https://ailens.sedaily.ai/lens/default-cover.webp,960,960,ok
https://ailens.sedaily.ai/news/2026/08/11/2026-08-11-%EC%8B%A0%EC%A2%85-%EB%B3%B4%EC%9D%B4%EC%8A%A4%ED%94%BC%EC%8B%B1%EC%9D%98-%EB%8D%AB-%EB%8B%B9%EC%8B%A0%EB%8F%84-%EC%9C%84%ED%97%98%ED%95%98%EB%8B%A4,https://ailens.sedaily.ai/lens/default-cover.webp,960,960,ok
https://ailens.sedaily.ai/news/2026/08/11/2026-08-11-%EC%98%A4%EB%8A%98%EC%9D%98-1%EB%A9%B4-%EB%84%A4-%EA%B0%9C%EC%9D%98-%EB%A0%8C%EC%A6%88,https://sedaily-mbti-cms-media-dev.s3.us-east-1.amazonaws.com/media/2026/08/7e71f93e5e16-76e58331f1df-a94f9c5b-c34a-4aba-a18f-640c65013faa.png,1672,941,ok
https://ailens.sedaily.ai/news/2026/08/10/2026-08-10-%EC%82%BC%EC%84%B1-HBM4-%EC%88%98%EC%9C%A8-80-%ED%99%A9%EA%B8%88-%EC%88%98%EC%9C%A8-%EC%9D%98-%EC%9D%98%EB%AF%B8,https://ailens.sedaily.ai/lens/default-cover.webp,960,960,ok
https://ailens.sedaily.ai/news/2026/08/10/2026-08-10-%EC%A4%91%EA%B5%AD-%EC%B2%AD%EB%85%84-%EC%8B%A4%EC%97%85%EB%A5%A0-20-%EA%B7%B8%EB%A6%AC%EA%B3%A0-%EB%B6%80%EC%A0%95%ED%96%89%EC%9C%84,https://ailens.sedaily.ai/lens/default-cover.webp,960,960,ok
https://ailens.sedaily.ai/news/2026/08/10/2026-08-10-%EA%B2%B0%ED%98%BC-%ED%8E%98%EB%84%90%ED%8B%B0-%EC%A0%95%EB%B6%80%EA%B0%80-%EC%86%90%EB%B3%B8%EB%8B%A4,https://ailens.sedaily.ai/lens/default-cover.webp,960,960,ok
https://ailens.sedaily.ai/news/2026/08/09/2026-08-09-test3,https://ailens.sedaily.ai/lens/default-cover.webp,960,960,ok
https://ailens.sedaily.ai/news/2026/08/09/2026-08-09-131313131313,https://ailens.sedaily.ai/lens/default-cover.webp,960,960,ok
https://ailens.sedaily.ai/news/2026/08/09/2026-08-09-22323,https://ailens.sedaily.ai/lens/default-cover.webp,960,960,ok
https://ailens.sedaily.ai/news/2026/08/09/2026-08-09-verify-nostore-20260809010121,https://ailens.sedaily.ai/lens/default-cover.webp,960,960,ok
https://ailens.sedaily.ai/news/2026/08/09/2026-08-09-3333131313,https://ailens.sedaily.ai/lens/default-cover.webp,960,960,ok
https://ailens.sedaily.ai/news/2026/08/09/2026-08-09,https://ailens.sedaily.ai/lens/default-cover.webp,960,960,ok
https://ailens.sedaily.ai/news/2026/08/09/2026-08-09-11111222,https://ailens.sedaily.ai/lens/default-cover.webp,960,960,ok
https://ailens.sedaily.ai/news/2026/08/09/2026-08-09-333,https://ailens.sedaily.ai/lens/default-cover.webp,960,960,ok
https://ailens.sedaily.ai/news/2026/08/08/2026-08-08-2222,https://ailens.sedaily.ai/lens/default-cover.webp,960,960,ok
https://ailens.sedaily.ai/news/2026/08/08/2026-08-08-22,https://ailens.sedaily.ai/lens/default-cover.webp,960,960,ok
https://ailens.sedaily.ai/news/2026/08/08/2026-08-08-%EC%83%81%ED%88%AC%EC%9D%BC%EA%B9%8C-%EB%86%93%EC%B9%98%EB%8A%94-%EA%B1%B8%EA%B9%8C,https://ailens.sedaily.ai/lens/default-cover.webp,960,960,ok
https://ailens.sedaily.ai/news/2026/08/08/2026-08-08-1%EB%85%84%EC%83%88-PEF-%EA%B7%9C%EC%A0%9C%EB%B2%95-11%EA%B0%9C-%EC%99%B8%EA%B5%AD%EA%B3%84%EB%A7%8C-%EC%9B%83%EB%8A%94%EB%8B%A4,https://ailens.sedaily.ai/lens/default-cover.webp,960,960,ok
https://ailens.sedaily.ai/news/2026/08/08/2026-08-08-%EC%88%A8-%EA%B3%A0%EB%A5%B4%EB%8A%94-%EC%BD%94%EC%8A%A4%ED%94%BC-6300%EC%84%A0-%EC%88%A8%EA%B3%A0%EB%A5%B4%EA%B8%B0-%EC%BD%94%EC%8A%A4%EB%8B%A5-6%EA%B1%B0%EB%9E%98%EC%9D%BC-%EC%97%B0%EC%86%8D-%EC%83%81%EC%8A%B9,https://ailens.sedaily.ai/lens/default-cover.webp,960,960,ok
https://ailens.sedaily.ai/news/2026/08/07/2026-08-07-%EC%8B%A0%EC%9A%A9%EC%A0%90%EC%88%98-700%EC%A0%90%EB%8C%80%EC%9D%B8%EB%8D%B0-%EC%99%9C-%EB%8C%80%EB%B6%80%EC%97%85-%EB%AC%B8%EC%9D%84-%EB%91%90%EB%93%9C%EB%A6%B4%EA%B9%8C%EC%9A%94,https://sedaily-mbti-cms-media-dev.s3.us-east-1.amazonaws.com/media/2026/08/2780300bcf3d-news-g.v1.20260806.082b58bea8ee44fa8f7fa2d01d277595-p1.jpg,1200,646,ok
https://ailens.sedaily.ai/news/2026/08/07/2026-08-07-%EC%B9%B4%EC%B9%B4%EC%98%A4%ED%86%A1-%EB%8C%80%ED%99%94%EB%B0%A9%EC%97%90%EC%84%9C-%EB%B0%B0%EB%8B%AC-%EC%A3%BC%EB%AC%B8%EA%B9%8C%EC%A7%80-%ED%95%98%EA%B2%8C-%EB%90%9C%EB%8B%A4%EB%A9%B4,https://sedaily-mbti-cms-media-dev.s3.us-east-1.amazonaws.com/media/2026/08/a33978127e3d-news-p.v1.20260806.ebb068540029404f87cb92e46142d62c-p1-1.png,1200,675,ok
https://ailens.sedaily.ai/news/2026/08/07/2026-08-07-%EC%A4%91%EA%B5%AD-D%EB%9E%A8-%EC%A0%90%EC%9C%A0%EC%9C%A8%EC%9D%B4-7-%EC%9D%B8%EB%8D%B0-%EC%99%9C-%EC%97%85%EA%B3%84%EA%B0%80-%EA%B8%B4%EC%9E%A5%ED%95%A0%EA%B9%8C%EC%9A%94,https://sedaily-mbti-cms-media-dev.s3.us-east-1.amazonaws.com/media/2026/08/474d81c3fc17-news-p.v1.20260717.745711fef8db46059bbd3093c0001585-p1.png,660,440,ok
https://ailens.sedaily.ai/news/2026/08/07/2026-08-07-%EB%8B%A8-1%EC%A3%BC-%EA%B1%B0%EB%9E%98%EB%A1%9C-%EC%8B%9C%EC%B4%9D-1100%EC%A1%B0-%ED%9A%8C%EC%82%AC-%EC%A3%BC%EA%B0%80%EA%B0%80-30-%EB%B9%A0%EC%A7%88-%EC%88%98-%EC%9E%88%EB%8B%A4%EA%B3%A0%EC%9A%94,https://sedaily-mbti-cms-media-dev.s3.us-east-1.amazonaws.com/media/2026/08/0a086041d17f-rcv.yna.20260806.pyh2026080602160001300-p1.jpg,1200,783,ok
https://ailens.sedaily.ai/news/2026/08/07/2026-08-07-AI-LENS-%EB%8D%B0%EC%9D%BC%EB%A6%AC,https://ailens.sedaily.ai/lens/default-cover.webp,960,960,ok
https://ailens.sedaily.ai/news/2026/08/07/2026-08-06-%EC%82%BC%EC%84%B1%EC%A0%84%EC%9E%90%EC%99%80-%EC%82%BC%EC%84%B1%EC%A0%84%EC%9E%90%EC%9A%B0-%EB%AD%90%EA%B0%80-%EB%8B%A4%EB%A5%B4%EA%B8%B8%EB%9E%98-%EA%B0%80%EA%B2%A9%EC%9D%B4-%EB%8B%A4%EB%A5%BC%EA%B9%8C,https://ailens.sedaily.ai/lens/default-cover.webp,960,960,ok
https://ailens.sedaily.ai/news/2026/08/07/2026-08-03-%EC%A6%9D%EC%8B%9C%EC%97%90%EB%8F%84-%EC%82%B0%ED%83%80%EA%B0%80-%EC%84%A0%EB%AC%BC%EC%9D%84-%EC%A3%BC%EA%B3%A0-%EA%B0%84%EB%8B%A4-%EC%82%B0%ED%83%80-%EB%9E%A0%EB%A6%AC%EC%9D%98-%EC%A0%95%EC%B2%B4,https://ailens.sedaily.ai/lens/default-cover.webp,960,960,ok
https://ailens.sedaily.ai/news/2026/08/07/2026-08-07-%EC%A3%BC%EA%B0%80%EB%8A%94-%EB%B0%98%ED%86%A0%EB%A7%89%EC%9D%B8%EB%8D%B0-%EC%86%90%ED%95%B4%EA%B0%80-%EC%95%84%EB%8B%88%EB%9D%BC%EA%B3%A0%EC%9A%94-%EC%95%A1%EB%A9%B4%EB%B6%84%ED%95%A0%EC%9D%98-%EC%A7%84%EC%A7%9C-%EC%9D%98%EB%AF%B8,https://ailens.sedaily.ai/lens/default-cover.webp,960,960,ok
https://ailens.sedaily.ai/news/2026/08/07/2026-08-04-%EC%95%84%EC%9D%B8%EC%8A%88%ED%83%80%EC%9D%B8%EC%9D%B4-%EC%9D%B8%EB%A5%98-%EC%B5%9C%EA%B3%A0%EC%9D%98-%EB%B0%9C%EB%AA%85%EC%9D%B4%EB%9D%BC-%EB%B6%80%EB%A5%B8-%EC%9D%B4%EC%9E%90-%EA%B3%84%EC%82%B0%EB%B2%95,https://ailens.sedaily.ai/lens/default-cover.webp,960,960,ok
https://ailens.sedaily.ai/news/2026/08/07/2026-08-05-%ED%95%98%EB%A3%A8-%EB%A7%8C%EC%97%90-%EB%B0%98%ED%86%A0%EB%A7%89-%EB%82%A0-%EC%88%98%EB%8F%84-%EC%9E%88%EB%8A%94-ETF%EA%B0%80-%EC%9E%88%EB%8B%A4%EA%B3%A0,https://ailens.sedaily.ai/lens/default-cover.webp,960,960,ok
https://ailens.sedaily.ai/news/2026/08/07/2026-07-30-%EB%B0%B1%EC%A2%85%EC%9B%90%EC%9D%98-%EC%9D%B4%EB%A6%84%EA%B0%92%EC%9D%B4-%EB%B0%98%ED%86%A0%EB%A7%89-%EB%82%AC%EB%8B%A4-%EB%8D%94%EB%B3%B8%EC%BD%94%EB%A6%AC%EC%95%84-%EC%A3%BC%EA%B0%80%EA%B0%80-%EB%A7%90%ED%95%B4%EC%A3%BC%EB%8A%94-%EA%B2%83,https://ailens.sedaily.ai/lens/default-cover.webp,960,960,ok
https://ailens.sedaily.ai/news/2026/08/07/2026-07-25-10%EB%A7%8C-%EC%A0%84%EC%9E%90-%EA%BF%88%EA%BE%B8%EB%8B%A4-5%EB%A7%8C-%EC%A0%84%EC%9E%90-%EB%A1%9C-%EC%82%BC%EC%84%B1%EC%A0%84%EC%9E%90-%EC%9C%84%EA%B8%B0%EB%A1%A0%EC%9D%98-%EC%8B%A4%EC%B2%B4,https://ailens.sedaily.ai/lens/default-cover.webp,960,960,ok
https://ailens.sedaily.ai/news/2026/08/07/2026-08-06-%EA%B2%BD%EA%B8%B0%EB%8A%94-%EC%8B%9D%EB%8A%94%EB%8D%B0-%EB%AC%BC%EA%B0%80%EB%8A%94-%EC%98%A4%EB%A5%B8%EB%8B%A4-%EB%AF%B8%EA%B5%AD%EC%9D%84-%EB%8D%AE%EC%B9%9C-S%EA%B3%B5%ED%8F%AC-%EC%9D%98-%EC%A0%95%EC%B2%B4,https://ailens.sedaily.ai/lens/default-cover.webp,960,960,ok
https://ailens.sedaily.ai/news/2026/08/07/2026-07-15-%EB%8C%80%ED%86%B5%EB%A0%B9%EC%9D%B4-%EC%97%B0%EC%A4%80-%EC%9D%98%EC%9E%A5%EC%9D%84-%ED%9D%94%EB%93%A4%EC%9E%90-%EC%A3%BC%EC%8B%9D-%EC%B1%84%EA%B6%8C-%EB%8B%AC%EB%9F%AC%EA%B0%80-%EB%8F%99%EC%8B%9C%EC%97%90-%ED%9D%94%EB%93%A4%EB%A0%B8%EB%8B%A4,https://ailens.sedaily.ai/lens/default-cover.webp,960,960,ok
https://ailens.sedaily.ai/news/2026/08/07/2026-08-03-%EB%B9%8C%EB%A0%A4%EC%84%9C-%ED%8C%90%EB%8B%A4-%EA%B3%B5%EB%A7%A4%EB%8F%84-%EB%8B%A4%EC%8B%9C-%EC%97%B4%EB%A6%B0-%EC%8B%9C%EC%9E%A5%EC%9D%98-%EB%91%90-%EC%96%BC%EA%B5%B4,https://ailens.sedaily.ai/lens/default-cover.webp,960,960,ok
https://ailens.sedaily.ai/news/2026/08/07/2026-07-27-6%EC%8B%9C%EA%B0%84%EC%9D%98-%EA%B3%84%EC%97%84%EC%9D%B4-%ED%95%9C%EA%B5%AD-%EA%B2%BD%EC%A0%9C%EC%97%90-%EB%82%A8%EA%B8%B4-%EC%B2%AD%EA%B5%AC%EC%84%9C,https://ailens.sedaily.ai/lens/default-cover.webp,960,960,ok
https://ailens.sedaily.ai/news/2026/08/07/2026-08-05-%EB%B3%B5%EB%A6%AC%EC%9D%98-%EB%A7%88%EB%B2%95%EC%9D%B4-%EB%81%9D%EB%82%9C%EB%8B%A4-TR-ETF-%EC%8B%9C%EB%8C%80%EB%8A%94-%EC%99%9C-%EC%A0%80%EB%AC%BC%EC%97%88%EB%82%98,https://ailens.sedaily.ai/lens/default-cover.webp,960,960,ok
https://ailens.sedaily.ai/news/2026/08/07/2026-08-04-75%EB%85%84-%EB%8F%99%EC%97%85%EC%9D%B4-%EA%B9%A8%EC%A1%8C%EB%8B%A4-%EA%B3%A0%EB%A0%A4%EC%95%84%EC%97%B0-%EA%B2%BD%EC%98%81%EA%B6%8C-%EC%A0%84%EC%9F%81%EC%9D%98-%EC%A0%84%EB%A7%90,https://ailens.sedaily.ai/lens/default-cover.webp,960,960,ok
https://ailens.sedaily.ai/news/2026/08/07/2026-07-21-%ED%95%9C%EA%B5%AD-%EC%A3%BC%EC%8B%9D%EC%9D%80-%ED%8C%94%EA%B3%A0-%ED%95%9C%EA%B5%AD-%EC%B1%84%EA%B6%8C%EC%9D%80-%EC%82%B0%EB%8B%A4-%EC%99%B8%EA%B5%AD%EC%9D%B8%EC%9D%98-%EC%97%87%EA%B0%88%EB%A6%B0-%EC%84%A0%ED%83%9D,https://ailens.sedaily.ai/lens/default-cover.webp,960,960,ok
https://ailens.sedaily.ai/news/2026/08/07/2026-07-31-9%EC%8B%9C%EB%B6%80%ED%84%B0-8%EC%8B%9C%EA%B9%8C%EC%A7%80-%EC%A3%BC%EC%8B%9D-%EA%B1%B0%EB%9E%98-%EC%8B%9C%EA%B0%84%EC%9D%B4-%EB%91%90-%EB%B0%B0%EB%A1%9C-%EB%8A%98%EC%96%B4%EB%82%9C%EB%8B%A4,https://ailens.sedaily.ai/lens/default-cover.webp,960,960,ok
https://ailens.sedaily.ai/news/2026/08/07/2026-07-24-5%EB%B6%84-%EB%A7%8C%EC%97%90-%EC%9A%B0%EC%A3%BC-%EB%82%98%EC%9D%B4%EC%9D%98-72%EC%A1%B0-%EB%B0%B0%EB%A5%BC-%EA%B3%84%EC%82%B0%ED%95%9C%EB%8B%A4%EB%8A%94-%EC%BB%B4%ED%93%A8%ED%84%B0,https://ailens.sedaily.ai/lens/default-cover.webp,960,960,ok
https://ailens.sedaily.ai/news/2026/08/07/2026-08-07-%ED%85%8C%EC%8A%AC%EB%9D%BC%EB%A7%8C-%ED%9D%94%EB%93%A4%EB%A0%B8%EB%8B%A4-%EB%82%98%EB%A8%B8%EC%A7%80-%EB%B9%85%ED%85%8C%ED%81%AC%EB%8A%94-%EC%9B%83%EC%97%88%EB%8B%A4-3%EB%B6%84%EA%B8%B0-%EC%8B%A4%EC%A0%81-%EC%8B%9C%EC%A6%8C-%EB%A6%AC%ED%8F%AC%ED%8A%B8,https://ailens.sedaily.ai/lens/default-cover.webp,960,960,ok
https://ailens.sedaily.ai/news/2026/08/07/2026-07-26-%EC%BD%94%EC%8A%A4%ED%94%BC-%EC%8B%9C%EC%B4%9D%EC%9D%84-%EB%84%98%EC%96%B4%EC%84%A0-%EB%B9%84%ED%8A%B8%EC%BD%94%EC%9D%B8-%EC%96%B4%EB%94%94%EA%B9%8C%EC%A7%80-%EA%B0%80%EB%82%98,https://ailens.sedaily.ai/lens/default-cover.webp,960,960,ok
https://ailens.sedaily.ai/news/2026/08/07/2026-08-02-104-125-%EC%88%AB%EC%9E%90%EB%A1%9C-%EB%B3%B4%EB%8A%94-%EB%AF%B8%EC%A4%91-%EA%B4%80%EC%84%B8-%EC%A0%84%EC%9F%81%EC%9D%98-%ED%8F%AD%EC%A3%BC,https://ailens.sedaily.ai/lens/default-cover.webp,960,960,ok
https://ailens.sedaily.ai/news/2026/08/07/2026-07-28-%EB%AA%A8%EA%B1%B4%EC%8A%A4%ED%83%A0%EB%A6%AC-%EB%B3%B4%EA%B3%A0%EC%84%9C-%ED%95%9C-%EC%9E%A5%EC%97%90-%ED%9D%94%EB%93%A4%EB%A6%B0-K%EB%B0%98%EB%8F%84%EC%B2%B4,https://ailens.sedaily.ai/lens/default-cover.webp,960,960,ok
https://ailens.sedaily.ai/news/2026/08/07/2026-07-17-%EA%B0%80%EC%83%81%EC%9E%90%EC%82%B0-%EA%B1%B0%EB%9E%98%EC%86%8C-%EB%AF%B8%EA%B5%AD-%EC%A6%9D%EC%8B%9C%EC%9D%98-%EC%96%BC%EA%B5%B4-%EC%9D%B4-%EB%90%98%EB%8B%A4,https://ailens.sedaily.ai/lens/default-cover.webp,960,960,ok
https://ailens.sedaily.ai/news/2026/08/07/2026-07-18-%EC%A6%9D%EC%8B%9C%EB%A5%BC-%EB%96%A0%EB%82%9C-%EB%8F%88-%EA%B2%B0%EA%B5%AD-%EC%98%88%EA%B8%88%EA%B3%BC-MMF%EB%A1%9C-%EC%88%A8%EC%97%88%EB%8B%A4,https://ailens.sedaily.ai/lens/default-cover.webp,960,960,ok
https://ailens.sedaily.ai/news/2026/08/07/2026-07-22-24%EB%85%84-%EB%A7%8C%EC%97%90-5000%EB%A7%8C-%EC%9B%90%EC%97%90%EC%84%9C-1%EC%96%B5-%EC%9B%90%EC%9C%BC%EB%A1%9C-%EB%82%B4-%EC%98%88%EA%B8%88%EC%9D%80-%EB%8D%94-%EC%95%88%EC%A0%84%ED%95%B4%EC%A7%88%EA%B9%8C,https://ailens.sedaily.ai/lens/default-cover.webp,960,960,ok
https://ailens.sedaily.ai/news/2026/08/07/2026-07-16-%ED%8E%9C%ED%83%80%EB%8B%90%EC%9D%B4-%EB%B6%80%EB%A5%B8-%EA%B4%80%EC%84%B8-%ED%8F%AD%ED%83%84-%EC%A7%84%EC%A7%9C-%EB%AA%A9%EC%A0%81%EC%9D%80-%EB%A9%94%EC%9D%B4%EB%93%9C-%EC%9D%B8-%EC%95%84%EB%A9%94%EB%A6%AC%EC%B9%B4,https://ailens.sedaily.ai/lens/default-cover.webp,960,960,ok
https://ailens.sedaily.ai/news/2026/08/07/2026-07-14-9%EB%85%84-%EB%A7%8C%EC%97%90-%EB%93%9C%EB%9F%AC%EB%82%9C-%EC%B2%AD%EA%B5%AC%EC%84%9C-%ED%99%88%ED%94%8C%EB%9F%AC%EC%8A%A4%EC%99%80-%EC%82%AC%EB%AA%A8%ED%8E%80%EB%93%9C%EC%9D%98-%EB%AA%85%EC%95%94,https://ailens.sedaily.ai/lens/default-cover.webp,960,960,ok
https://ailens.sedaily.ai/news/2026/08/07/2026-07-29-%EB%AF%B8%EA%B5%AD%EA%B3%BC-%EC%9D%BC%EB%B3%B8-%EB%82%98%EB%9E%80%ED%9E%88-%EA%B5%AD%EC%B1%84-%EA%B8%88%EB%A6%AC-%EC%82%AC%EC%83%81-%EC%B5%9C%EA%B3%A0%EC%B9%98%EB%A5%BC-%EC%B0%8D%EC%9D%80-%EC%9D%B4%EC%9C%A0,https://ailens.sedaily.ai/lens/default-cover.webp,960,960,ok
https://ailens.sedaily.ai/news/2026/08/07/2026-08-01-%EB%B6%95%EC%96%B4%EB%B9%B5%EC%9D%B4-1000%EC%9B%90%EC%9D%B4-%EB%90%9C-%EC%9D%B4%EC%9C%A0-%EB%82%A0%EC%94%A8%EC%97%90%EC%84%9C-%EC%B0%BE%EB%8B%A4,https://ailens.sedaily.ai/lens/default-cover.webp,960,960,ok
https://ailens.sedaily.ai/news/2026/08/07/2026-07-20-%EB%8C%80%EB%A7%8C-%EB%8B%AC%EB%9F%AC%EA%B0%80-%EC%9D%B4%ED%8B%80-%EB%A7%8C%EC%97%90-10-%EB%9B%B0%EC%9E%90-%EC%9B%90%ED%99%94%EB%8F%84-%EB%8D%A9%EB%8B%AC%EC%95%84-%EA%B0%95%EC%84%B8%EB%A5%BC-%ED%83%94%EB%8B%A4,https://ailens.sedaily.ai/lens/default-cover.webp,960,960,ok
https://ailens.sedaily.ai/news/2026/08/07/2026-07-23-18%EB%85%84-%EB%A7%8C%EC%97%90-%ED%95%A9%EC%9D%98%EB%90%9C-%EA%B5%AD%EB%AF%BC%EC%97%B0%EA%B8%88-%EB%8D%94-%EB%82%B4%EA%B3%A0-%EB%8D%94-%EB%B0%9B%EB%8A%94%EB%8B%A4%EB%8A%94-%EA%B2%83%EC%9D%98-%EC%9D%98%EB%AF%B8,https://ailens.sedaily.ai/lens/default-cover.webp,960,960,ok
https://ailens.sedaily.ai/news/2026/08/07/2026-07-19-%EB%AF%B8%EA%B5%AD-M7%EC%9D%B4-%EC%A3%BC%EC%B6%A4%ED%95%9C-%EC%82%AC%EC%9D%B4-%EC%A4%91%EA%B5%AD-T10%EC%9D%B4-%EC%B9%98%EA%B3%A0-%EC%98%AC%EB%9D%BC%EC%99%94%EB%8B%A4,https://ailens.sedaily.ai/lens/default-cover.webp,960,960,ok
https://ailens.sedaily.ai/news/2026/08/07/2026-08-07-%ED%98%84%EB%8C%80%EC%B0%A8-CES%EC%97%90%EC%84%9C-%EB%A1%9C%EB%B4%87-%EA%BA%BC%EB%83%88%EC%8A%B5%EB%8B%88%EB%8B%A4-ft-%EA%B5%AC%EA%B8%80-%EC%86%90%EC%9E%A1%EC%9D%8C,https://ailens.sedaily.ai/lens/default-cover.webp,960,960,ok
https://ailens.sedaily.ai/news/2026/08/07/2026-08-07-%EB%A8%B8%EC%8A%A4%ED%81%AC%EA%B0%80-%EB%B2%A0%EB%84%A4%EC%88%98%EC%97%98%EB%9D%BC%EC%97%90-%EC%8A%A4%ED%83%80%EB%A7%81%ED%81%AC-%EB%AC%B4%EB%A3%8C%EB%A1%9C-%ED%92%80%EC%97%88%EB%8B%A4,https://ailens.sedaily.ai/lens/default-cover.webp,960,960,ok
https://ailens.sedaily.ai/news/2026/08/07/2026-08-07-%EA%B0%95%EB%82%A8-85%EC%96%B5-vs-%EC%B9%A0%EA%B3%A1-1-100%EB%A7%8C%EC%9B%90-773%EB%B0%B0-%EC%B0%A8%EC%9D%B4-%EB%82%98%EB%8A%94-%EB%8C%80%ED%95%9C%EB%AF%BC%EA%B5%AD-%EC%95%84%ED%8C%8C%ED%8A%B8,https://ailens.sedaily.ai/lens/default-cover.webp,960,960,ok
https://ailens.sedaily.ai/news/2026/08/07/2026-08-07-%EB%A7%88%EB%91%90%EB%A1%9C-%EB%8C%80%ED%86%B5%EB%A0%B9-%EC%B2%B4%ED%8F%AC-%EB%8B%A8-3%EC%8B%9C%EA%B0%84-%EC%88%A8%EC%9D%80-%ED%95%B5%EC%8B%AC-%EC%A1%B0%EB%A0%A5%EC%9E%90%EC%9D%98-%EC%A0%95%EC%B2%B4-PLTR,https://ailens.sedaily.ai/lens/default-cover.webp,960,960,ok
https://ailens.sedaily.ai/news/2026/08/07/2026-08-07-Korea-Just-Made-History-And-Wall-Street-Can-t-Look-Away,https://ailens.sedaily.ai/lens/default-cover.webp,960,960,ok
https://ailens.sedaily.ai/news/2026/08/07/2026-08-07-%EB%8C%80%ED%86%B5%EB%A0%B9-%EC%B2%B4%ED%8F%AC-%EC%84%AC-%EB%A7%A4%EC%9E%85-%EA%B5%AD%EB%B0%A9%EB%B9%84-2-000%EC%A1%B0-%ED%8A%B8%EB%9F%BC%ED%94%84%EA%B0%80-%EB%85%B8%EB%A6%AC%EB%8A%94-%EA%B1%B4-%ED%95%98%EB%82%98%EC%98%80%EC%8A%B5%EB%8B%88%EB%8B%A4,https://ailens.sedaily.ai/lens/default-cover.webp,960,960,ok
https://ailens.sedaily.ai/news/2026/08/07/2026-08-07-552%EC%A1%B0-%EC%9B%90%EC%9D%98-%ED%98%84%EA%B8%88-%EC%8B%A4%ED%83%84-%EB%B2%84%ED%95%8F%EC%9D%80-%EC%9D%B4%EB%AF%B8-%EC%97%AD%EB%8C%80%EA%B8%89-%ED%95%98%EB%9D%BD%EC%9E%A5-%EC%9D%84-%EC%98%88%EA%B2%AC%ED%96%88%EB%8B%A4,https://ailens.sedaily.ai/lens/default-cover.webp,960,960,ok
https://ailens.sedaily.ai/news/2026/08/07/2026-08-07-%EC%A0%84%EC%84%B8%EA%B3%84-1%EC%96%B5%EB%AA%85%EC%9D%B4-%EB%B4%A4%EB%8A%94%EB%8D%B0-%EC%A0%9C%EC%9E%91%EC%82%AC%EB%8A%94-%ED%95%98%EC%B2%AD-%EB%84%B7%ED%94%8C%EB%A6%AD%EC%8A%A4%EA%B0%80-%ED%95%9C%EA%B5%AD-%EB%B0%A9%EC%86%A1%EA%B3%84%EB%A5%BC-%EB%A7%9D%EC%B9%98%EB%8A%94-%EB%B0%A9%EB%B2%95,https://ailens.sedaily.ai/lens/default-cover.webp,960,960,ok
https://ailens.sedaily.ai/news/2026/08/06/2026-08-06-%EA%B8%88%ED%86%B5%EC%9C%84-%EB%AC%B8%EC%9D%B4-%EB%8B%AB%ED%9E%88%EB%8B%A4,https://sedaily-mbti-cms-media-dev.s3.us-east-1.amazonaws.com/media/2026/08/dc700b0a38a1-1.png,1536,1024,ok
https://ailens.sedaily.ai/news/2026/08/06/2026-08-05-%EA%B0%80%EB%A1%9C%EC%A3%BC%ED%83%9D%EC%A0%95%EB%B9%84-%EB%8C%80%EC%B6%9C-%EC%A1%B0%EA%B8%88%EB%A7%8C-%EB%8A%A6%EC%96%B4%EB%8F%84-%EB%B0%94%EB%A1%9C-%ED%9A%8C%EC%88%98%EB%90%9C%EB%8B%A4%EA%B3%A0%EC%9A%94,https://sedaily-mbti-cms-media-dev.s3.us-east-1.amazonaws.com/media/2026/08/50364752e8b4-rcv.yna.20260804.pru20260804052701009-p1.jpg,1200,858,ok
https://ailens.sedaily.ai/news/2026/08/06/2026-08-06-%ED%95%9C%EC%9D%80-%EA%B8%88%ED%86%B5%EC%9C%84%EB%8F%84-%EA%B0%88%EB%A0%B8%EB%8B%A4-8%EC%9B%94-%EA%B8%88%EB%A6%AC-%EC%9D%B8%EC%83%81-%EA%B0%80%EB%8A%A5%EC%84%B1-%EC%BB%A4%EC%A7%80%EB%82%98,https://sedaily-mbti-cms-media-dev.s3.us-east-1.amazonaws.com/media/2026/08/81bea9220837-news-p.v1.20260716.f5bdc813fb5b4feb8ac5ed5f710202d9-p1.jpg,1200,800,ok
https://ailens.sedaily.ai/news/2026/08/06/2026-08-06-5%EB%A7%8C-%EA%B0%80%EA%B5%AC-%EC%B6%94%EA%B0%80-%EA%B3%B5%EA%B8%89%EB%8C%80%EC%B1%85-%EB%8B%A4%EC%9D%8C-%EC%A3%BC-%EB%B0%9C%ED%91%9C,https://sedaily-mbti-cms-media-dev.s3.us-east-1.amazonaws.com/media/2026/08/478562e64d89-news-p.v1.20260805.643f5d325b1e437faf51d7e203e196f1-p1.jpg,1200,686,ok
https://ailens.sedaily.ai/news/2026/08/06/2026-08-06-%ED%8C%8C%EB%B8%94%EB%A1%9C%ED%95%AD%EA%B3%B5-%EB%93%9C%EB%A1%A0-%EA%B5%B0%EC%A7%91%EA%B8%B0%EC%88%A0%EB%A1%9C-%EB%B0%A9%EC%82%B0-%ED%95%AD%EA%B3%B5%EC%8B%9C%EC%9E%A5-%EC%A0%95%EC%A1%B0%EC%A4%80,https://sedaily-mbti-cms-media-dev.s3.us-east-1.amazonaws.com/media/2026/08/173243a00f1f-news-p.v1.20260707.4eb687bdab82469b9c823cb9404821ae-p1.jpg,1200,828,ok
https://ailens.sedaily.ai/news/2026/08/06/2026-08-06-35%EC%84%B8-%EB%AF%B8%EB%A7%8C-%EC%B2%AD%EB%85%84-%EC%9E%90%EB%B0%9C%EC%A0%81-%ED%87%B4%EC%82%AC%ED%95%B4%EB%8F%84-%EC%8B%A4%EC%97%85%EA%B8%89%EC%97%AC-%EC%A7%80%EA%B8%89-%EC%B6%94%EC%A7%84,https://sedaily-mbti-cms-media-dev.s3.us-east-1.amazonaws.com/media/2026/08/aed489aee785-news-p.v1.20251222.0cb276523831403e8cc7bc61f462f258-p1-1.jpg,1200,725,ok
https://ailens.sedaily.ai/news/2026/08/05/2026-08-05-%ED%85%8C%EC%8A%AC%EB%9D%BC-%EC%82%AC%EC%97%85-%EB%B6%84%EB%A6%AC%EC%84%A4-%EB%A8%B8%EC%8A%A4%ED%81%AC-%EB%85%BC%EC%9D%98%ED%95%9C-%EC%A0%81-%EC%97%86%EB%8B%A4,https://ailens.sedaily.ai/lens/default-cover.webp,960,960,ok
https://ailens.sedaily.ai/news/2026/08/05/2026-08-04-%EC%82%BC%EC%84%B1%EC%A0%84%EA%B8%B0-AI-MLCC-%EA%B3%B5%EC%9E%A5-%EC%A1%B0%EA%B8%B0%EA%B0%80%EB%8F%99-%EC%97%94%EB%B9%84%EB%94%94%EC%95%84-%EA%B3%B5%EA%B8%89-%EB%8A%98%EB%A6%B0%EB%8B%A4,https://ailens.sedaily.ai/lens/default-cover.webp,960,960,ok
https://ailens.sedaily.ai/news/2026/08/05/2026-08-04-%EC%82%BC%EC%84%B1-HBM-%EA%B3%84%EC%95%BD%EC%9D%98-%EB%B9%84%EB%B0%80-%EA%B0%80%EA%B2%A9-%EB%96%A8%EC%96%B4%EC%A0%B8%EB%8F%84-%EB%B0%A9%EC%96%B4%ED%95%9C%EB%8B%A4,https://ailens.sedaily.ai/lens/default-cover.webp,960,960,ok
https://ailens.sedaily.ai/news/2026/08/05/2026-08-05-AI-%EC%96%B4%EB%94%94%EA%B9%8C%EC%A7%80-%EC%99%94%EB%82%98-%EC%99%80-%EC%84%B1%EB%8A%A5-%EA%B2%A9%EC%B0%A8-2-7-%EB%A1%9C-%EC%A2%81%ED%98%94%EB%8B%A4,https://ailens.sedaily.ai/lens/default-cover.webp,960,960,ok
https://ailens.sedaily.ai/news/2026/08/05/2026-08-05-%EB%B0%98%EB%8F%84%EC%B2%B4-10%EB%85%84-%EC%83%88-4%EB%B0%B0-%EC%84%B1%EC%9E%A5-%EC%82%BC%EC%84%B1-SK-%EC%A0%80%EA%B0%80-%EA%B3%B5%EC%84%B8-%EB%B9%84%EC%83%81,https://ailens.sedaily.ai/lens/default-cover.webp,960,960,ok
https://ailens.sedaily.ai/news/2026/08/05/2026-08-05-%EC%97%94%ED%99%94-%EB%B0%A9%EC%96%B4-%EB%82%98%EC%84%B0%EB%8B%A4-28%EB%85%84-%EB%A7%8C%EC%9D%98-%EA%B3%B5%EB%8F%99-%EA%B0%9C%EC%9E%85-%ED%99%95%EB%8C%80,https://ailens.sedaily.ai/lens/default-cover.webp,960,960,ok
https://ailens.sedaily.ai/news/2026/08/05/2026-08-05-%EC%8A%A4%ED%8E%98%EC%9D%B4%EC%8A%A4X-%EC%83%81%EC%9E%A5-%ED%9B%84%ED%8F%AD%ED%92%8D-33%EC%A1%B0-%EA%B3%B5%EB%A7%A4%EB%8F%84%EC%97%90-%EB%A7%A4%EB%8F%84-%EC%95%95%EB%A0%A5-%EC%BB%A4%EC%A7%84%EB%8B%A4,https://ailens.sedaily.ai/lens/default-cover.webp,960,960,ok
https://ailens.sedaily.ai/news/2026/08/04/2026-08-04-222222222,https://ailens.sedaily.ai/lens/default-cover.webp,960,960,ok
https://ailens.sedaily.ai/news/2026/08/04/2026-08-04-0-%EB%AF%B8%ED%8C%85-%EC%9A%B4%EC%98%81-%EA%B0%80%EC%9D%B4%EB%93%9C-%EC%82%AC%ED%9A%8C%EC%9E%90%EC%9A%A9,https://ailens.sedaily.ai/lens/default-cover.webp,960,960,ok
https://ailens.sedaily.ai/news/2026/08/04/2026-08-04-adadad,https://ailens.sedaily.ai/lens/default-cover.webp,960,960,ok
https://ailens.sedaily.ai/news/2026/08/04/2026-08-04-2222,https://ailens.sedaily.ai/lens/default-cover.webp,960,960,ok
https://ailens.sedaily.ai/news/2026/08/04/2026-08-04-ad,https://ailens.sedaily.ai/lens/default-cover.webp,960,960,ok
