id,date,headline,summary,old_category,old_sub,new_category,new_sub,kind,cat_match,sub_match
2026-10-09-친딸-폭행-살해-후-우리-딸-살아있어요-외치던-엄마-유명-가수였다,2026-10-09,친딸 폭행·살해 후 “우리 딸 살아있어요” 외치던 엄마…유명 가수였다,,,,사회,사건사고,분류없음,,
2026-10-09-빛으로-뇌세포-켜고-남극-얼음으로-우주-관측-올해-노벨과학상이-주목한-발견,2026-10-09,"빛으로 뇌세포 켜고, 남극 얼음으로 우주 관측…올해 노벨과학상이 주목한 발견","빛으로 뇌세포 조절 광유전학, 생리의학상 영예 남극 얼음 ‘유령 입자’ 포착…우주 관측 새 지평 분자 비대칭성 증폭 원리 규명한 연구에 화학상 뇌질환 치료·신약 개발 등 미래 기술 활용 기대 전문가들 “단기 성과보다",,,사회,사회일반,분류없음,,
2026-10-09-늙크크-는-알아도-사흘-은-모른다-신조어-홍수-속-10대-문해력-급락,2026-10-09,‘늙크크’는 알아도 ‘사흘’은 모른다…신조어 홍수 속 10대 문해력 급락,유튜브·SNS 타고 신조어 빠르게 확산 韓 청소년 PISA 읽기 점수 3년 새 14점↓ AI 요약본으로 독후감 대신하는 학생도 전문가 “신조어보다 문해력 저하 경계해야”,,,사회,교육,분류없음,,
2026-10-09-이화영-가석방-요구에-충돌-대통령-옥중-협박,2026-10-09,이화영 가석방 요구에 與野 충돌…野 “대통령 옥중 협박”,법무부 “형기 요건 미충족…가석방 심사 대상 아냐” 이화영 “변호인이 안타까운 마음 토로한 것” 진화 與 “대북 송금은 조작 기소”…野 “공소 취소 사전 작업”,,,정치,정치일반,분류없음,,
2026-10-09-포로-송환-갈등에-주우크라-대사-소환-18년-만에-초강수,2026-10-09,北포로 송환 갈등에 주우크라 대사 소환…18년 만에 초강수,"정부, 주한 대사대리 초치 이어 항의 수위 높여 2008년 독도 문제로 주일대사 소환 이후 처음",,,정치,통일·외교·안보,분류없음,,
2026-10-09-지휘부-공백에-미제사건-이관도-스톱-수사-공백-비상등,2026-10-09,지휘부 공백에 미제사건 이관도 스톱…수사 공백 비상등,중수청 출범 일주일 맞았지만 아직 전산 미비·경찰 관할도 혼선 수장 공백에 서울청 과장 11곳 공석 김지용 “네편 내편 없이 수사” 강조,,,사회,법조,분류없음,,
2026-10-09-정부-웨스팅하우스-IPO시-황금주-확보-경영참여에-걸림돌-Pick코노미,2026-10-09,"美 정부, 웨스팅하우스 IPO시 ‘황금주’ 확보…韓 경영참여에 걸림돌[Pick코노미]",지난해 투자협약 과정서 권한 확보 단 한 주로도 핵심 안건 거부권 가능 韓 지분 늘려도 실효성에 의문 커져,,,경제,통상,분류없음,,
2026-10-09-상속-고령농-임대차-농지-전수조사-처분-제외,2026-10-09,"상속·고령농·임대차 농지, 전수조사 처분 제외","■ 농식품부, 특별조치법 추진 명확한 투기 아니면 처분 면제 농민 반발 확산에 한발 물러서",,,경제,경제일반,분류없음,,
2026-10-09-CPTPP-연내-가입신청-안한다,2026-10-09,CPTPP 연내 가입신청 안한다,■ 李 “시한 안두고 의견수렴” “농어민 목소리 충분히 더 들어야” 민심 악화에 사실상 보류 주문 메가 통상망서 고립 우려 커져,,,경제,통상,분류없음,,
2026-10-08-병원-진료-영상-80건이-해외-음란사이트에-떠-있었다고,2026-10-08,병원 진료 영상 80건이 해외 음란사이트에 떠 있었다고?,,,,사회,사건사고,분류없음,,
2026-10-08-윤-전-대통령-1심-유죄가-항소심에서-뒤집혔다고,2026-10-08,윤 전 대통령 1심 유죄가 항소심에서 뒤집혔다고?,“무상 제공 의사합치 증거 부족” 여론조사도 정치적 조력 수단 판단 같은 재판부 吳 ‘대납 의혹’ 심리 중 고의·명태균 진술 신빙성 판단 관심,,,사회,법조,분류없음,,
2026-10-08-기초연금-2만-7-270원-안-받는-거-아니었어,2026-10-08,"기초연금 2만 7,270원, 안 받는 거 아니었어?",물가연동 미반영분 4월 소급 지급 하위 45% 517만명 석 달치 보전 정은경 “저소득층 소득보장 강화” 李대통령 “실질적 형평성에 부합”,,,경제,세금·재정,분류없음,,
2026-10-08-서울-혼자-사는-집-집-있고-없고가-예순아홉엔-3-6배-차이,2026-10-08,"서울 혼자 사는 집, 집 있고 없고가 예순아홉엔 3.6배 차이",,,,부동산,부동산일반,분류없음,,
2026-10-08-정유-1-2위가-4년간-가격을-주고받았다고,2026-10-08,정유 1·2위가 4년간 가격을 주고받았다고?,4년간 휘발유 등 가격 정보 주고받아 이란전쟁 직후엔 실제 공급가격 2차례 합의 혐의 관련 매출 44.1조…최대 4.6조 과징금 가능성 양사 점유율 49%…공정위 “경쟁질서 영향 충분”,,,산업,기업일반,분류없음,,
2026-10-08-혜성의-재료가-만들어지는-순간-세계-최초로-찍혔다고,2026-10-08,"혜성의 재료가 만들어지는 순간, 세계 최초로 찍혔다고?",,,,사회,사회일반,분류없음,,
2026-10-08-53년째-이어진-병역특례-2040년에-사라진다고,2026-10-08,"53년째 이어진 병역특례, 2040년에 사라진다고?",■ 정부 국방개혁 기본계획 올해 확정 현역 13만 감축·간부 63%로 확대 李 지시에 전문연구요원 한시 운영,,,사회,노동·고용,분류없음,,
2026-10-07-같은-여론조사-58회-부부의-판결이-갈렸다고,2026-10-07,"같은 여론조사 58회, 부부의 판결이 갈렸다고?","명태균에게 여론조사 58회 무상수수 1심, 58건 중 14건 ‘묵시적 합의’ 인정 재판부, 尹에 징역 2년·1391만 원 추징 김건희 1·2심 무죄…대법 전합 심리 중",,,사회,법조,분류없음,,
2026-10-07-어머니-통장에-들어올-기초연금-1월엔-그대로라고,2026-10-07,"어머니 통장에 들어올 기초연금, 1월엔 그대로라고?",물가연동 빠져 석 달간 2만 7270원 덜 받아 정부 “시행령·전산 정비에 최소 3개월” 2019년 선례와 달리 현행법은 1월 연동 생계급여 감액에 최빈곤층 인상 효과 제한,,,경제,세금·재정,분류없음,,
2026-10-07-유학생-35만-명-시대-이제-한국어-실력으로-비자가-갈린다고,2026-10-07,"유학생 35만 명 시대, 이제 한국어 실력으로 비자가 갈린다고?","법무부, 비자체계 개선 추진과제 발표 한국어 능력 따라 비자심사 차등 재정능력 입증 면제도 이공계·전문기술 인재 취업비자 확대 졸업 후 국내 취업·정착 지원 강화",,,사회,행정,분류없음,,
2026-10-07-우리-동네가-인구감소지역에서-빠졌다고,2026-10-07,우리 동네가 인구감소지역에서 빠졌다고?,"행안부, 5년 만에 인구감소지역 재지정 전국 89곳→92곳…관심지역은 18곳 유지 제외 지역은 ‘인구활력+’…5년간 지원 유지 지방소멸기금 연 1조 원, 시설보다 정착에 집중",,,사회,지방자치,분류없음,,
2026-10-07-인허가-3년이-1년으로-줄어든다고,2026-10-07,인허가 3년이 1년으로 줄어든다고?,"이형일 부총리, 경제6단체장과 간담회 반도체 팹 전기·통신공사 통합발주 허용 울산 전기차 전환 투자 인허가 3년→1년 주거·일자리·서민금융에 정책수단 총동원",,,경제,경제일반,분류없음,,
2026-10-07-대법원장이-선서를-거부했다고-218일-공석의-밤-11시-국감,2026-10-07,대법원장이 선서를 거부했다고? 218일 공석의 밤 11시 국감,■법사위 국정감사서 공방 曺 “대통령 협의는 의무 아닌 협력” 오후 불참 후 감사 종료 직전 재입장 대법관 공석 사과했지만 ‘재제청 거부’ 입장 고수 막말·퇴장 파행 속 野 간사 포함 2명 발언권 박탈 김현지 출석 ,,,정치,국회,분류없음,,
2026-10-07-교회-교적부가-해외-서버에서-발견됐다고,2026-10-07,교회 교적부가 해외 서버에서 발견됐다고?,,,,사회,사건사고,분류없음,,
2026-10-07-해킹-IP-28개-중-상당수가-세탁용-이었다고,2026-10-07,해킹 IP 28개 중 상당수가 '세탁용'이었다고?,공격 IP 28개 분석…실제 공격자 흔적 감추려 우회 국제공조 이미 착수…수사자료 확보·분석도 상당 부분 진행,,,사회,사건사고,분류없음,,
2026-10-07-대법원장이-준비해온-자료를-꺼냈다고,2026-10-07,대법원장이 준비해온 자료를 꺼냈다고?,국감서 “헌법상 의무 다해” 반박 靑 “재제청 신속히 진행해달라”,,,정치,청와대,분류없음,,
2026-10-06-조희대-대법원장-국감장에서-선서-안-했다고,2026-10-06,"조희대 대법원장, 국감장에서 선서 안 했다고?",대법관 재청 증언 요구 거부…이석 하진 않기로 “청와대 재제청 공문에 구체적 사유·헌법적 근거 없어” “재청권·동의권·임명권 각각 헌법 취지 맞게 존중돼야” 대법관 공석 장기화엔 “국민께 송구…온전한 구성 노력”,,,정치,국회,분류없음,,
2026-10-06-전체-자살은-줄었는데-10대만-늘었다고,2026-10-06,전체 자살은 줄었는데 10대만 늘었다고?,올 상반기에만 5.3%늘어난 199명 지난해 자살률 8.6명으로 상승세 SNS 영향·고립 문제 등 지적 “학교·가정서 대인관계 회복해야”,,,사회,사회일반,분류없음,,
2026-10-06-경제-외환보유액-감소-전환-대미투자-24억-달러가-통장에서-빠져나갔다,2026-10-06,"외환보유액 감소 전환, 대미투자 24억 달러가 통장에서 빠져나갔다 🏗️",,,,경제,경제일반,분류없음,,
2026-10-06-금융-농지담보대출-18-감소-전수조사-시작한-뒤에-벌어진-일이라고,2026-10-06,"농지담보대출 18% 감소, 전수조사 시작한 뒤에 벌어진 일이라고? 🚜",신규 대출·담보평가액 두자릿수 감소 농가 자금조달 부담·농협 심사 보수화,,,금융,금융일반,분류없음,,
2026-10-06-금융-금값-26-하락-1월-고점에-산-사람은-지금-어떻게-되나요,2026-10-06,"금값 26% 하락, 1월 고점에 산 사람은 지금 어떻게 되나요 🪙",,,,금융,금융일반,분류없음,,
2026-10-06-경제-다소비-가공식품-가격-26개-중-24개가-1년-만에-올랐다니요,2026-10-06,"다소비 가공식품 가격, 26개 중 24개가 1년 만에 올랐다니요 🍚",,,,경제,경제일반,분류없음,,
2026-10-06-정치-2026-국정감사-시작-25일간-846곳이-불려-나갑니다,2026-10-06,"2026 국정감사 시작, 25일간 846곳이 불려 나갑니다 🪑","與 “정책·민생 국감”…野, 정부 2년 차 실정 검증 총공세 법사위 첫날 조희대 출석 공방…운영위선 인사 개입 의혹 대미 투자·레버리지 ETF·부동산 등 경제 현안도 격돌 예고",,,정치,국회,분류없음,,
2026-10-06-산업-웨스팅하우스-로열티-재요구-합의-끝난-줄-알았던-조건이-다시-열렸습니다,2026-10-06,"웨스팅하우스 로열티 재요구, 합의 끝난 줄 알았던 조건이 다시 열렸습니다 ⚙️",미국에 APR1400 2기 진출 확정되자 WEC “기술료 1.75억 달러에서 인상” 알래스카 LNG 사업 韓美 이견도 지속 “美서도 韓 APR1400이 더 낫다고 인식” 안방서 경쟁자 생기자 “로열티 인상” 억지,,,산업,기업일반,분류없음,,
2026-10-06-정치-국정감사-2026-쟁점-25일-동안-무엇을-따져-묻는다고,2026-10-06,"국정감사 2026 쟁점, 25일 동안 무엇을 따져 묻는다고? 🪑","與 ‘민생 살리기 정책’ 점검 집중 野, 인사·ETF 사태 등 공세 예고",,,정치,국회,분류없음,,
2026-10-05-금융-농지담보대출-급감-전수조사-반년-만에-신규-취급액이-18-줄었다고,2026-10-05,"농지담보대출 급감, 전수조사 반년 만에 신규 취급액이 18% 줄었다고? 🚜",신규 대출·담보평가액 두자릿수 감소 농가 자금조달 부담·농협 심사 보수화,,,금융,은행,분류없음,,
2026-10-05-사회-차귀도-어선-전복-8명-신고하고-11명이-타고-있었습니다,2026-10-05,"차귀도 어선 전복, 8명 신고하고 11명이 타고 있었습니다 🪢","선원 11명 탑승…외국인 선원 9명 구조 해경, 경비함정·헬기 등 투입해 수색",,,사회,사건사고,분류없음,,
2026-10-05-사회-마약-제조-밀수-검거-33-8-증가-경찰이-투약자-대신-쫓는-쪽,2026-10-05,"마약 제조·밀수 검거 33.8% 증가, 경찰이 투약자 대신 쫓는 쪽 💱",1~8월 마약사범 9530명 검거…전년比 5.3%↑ 판매사범 6.6%·의료용 마약사범 11.9% 증가 ‘마약왕’ 박왕열·해외 공급책 최병민 수사팀 등 포상 경찰 “형사사법체계 변화 맞춰 중수청과 협업 강화”,,,사회,사건사고,분류없음,,
2026-10-05-금융-의결권-위임과-5-보고-의무-위임장-모아도-공동보유자는-아니라고,2026-10-05,"의결권 위임과 5% 보고 의무, 위임장 모아도 공동보유자는 아니라고? 🗳️",주총 결의 무효 확인 소송서 원고 패소 판결한 원심 확정,,,시그널,증권일반,분류없음,,
2026-10-05-정치-중수청장-후보자-인선-갈등-대통령과-경기지사가-밤새-SNS로-주고받다,2026-10-05,"중수청장 후보자 인선 갈등, 대통령과 경기지사가 밤새 SNS로 주고받다 🌙",김지용 인선 둘러싼 범여권 갈등 재점화 추미애 “청와대 브리핑 명백한 허위성” 채널A 포렌식 놓고 김 후보자 책임론 거듭 제기 “개혁 9부 능선에 등 뒤에서 다시 총알 날아와”,,,정치,청와대,분류없음,,
2026-10-05-정치-리얼미터-10월-1주-지지율-0-5-포인트-내렸는데-중도층은-혼자-올랐다고,2026-10-05,"리얼미터 10월 1주 지지율, 0.5%포인트 내렸는데 중도층은 혼자 올랐다고? 🧭",李 대통령 지지율 37.4% 민주 42.5%·국힘 38.4%,,,정치,정치일반,분류없음,,
2026-10-05-정치-중수청장-인선-논란-대통령이-사심-버려라-라고-한-겁니다,2026-10-05,"중수청장 인선 논란, 대통령이 ""사심 버려라""라고 한 겁니다 🪑",검찰개혁 여권 강경파에 연일 쓴소리 추미애 “비루한 침묵보다 진실” 반발 李 “사심 버리는 것이 가장 중요”강조,,,정치,청와대,분류없음,,
2026-10-05-정치-이재명-대통령-무극파-발언-대상을-밝히지-않았습니다,2026-10-05,"이재명 대통령 '무극파' 발언, 대상을 밝히지 않았습니다 🪧",,,,정치,청와대,분류없음,,
2026-10-05-금융-미성년자-예적금-10조-1억-넘게-가진-아이가-2-595명이라고,2026-10-05,"미성년자 예적금 10조, 1억 넘게 가진 아이가 2,595명이라고? 🐷",,,,금융,금융일반,분류없음,,
2026-10-05-사회-어린이집-보조금-부정수급-7일-전-통지-없이-들이닥쳐도-괜찮다고,2026-10-05,"어린이집 보조금 부정수급, 7일 전 통지 없이 들이닥쳐도 괜찮다고? 🧾","교직원·아동 허위등록 등 1억대 부정수급 구청, 시설폐쇄·보조금 환수 등 처분 어린이집 측 “사전통지 없어 위법” 주장 法 “목적 달성 어려우면 구두통지 가능”",,,사회,사회일반,분류없음,,
2026-10-05-사회-2040년-현역병-13만-명-감축-이병-계급이-없어진다고,2026-10-05,"2040년 현역병 13만 명 감축, 이병 계급이 없어진다고? 🪖",병사 비율은 현재 60%에서 37%로 낮춰 간부 비율은 현재 40%에서 63％로 확대 민간·상비예비군 국방 등 총인력 50만명,,,사회,사회일반,분류없음,,
2026-10-04-사회-현직-경찰관-딥페이크-구속-동종-전력-있는데도-임용됐다고,2026-10-04,"현직 경찰관 딥페이크 구속, 동종 전력 있는데도 임용됐다고? 🎖️","동대문서 현직 경장, 허위 영상물 유포하다 검거 성착취물 5600건 소지…지인 나체 영상물 제작 경찰 입직 2년 전부터 범행…직위 해제 후 징계",,,사회,사건사고,분류없음,,
2026-10-04-사회-비상장주식-물납-거부-자산-많은-회사-주식도-안-받아준다고,2026-10-04,"비상장주식 물납 거부, 자산 많은 회사 주식도 안 받아준다고? 🧾","주식·부동산 상속세 물납 신청 세무당국, 부동산만 물납 허가 A씨 “자산 가치 높다” 소송 제기 法 “결손금 발생, 일시적 문제 아냐”",,,사회,법조,분류없음,,
2026-10-04-사회-노조-청년-간부-야근수당-물어보니-황당한-표정이-돌아왔다고,2026-10-04,"노조 청년 간부 야근수당, 물어보니 황당한 표정이 돌아왔다고? 🫖","노동연구원, 양대 노총 청년 간부 22명 면담 공익 직장 기대했는데…낡은 관행에 부딪혀 야근수당 제안 못하고 ‘헌신 당연’ 위계 만연 “니가 현장을 알아”…역할 부담에 간부 기피 일·생활서 고민…“노조, 일터로서 역",,,사회,노동·고용,분류없음,,
2026-10-04-사회-사정기관-수장-공백-세-기관이-동시에-대행-체제라고,2026-10-04,"사정기관 수장 공백, 세 기관이 동시에 대행 체제라고? 🪑",중수청 門 열고도 수장 ‘공석’ 최소 20일동안 직무대행체제 공소청 인선절차 시작도 못해 경찰 직무디행만 세번째 교체 외풍에 바람막이 역할도 못해 ‘직’ 걸기보다 연연하기 ‘급급’,,,사회,사회일반,분류없음,,
2026-10-04-경제-온누리상품권-결제-쏠림-가맹점은-80-늘었는데-돈은-1-로-간다고,2026-10-04,"온누리상품권 결제 쏠림, 가맹점은 80% 늘었는데 돈은 1%로 간다고? 💊",상위 10% 결제 비중 73.7%…2년째 전체의 4분의 3 올 상위 10곳 중 5곳 의약품점…“전통시장 중심 개편 필요”,,,경제,경제일반,분류없음,,
2026-10-04-국제-이지스함-CEC-수출-거부-호주-일본은-달고-우리만-못-달았다고,2026-10-04,"이지스함 CEC 수출 거부, 호주·일본은 달고 우리만 못 달았다고? 🛟","日·호주는 美 CEC 핵심기술 받았는데 韓, 수출통제·기술이전 정책 명분 제외",,,국제,미국·중남미,분류없음,,
2026-10-04-정치-2년-차-국정감사-6일-첫날부터-멈춰-설-수도-있다고,2026-10-04,"2년 차 국정감사, 6일 첫날부터 멈춰 설 수도 있다고? 🪑",민주당 “정책·민생 국감”…국정과제 성과 부각 국민의힘 “실정 검증”…부동산·안보·재정 공세 조희대 대법원장·청와대 인사 논란이 최대 뇌관,,,정치,국회,분류없음,,
2026-10-04-경제-삼성전자-3분기-실적-발표-영업이익-110조-원이-걸린-주라고,2026-10-04,"삼성전자 3분기 실적 발표, 영업이익 110조 원이 걸린 주라고? 📅",재경부·기획예산처 국정감사,,,산업,대기업,분류없음,,
2026-10-04-경제-9월-생활물가-과일은-내렸는데-채소는-줄줄이-올랐다,2026-10-04,"9월 생활물가, 과일은 내렸는데 채소는 줄줄이 올랐다 🌧️",,,,경제,경제분석,분류없음,,
2026-10-03-사회-헌재소장-배우자-여비-1-031만-원-관례라고-하네요,2026-10-03,"헌재소장 배우자 여비 1,031만 원, 관례라고 하네요 ✈️",세계헌법재판회의 총회로 7일간 마드리드 방문 출장단 6명에 헌재 예산 총 5822만원 집행 헌재 “과거도 배우자 동행…추가인원 승인 받아”,,,사회,사회일반,분류없음,,
2026-10-03-사회-울산-축제-폐지-의견-20개-행사가-목록에-올랐습니다,2026-10-03,"울산 축제 폐지 의견, 20개 행사가 목록에 올랐습니다 🎤",울산 시민배심원단 숙의 거쳐 주요 축제 20개 ‘폐지 권고’ 연예인 초청·선심성 관행 수술대…2027년도 본예산 편성 반영 시민사회 “제대로 된 축제 만드는 첫걸음”…상시 평가 체계 도입 제안,,,사회,지방자치,분류없음,,
2026-10-03-국제-북한군-포로-송환-논란-대통령이-추가-조치-쓰기까지-갔다고,2026-10-03,"북한군 포로 송환 논란, 대통령이 ""추가 조치"" 쓰기까지 갔다고? 🪖","李 “사과 거부하면 추가 조치” 경고 靑, 주우크라 대사 국내 소환도 검토 외교부 “외교장관 소통…사과 논의”",,,정치,통일·외교·안보,분류없음,,
2026-10-03-경제-공정위-집행정지-인용률-79-5-과징금-열-건-중-여덟-건이-멈춰-섰다고,2026-10-03,"공정위 집행정지 인용률 79.5%, 과징금 열 건 중 여덟 건이 멈춰 섰다고? ⏸️",올해 집행정지 신청 39건 중 31건 인용 인용률 79.5%…10년 평균 수준 웃돌아 기각률은 2024년 32.3%→올해 5.1% 한화는 자료제출·쿠팡은 현장조사 제동 최종 제재서 ‘조사 단계’로 법적 대응 앞당겨져,,,경제,경제일반,분류없음,,
2026-10-03-정치-차기-대통령-적합도-무소속-의원이-1위로-올라섰네요,2026-10-03,"차기 대통령 적합도, 무소속 의원이 1위로 올라섰네요 📋",18.1% 확보…김민석은 15.2% 국민의힘·무당층서 모두 ‘1위’ 李대통령 긍정 평가는 39.1% 김승원 검증과정서 공격수 역할 각 현안에 적극 대응하며 노출↑,,,정치,정치일반,분류없음,,
2026-10-03-정치-북한-탄도미사일-발사-긴장-완화-메시지-하루-뒤에-날아왔다고,2026-10-03,"북한 탄도미사일 발사, 긴장 완화 메시지 하루 뒤에 날아왔다고? 🌊","원산서 동해상으로 발사…靑, 긴급안보상황점검회의 靑 “안보 영향 분석·대응태세 점검…필요 조치 지시” DMZ 지뢰 사고 이어 미사일 도발…“안보리 결의 위반” 김여정, 전날 李 대북 메시지 비난…남북 긴장 고조전망",,,정치,통일·외교·안보,분류없음,,
2026-10-03-문화-영화-암살자-들-논란-유족이-아직-살아-있는-사건을-어디까지-다룰-수-있나,2026-10-03,"영화 '암살자(들)' 논란, 유족이 아직 살아 있는 사건을 어디까지 다룰 수 있나 🎬","유영하, 박정희 前 대통령 친필편지 공개 영화 제작진엔 공개 사과·상영중단 촉구 장동혁 “상상력이라 비켜갈 수준 넘어” 주진우, 영화제에 개막작 선정 철회 서한 민주 “영화는 영화로 ”…국힘 공세 맞불",,,문화,영화·미디어,분류없음,,
2026-10-03-사회-유아-레벨테스트-금지-시험이-없어졌는데-왜-더-어려워졌다고,2026-10-03,"유아 레벨테스트 금지, 시험이 없어졌는데 왜 더 어려워졌다고? 📖",학원법 개정 후 달라진 유아 학원가 풍경 레테 대신 수업하며 수준 파악해 정규반 배정 영어책 읽기·대화 등 학원별 대체 방식 등장 체험수업 통한 ‘편법 선발’은 연말 집중 점검,,,사회,교육,분류없음,,
2026-10-03-경제-9월-소비자물가-2-9-숫자는-내려갔는데-체감은-그대로라고,2026-10-03,"9월 소비자물가 2.9%, 숫자는 내려갔는데 체감은 그대로라고? 🧾",소비자물가 2.9%…두 달 만에 2%대 통신비 기저효과 빼면 8월보다 상승 근원물가 2.8%…사실상 연중 최고 석유류·가공식품·휴대폰 가격 줄줄이 올라 한은 “10월도 3% 내외 높은 수준” 전망,,,경제,경제분석,분류없음,,
2026-10-03-금융-스코프3-공시-면제-저탄소-업종-전체로-넓히겠다고,2026-10-03,"스코프3 공시 면제, 저탄소 업종 전체로 넓히겠다고? 📦","■ 금융위, 면제 범위 확대 추진 권대영 재경 1차관 정무위서 밝혀 전면도입 유예 이어 규제 합리화 콘텐츠·SW·서비스업 대상 될 듯",,,금융,금융일반,분류없음,,
2026-10-02-사회-중대범죄수사청-개청-청장-자리가-빈-채로-문을-열었다고,2026-10-02,"중대범죄수사청 개청, 청장 자리가 빈 채로 문을 열었다고? 📄",[중수청 내일 출범] 차장 전종민·서울청장에 최재민 전산 문제로 檢사건 이관 어려워 경찰 ‘킥스’와 연결도 아직 안돼 각종 영장 종이로 신청해야 할 판 본청·서울청은 내년 초까지 공사,,,사회,법조,분류없음,,
2026-10-02-정치-김여정-담화-속도-2015년엔-나흘이었는데-이번엔-하루였다고,2026-10-02,"김여정 담화 속도, 2015년엔 나흘이었는데 이번엔 하루였다고? ⛏️",2015년 목함지뢰 땐 나흘 뒤 실무 대응 이번엔 하루 만에 김여정 직접 등판 통일연 “국경화 보호·韓 상응조치 차단” “증거 공개로 ‘자작극’ 프레임 무력화해야”,,,정치,통일·외교·안보,분류없음,,
2026-10-02-정치-국군의-날-기념사-지뢰라는-단어가-한-번도-안-나왔다고,2026-10-02,"국군의 날 기념사, 지뢰라는 단어가 한 번도 안 나왔다고? 🪖","■ 국군의 날 기념사 지뢰 매설 비판않고 “불의의 사고” 대북 긴장완화·대화복원 이어갈듯 자주 국방 언급…전작권 환수 강조 국힘 “도발 말 못하는 홍길동 군대” 지도부, 항의 차원 기념식도 불참",,,정치,통일·외교·안보,분류없음,,
2026-10-02-산업-강원랜드-슬롯머신-사업-6년째-적자인데-누적-148억이라고,2026-10-02,"강원랜드 슬롯머신 사업, 6년째 적자인데 누적 148억이라고? 🎰",해외 판매 대수 6년간 77대에 머물러 필리핀 사무소 개소 후 판로 개척 못해 현지 직원 33개월 중 243일 국내 체류 해외수당은 지난해만 4000만 원 지급 구자근 “필요성 등 전면 재점검 해야”,,,산업,기업일반,분류없음,,
2026-10-02-산업-기업투자-규제-완화-40개월-걸릴-절차를-12개월로-줄인다고,2026-10-02,"기업투자 규제 완화, 40개월 걸릴 절차를 12개월로 줄인다고? 🚜",[현장중심 기업투자·혁신 지원안] ‘실린더캐비닛’ 일괄 허가 등 인허가·공사 규제 대폭 완화 로봇 등 첨단산업 지원 확대 “7.9조 현장대기 투자 가속도”,,,산업,기업일반,분류없음,,
2026-10-02-정치-청와대-2기-경제팀-한-달-만에-빈자리를-다-메웠습니다,2026-10-02,"청와대 2기 경제팀, 한 달 만에 빈자리를 다 메웠습니다 🪑",2기 경제팀 한달 만에 진용 갖춰 河 승진 발탁…정책기조 유지할듯 김지용은 중수청장 청문 요청 수순,,,정치,청와대,분류없음,,
2026-10-01-사회-변협-자율규제-점검-규칙-지킨-스타트업만-손해-본다고,2026-10-01,"변협 자율규제 점검, 규칙 지킨 스타트업만 손해 본다고? ⚖️",스타트업과 달리 대형포털 가이드라인 비켜가 규제 형평성 문제…“규칙 지키는 기업만 손해” 국내 유료 AI 제약…챗GPT·클로드는 가능 “규칙·판정·징계까지 변협이”…재검토 촉구,,,사회,법조,분류없음,,
2026-10-01-산업-AI-데이터센터-경제효과-100MW-한-곳에-3조5000억이라고,2026-10-01,"AI 데이터센터 경제효과, 100MW 한 곳에 3조5000억이라고? 🏗️",입법조사처 조사 결과 직접 고용 1명이 추가로 간접 고용 2.5개 이상 창출 황정아 “생산·지역성장 효과 커...메가프로젝트 신속 추진을”,,,산업,중기·IT,분류없음,,
2026-10-01-정치-대호김종서함-진수-이지스함-6척-중-마지막-배가-물에-떴습니다,2026-10-01,"대호김종서함 진수, 이지스함 6척 중 마지막 배가 물에 떴습니다 ⚓",■ ‘대호김종서함’ 진수식 축사 세종대왕급 이어 이지스 6척 체제 北미사일에 해상 방어망 한층 강화 李대통령 “자주 국방이 곧 주권” 핵잠·유무인 전력모함 확보도 강조 DMZ 지뢰 부상 장병·가족 위문도,,,정치,통일·외교·안보,분류없음,,
2026-10-01-사회-1심-형사재판-지연-2년-넘게-재판받는-피고인이-4-843명이라고,2026-10-01,"1심 형사재판 지연, 2년 넘게 재판받는 피고인이 4,843명이라고? ⏳",1심 단독 6.1→6.5개월 2년 초과 1심 형사 미제 4843명 고법 항소심 5.5→4.9개월 구속영장 발부율 78.6%로 반등,,,사회,법조,분류없음,,
2026-10-01-국제-다야니-2차-ISDS-전부-승소-7-700억-청구가-그대로-기각됐다고,2026-10-01,"다야니 2차 ISDS 전부 승소, 7,700억 청구가 그대로 기각됐다고? ⚖️","미국의 對이란 경제제재로 배상금 지급 지연 다야니 측 “韓정부, 7700억 배상해야” 판정부 만장일치로 청구 기각 “對이란 제재 따른 지급 지연 정당” ‘꼬리에 꼬리를 무는’ ISDS 제동 올해 3조 원 넘는 국고 ",,,국제,중동·아프리카,분류없음,,
2026-10-01-산업-대한항공-아시아나-통합-국내선-주-541회에서-한-편도-안-늘어난다고,2026-10-01,"대한항공·아시아나 통합 국내선, 주 541회에서 한 편도 안 늘어난다고? 🛫",장종태 의원 “운수권 추가 등 LCC 경쟁력 방안 필요”,,,산업,기업일반,분류없음,,
2026-10-01-경제-외환당국-달러-순매도-7개-분기-내내-달러를-팔고-있었다고,2026-10-01,"외환당국 달러 순매도, 7개 분기 내내 달러를 팔고 있었다고? 🧯",,,,경제,경제분석,분류없음,,
2026-10-01-정치-DMZ-지뢰-폭발-정전협정-위반-군이-처음으로-북한을-지목했습니다,2026-10-01,"DMZ 지뢰 폭발 정전협정 위반, 군이 처음으로 북한을 지목했습니다 🪖",합참 입장문 “사과·책임 조치 강력 촉구” 金은 되레 위협 “실지사격땐 가차없는 보복”,,,정치,통일·외교·안보,분류없음,,
2026-10-01-정치-대호김종서함-진수-19년-만에-국산-이지스함-6척이-다-찼습니다,2026-10-01,"대호김종서함 진수, 19년 만에 국산 이지스함 6척이 다 찼습니다 ⚓",■ ‘대호김종서함’ 진수식 축사 기존 이지스함 없던 요격임무 가능 해상기반 3축 체계 중추 전력 완성 李 “방위산업은 국가 핵심 산업 학계·기업 연구·투자길 넓힐 것”,,,정치,통일·외교·안보,분류없음,,
2026-09-30-대통령-지지율은-0-6-p-내렸는데-정당-격차는-9-6-p-줄었습니다,2026-09-30,"대통령 지지율은 0.6%p 내렸는데, 정당 격차는 9.6%p 줄었습니다 🪢",,,,정치,정치일반,분류없음,,
2026-09-30-2개월-안에-끝내라는-규정인데-15-7개월이-걸렸다고,2026-09-30,"2개월 안에 끝내라는 규정인데, 15.7개월이 걸렸다고? 🐌",전체 평균 수사기간 6.8→15.7개월 ↑ 기술경찰 중 전문 수사기관 출신은 0명 “권한 확대 앞서 수사 전문성 강화해야”,,,사회,사건사고,분류없음,,
2026-09-30-자석-하나가-붙어-있었습니다-문은-열려-있는데-기계는-멈추지-않았습니다,2026-09-30,자석 하나가 붙어 있었습니다. 문은 열려 있는데 기계는 멈추지 않았습니다 🧲,"노동부, 첫 공개 재해조사보고서 中 7건 분석 자석에 속은 센서… 생산 압박에 내몰리다 참변 보폭보다 17cm 넓은 철골 위 ‘위태로운 작업’ 혼동 부른 스위치 위치… 기초 방호장치도 실종 사람 실수 막는 ‘설비 자",,,사회,노동·고용,분류없음,,
2026-09-30-땅값은-34-내렸는데-살-사람이-없습니다,2026-09-30,"땅값은 34% 내렸는데, 살 사람이 없습니다 🚜",농림어가 고령층 비중 51%까지 상승 농지은행 매입만으론 수요 대응 한계 지자체 출연법인·생협 참여 확대 추진,,,부동산,부동산일반,분류없음,,
2026-09-30-지뢰-4발이-직경-4m-안에-몰려-있었습니다,2026-09-30,지뢰 4발이 직경 4m 안에 몰려 있었습니다 🧭,북한군 수지 반보병지뢰 1발 추가 발견 강신철 “유실 가능성 적어…정전협정 위반” “필요한 방책 갖고 있어…단계적으로 시행”,,,정치,통일·외교·안보,분류없음,,
2026-09-30-호남-태양광-1년-3개월-만에-번호표가-다시-움직입니다,2026-09-30,"호남 태양광, 1년 3개월 만에 번호표가 다시 움직입니다 🚦",■ 기후부 전력망 혁신 대책 출력제어 전제 ‘유연 접속’ 허용 2030년 송전용량 171GW로 확대 해상풍력에 몰린 접속권 재배분 강원지역 접속 제한도 내년 해제,,,경제,기후에너지,분류없음,,
2026-09-30-카카오멤버십-10월-1일-문을-여는데-무료-배송이-없습니다,2026-09-30,"카카오멤버십, 10월 1일 문을 여는데 무료 배송이 없습니다 🧴",제휴사 확정…세부 혜택 구성 논의 디즈니+·쿠팡이츠와 협력도 거론,,,산업,중기·IT,분류없음,,
2026-09-29-7번-받은-사람도-있습니다-실업급여-횟수-제한이-없거든요,2026-09-29,"7번 받은 사람도 있습니다. 실업급여, 횟수 제한이 없거든요 🔁",,,,사회,노동·고용,분류없음,,
2026-09-29-국고채-3년물이-4-1-를-넘은-다음-날-정부가-즉시-라고-말했습니다,2026-09-29,"국고채 3년물이 4.1%를 넘은 다음 날, 정부가 ""즉시""라고 말했습니다 🚰",시장 안정 조치 즉각 시행,,,시그널,펀드·채권,분류없음,,
2026-09-29-시행부터-반년-재판소원-2-310건-중-회부된-건-19건입니다,2026-09-29,"시행부터 반년, 재판소원 2,310건 중 회부된 건 19건입니다 🎾",■헌재 독일·스페인 출장보고서 확보 회부기준·후속절차 과제 되풀이 반년 만에 2310건…폭증 현실화 각하 뒤 재심 청구도 156건 달해 인력 확충에 87억 청사 증축까지,,,사회,법조,분류없음,,
2026-09-29-156만-명이-본-영화-한-편이-국정감사-증인석까지-갔습니다,2026-09-29,156만 명이 본 영화 한 편이 국정감사 증인석까지 갔습니다 🎬,국힘 “표현의 자유로 정당화 못해” 제작진 “특정 인물 배후 규정 안 해” 허진호 감독 국감 출석까지 추진 개봉 닷새 만에 관객 156만 돌파,,,문화,영화·미디어,분류없음,,
2026-09-29-무소속-한동훈-8일-동안-페이스북-글-80여-건을-올렸습니다,2026-09-29,"무소속 한동훈, 8일 동안 페이스북 글 80여 건을 올렸습니다 🪧",SNS·현장 행보 ‘물량공세’로 이슈 선점 질문 던지고 여권과 공방 ‘각개격파’ 전략 지지층 확대 넘어 국힘 내 우군 확보까지 ‘韓 역할론’ 자생 유도해 복당 명분 축적 추가 지지 확보·지도부 관계 개선은 과제,,,정치,정치일반,분류없음,,
2026-09-29-비공개였다-vs-약속-안-했다-젤렌스키-연설-닷새-뒤-대사대리가-외교부로-불려왔습니다,2026-09-29,"비공개였다 vs. 약속 안 했다 — 젤렌스키 연설 닷새 뒤, 대사대리가 외교부로 불려왔습니다 🪆","靑, “사과 요구” 강경 입장 외교부, 28일 대사대리 초치 ‘지원 확대’ 원한 젤렌스키 韓은 한러·남북 관계 방점",,,정치,통일·외교·안보,분류없음,,
2026-09-29-전국-상가-8곳-중-1곳이-비었습니다-7분기-연속입니다,2026-09-29,전국 상가 8곳 중 1곳이 비었습니다. 7분기 연속입니다 🔑,,,,부동산,부동산일반,분류없음,,
2026-09-28-DMZ-폭발-현장에-있던-병력-서로-다른-말을-하고-있습니다,2026-09-28,"DMZ 폭발 현장에 있던 병력, 서로 다른 말을 하고 있습니다 🧩",폭발물 잔해 확보 여부가 핵심변수,,,정치,통일·외교·안보,분류없음,,
2026-09-28-연휴-끝나고-열어보니-3년물-금리가-4-를-넘었습니다,2026-09-28,"연휴 끝나고 열어보니, 3년물 금리가 4%를 넘었습니다 🧨",3년 10개월 만에 최고치 기록 환율도 7.6원 올라 1365.1원,,,시그널,펀드·채권,분류없음,,
2026-09-28-연휴-쉬는-동안-국고채-3년물이-3년-10개월-만의-최고치로-올라섰습니다,2026-09-28,"연휴 쉬는 동안, 국고채 3년물이 3년 10개월 만의 최고치로 올라섰습니다 🏖️",환율 7.6원 올라 1360원 대로,,,시그널,펀드·채권,분류없음,,
2026-09-28-보험금-안-준-게-961건-그런데-1건-평균이-57만-원입니다,2026-09-28,"보험금 안 준 게 961건, 그런데 1건 평균이 57만 원입니다 🧾",2022년부터 올해 7월까지 금감원 검사서 드러나 총액 5억 4840만 원…DB손보 2억 6200만 원 최다 교보생명은 적립이자 과소지급으로 499건 적발,금융·정책,,금융,보험,하위없음,,
2026-09-28-2주-만에-100억-달러-농수산식품-수출이-CPTPP-논쟁을-흔듭니다,2026-09-28,"2주 만에 100억 달러, 농수산식품 수출이 CPTPP 논쟁을 흔듭니다 🍚",■CPTPP 가입 논의 왜 속도내나 CPTPP 전세계 GDP의 15% 차지 非 FTA 日·멕시코 시장 진출 효과 “통상 파트너십 올라타야 수혜 누려” 12개국 전원 동의 얻어야 가입 승인 중국 등 먼저 참여하면 장벽,산업,,경제,통상,하위없음,,
2026-09-28-HMM-매각은-멈췄는데-증권사들은-벌써-움직이기-시작했습니다,2026-09-28,"HMM 매각은 멈췄는데, 증권사들은 벌써 움직이기 시작했습니다 🧮",산은·해진공 공적자금 회수 카드로 내년초께 주주환원 계획 수립 예상 10조 넘는 유동성에 ‘2조+α’ 가능성 대형 IB 주관사 수임 물밑 검토 착수 현금 충분하나 29조 투자 계획 변수,증시,,시그널,IB&Deal,하위없음,,
2026-09-28-2023년-3월-17일-당대표가-된-다음-날-가방-하나가-건네졌습니다,2026-09-28,"2023년 3월 17일, 당대표가 된 다음 날 가방 하나가 건네졌습니다 👛",당대표 당선 감사 인사로 명품 선물 배우자 이 모 씨는 징역 6개월 구형 특검 “친분 아닌 권력·직무 관계 결합”,,,사회,법조,분류없음,,
2026-09-28-5년-안에-두-번-담합하면-사업-자체를-못-하게-됩니다,2026-09-28,"5년 안에 두 번 담합하면, 사업 자체를 못 하게 됩니다 🧾","당정, 반복 담합 ‘엄벌’ 대응책 논의 안전·에너지·운송·환경 17개 업종 확대 담합 처분시효 최대 12년→15년 연장 인상 가격 되돌리는 ‘재결정 명령’ 도입 교육청도 입찰담합 감시 대상에 포함",,,경제,경제일반,분류없음,,
2026-09-28-4년-3개월간-463명-그중-362명이-같은-크기의-일터에서-일했습니다,2026-09-28,"4년 3개월간 463명, 그중 362명이 같은 크기의 일터에서 일했습니다 🧯",2022년~올해 1분기 이주노동자 산재 3만8807명 전체 산재 74.9%가 50인 미만 사업장서 발생 외국인 취업자 78.9%도 50인 미만 사업장 근무 일부 농·어업 산재보험 제외…“사각지대 해소해야”,,,사회,노동·고용,분류없음,,
2026-09-27-파편-하나도-못-가져왔습니다,2026-09-27,파편 하나도 못 가져왔습니다 🥾,"조사에 유엔사 등 40여명 참가 지뢰매설 확인땐 정전협정 위반 韓, 정부 차원 강력 대응 불가피 국힘 “김정은 심기 살펴” 비판속 한동훈은 ‘軍·유엔사 갈등’ 제기 합참 “관련사안 보안사항” 해명",,,정치,통일·외교·안보,분류없음,,
2026-09-27-엿새-만에-들어갔는데-폭발-지점엔-닿지-못했습니다,2026-09-27,"엿새 만에 들어갔는데, 폭발 지점엔 닿지 못했습니다 🥾",폭발 원점 접근 못해…추후 재조사 野 “고의로 지연했다면 이적행위”,,,정치,통일·외교·안보,분류없음,,
2026-09-27-7년을-끌던-협정이-하루에-풀렸는데-대통령은-이제-국내로-들어옵니다,2026-09-27,"7년을 끌던 협정이 하루에 풀렸는데, 대통령은 이제 국내로 들어옵니다 ✈️","트럼프와 ‘30분 뉴욕 담판’…핵잠·전작권·조선협력 후속논의 16년 만의 멕시코 국빈방문…공급망·방산·우주·AI 협력 확대 李 대통령, 순방 귀국 중 美 알래스카서 ‘즉석 차담회’ 강훈식 사의 수리 여부 및 후임 정",,,정치,통일·외교·안보,분류없음,,
2026-09-27-2박-3일-레드카펫을-깔아줬는데-중국은-희토류-얘기를-한-줄도-안-넣었습니다,2026-09-27,"2박 3일 레드카펫을 깔아줬는데, 중국은 희토류 얘기를 한 줄도 안 넣었습니다 🧾","[빅딜 없었던 미중 정상회담] 무역휴전 2개월 연장·AI협의체 신설 300억弗 관세인하 품목 합의했지만 中 발표엔 희토류 빠져…AI도 온도차 美 CEO 만찬 총출동, 中은 관료만 공화당 일각 “이란 지원 지적했어야”",국제,,국제,미국·중남미,하위없음,,
2026-09-27-알선한-사람은-징역-4년-청소년의-성을-산-5명은-전원-집행유예,2026-09-27,"알선한 사람은 징역 4년, 청소년의 성을 산 5명은 전원 집행유예 🪶",■온라인 파고든 청소년 성범죄 2021년 190건→작년 609건으로 피해경로 채팅앱 등 온라인 집중 최초 착취 연령도 6년째 낮아져 피고인 66% 집유…평균 징역 2년 “중대 범죄…처벌 실효성 높여야”,,,사회,사건사고,분류없음,,
2026-09-27-11년-만의-방미-시진핑이-트럼프에게-남긴-건-대만-독립에-반대하라-였습니다,2026-09-27,"11년 만의 방미, 시진핑이 트럼프에게 남긴 건 ""대만 독립에 반대하라""였습니다 🍽️","[빅딜 없었던 미중 정상회담] 무역휴전 2개월 연장·AI협의체 신설 300억弗 관세인하 품목 합의했지만 中 발표엔 희토류 빠져…AI도 온도차 美 CEO 만찬 총출동, 中은 관료만 공화당 일각 “이란 지원 지적했어야”",국제,,국제,일본·중국,하위없음,,
2026-09-27-2-168건이-다음-주에-주인을-바꿉니다,2026-09-27,"2,168건이 다음 주에 주인을 바꿉니다 🎫",기존 지명수배 해제 후 경찰·특사경에 넘겨 새 체포영장 발부…수배·신병 확보 책임 이관 출국금지·정지 등 사건 관리 주체도 변경,,,사회,법조,분류없음,,
2026-09-27-중수청-닷새-뒤-문-여는데-자리-열에-넷이-빈-채로-시작합니다,2026-09-27,"중수청, 닷새 뒤 문 여는데 자리 열에 넷이 빈 채로 시작합니다 🪑",1차 특례임용자는 정원의 58%에 그쳐 201명 2차 임용 신청자 ‘100%’ 뽑아도 정원 65% 불과…추가임용도 향후 과제 초대 중수청장 후보자 8일 ‘지명’하고도 인청 ‘함흥차사’…커지는 수사공백 우려,,,사회,법조,분류없음,,
2026-09-27-지뢰-터진-자리에-6일째-아무도-들어가지-못했습니다,2026-09-27,지뢰 터진 자리에 6일째 아무도 들어가지 못했습니다 🥾,북한군 지뢰라면 정전 협정 위반 사안 매설 지뢰 또는 유실지뢰 여부도 중요 통상 수색 루트 아니라 안전확보 관건 한동훈 “합동조사 29일→27일 변경”,,,정치,통일·외교·안보,분류없음,,
2026-09-26-월-100만-원도-못-버는-사업장이-837만-개라고,2026-09-26,월 100만 원도 못 버는 사업장이 837만 개라고? 🪧,,,,경제,경제일반,분류없음,,
2026-09-26-부동산에-묶인-돈-4-307조인데-비율은-오히려-내려갔다고,2026-09-26,"부동산에 묶인 돈 4,307조인데, 비율은 오히려 내려갔다고? 🏗️","한은, ‘금융안정 상황’ 보고서",,,부동산,부동산일반,분류없음,,
2026-09-26-두-달-새-13-6-포인트-대통령-지지율만-홀로-내려갔습니다,2026-09-26,"두 달 새 13.6%포인트, 대통령 지지율만 홀로 내려갔습니다 🪢",8월 2주차부터 李보다 민주당 지지율 앞서 두 달 새 대통령 13.6%P↓…당은 2.9%P 하락 부동산 정책 부정평가 20%로 가장 높아 용혜인·김승원 낙마에 인사 논란까지 겹쳐 정부와 거리두기 목소리 커질 가능성 ,,,정치,청와대,분류없음,,
2026-09-25-한국은-FTA를-원했는데-멕시코가-아직은-아니다-라고-했습니다,2026-09-25,"한국은 FTA를 원했는데, 멕시코가 ""아직은 아니다""라고 했습니다 🧩","■한·멕시코 정상회담-‘무역협정’협상 재개 靑 고위관계자 “韓선호는 FTA…멕시코 상황 아냐” 美, USMCA 재검토서 원산지 규정 강화 요구 변수 FTA·CEPA 등 가능성…무역·산업협력 공동위 가동 李, 관세 등",,,경제,통상,분류없음,,
2026-09-25-7년-멈춰-있던-한-멕시코-투자협정-하루-만에-쟁점이-다-풀렸다고,2026-09-25,"7년 멈춰 있던 한-멕시코 투자협정, 하루 만에 쟁점이 다 풀렸다고? 💱",■한·멕시코 정상회담-투자보장협정 7년 만에 타결 경제·금융 등 7개 분야 포함 총 16건 MOU·AI 협력선언 채택 양국 수출입銀 1억달러 전대금융 신설…항공우주·방산 협력 멕시코에 K컬처센터 추진…치안·농업·반부,,,경제,통상,분류없음,,
2026-09-25-10월-2일부터-경찰이-덮은-사건은-검사도-직접-못-들여다봅니다,2026-09-25,"10월 2일부터, 경찰이 덮은 사건은 검사도 직접 못 들여다봅니다 📨","수사 공백·피해자 보호 우려 나와 경찰 수사권 독점…권력 쏠림 문제 李 대통령도 “권력, 상호견제해야” “부작용 발생해야 재개정 명분 생겨”",,,사회,법조,분류없음,,
2026-09-25-10월-2일부터-검사가-놓친-증거는-다시-경찰에게-갑니다,2026-09-25,"10월 2일부터, 검사가 놓친 증거는 다시 경찰에게 갑니다 ⏳","수사 공백·피해자 보호 우려 나와 경찰 수사권 독점…권력 쏠림 문제 李 대통령도 “권력, 상호견제해야” “부작용 발생해야 재개정 명분 생겨”",,,사회,법조,분류없음,,
2026-09-25-150마력은-평범한데-한-번-주유로-860km를-달린다니요,2026-09-25,"150마력은 평범한데, 한 번 주유로 860km를 달린다니요 🌀",■골프 8.5세대 2.0 TDI 민첩한 반응성으로 매끄러운 주행 감각 복합연비 17.3m/ℓ…독보적 수준,산업,,문화,여행·레저,하위없음,,
2026-09-25-코드-한-줄로-AI-에이전트를-켰더니-처리-비용이-평균-28-줄었네요,2026-09-25,"코드 한 줄로 AI 에이전트를 켰더니, 처리 비용이 평균 28% 줄었네요 🧵",오픈소스 도구 ‘스트랜즈 하네스’ 기존 대비 토큰 비용 28% 낮춰,산업,,산업,중기·IT,하위없음,,
2026-09-24-8월에-이사한-사람-47만1000명-53년-만에-가장-적은-이유,2026-09-24,"8월에 이사한 사람 47만1000명, 53년 만에 가장 적은 이유 🏗️",부동산 얼어붙고 주택 거래 뚝 끊겨 8월 이동자 47만명…전년보다 4.5%↓ 1973년 이후 같은 달 기준 최저 10년 새 이동률도 14.8%→10.9% 경기엔 몰리고 서울은 빠져나가,,,사회,사회일반,분류없음,,
2026-09-24-북한군-포로-2명이-한국에-왔다는-말-서울이-아니라-뉴욕에서-나왔습니다,2026-09-24,"북한군 포로 2명이 한국에 왔다는 말, 서울이 아니라 뉴욕에서 나왔습니다 🗽",,,,정치,통일·외교·안보,분류없음,,
2026-09-24-출국-직전까지-난항-한미-두-정상이-22일-마주-앉다,2026-09-24,"출국 직전까지 난항, 한미 두 정상이 22일 마주 앉다 ⛳",,,,정치,통일·외교·안보,분류없음,,
2026-09-24-올해-14번째-미사일-앞에서-30분-회담이-핵잠-연료를-꺼냈습니다,2026-09-24,"올해 14번째 미사일 앞에서, 30분 회담이 핵잠 연료를 꺼냈습니다 🗽",,,,정치,통일·외교·안보,분류없음,,
2026-09-24-중동-원유-70-를-2035년까지-50-아래로-세-번째-다변화-선언,2026-09-24,"중동 원유 70%를 2035년까지 50% 아래로, 세 번째 다변화 선언 🛳️",,,,경제,기후에너지,분류없음,,
2026-09-24-성장률은-3-7-인데-기초체력은-1-66-라고,2026-09-24,"성장률은 3.7%인데, 기초체력은 1.66%라고? 🪞",,,,경제,경제분석,분류없음,,
2026-09-24-이재명-대통령이-순방-전-지시한-내란-특수본-10월-2일-커집니다,2026-09-24,"이재명 대통령이 순방 전 지시한 내란 특수본, 10월 2일 커집니다 🛫",중수청 출범 후 조직 확장안 거론 野 “국민 시선 돌리기 위한 카드”,,,정치,청와대,분류없음,,
2026-09-23-OECD-6개월-만에-한국-성장률을-1-7-에서-3-7-로-올렸습니다,2026-09-23,"OECD, 6개월 만에 한국 성장률을 1.7%에서 3.7%로 올렸습니다 🧾",[올해 성장률 1.1%P 올린 3.7% 제시] ADB·한은·KDI도 3%대로 AI 수요에 수출·생산 호조 에너지가격·관세 등은 부담,,,경제,경제분석,분류없음,,
2026-09-23-2-000억-달러-협상이-풀리자-멈춰-있던-핵잠-논의가-다시-움직입니다,2026-09-23,"2,000억 달러 협상이 풀리자, 멈춰 있던 핵잠 논의가 다시 움직입니다 🏃",■ 트럼프와 정상회담서 제안 대미투자 협상 진전에 깜짝 성사 전작권 전환 등 후속협의 공감대 트럼프는 北과 대화 의지 재확인,,,정치,통일·외교·안보,분류없음,,
2026-09-23-회견-다음-날-물어본-2-007명-긍정평가는-37-였습니다,2026-09-23,"회견 다음 날 물어본 2,007명, 긍정평가는 37%였습니다 🎤",조원씨앤아이 여론조사 국정운영 긍정평가 38.1%→37% 하락 차기 韓 18.1% 金 14.8% 吳 12.6% 순,,,정치,정치일반,분류없음,,
2026-09-23-청와대-재제청-요구-25일-만에-조희대-대법원장은-공문에-사유가-없다-고-했습니다,2026-09-23,"청와대 재제청 요구 25일 만에, 조희대 대법원장은 ""공문에 사유가 없다""고 했습니다 ✉️","전날 靑 재제청 요구에 수용 불가 입장 “요청 공문에 명확한 근거·사유 없어” “헌법 82조 언급, 공문 형식 하자 뜻 아냐” 대법관 공백 장기화엔 “국민께 송구”",,,정치,청와대,분류없음,,
2026-09-23-출생아는-25개월째-늘었는데-인구는-81개월째-줄고-있다니요,2026-09-23,"출생아는 25개월째 늘었는데, 인구는 81개월째 줄고 있다니요 🍼",[7월 인구동향] 합계출산율 0.89명으로 상승 인구 자연감소는 81개월째,,,사회,사회일반,분류없음,,
2026-09-23-25초-만에-터졌습니다-전자레인지에-데운-말랑이-표면-171도,2026-09-23,25초 만에 터졌습니다 — 전자레인지에 데운 말랑이 표면 171도 ⏱️,"왁뿌볼 8개 전 제품서 금지 방부제 말랑이 가소제 기준치 6.6배 초과 가열시험서 4개 제품 파열 위험 확인 소비자원, 판매중단·표시개선 등 권고",,,사회,사회일반,분류없음,,
2026-09-23-나프타-값-절반을-정부가-대주는-동안-16조-원-담합이-이어졌다고,2026-09-23,"나프타 값 절반을 정부가 대주는 동안, 16조 원 담합이 이어졌다고? 🧾",이란전쟁 후 석화제품 담합 의혹 7개사 담합 규모만 16조원 자체 추산 정부 수입가 상승분 지원에도 ‘담합’ 포착,,,산업,기업일반,분류없음,,
2026-09-23-오후-7시-20분부터-딱-30분-한미-정상이-꺼낸-건-핵잠-연료였네요,2026-09-23,"오후 7시 20분부터 딱 30분, 한미 정상이 꺼낸 건 핵잠 연료였네요 🕖",,,,정치,통일·외교·안보,분류없음,,
2026-09-23-경북도가-141억-원으로-1조-6000억-원을-굴리는-방법,2026-09-23,경북도가 141억 원으로 1조 6000억 원을 굴리는 방법 🧲,지역활성화투자펀드 전국 11개 중 경북 4개 ‘최다’ 도비 141억 출자해 1조6000억 규모 프로젝트 추진 구미 주거부터 경주 에너지·포항 AI·안동 산림까지 지역개발 넘어 국민성장펀드로 기업 성장투자 확대 SK바,,,시그널,펀드·채권,분류없음,,
2026-09-23-200일-넘게-빈-대법관-자리-대법원장이-재제청을-거부하다,2026-09-23,"200일 넘게 빈 대법관 자리, 대법원장이 재제청을 거부하다 🪑",,,,사회,법조,분류없음,,
2026-09-23-반려-25일-만에-대통령-순방-중-나온-대법원장의-거부,2026-09-23,"반려 25일 만에, 대통령 순방 중 나온 대법원장의 거부 ✈️","대법원 “헌법적 근거 없어” 李 대법관 재제청 요구 거부 靑, 이례적 두차례 입장 내며 “대통령 임명권 무력화” 반발 여야 공방 가세하며 갈등 최고조",,,사회,법조,분류없음,,
2026-09-23-매년-핵무기-10-20개-대통령은-일단-차를-멈춰-세우자-고-합니다,2026-09-23,"매년 핵무기 10~20개, 대통령은 ""일단 차를 멈춰 세우자""고 합니다 🚗","■뉴욕 유엔총회 방문 계기 NYT·AP인터뷰 북핵, 한반도 넘어 확산 가능성…국제사회에 환기 ‘중단→축소→폐기’ 단계적 해법…23일 유엔연설 핵·ICBM 중단에 ‘제재완화’…구체적 상응조치 제시 한미 조선협력 등 “",,,정치,통일·외교·안보,분류없음,,
2026-09-23-남북이-함께-유엔에-들어간-지-35년-뉴욕에서-청사진-세-개를-펴다,2026-09-23,"남북이 함께 유엔에 들어간 지 35년, 뉴욕에서 청사진 세 개를 펴다 🏃",상호 체제 존중·소통 복원·책임 있는 평화공존 제안 “당사국 관계 정상화 넘어 다자협력·공동성장 촉진” 북핵 고도화 중단→축소→‘핵 없는 한반도’ 단계적 접근 AI·녹색전환·에너지 연대 담은 ‘K-이니셔티브’도 제시,,,정치,통일·외교·안보,분류없음,,
2026-09-23-구글이-9월-9일-정부에-꺼낸-말-TPU-쓰면-비용-절반-입니다,2026-09-23,"구글이 9월 9일 정부에 꺼낸 말, ""TPU 쓰면 비용 절반""입니다 🎓",■AI전략위 만나 협력 제안 기술 개발 등 포괄적 파트너 추진 엔비디아 GPU 독점 구도에 도전 韓 소버린AI 맞물려 공략 본격화,,,산업,중기·IT,분류없음,,
2026-09-22-20조-원-국부펀드-첫해-실탄은-1조-원이라네요,2026-09-23,"20조 원 국부펀드, 첫해 실탄은 1조 원이라네요 🎙️","KIC에 20조원+α 전략투자계정 추진 AI·반도체 등 전략산업 지분 투자해 “국가 장기 투자, 성과는 국민 공유” 첫 회의서 부동산·금융·외환 점검",,,경제,경제일반,분류없음,,
2026-09-22-한-달-만에-성착취물-사이트-6-683개가-4-736개로-줄었습니다,2026-09-23,"한 달 만에 성착취물 사이트 6,683개가 4,736개로 줄었습니다 🔌","범정부 협의체, 통합대응 성과 발표 운영자 검거로 사이트 66개 운영 중단 ‘돈줄’ 도박사이트 단속…236개 폐쇄 능동적 방어제 도입·AI 탐지기술 개발",,,사회,사건사고,분류없음,,
2026-09-22-한재석-소령이-서명하자-25년-6개월이-끝났습니다,2026-09-23,"한재석 소령이 서명하자, 25년 6개월이 끝났습니다 ✍️",개발 계획 천명한 지 25년 6개월만에 2030년대 초반까지 100대 이상 도입,,,정치,통일·외교·안보,분류없음,,
2026-09-22-보고를-묵살한-기록이-남으면-권고-형량이-징역-15년까지-갑니다,2026-09-23,"보고를 묵살한 기록이 남으면, 권고 형량이 징역 15년까지 갑니다 🗂️","■대법, 중처법 양형 기준 강화 기본형 징역 1년 6개월~4년 반복된 시정명령 불이행도 가중 5년 내 재범 땐 형량 1.5배 올려",,,사회,법조,분류없음,,
2026-09-22-북핵-완전-폐기-대신-3단계-대통령이-제재-완화를-맞바꾸겠다고-했습니다,2026-09-23,"북핵 '완전 폐기' 대신 3단계, 대통령이 제재 완화를 맞바꾸겠다고 했습니다 🚗",■ NYT·AP 인터뷰 “북핵 수출 유혹에 빠질수도” 경고 구체적 상응 조치 조건까지 제시 전문가 “오히려 핵능력만 고도화”,,,정치,통일·외교·안보,분류없음,,
2026-09-22-미국에-들어설-원전-8기-중-2기-한국형-APR-1400으로-간다,2026-09-23,"미국에 들어설 원전 8기 중 2기, 한국형 APR-1400으로 간다 🔧",[한국형 원전 2기 건설] ‘고리 1호기’ 착공 55년 만에 ‘원전 산업의 종주국’ 역진출 200억弗 대비분으로 책정해 공사비 증액 안전판도 마련 대미투자 한해 수출제한 해제 자금 재투자로 업계 수주 숨통,,,산업,대기업,분류없음,,
2026-09-22-대법관-자리-200일째-비었는데-재제청-요청은-25일-만에-거부되다,2026-09-23,"대법관 자리 200일째 비었는데, 재제청 요청은 25일 만에 거부되다 🪑",대법원 헌법 해석 근거 공세에 靑 “사실관계 왜곡된 입장 발표” 초유의 사태 법학자 해석도 갈려 與 “사법농단 정치 행위” 맹공 野 “헌법에 따른 당연한 결정”,,,사회,법조,분류없음,,
2026-09-22-안전-예산을-딴-데-썼다면-형량-상한이-15년까지-올라갑니다,2026-09-23,"안전 예산을 딴 데 썼다면, 형량 상한이 15년까지 올라갑니다 🪝",치사 경우 기본영역 1년6월~4년 의견·보고 묵살 등 특별가중인자,,,사회,법조,분류없음,,
2026-09-22-GPU-받는-데-30주-그-틈을-구글-TPU가-파고들었네요,2026-09-22,"GPU 받는 데 30주, 그 틈을 구글 TPU가 파고들었네요 ⏳","■TPU 韓 우선공급 타진…1200조 데이터센터 정조준 韓, 2035년까지 민관합동 대규모 투자 피지컬 AI 상용화 거점으로 떠올라 구글, 칩·모델·인프라 풀스택 강점 엔비디아 ‘30주 병목’ 틈타 韓 공략 산학연 ",,,산업,중기·IT,분류없음,,
2026-09-22-비핵화-대신-추가-개발-중단-이-대통령이-제재와-맞바꾸자고-한-이유,2026-09-22,비핵화 대신 '추가 개발 중단' — 이 대통령이 제재와 맞바꾸자고 한 이유 💵,"■NYT 인터뷰 “비핵화 목표로 아무것도 이룰 수 없어 北, 핵확보 후 수출…위험한 순간 될것 제3국 전쟁에 군대 파병은 헌법 위배”",,,정치,통일·외교·안보,분류없음,,
2026-09-22-조희대-대법원장이-25일-만에-재제청-거부-를-택한-이유,2026-09-22,조희대 대법원장이 25일 만에 '재제청 거부'를 택한 이유 🪑,曺 “구체 사유·헌법적 근거 없어” 25일 만에…대법관 두고 또 충돌,,,사회,법조,분류없음,,
2026-09-22-수출할-때마다-1조-원-미국엔-아예-못-짓던-원전이-2기-열렸습니다,2026-09-22,"수출할 때마다 1조 원, 미국엔 아예 못 짓던 원전이 2기 열렸습니다 🗝️","■산업부, 대미투자 국회 보고 합의 개정해 APR1400 2기 허용 WEC와 5~10% 지분 투자 협의 손실 위험 막는 배분 구조도 확보",,,경제,통상,분류없음,,
2026-09-22,2026-09-22,📄,작년 사망자 수 36만명으로 1.2%↑…역대 2위 자살률 감소에도 10대는 늘어,,,사회,사회일반,분류없음,,
2026-09-22-열흘-뒤-문-여는데-검사-자리-458개가-빈-채로-시작합니다,2026-09-22,"열흘 뒤 문 여는데, 검사 자리 458개가 빈 채로 시작합니다 🪑","■법무부, 공소청 직제안 수정 검사 정원 1900명 선으로 출범 기획관 폐지·불송치전담부 축소 형사부서 ‘공판부’ 중심 재편 속 미제 사건 16.5만건…인력난 우려 공소청장도 공석…“혼선 불가피”",,,사회,법조,분류없음,,
2026-09-22-금거북이는-유죄-세한도는-무죄-2년이-깎인-이유,2026-09-22,"금거북이는 유죄, 세한도는 무죄 — 2년이 깎인 이유 🐢",1심 징역 7년→2심 징역 5년 감형 이봉관 목걸이·이배용 금거북이 등 유죄 法 “대통령 배우자 영향력 사적 거래로 전락”,,,사회,법조,분류없음,,
2026-09-22-8월-18일-제청-열흘-뒤-온-재제청-요청-조희대-대법원장이-거부하다,2026-09-22,"8월 18일 제청, 열흘 뒤 온 재제청 요청 — 조희대 대법원장이 거부하다 🖊️",,,,사회,법조,분류없음,,
2026-09-22-장관-3명은-뉴욕에서-재가됐고-한-명은-증인-명단에-걸렸습니다,2026-09-22,"장관 3명은 뉴욕에서 재가됐고, 한 명은 증인 명단에 걸렸습니다 🗽",,,,정치,청와대,분류없음,,
2026-09-22-조희대-대법원장이-25일-만에-내놓은-답-문서에-이유가-없다,2026-09-22,"조희대 대법원장이 25일 만에 내놓은 답, ""문서에 이유가 없다"" 🖋",曺 “재제청 요청 정당화 헌법적 근거 없어”,,,사회,법조,분류없음,,
2026-09-22-3-500억-달러-대미-투자에서-1대9-전환을-보류시킨-장치,2026-09-22,"3,500억 달러 대미 투자에서 1대9 전환을 보류시킨 장치 ⏸","韓, 대미투자 안전판 마련해 사업성 훼손시 개선 조치 논의",,,경제,통상,분류없음,,
2026-09-22-정부-100억-달러를-현금-대신-원전-주문서로-보내다,2026-09-22,"정부, 100억 달러를 현금 대신 원전 주문서로 보내다 🔩",주문까지 4~5년 걸리는 기자재 선주문 자금 상당 부분 韓원전에 연결 가능성,,,경제,통상,분류없음,,
2026-09-22-미국에-들어설-원전-8기-중-2기가-한국형입니다,2026-09-22,미국에 들어설 원전 8기 중 2기가 한국형입니다 🔓,기존 지식재산권 분쟁 합의문 수정 WEC 반발했지만 미국 측이 설득,,,경제,통상,분류없음,,
2026-09-22-원전-8기-예비비-27조-안-쓰면-그대로-투자-실적이-된다고,2026-09-22,"원전 8기 예비비 27조, 안 쓰면 그대로 투자 실적이 된다고? 🧾",1200억弗 원전 8기 건설 추진 비용초과 대비 200억弗 인센티브 공사비 아끼면 투자액으로 간주 비용 늘면 귀책 따라 분담,,,경제,통상,분류없음,,
2026-09-22-미국이-먼저-51-같이-사자-고-했는데-지금은-5-10-입니다,2026-09-22,"미국이 먼저 ""51% 같이 사자""고 했는데, 지금은 5~10%입니다 🍰",美 26%·韓 25% 등 구체안까지 논의 브룩필드 반대로 무산…현재 5~10% 협상,,,경제,통상,분류없음,,
2026-09-22-대미-투자-1-2-3호를-보고했는데-정해진-건-1호뿐입니다,2026-09-22,"대미 투자 1·2·3호를 보고했는데, 정해진 건 1호뿐입니다 🧩","산업부, 국회 산자위에 대미투자 프로젝트 보고 美원전 8기 건설 2호·알래스카 LNG 3호로 검토 웨스팅하우스 지분 5~10% 확보 놓고 美측과 협상 연 200억弗·총 2000억弗 투자 한도도 재확인",,,경제,통상,분류없음,,
2026-09-22-10월-1일부터-네-살-아이-앞에-시험지가-놓이지-않습니다,2026-09-22,10월 1일부터 네 살 아이 앞에 시험지가 놓이지 않습니다 🧸,유아 선발·수준별 반 배정 위한 시험·평가 금지 위반 땐 최대 300만원 과태료…내달 1일 시행,,,사회,교육,분류없음,,
2026-09-22-MAU-2-340만-명-배달의민족-주인이-우버로-바뀔-수-있다고,2026-09-22,"MAU 2,340만 명 배달의민족, 주인이 우버로 바뀔 수 있다고? ➕","우버, 배민 운영사 DH 인수 추진 공개매수로 DH 지분 전부 취득 계획 택시 호출 2위·배달 1위 플랫폼 결합 공정위, “국내 시장 경쟁 영향 검토”",,,산업,중기·IT,분류없음,,
2026-09-22-세금-깎아줘도-다주택자-91-가-집을-안-내놓는다고,2026-09-22,세금 깎아줘도 다주택자 91%가 집을 안 내놓는다고? 🧮,"한은, ‘9월 금융안정 상황’ 보고서 향후 5년 집값 상승률 3.5%면 내년 매도 다주택자 비중 19.8% 8.2%면 8.9%로 확 낮아져",,,부동산,부동산일반,분류없음,,
2026-09-22-232억-달러-넣고-450억-달러-받는다는데-전기-살-사람이-안-보입니다,2026-09-22,"232억 달러 넣고 450억 달러 받는다는데, 전기 살 사람이 안 보입니다 🌵",대미투자 1호 사업으로 텍사스 가스복합화력발전 정부 “상업적 합리성 갖춰” 국힘 “장기 전력 수요처 확보 등 불분명”,,,경제,기후에너지,분류없음,,
2026-09-22-앞으로-3개월-원전을-더-지을지-시민들이-토론해-정합니다,2026-09-22,"앞으로 3개월, 원전을 더 지을지 시민들이 토론해 정합니다 📚",시민참여단 꾸려 3개월간 학습·토론 신고리 이후 전국 단위 숙의 9년 만 단순 찬반 넘어 향후 ‘원전 역할’ 논의 공론화 결과 12차 전기본에 반영,,,경제,기후에너지,분류없음,,
2026-09-22-다음-달-문-여는-공소청-수사관-2-986명-중-938명만-남습니다,2026-09-22,"다음 달 문 여는 공소청, 수사관 2,986명 중 938명만 남습니다 🗄️",검사 정원 2292명의 80~85%로 출범 결원 미충원 후 조직진단 거쳐 법정 정원 감축 형사부 검사 정원 공판부로 재배치 차장검사급 3자리·8개 부 추가 폐지 사법통제부는 ‘불송치심사부’로 변경,,,사회,법조,분류없음,,
2026-09-22-대통령-출국-4시간-전-15개월-비서실장이-사의를-던지다,2026-09-22,"대통령 출국 4시간 전, 15개월 비서실장이 사의를 던지다 🎓",청와대 2차 개각 인사 연이은 낙마에 李정부 첫 비서실장 15개월 만에 사의 인사위원장 직무 유지 불가 판단한 듯 李 “아직 어떻게 할지 결정하진 못해” 대통령 美·멕 순방 후 인적 개편 가능성,,,정치,청와대,분류없음,,
2026-09-21-수기-메모에-적힌-정치인-14명-체포-계엄-밤에-그대로-실행됐습니다,2026-09-21,"수기 메모에 적힌 정치인 14명 체포, 계엄 밤에 그대로 실행됐습니다 ✍️",국회·선관위 병력 투입·봉쇄 등 혐의 박안수 10년·문상호 12년 선고 ‘혐의 인정’ 곽종근 징역 9년 法 “특정 세력 위해 군사력 사용”,,,사회,법조,분류없음,,
2026-09-21-비상계엄-군-동원-여인형-18년-이진우-15년-사전-가담-비난-가능성-높아,2026-09-21,"‘비상계엄 군 동원’ 여인형 18년·이진우 15년…法 “사전 가담, 비난 가능성 높아”",국회·선관위 병력 투입·봉쇄 등 혐의 박안수 10년·문상호 12년 선고 ‘혐의 인정’ 곽종근 징역 9년 法 “특정 세력 위해 군사력 사용”,,,사회,법조,분류없음,,
2026-09-21-청년-신혼에-57만가구-공급-중산층-겨냥-보편형-임대-첫-도입,2026-09-21,청년·신혼에 57만가구 공급…중산층 겨냥 ‘보편형 임대’ 첫 도입,[국토부 주거안정플랜] 공적주택 119만가구 공급 ‘전체 물량의 77%’ 수도권에 배치 매입형 31만·전세형 23만 가구로 주거 안정 물량의 절반 이상 차지 도심에 중형평형·고품질 19만 가구 매입·전세임대 확보·재,부동산,,부동산,정책,하위없음,,
2026-09-21-쿠팡-대만서-20만-명-정보-유출-과징금-6500만원-부과,2026-09-21,"쿠팡, 대만서 20만 명 정보 유출…과징금 6500만원 부과",지난 8월 쿠팡 대만법인 등에 부과,산업,,산업,중기·IT,하위없음,,
2026-09-21-강훈식-비서실장-사의-종합적-책임-지는-차원,2026-09-21,강훈식 비서실장 사의…靑 “종합적 책임 지는 차원”,15개월 만에…인사논란 여파인 듯 李 “아직은 어떻게 할지 결정 못해”,,,정치,청와대,분류없음,,
2026-09-21-한화-손잡고-K-무인기-생태계-구축-나선다-동반-해외진출-모색도,2026-09-21,"한화, 中企 손잡고 ‘K-무인기 생태계’ 구축 나선다…동반 해외진출 모색도",43개사와 ‘K무인기 생태계’ 협약 개발·양산·수출 연계 협력 약속 대형무인기 모하비 국내생산 70% ‘부품 국산화 육성’도 병행하기로 K9에 중소형드론 결합 해외 수출,산업,,산업,대기업,하위없음,,
2026-09-21-통신-전력-데이터-접근-기록-매달-경영진에-보고-의무화,2026-09-21,"통신·전력 데이터 접근 기록, 매달 경영진에 보고 의무화","■정부, 주요시설 보안 평가 강화 금융 기관·에너지공기업 등 대상 ‘데이터 관리’ 분야 15개 항목 신설 중요 데이터 암호정책 年1회 검토",,,경제,경제일반,분류없음,,
2026-09-21-한국거래소-애프터마켓-VI-1112-553회-연말까지-특별감시-TF-가동,2026-09-21,한국거래소 “애프터마켓 VI 1112→553회…연말까지 ‘특별감시 TF’ 가동”,정규장 평균 494회보다 여전히 많아 감시·예방·공매도 9명 전담 체계 가동,증시,,시그널,국내증시,하위없음,,
2026-09-21-쿠팡-직격한-주병기-현장조사-무력화-조사-피할수-없도록-제도-손볼-것,2026-09-21,쿠팡 직격한 주병기 “현장조사 무력화…조사 피할수 없도록 제도 손볼 것”,미 하원 압박엔 “필요시 외교부 통해 의견 전달” 반복 담합 20여개 업종 시장 퇴출 입법 추진 배달앱 수수료·광고료 “현재 수준보다 내려가야”,,,산업,유통·생활,분류없음,,
2026-09-21-장윤기-사건-축소-광산서-지휘부-송치-국수본-개입-없어-검경-갈등-비화,2026-09-21,‘장윤기 사건 축소’ 광산서 지휘부 송치…“국수본 개입 없어” 검경 갈등 비화,전 광산서장·형사과장·강력팀장·팀원 검찰 송치 강간살인 혐의 규명 가능에도 불구 일반살인죄 적용 관계성 범죄 부실 대응 비난·징계 우려로 사건 축소 검찰은 박성주 전 국수본부장 등 ‘윗선’ 불구속 기소,,,사회,법조,분류없음,,
2026-09-21-순방길-오른-트럼프와-대미투자-호르무즈-접점-찾나,2026-09-21,"이재명 대통령의 2,000억 달러 담판, 아직 '스탠딩 회동'에 머물다 🥂",■5박7일간 美·멕시코 방문 22일 유엔연설 전후 접촉 전망 대미투자 ‘상업적 합리성’ 이견 李 “국익 최우선해 판단·결정” 멕시코선 에너지 공급망 집중,,,정치,통일·외교·안보,분류없음,,
2026-09-21-한은-원화국제결제망-21일부터-시범운영-첫-거래-14억원,2026-09-21,"한은 결제망 첫 거래, 오전 9시 30분에 14억 원이 오갔다고? 🕤",해외서 외국인 원화 자유롭게 거래 내년 1월부터 24시간 정식 가동,,,금융,금융일반,분류없음,,
2026-09-21-속보-대통령-21-27일-미국-멕시코-순방-UN총회-기조연설,2026-09-21,"한국 정상의 멕시코 국빈 방문, 16년 만에 다시 열리다 💐",유엔총회 참석…미국·호주 정상 다양한 방식 접촉 23일 ‘대한민국 투자서밋 2026’서 국내 경제 설명 24일 한-멕시코 정상회담…방산·첨단산업 등 논의,,,정치,통일·외교·안보,분류없음,,
2026-09-21-형사사법-대전환-열흘-앞두고-공소청-중수청-수장-동시-공백-우려,2026-09-21,"2주 뒤 문 여는데, 공소청·중수청엔 아직 청장이 없습니다 🪑",,,,사회,법조,분류없음,,
2026-09-21-결론이-나기-전날-후보자가-먼저-물러났다,2026-09-21,"""부담 덜자는 선택"" vs. ""의혹 피해 도망"" — 김승원 법무장관 후보자, 결론 나기 전날 사퇴 🔍",靑에 ‘성추행 탄원서’ 등 전달 정황 잇단 인사검증 실패에 논란 불가피,,,정치,청와대,분류없음,,
2026-09-20-22일-오전-9시-30분-국회-문이-닫힙니다,2026-09-20,"22일 오전 9시 30분, 국회는 3,500억 달러 대미투자 얘기를 비공개로만 듣습니다 🚪",22일 오전 9시 30분 산자위 보고 재경위도 같은 날 보고 협의,,,정치,국회,분류없음,,
2026-09-20-오래-갖고-있어도-2029년엔-공제가-사라진다,2026-09-20,"당신이 집을 오래 갖고 있을수록, 2029년부터 양도세 공제가 사라집니다 📆",정부안대로 ‘14억·12억’ 가닥 양도세는 거주기간 혜택 집중 수도권 의원 “퇴로는 마련해야” 비거주 주택 실거주 전환에 전월세 우려 11월 조세소위서 거주·비거주 보완 논의,,,부동산,정책,분류없음,,
2026-09-19-출범-2주-남았는데-정치권-흔들기-에-수장-없는-중수청-되나-서초동-야단법석,2026-09-19,"중수청장 후보자 인사청문요청안, 국회에 아직 제출도 안 됐습니다 📄",행안부 이례적 공개 해명에도 여권 반발 지속 후보 교체 땐 검증·청문회 등 개청 전 완료 빠듯 수장 공백 땐 사건배당·수사지휘·檢 이관 차질 우려 “대안 없는 흔들기로 부실 개청 우려”,,,사회,법조,분류없음,,
2026-09-19-임명도-철회도-아직-없습니다-아직-최종-결론을-내지-못했습니다-이재명-대통령이-18일-기자회견에서-김,2026-09-19,"김승원 법무장관 후보자, 임명도 철회도 아직 없습니다 🤐",,,,정치,청와대,분류없음,,
2026-09-19-김승원-법무장관-후보자-지명-20일만-자진-사퇴-부족함-깊이-성찰,2026-09-19,"김승원, 물러나면서도 ""진실은 포기 안 한다""고 했습니다 🗣️",오전 국회서 긴급 기자회견 사퇴 사유 언급 않아…“기대 부응 못해 송구”,,,정치,청와대,분류없음,,
2026-09-19-국제유가-다시-120-인데-최고가격제-7개월째-지속-가격은-동결-Pick코노미,2026-09-19,"국내 기름값은 묶여 있는데, 국제유가는 70달러대에서 120달러로 올랐습니다 ⛽",[석유 최고가격제 유지] 내달 17일까지 4주 더 동결 손실 보상 책정 예산 5.6조 달해 통제 장기화땐 소비억제 효과 뚝 국내와 국제가격 사이 괴리 커져 자칫 시장 가격결정기준 흔들릴 판 정유사 등 업계와 보상 놓,,,경제,기후에너지,분류없음,,
2026-09-18-단독-국민연금-해킹시도-275-폭증-하루-800건-꼴,2026-09-19,"국민연금, 하루 평균 790건씩 해킹 시도를 받고 있습니다 🛡️",미국이 전체 33.9% 최다 실제 정보 유출은 미발생 박용갑 “체계 강화해야”,,,사회,사회일반,분류없음,,
2026-09-18-휘발유-1-784원-4주-더-묶습니다,2026-09-19,"휘발유 1,784원은 그대로인데, 두바이유는 120달러를 넘었습니다 ⏱️",내달 17일까지 4주 더 적용 휘발유 1784원 경유는 1773원,산업,,경제,기후에너지,하위없음,,
2026-09-18-연임할-생각-전혀-없다-김승원-아직-결론-못내,2026-09-19,"이재명 대통령, 연임은 부인하고 김승원 임명은 답을 미뤘습니다 🪞","■ 李, 취임 후 7번째 기자회견 개헌·공소취소 논란 등 선긋고 지지율 하락엔 “제 부족함 때문” “전쟁 개입하는 파병 없다” 일축 부동산 등 경제정책 기조 재확인",부동산,,정치,청와대,하위없음,,
2026-09-18-포스코-하청노조-교섭에-법원-제동-사측-집행정지-첫-인용-2,2026-09-19,"포스코 손을 들어준 법원, 같은 법원이 건설사 2곳은 안 들어줬습니다 ⚖️",중노위 재심 결정 효력 본안 판단까지 정지 법원 “회복 어려운 손해·긴급한 필요 인정” 사용자성·교섭단위 분리 적법성 12월 본안서 판단,,,사회,노동·고용,분류없음,,
2026-09-18-포스코-하청노조-교섭에-법원-제동-사측-집행정지-첫-인용,2026-09-19,"포스코 하청노조 교섭 요구, 6개월 만에 인정됐다가 법원이 멈췄습니다 🧱",중노위 재심 결정 효력 본안 판단까지 정지 법원 “회복 어려운 손해·긴급한 필요 인정” 사용자성·교섭단위 분리 적법성 12월 본안서 판단,,,사회,노동·고용,분류없음,,
2026-09-18-대미투자-동의-어려운-부분-있어-반도체-투자는-기업의견-존중,2026-09-19,"합의됐다던 대미 투자, 이재명 대통령이 다시 협상 중이라고 했습니다 📝",[李대통령 기자회견] 파병은 “전쟁 관여 없다” 못박아 청해부대 거론 ‘상선 보호’ 시사 미북 대화 ‘韓패싱 없다’ 강조도,,,정치,통일·외교·안보,분류없음,,
2026-09-18-문-닫은-뒤에도-남겨두는-석탄발전소-10곳-석탄발전소-최대-10곳은-가동을-멈춘-뒤에도-설비를-그대로-남겨둡,2026-09-19,"석탄발전소 10곳, 문을 닫은 뒤에도 설비는 남겨둡니다 🏭",2040년까지 60기 단계적 퇴출 LNG 발전소 대체 8기 입지는 수도권·호남권으로 나눠 배치 폐쇄 부지 SMR·BESS 전환도,,,경제,기후에너지,분류없음,,
2026-09-18-기름값-묶는데-5-6조-겨울-오기-전-가격-기능-정상화해야,2026-09-18,"기름값을 묶어두니, 줄어들던 기름 소비도 같이 멈췄습니다 🥶",[석유 최고가격제 유지] 내달 17일까지 4주 더 동결 손실 보상 책정 예산 5.6조 달해 통제 장기화땐 소비억제 효과 뚝 국내와 국제가격 사이 괴리 커져 자칫 시장 가격결정기준 흔들릴 판 정유사 등 업계와 보상 놓,,,경제,경제일반,분류없음,,
2026-09-18-지지율-67-에서-37-로-5개월이-걸렸습니다,2026-09-18,"이재명 대통령 지지율, 5개월 만에 67%에서 37%로 내려갔습니다 🌡️",긍정 37% 그쳐…4주째 최저치 고유가 등 경기 비관론도 영향,,,정치,정치일반,분류없음,,
2026-09-18-역대급-수입에도-지출-확대에-작년-나라살림-83조-적자-사상-최대,2026-09-18,"나랏돈은 53조 더 걷혔는데, 적자 폭도 역대 가장 크게 늘었습니다 🫗","공공부문 수지 적자 14조 늘어 총지출 증가율, 수입의 2배 수준 일반정부·비금융공기업 적자 확대 금융공기업도 흑자서 적자 전환",,,경제,세금·재정,분류없음,,
2026-09-18-속보-불가역적-검찰-개혁-책임-있게-완수,2026-09-18,"이재명 대통령, 검찰 개혁을 ""되돌릴 수 없다""고 못 박았습니다 🔏",,,,정치,청와대,분류없음,,
2026-09-18-대통령-특검-진상규명에만-집중-공소취소-논란-발생-않도록-조치,2026-09-18,"이재명 대통령, 자신이 만들자던 특검의 권한을 스스로 줄여달라고 했습니다 🤏",,,,정치,청와대,분류없음,,
2026-09-18-대전-방산-소부장-특화단지-됐다,2026-09-18,"유도무기 부품 90%가 수입인데, 대전이 국산화 기지로 뽑혔습니다 🛠️","죽동·대덕·안산 803만㎡, 첨단 유도무기 안정적 공급망 거점 육성",,,산업,중기·IT,분류없음,,
2026-09-18-구윤철-추석-고속도로-기름값-100원-석유-최고가격-오후-발표,2026-09-18,"추석 나흘, 전국 고속도로 주유소 226곳에서 기름값이 리터당 100원 내려갑니다 🛣️",유류세 인하 11월 말까지 2개월 연장 휘발유 15%·경유·부탄 25% 유지,,,경제,경제일반,분류없음,,
2026-09-18-함께-뛰는-부울경-남부권-새-성장축으로-초광역-경제권-띄운다,2026-09-18,"부산에서 일하고 경남에서 자는 사람들, 교통비를 세 지역이 나눠 내기로 했습니다 🌉",부산 물류·울산 제조·경남 첨단산업 결합 연구부터 수출까지 하나의 밸류체인 구축 조선·모빌리티·우주·원전 성장엔진으로 AI·인재·일자리 잇고 1시간 생활권 형성 인구 754만·GRDP 366조 경제권 만들어 ‘5극3,,,정치,정치일반,분류없음,,
2026-09-17-검찰청-폐지-보름-앞두고-개혁-후속법-51건-무더기-처리,2026-09-18,"보름 뒤 사건 맡는 곳이 바뀌는데, 국회는 법 51건을 하루에 통과시켰습니다 🗳️","중수청, 사회적 약자 관련 7대 범죄 보완수사 내달 2일 검찰청 폐지·공소청 출범에 법률 정비 국힘 “시행 보름 전 한꺼번에 졸속 처리” 비판",,,정치,국회,분류없음,,
2026-09-17-반대하러-대화-자리에-앉는다,2026-09-18,"민주노총, 빠져야 한다던 조항을 논의하는 자리에 갑니다 🪑",,,,사회,노동·고용,분류없음,,
2026-09-17-회사의-주인이-바뀔-때-지분을-비싸게-파는-쪽은-언제나-지배주주였습니다-같은-회사-주식을-들고-있어도-일,2026-09-18,"회사 주인 바뀌면, 이제 소액주주도 지배주주와 같은 값에 팝니다 ⚖️",,,,시그널,증권일반,분류없음,,
2026-09-17-아동-청소년-성범죄-경찰-자체종결-불가-전건송치-의무화,2026-09-18,"아동·청소년 성범죄, 이제 경찰이 무혐의로 끝낼 수 없습니다 🚨",청소년성보호법 개정안 국회 통과 혐의 여부 관계없이 전건 공소청 송치,,,사회,사건사고,분류없음,,
2026-09-17-법원-하청노조-교섭요구-공고-멈춰달라는-원청-신청-첫-기각,2026-09-18,"타워크레인 노조가 교섭을 요구했는데, 회사는 공고조차 안 했습니다 🏗️",노란봉투법 시행 후 첫 사례 “공고만으로 교섭·단협 의무 생기는 것 아냐”,,,사회,노동·고용,분류없음,,
2026-09-17-수장-인선-꼬이고-법령도-늦어져-반쪽-출범-불가피,2026-09-17,"중수청 2주 뒤 문 여는데, 영장은 사람이 직접 들고 뜁니다 🏃‍♂️",■개청 2주 앞둔 중수청·공소청 중수청장 임명 5급 이상 인사 지연 공소청 수장 외 직제안도 미확정 킥스 늦어 영장 서면 제출 할수도 컴퓨터 등 사무기기도 구비 안돼,,,사회,법조,분류없음,,
2026-09-17-김승원-강신철-청문보고서-단독-채택,2026-09-17,"국민의힘이 항의하며 퇴장한 사이, 여당은 청문보고서를 단독 채택했습니다 🚪",野 반발…국토위·산자위 보이콧,,,정치,국회,분류없음,,
2026-09-17-가방은-그대로인데-결론이-바뀌었다,2026-09-17,"윤석열 전 대통령, 불기소됐던 디올백 사건이 기소로 뒤집혔습니다 👜","기존 불기소 처분 2년 만에 뒤집어 작년 김건희특검·경찰 재수사 후 송치 檢, 도이치 허위발언은 무혐의 처분",,,사회,법조,분류없음,,
2026-09-17-비상계엄-당시-위법-명령-소극-이행한-장교에-정직-취소해야,2026-09-17,비상계엄 당시 위법 명령 소극 이행한 장교에 정직…法 “취소해야”,"유재원 방첩사 대령, 상관 지시로 현장 출동 법적 검토 필요성 제기…잠수교 남단서 대기 法 “모든 군인에 단호한 항명 기대 어려워” “소극적 저항·회피도 사명 저버린 것 아냐”",,,사회,법조,분류없음,,
2026-09-17-냉장-없이-온-비만치료제-위조품이었습니다,2026-09-17,"냉장 없이 온 비만치료제, 위조품이었습니다",,,,사회,사건사고,분류없음,,
2026-09-17-속보-선관위-특검-출범-10일만-첫-압수수색-강제수사-본격화,2026-09-17,[속보] 선관위 특검 출범 10일만 첫 압수수색…강제수사 본격화,,,,정치,정치일반,분류없음,,
2026-09-17-지난-6월-3일-지방선거-당일-인천-연수구와-경기-화성-동탄구에서는-유권자들이-투표용지를-받지-못해-줄을,2026-09-17,"지난 6월 3일 지방선거 당일, 인천 연수구와 경기 화성 동탄구에서는 유권자들이 투표용지를 받지 못해 줄을","중앙선관위 등 9개 지역선관위 대상 특검보, 검사, 수사관 등 총 75명 투입",,,정치,정치일반,분류없음,,
2026-09-17-최근-어느-때보다-서울과-수도권의-주거-문제가-심각합니다-17일-국회-의원회관에서-열린-주거복지특별위원,2026-09-17,"""최근 어느 때보다 서울과 수도권의 주거 문제가 심각합니다."" 17일 국회 의원회관에서 열린 주거복지특별위원",담배 지방교육세 전환해 재원 마련 공공주택 194만→250만호 확대 청년·신혼·시니어 맞춤 공급 강화,,,부동산,정책,분류없음,,
2026-09-17-한-달만-국민연금에-가입한-사람이-있었습니다-그는-이후-119개월치-보험료를-한꺼번에-냈습니다-합쳐-12,2026-09-17,한 달만 국민연금에 가입한 사람이 있었습니다. 그는 이후 119개월치 보험료를 한꺼번에 냈습니다. 합쳐 12,"[복지부, 사회보장 개선 추진단 출범] 국민연금 추납 상호주의 적용 검토 기초연금 국내 실거주 요건 논의 장관 주도 추진단 10월까지 운영 법령 개정 과제 연내 마무리 목표",,,사회,사회일반,분류없음,,
2026-09-16-N수생-국어-13-3점-수학-12-1점-앞섰다,2026-09-17,"N수생, 국어 13.3점·수학 12.1점 앞섰다",졸업생 국어 평균 109.4점·수학 108.6점 1·2등급 비율도 재학생의 2배 이상 서울·사립고 강세…지역·학교유형 격차 지속,,,사회,교육,분류없음,,
2026-09-16-교육부-수시-먹통-388건-구제-188건-추가-검토,2026-09-17,교육부 “‘수시 먹통’ 388건 구제…188건 추가 검토”,구제 대상 중 250명 대학 원서 접수 188건 추가 검토 중…대상 더 늘어날 듯,,,사회,교육,분류없음,,
2026-09-16-2028년-다음-만남은-아스타나입니다,2026-09-16,"2028년, 다음 만남은 아스타나입니다",■제1차 한·중앙亞 정상회의 첫 한·중앙아 정상회의…다자협력 제도화 “한반도 완전한 비핵화”…‘서울선언’ 채택 비즈니스서밋서 “중앙아에 최적의 동반자” 2차 회의는 2028년 카자흐스탄서 개최 예정,,,정치,통일·외교·안보,분류없음,,
2026-09-16-여야-한국판-IRA-로-전기차-지원-국내생산-1대당-400만원-공제-추진,2026-09-16,여야 ‘한국판 IRA’로 전기차 지원…국내생산 1대당 400만원 공제 추진,"■발등에 불떨어진 韓 전기차 與, 토론회서 “생산세액공제 도입” 조세특례법 개정안 등 잇따라 발의 정부도 가능성 열어둬 논의 활발 “中 잠식 태양광 전철밟아선 안돼”",,,경제,세금·재정,분류없음,,
2026-09-16-3500억-대미투자-국회-보고-연기-산자위-정부-요청받아-취소,2026-09-16,3500억弗 대미투자 국회 보고 연기…산자위 “정부 요청받아 취소”,"18일 예정 MOU 서명도 일정 조정 가능성 한미, 투자 사업별 세부 조건 막판 조율",,,경제,통상,분류없음,,
2026-09-16-내-사건-이제-경찰이-끝까지-맡는다-전국-시도경찰청에-144명이-새로-배치됩니다-맡는-일은-하나입니다,2026-09-16,"내 사건, 이제 경찰이 끝까지 맡는다 전국 시도경찰청에 144명이 새로 배치됩니다. 맡는 일은 하나입니다.",수사심의계 ‘총경급’ 수사심의과로 격상 수사협력계 신설…검사 요구사건 관리 내부비리 전담 중요직무범죄수사대 신설,,,사회,행정,분류없음,,
2026-09-16-정부-상대-손배소-1심-승소-공동연락사무소-폭파-책임-446억-배상해야,2026-09-16,"정부, 北 상대 손배소 1심 승소…法 “공동연락사무소 폭파 책임, 446억 배상해야”",정부가 북한 상대로 제기한 첫 손배소 2023년 소송 제기 후 3년 3개월 만 결론,,,사회,법조,분류없음,,
2026-09-16-1억-잃은-거-겨우-복구했더니-세금으로-2000만원-날아가게-생겼다-무슨-일,2026-09-16,1억 잃은 거 겨우 복구했더니…“세금으로 2000만원 날아가게 생겼다” 무슨 일?,,,,경제,세금·재정,분류없음,,
2026-09-16-이소영-주52시간-획일적-규제-개선해야,2026-09-16,이소영 “주52시간 획일적 규제 개선해야”,■장관 후보자 인사청문회 포괄임금제 금지엔 “기업 부담” 이형일 “EV 세액공제 포함 검토” 김승원 청문회선 자료유출 공방만,,,사회,노동·고용,분류없음,,
2026-09-16-6억-넘는-지방-아파트는-감면을-못-받았다,2026-09-16,6억 넘는 지방 아파트는 감면을 못 받았다,“공사비 급등에 6억으론 한계” 공공기관 지방이전과 연계 LH 매입·임차 방식도 고려 직원 주거문제 해결방안 모색 메가특구 등 균형발전 논의도,,,부동산,정책,분류없음,,
2026-09-15-의무공개매수-정무위-소위-통과-공개매수-대상-50-1주,2026-09-15,의무공개매수 정무위 소위 통과…공개매수 대상 ‘50%+1주’,일반주주도 ‘경영권 프리미엄’ 기회 지분 25% 이상 최대주주되면 발동 형사처벌 강화하고 제재는 합리화,,,시그널,IB&Deal,분류없음,,
2026-09-15-정부-메가특구-52시간-완화-원-포인트-사회적-대화-제안,2026-09-15,"정부, 메가특구 52시간 완화 ‘원 포인트 사회적 대화’ 제안",■노동특례 도입 논의 기간제 사용 확대도 의제 오를듯 양대노총 반대 입장에 진통 예상,,,사회,노동·고용,분류없음,,
2026-09-15-30년-넘은-하수관-6000-서울-발밑-이-불안하다,2026-09-15,30년 넘은 하수관 6000㎞…서울 ‘발밑’이 불안하다,"■4년 새 지반침하 4배 증가 10건 중 4건 지하 하수관 손상 탓 매년 150㎞ 노후화…정비는 100㎞ 50년 넘은 관로도 3300㎞에 달해 서울만 국비지원 제외돼 보수 한계 市 “시민안전 위협, 보조금 복원을”",,,사회,지방자치,분류없음,,
2026-09-15-노동-장관-메가-특구법-노동-특례-사회적-대화하자,2026-09-15,"노동 장관 “메가 특구법 노동 특례, 사회적 대화하자”",“산업 경쟁력 강화·일자리 창출” 건강권 보호 방안도 대화 의제로,,,사회,노동·고용,분류없음,,
2026-09-15-유가는-올랐는데-커피-값은-내렸다,2026-09-15,유가는 올랐는데 커피 값은 내렸다,수입물가 3개월 연속 내려,,,경제,경제분석,분류없음,,
2026-09-15-엄마-취업이-너무-안-돼-IMF-이후-이런-적은-처음-20대-한숨,2026-09-15,"“엄마, 취업이 너무 안 돼” IMF 이후 이런 적은 처음…20대 ‘한숨’",,,,사회,노동·고용,분류없음,,
2026-09-15-2026년-9월-11일-오후-5시-50분-수시-원서접수-마감을-10여-분-앞둔-시각-유웨이어플라이의-접수,2026-09-15,"2026년 9월 11일 오후 5시 50분. 수시 원서접수 마감을 10여 분 앞둔 시각, 유웨이어플라이의 접수","유웨이·진학어플라이 2社 과점 구조 고착 마감 전날에도 접속 장애…부실 대응 논란 교육부, 공적기관이 직접 관리하는 방안 검토",,,사회,교육,분류없음,,
2026-09-15-스마트워치-지급은-역대-최대인데-3분-만에-출동-해도-살인-참극-반복,2026-09-15,스마트워치 지급은 역대 최대인데…‘3분 만에 출동’해도 살인 참극 반복,■피해자 보호망 빈틈 파고드는 관계성 범죄 스마트워치 착용 피해자 살인·미수 26건 보호장치 지급 지난해 2만건 넘어 최대 전자장치 부착·가해자 유치 인용 저조 전문가 “고위험 가해자 선제 분리해야” 관계성범죄 신고,,,사회,사건사고,분류없음,,
2026-09-15-격리된-AI가-스스로-나와-공격했다,2026-09-15,격리된 AI가 스스로 나와 공격했다,■ 창과 방패 AI의 두 얼굴 AI 잇단 통제 이탈에 우려 확산 글로벌 보안지출 내년 6.4조 달해 KISA 차세대 보안 가이드 개발 권한 남용 막고 사고 책임 추적,,,산업,중기·IT,분류없음,,
2026-09-14-감사원-YTN-매각에-이동관-부당개입-2,2026-09-15,감사원 “YTN 매각에 이동관 부당개입”,산업부에 지분 전량 처분 요구,,,정치,정치일반,분류없음,,
2026-09-14-감사원-YTN-매각에-이동관-부당개입,2026-09-15,감사원 “YTN 매각에 이동관 부당개입”,산업부에 지분 전량 처분 요구,,,정치,정치일반,분류없음,,
2026-09-14-최교진-원서접수-장애-구제-최선-책임질-일-있으면-책임질-것,2026-09-15,최교진 “원서접수 장애 구제 최선…책임질 일 있으면 책임질 것”,미접수 수험생 1200여명…“실제 구제 대상 더 적을 것” 장애 발생 전 이력 기준 구제…연장시간 ‘신규 지원’도 조사 민간 원서접수 시스템 교육부·대교협 직접 관리 방안 검토,,,사회,교육,분류없음,,
2026-09-14-경영권-팔릴-때-내-주식도-같은-값에,2026-09-14,경영권 팔릴 때 내 주식도 같은 값에,■의무공개매수 심사자료 입수 공개매수 대상 범위만 추가 논의 대통령령 위임 여부에 갑론을박 25%+최대주주 요건으로 발동 가격은 대통령령으로 열어두고 소수주주 다수결 제도는 제외돼,,,시그널,IB&Deal,분류없음,,
2026-09-14-검찰-수조원대-가격-담합-석화업체-경영진-8명-구속영장,2026-09-14,"검찰, ‘수조원대 가격 담합’ 석화업체 경영진 8명 구속영장",지난달 강제수사 착수…이달 소환조사 전쟁 틈타 수조원 부당이득 챙긴 혐의,,,사회,법조,분류없음,,
2026-09-14-서울-3세-무상교육-5개월-앞당긴다-사립유치원-11만원-지원,2026-09-14,서울 3세 무상교육 5개월 앞당긴다…사립유치원 月 11만원 지원,"서울교육청, 정부 계획보다 5개월 앞당겨 시행 3만 4982명 대상…어린이집 7만원·공립유치원 2만원",,,사회,교육,분류없음,,
2026-09-14-0-96-p를-더-팔자-대기업은-빠졌다,2026-09-14,"0.96%p를 더 팔자, 대기업은 빠졌다","한전KDN·마사회, 당초 29.99%만 매각 협약 방통위 요구 뒤 30.95% 전량매각으로 방침 변경 감사원 “공공기관 자율성 침해·대기업 입찰 제한”",,,정치,정치일반,분류없음,,
2026-09-14-올해-1월-서울-시내버스가-전면-파업했을-때-운행률은-6-8-까지-떨어졌습니다-정류장에서-기다려도-열-대,2026-09-14,올해 1월 서울 시내버스가 전면 파업했을 때 운행률은 6.8%까지 떨어졌습니다. 정류장에서 기다려도 열 대,지하철 하루 총 202회 증회 운영 가로변 버스전용차로 일시 중단 마을버스 대체 운영 및 따릉이 무료 운행,,,사회,노동·고용,분류없음,,
2026-09-14-AI-붐에-ICT-수출액-600억-육박-수출-비중-60-첫-돌파,2026-09-14,AI 붐에 ICT 수출액 600억弗 육박…수출 비중 60% 첫 돌파,8월 ICT 수출입 동향,,,경제,통상,분류없음,,
2026-09-14-대통령-우즈벡과-정상회담-중앙아-5개국-릴레이-외교-시동,2026-09-14,"李대통령, 우즈벡과 정상회담…중앙아 5개국 릴레이 외교 시동","우즈벡, 중앙아 최대 인구 신흥시장…교통·인프라 협력 양 정상 임석 아래 정부 부처 간 협정·MOU 13건 교환 16일 첫 한·중앙아 정상회의…공급망·시장 다변화 목표",,,정치,통일·외교·안보,분류없음,,
2026-09-14-10년을-묶여도-11대-1이었습니다,2026-09-14,"10년을 묶여도, 11대 1이었습니다",전국 31개 의대에 5076명 지원 평균 경쟁률 11.08대 1 기록해 지역인재전형 10.52대 1 웃돌아,,,사회,교육,분류없음,,
2026-09-14-수시-먹통-후폭풍-미리-접수한-사람만-바보,2026-09-14,‘수시 먹통’ 후폭풍...“미리 접수한 사람만 바보”,■수시 접수 시스템 장애 후폭풍 마감시간 연장에 눈치작전 변수 최종경쟁률 공개 후 원서내기도 “지원 조건 달라져 불공정” 반발 유웨이·진학사 관리감독 도마에 교육부 “16일까지 구제절차 진행”,,,사회,교육,분류없음,,
2026-09-14-거주하지-않았다는-사실만으로-투기적-수요로-단정하기는-어려운-측면이-있습니다-이형일-부총리-겸-재정경제,2026-09-14,"""거주하지 않았다는 사실만으로 투기적 수요로 단정하기는 어려운 측면이 있습니다."" 이형일 부총리 겸 재정경제",비거주 1주택 종부세 추가 완화 촉각 현행 12억 공제 유지해도 부담 커 장특공제 축소 속도 조절도 거론 공시가 30억 세 부담 429만원↑,,,경제,세금·재정,분류없음,,
2026-09-14-1-440억-달러-기술-거래-한국-몫은-0건,2026-09-14,"1,440억 달러 기술 거래, 한국 몫은 0건",상반기 거래 전년比 15%·76%↑ ADC 계약규모 3.4배·RNA 2배,증시,,산업,바이오,하위없음,,
2026-09-13-공소청-출범-코앞인데-직제-재논의-당정-공백-없을-것,2026-09-13,공소청 출범 코앞인데 직제 재논의…당정 “공백 없을 것”,"[고위당정협의회] 검사 정원·사법통제부 등 논란 與 내부도 반발…李, 보완 지시 성인 실종자 위치추적 제한 개선 추석 할인 지원 1930억 투입도",,,정치,국회,분류없음,,
2026-09-13-이번-주-표결-60표에서-갈립니다,2026-09-13,"이번 주 표결, 60표에서 갈립니다",공화당 수정안에도 접점 못 찾아 상원 표결서 60표 확보가 관건,,,국제,미국·중남미,분류없음,,
2026-09-13-이형일-금투세-시장-안정되면-검토-상속세-완화는-더-논의해야,2026-09-13,"이형일 “금투세, 시장 안정되면 검토… 상속세 완화는 더 논의해야”",상속·증여세 개편 “심도 깊은 논의 필요” 효과 낮은 법인세 비과세·감면은 정비 “경제 구조적 문제 대응...적극 재정 필요”,,,경제,세금·재정,분류없음,,
2026-09-13-용혜인-결국-자진사퇴-국힘-다음은-김승원,2026-09-13,용혜인 결국 자진사퇴…국힘 “다음은 김승원”,의원겸직 논란 언더조직 의혹에 李정부 들어 청문회 이전 낙마 첫 사례,,,정치,정치일반,분류없음,,
2026-09-13-17년-보유에-거주-4개월-이건-투기인가,2026-09-13,"17년 보유에 거주 4개월, 이건 투기인가",■이형일 청문회 서면 답변 살펴보니 공시가 30억 주택 稅부담 429만↑ 12억 기본공제 유지해도 부담 여전 “거주 중심 주택시장 정착이 방향성” 국회 논의과정서 14억 상향 가능성 장특공제 보유혜택 폐지 손볼수도,,,경제,세금·재정,분류없음,,
2026-09-13-1년-전-16위-지난달-1위,2026-09-13,"1년 전 16위, 지난달 1위",유가 100달러·국고채 금리 급등에 “경기 조기 정점” 경고도 나오지만... 정부 “다른 국가에 비해 압도적 수준” “불확실성 확대는 예의 주시할 것”,,,경제,경제분석,분류없음,,
2026-09-13-초중고생-자살-244명-역대-최대-학업-진로-문제도-54건,2026-09-13,초중고생 자살 244명 역대 최대…학업·진로 문제도 54건,"2020년 148명서 5년 만에 96명 늘어…증가율 64.9% 서울 51명·부산 22명·경남 25명…일부 지역 증가폭 두드러져 가정문제 77건 최다…정신과적 문제 58건·대인관계 38건 정부, 2035년까지 10대 ",,,사회,사회일반,분류없음,,
2026-09-13-용혜인-장관-후보직-사퇴-민주당이-결단-요청,2026-09-13,"용혜인, 장관 후보직 사퇴…“민주당이 결단 요청”",지명 2주 만에 자진 사퇴…비례대표·장관 겸직 논란 부담 “여당도 우려 표하는 상황서 직 수행 현실적으로 어려워”,,,정치,정치일반,분류없음,,
2026-09-12-혐의는-인정됐는데-재판은-없었다,2026-09-12,혐의는 인정됐는데 재판은 없었다,"2024년 수사팀, 김승원 의원 기소 의견 尹 계엄 이후 기소유예 최종 처분 대검은 ‘문제 생긴다’ 취지 반대 제넨셀 대표 1심 “청탁 단정 어려워” 판결 영향도",,,사회,법조,분류없음,,
2026-09-12-받을-수-있다던-산후조리비-이달-말-끊긴다,2026-09-12,"받을 수 있다던 산후조리비, 이달 말 끊긴다",,,,사회,사회일반,분류없음,,
2026-09-12-휘발유값은-계속-안정된다고-했습니다,2026-09-12,휘발유값은 계속 안정된다고 했습니다,최고가격제·수출물량 통제로 가격 관리 “수입처 다변화 계속…수송로 확보 총력”,,,경제,경제일반,분류없음,,
2026-09-12-합참-동해상으로-미상-발사체-발사-탄도미사일이면-23일만,2026-09-12,"합참 “北, 동해상으로 미상 발사체 발사”…탄도미사일이면 23일만","탄도마사일이면 23일만에 발사 합참, 발사체재원·사거리분석중 美태평양사령부 “발사 인지… 즉각적 위협은 아냐, 긴밀 협의”",,,정치,통일·외교·안보,분류없음,,
2026-09-12-훈련이-끝난-다음날-새벽-미사일이-날았다,2026-09-12,"훈련이 끝난 다음날 새벽, 미사일이 날았다","합참 “원산 일대에서 동해상으로 수발 발사” 지난달 UFS 때도 도발...군사훈련 반발성격 靑, “안보리 결의 위반”…긴급안보점검회의",,,정치,통일·외교·안보,분류없음,,
2026-09-12-대법원장은-2주째-답하지-않았다,2026-09-12,대법원장은 2주째 답하지 않았다,■ 법원의 날 기념사 “오직 헌법 따라 법치주의 실현” 靑은 재제청 신속진행 촉구,,,사회,법조,분류없음,,
2026-09-11-연임-유력했던-회장이-후보에서-빠졌다,2026-09-12,연임 유력했던 회장이 후보에서 빠졌다,,,,산업,기업일반,분류없음,,
2026-09-11-AI-실업-오는데-재취업-투자-역주행,2026-09-12,‘AI發 실업’ 오는데…재취업 투자 역주행,[압축전환 대한민국] ■ OECD 노동시장프로그램 분석 GDP 대비 공공고용서비스 지출 佛 4분의 1·덴마크 3분의 1 수준,,,사회,노동·고용,분류없음,,
2026-09-11-16일-중앙-정상회의-중장기-협력-비전-서울선언-채택,2026-09-12,16일 韓·중앙亞 정상회의…중장기 협력 비전 ‘서울선언’ 채택,5개국 정상 연이어 양자회담 李 “정상급 다자 협력 공고화”,,,정치,통일·외교·안보,분류없음,,
2026-09-11-트럼프-3중-쇼크에-3년물-4-돌파,2026-09-12,트럼프發 3중 쇼크에…3년물 4% 돌파,■ 흔들리는 경제 방어선 美 10년물 5% 육박…韓에 직격탄 WTI·브렌트유 모두 100弗 넘어 연준 금리 동결땐 ‘3高’ 터질수도 시장선 미래기금 소방수 투입 제안,,,경제,경제분석,분류없음,,
2026-09-11-2년-10개월-만에-국채금리가-4-를-넘었다,2026-09-12,"2년 10개월 만에, 국채금리가 4%를 넘었다",■ 흔들리는 경제 방어선 美 10년물 5% 육박…韓에 직격탄 WTI·브렌트유 모두 100弗 넘어 연준 금리 동결땐 ‘3高’ 터질수도 시장선 미래기금 소방수 투입 제안,,,경제,경제분석,분류없음,,
2026-09-11-속보-이종섭-호주대사-임명-도피-의혹-1심-무죄,2026-09-12,[속보] ‘이종섭 호주대사 임명 도피 의혹’ 尹  1심 무죄,"조태용·박성재 등 피고인 전원 무죄 法 “호주대사 임명, 범인도피 아냐”",,,사회,법조,분류없음,,
2026-09-11-치솟는-유가에-해외여행-감소-대한항공-주가-2-9-하락-이런국장-저런주식,2026-09-11,치솟는 유가에 해외여행 감소…대한항공 주가 2.9% 하락 [이런국장 저런주식],진에어·제주항공 등 약세 분쟁 장기화 시 실적 타격,증시,,시그널,국내증시,하위없음,,
2026-09-11-부동산-정책이-부족한-게-많다-한성숙-국무총리가-11일-국회에서-한-말입니다-정부가-자기-정책의-미비,2026-09-11,"""부동산 정책이 부족한 게 많다."" 한성숙 국무총리가 11일 국회에서 한 말입니다. 정부가 자기 정책의 미비",■대정부질문서 ‘부동산 정책’ 격돌 野 박수민 “1주택자는 세금 걱정 없게 해야” 구윤철 부총리 “고가 주택 과세 정상화 필요” 與 김남근 “민간 공급 끌어내는게 정부 역할” 한성숙 총리 “인허가 등 문제 풀어 공급,,,부동산,정책,분류없음,,
2026-09-11-부산시민-330만명-기후보험-내년-4월부터-자동-가입,2026-09-11,부산시민 330만명 ‘기후보험’ 내년 4월부터 자동 가입,폭염·한파 질환부터 기후재해 사망까지 보장 기후취약계층 추가 보호…조례로 근거 마련,,,금융,보험,분류없음,,
2026-09-11-내-주식-앱에-저PBR-표시가-붙는다,2026-09-11,내 주식 앱에 '저PBR' 표시가 붙는다,14일부터 기업별 과거 PBR 조회서비스 개시 서울·대구·부산 등 6개 권역서 제도 안내,증시,,시그널,국내증시,하위없음,,
2026-09-11-서울에서-한-주-만에-9-포인트가-빠졌다,2026-09-11,서울에서 한 주 만에 9%포인트가 빠졌다,"■한국갤럽 조사서도 지지율 최저 수보회의서 ‘국민·국익’ 강조 기자회견 앞두고 ‘숨고르기’ 부정평가 1위는 부동산정책 서울, TK보다 낮아 전국 최저 개각·파병 문제 등 부담 커져",,,정치,정치일반,분류없음,,
2026-09-11-4000만-개가-새기-전에-취약점은-이미-알려져-있었다,2026-09-11,"4000만 개가 새기 전에, 취약점은 이미 알려져 있었다",李대통령 “법과 원칙에 따라 엄정 책임 물어야” “보안 취약 알고도 조치 안해…이익보다 부담 높여야”,,,사회,사건사고,분류없음,,
2026-09-11-삼성E-A-사우디에-4-7조-첨단-비료공장-짓는다,2026-09-11,"삼성E&A, 사우디에 4.7조 첨단 비료공장 짓는다",설계·조달·시공까지 단독계약,산업,,산업,대기업,하위없음,,
2026-09-11-세금-41조-더-걷혔는데-빚은-86조-늘었다,2026-09-11,세금 41조 더 걷혔는데 빚은 86조 늘었다,1~7월 국세수입 274조 원…전년보다 41.4조 증가 소득세 12.2조·부가세 8.1조·증권거래세 6.4조↑ 관리재정수지 적자 64.8조…1년 전보다 22조 개선 중앙정부 채무는 7개월 새 86조 늘어난 1354조,,,경제,세금·재정,분류없음,,
2026-09-11-2025년-6월-말-공모펀드-순자산은-897조-4-000억-원입니다-석-달-전보다-191조-9-000억-원,2026-09-11,"2025년 6월 말 공모펀드 순자산은 897조 4,000억 원입니다. 석 달 전보다 191조 9,000억 원",라이프 7월 진출…쿼드도 인가 신청 Sh수협 연내 추진…아샘도 검토중 ETF 힘입은 공모시장 기반 확대속 사모 절반 적자…수익원 다변화 절실,증시,,시그널,펀드·채권,하위없음,,
2026-09-11-삼성-직원이-대학-팹에-6개월-상주했다,2026-09-11,삼성 직원이 대학 팹에 6개월 상주했다,"포항공대 나노팹 6개월 컨설팅 성과 모아팹 소속 14개 기관, 순차 확대",산업,,산업,대기업,하위없음,,
2026-09-11-124포인트-빠졌는데-사이드카는-없었다,2026-09-11,"124포인트 빠졌는데, 사이드카는 없었다",코스피 ‘공포지수’ 6월 고점의 절반 삼성전자·하이닉스 변동성 완화에 단일종목 레버리지 거래 급감 영향 FOMC 전까지 7000선 공방 전망,증시,,시그널,국내증시,하위없음,,
2026-09-11-악성-리뷰-평점-깎아먹어-중기부-플랫폼-리뷰-간담회,2026-09-11,"“악성 리뷰, 평점 깎아먹어”…중기부, 플랫폼 리뷰 간담회","중기부, 온라인플랫폼 별점제 상생 간담회 개최 플랫폼사 6개사-소상공인 단체와 피해 상황 청취",산업,,산업,중기·IT,하위없음,,
2026-09-11-7월-4일-267조-원이던-머니마켓펀드-MMF-설정액이-닷새-뒤-248조-원으로-줄었습니다-18조-952,2026-09-11,7월 4일 267조 원이던 머니마켓펀드(MMF) 설정액이 닷새 뒤 248조 원으로 줄었습니다. 18조 952,■ 대기자금 흐름 변화 MMF서 닷새 만에 19조 빠져 예탁금 14조 늘며 100조 돌파 CMA 잔액 105조 …RP형 반등 신용융자 잔액도 다시 증가세,증시,,시그널,펀드·채권,하위없음,,
2026-09-11-HD현대-노조-전체-조합원-4시간-부분파업-돌입,2026-09-11,"HD현대重 노조, 전체 조합원 4시간 부분파업 돌입",16일부터는 파업시간 확대 사측 “현재 모든 라인 정상가동” 추석 전 타결 목표로 집중 교섭,산업,,산업,대기업,하위없음,,
2026-09-11-3거래일-만에-7-000선이-사라졌다,2026-09-11,"3거래일 만에 7,000선이 사라졌다",3거래일만 종가 기준 7000선 반납 삼전·하닉 등 대형주 일제히 내려 코스닥도 1.95% 하락 ‘동반 약세’,증시,,시그널,국내증시,하위없음,,
2026-09-11-속보-국고채-3년물-금리-장중-4-돌파-2년-10개월만,2026-09-11,[속보] 국고채 3년물 금리 장중 4% 돌파...2년 10개월만,,,,시그널,펀드·채권,분류없음,,
2026-09-11-기업-차별-하지-않는다-쿠팡-워싱턴-로비-반박,2026-09-11,"“韓, 美 기업 차별 하지 않는다”…쿠팡 워싱턴 로비 반박",한성숙 총리 암참 초청 특별간담회 참석 7월 취임 후 두달만…박정성 통상본부장 동행,산업,,경제,통상,하위없음,,
2026-09-11-수출-100달러-중-47달러가-반도체였다,2026-09-11,수출 100달러 중 47달러가 반도체였다,■관세청 9월 1~10일 수출입현황 7월 기록 두 달 만에 경신…일평균 41.1억 달러 반도체 비중 47.1%…승용차 수출도 10% 증가 대미 수출 137.5%↑…무역흑자 104억 달러,산업,,경제,경제일반,하위없음,,
2026-09-11-파란불-증시-에도-상한가-직행-아모텍-AI-밸류체인-진입-주목-코주부,2026-09-11,"‘파란불 증시’에도 상한가 직행…아모텍, AI 밸류체인 진입 주목 [코주부]",AI 데이터센터용 MLCC 생산 삼화콘덴서 등도 주가 강세,증시,,시그널,국내증시,하위없음,,
2026-09-11-수출은-68-7-늘었는데-지갑은-닫혔습니다,2026-09-11,"수출은 68.7% 늘었는데, 지갑은 닫혔습니다",■재경부 그린북 9월호 8월 ‘회복 강화’서 9월 ‘견조한 흐름’으로 중동·美관세 불확실성 ‘상존’→‘다소 확대’ 수출 68.7% 늘었지만 소비·심리는 주춤 물가 다시 3%대…청년 취업 14.3만명 감소,산업,,경제,경제분석,하위없음,,
2026-09-11-삼성전자-HBM-점유율-40-갈-것-목표주가-60만-원-줍줍리포트,2026-09-11,“삼성전자 HBM 점유율 40% 갈 것”…목표주가 60만 원 [줍줍리포트],HBM4 중심 매출 성장 지속 파운드리 생산 수율은 안정화 주주환원 정책 강화도 전망,증시,,시그널,국내증시,하위없음,,
2026-09-11-하루-33만-톤-100만-명이-넘는-사람이-하루-동안-쓸-수-있는-생활용수와-맞먹는-양입니다-삼성전자-반도체-DS-부문은-이,2026-09-11,"하루 33만 톤. 100만 명이 넘는 사람이 하루 동안 쓸 수 있는 생활용수와 맞먹는 양입니다. 삼성전자 반도체(DS) 부문은 이만큼의 물을 강이나 지하수에서 새로 끌어오는 대신, 이미 한 번 쓰이고 하수처리장을 거쳐 나온 물에서 확보하려 하고 있습니다. 대상은 경기 화성·오산시와 수원시입니다. 본격 도입 시점은 2030년입니다. ◾ 하루 33만 톤, 100만 명이 쓸 물 10일 삼성전자에 따르면, 회사는 9일부터 11일까지 대구 엑스코에서 열리는 '대한민국 국제물주간(KIWW) 2026'에 참가해 반도체 산업의 수자원 관리 계획을 공개했습니다. 핵심은 지역 하수처리수를 공장 용수로 돌려쓰는 사업입니다. 화성·오산시에서 하루 약 12만 톤, 수원시에서 하루 약 21만 톤, 합쳐서 하루 약 33만 톤 규모입니다. 삼성전자는 이 물량이 하루 100만 명 이상이 생활용수로 쓸 수 있는 양이며, 글로벌 반도체 기업 가운데 최대 규모라고 설명했습니다. ◾ 협약은 2024년, 도입은 2030년 이 사업은 갑자기 나온 계획이 아닙니다. 삼성전자는 2024년 환경부(현 기후에너지환경부)와 경기도 등과 '경기권역 반도체 사업장 1단계 물 재이용 사업' 업무협약을 체결했습니다. 지금은 그 협약을 근거로 타당성 검토와 인허가 등 단계별 절차를 밟고 있는 단계입니다. 하수 재이용수를 실제 공정에 본격 투입하는 시점은 2030년으로 잡혀 있습니다. 그동안 회사가 해온 물 관리는 '덜 쓰고(Reduce), 재이용하고(Reuse), 재활용하는(Recycle)' 세 축으로, 반도체 공정 개선과 설비 효율화로 사용량 자체를 줄이는 작업이 함께 진행돼 왔습니다. ◾ 전용 관로를 타고 공장으로 방식은 단순합니다. 각 지역 공공하수처리시설에서 처리된 물을 전용 관로로 삼성전자 사업장까지 보낸 뒤, 반도체 제조에 필요한 공업용수로 다시 쓰는 구조입니다. 하수처리수 재이용은 이렇게 한 번 처리돼 방류되는 물을 사업장에서 추가로 정화해 쓰는 방식을 말합니다. 삼성전자는 이와 별도로 기후에너지환경부와 지방자치단체 등과 함께 공공하수처리시설의 방류수를 고도 정화해 공업용수로 활용하는 민관 협력 사업도 추진하고 있습니다. 지자체의 하수처리 시설과 기업의 정화 설비, 그리고 둘을 잇는 관로가 모두 있어야 성립하는 사업입니다. ◾ 협약은 있었지만, 아직 인허가 단계 물 사용량을 줄이는 활동은 이미 사업장 안에서 진행 중이지만, 하수 재이용수 도입은 아직 시작되지 않았습니다. 협약 체결 이후 회사가 밝힌 진행 상황은 타당성 검토와 인허가 등 단계별 절차입니다. 지역 하수처리장에서 공장까지 물을 보내는 전용 관로가 새로 필요한 사업이기 때문에, 계획 발표와 실제 공급 사이에 여러 해의 간격이 놓여 있는 상태입니다. 2024년 협약과 2030년 도입 사이의 시차는 이 절차가 남아 있다는 뜻입니다. ◾ 목표는 2021년 수준으로 되돌리기 삼성전자 관계자는 ""현재 도입 시점을 앞당기는 방안도 검토하고 있다""고 말했습니다. 이어 ""이를 통해 총취수량을 2021년 수준으로 감축하는 것이 목표""라고 설명했습니다. 총취수량은 사업장이 외부에서 새로 끌어오는 물의 총량입니다. 즉 생산 규모가 커져도 새로 끌어오는 물의 양은 2021년 수준으로 되돌려놓겠다는 것이 회사가 제시한 기준선입니다. 다만 도입 시점 조정은 검토 단계이고, 확정된 일정은 아직 2030년입니다. ◾ 한 가지만 기억한다면 이 사업의 물은 어딘가에서 새로 뽑아온 물이 아닙니다. 화성·오산·수원의 하수처리시설을 거쳐 원래는 하천으로 방류될 물의 용도가 바뀌는 구조입니다. 해당 지역 주민에게는 우리 동네 하수처리장의 처리수가 어디로 가는지가 달라지는 문제이기도 합니다. 사업의 진행 상황과 반도체 산업의 수자원 관리 계획은 11일까지 대구 엑스코에서 열리는 대한민국 국제물주간 현장에서 확인할 수 있습니다. 하루 33만 톤, 100만 명분의 물은 이렇게 '다시 쓰는 물'에서 나옵니다. — 자료: 삼성전자 발표 및 관련 보도(게재일 7월 10일) [핵심 요약] - 삼성전자 반도체(DS) 부문은 화성·오산시 하루 약 12만 톤, 수원시 하루 약 21만 톤을 합쳐 하루 약 33만 톤의 하수처리수를 재이용하는 사업을 추진 중이며, 삼성전자는 이를 글로벌 반도체 기업 중 최대 규모라고 설명했다. - 이 사업은 2024년 환경부(현 기후에너지환경부)·경기도 등과 체결한 '경기권역 반도체 사업장 1단계 물 재이용 사업' 협약을 근거로, 현재 타당성 검토와 인허가 등 단계별 절차가 진행되고 있다. - 하수 재이용수의 본격 도입 목표 시점은 2030년이며, 삼성전자 관계자는 도입 시점을 앞당기는 방안도 검토하고 있다고 밝혔다. - 삼성전자가 제시한 목표는 사업장 총취수량을 2021년 수준으로 감축하는 것으로, 앞으로는 인허가 진행 속도와 도입 시점 조정 여부가 확인 대상이 된다. [용어] 총취수량 | 사업장이 외부에서 새로 끌어오는 물의 총량 공업용수 | 제품을 만드는 공정에 쓰이는 산업용 물 고도 정화 | 일반 처리보다 한 단계 더 걸러내는 정수 방식",화성·오산·수원 하수처리수 재이용 日 33만톤 방류수 공업용수로 활용 이르면 2030년 사업 본격 도입 계획,산업,,산업,대기업,하위없음,,
2026-09-11-2024년-6월-한국예탁결제원에-계좌-하나가-열렸습니다-국제예탁결제기구가-개설한-보관계좌였습니다-2년이,2026-09-11,"2024년 6월, 한국예탁결제원에 계좌 하나가 열렸습니다. 국제예탁결제기구가 개설한 보관계좌였습니다. 2년이",누적 거래금액 1740조 원 넘어 연내 통합정보 플랫폼 구축 추진,증시,,시그널,증권일반,하위없음,,
2026-09-11-사우디에서-만든-비료-한-톨도-사우디에-남지-않는다,2026-09-11,"사우디에서 만든 비료, 한 톨도 사우디에 남지 않는다","사빅 애그리뉴트리언츠와 계약 체결 35억불 EPC 단독 수행·2030년 완공 탄소포집 적용, CO₂ 요소 합성에 활용 2003년 진출후 사우디서 30여건 수행 올해만 대형 수주 세번째…입지 강화",산업,,산업,대기업,하위없음,,
2026-09-11-발표-하루-만에-계열사-주가가-함께-올랐다,2026-09-11,"발표 하루 만에, 계열사 주가가 함께 올랐다",발전엔진·SMR에 대규모 투자 엔진은 AI 데이터센터에 공급 “엔진기계 부문 연매출 10조”,증시,,산업,대기업,하위없음,,
2026-09-11-이종섭-호주-도피-오늘-1심-선고-특검-징역-5년-구형,2026-09-11,"‘이종섭 호주 도피’ 尹, 오늘 1심 선고…특검 징역 5년 구형",채 해병 사건 핵심 피의자 이종섭 주호주대사 임명 뒤 호주로 출국 특검 “국가권력 동원한 범인도피” 조태용·박성재 등 관련 피고인도 선고 박정훈 허위영장 기재 군검사 2심 선고,,,정치,정치일반,분류없음,,
2026-09-11-SK바이오팜-오파칼림-독성-이슈-계약-전-인지-11월-해제-전망,2026-09-11,SK바이오팜 “오파칼림 독성 이슈 계약 전 인지…11월 해제 전망”,현재 투약 환자 600명 이상 임상 지속 RISE3 모집 완료…하반기 톱라인 발표 바이오헤이븐에 4억 달러 선급금 입금 전 10~11월 문제 해결 후 딜 클로징 전망,산업,,산업,바이오,하위없음,,
2026-09-11-빈-공장-건물이-청년-임대주택이-된다,2026-09-11,빈 공장 건물이 청년 임대주택이 된다,최근 3년 준공 지산 공실률 43.5% 수도권에 77%…LH가 직접 매입 청년·신혼부부 공공임대로 전환 기존 규제 풀고 신규 공급은 억제,부동산,,부동산,정책,하위없음,,
2026-09-11-기내-와이파이가-무료가-됩니다-단-14대부터,2026-09-11,"기내 와이파이가 무료가 됩니다, 단 14대부터",스타링크 기반 와이파이 제공 중대형기부터 순차적으로 개시 모든 좌석 클래스서 이용 가능,산업,,산업,기업일반,하위없음,,
2026-09-11-3년-넘은-연체-원금-80-이상-깎인다,2026-09-11,"3년 넘은 연체, 원금 80% 이상 깎인다",특별 채무조정 세부조건 확정 원금감면율 80% 이상으로 설정 0.5조 투입해 9.5% 가격에 매입 새출발기금과 통합 운영도 검토 업계 “시장가 절반도 안 돼” 불만,금융·정책,,금융,금융일반,하위없음,,
2026-09-11-한-달-48-오른-종목이-하루에-흔들렸습니다,2026-09-11,한 달 48% 오른 종목이 하루에 흔들렸습니다,AI발 호황 기대감에 단기급등 후 거시 환경 악화에 매도세 집중돼,증시,,시그널,국내증시,하위없음,,
2026-09-11-청주-제주-좌석은-줄어들지-않습니다,2026-09-11,청주∼제주 좌석은 줄어들지 않습니다,"대한항공, 아시아나와 합병 심사 당시 조건인 ‘좌석 90% 유지’ 의무, 공정위에 완화 요청 환율상승 및 중동전쟁으로 수요 줄었다는 이유 공정위, 대한항공 요구 모두 기각 의견 제시",,,산업,기업일반,분류없음,,
2026-09-11-유가-하나에-삼성전자가-4-빠졌다,2026-09-11,유가 하나에 삼성전자가 4% 빠졌다,중동 분쟁 변수 늘어나는 중 유가 오르고 금리도 치솟아 시총 상위 종목 대부분 약세,증시,,시그널,국내증시,하위없음,,
2026-09-11-기름값과-금리가-같은-날-올랐습니다-배럴당-108-77달러-10일-현지-시간-런던-ICE거래소에서-브렌트유-11월물이-장중,2026-09-11,유가 108달러·美 10년물은 5% 육박…반도체주 급락,"후티, 홍해 연안도시 접수...해협 통제권 눈앞 국제유가 6%대 급등…WTI도 102달러대 재무부 바이백 51.9억달러...60억불 미달 美 30년물 국채금리, 19년래 최고 PPI 상승에 9월 금리인상 확률 71%",국제,,시그널,해외증시,하위없음,,
2026-09-11-장이-열리기-전에-이미-파란불이었다,2026-09-11,장이 열리기 전에 이미 파란불이었다,간밤 뉴욕 3대 지수 모두 하락 유가·금리 상승 악재도 겹쳐 코스피·코스닥 약세 출발 전망,증시,,시그널,국내증시,하위없음,,
2026-09-11-마이너스통장에서-돈을-미리-찾아-들고-있는-것-김우철-한국재정학회장이-정부가-내년-신설하는-미래대응기금을-두고-한-말입니다,2026-09-11,"미래대응기금 140개 사업 성과관리 '0'…""세수호황기에 빚부터 갚아야""[Pick코노미]",■ 野 미래기금 긴급토론회 개최 미래투자 사업비 42% 그쳐 부적합 21.7조·이관 18.3조 여유자금 104조·채무 106조 관련법 4개 입법예고 닷새,산업,,경제,세금·재정,하위없음,,
2026-09-11-SK바이오팜-도입-뇌전증-신약-부분-임상-보류-에-주가-6-Why-바이오,2026-09-11,SK바이오팜 도입 뇌전증 신약 ‘부분 임상 보류’에 주가 6%↓[Why 바이오],,증시,,산업,바이오,하위없음,,
2026-09-11-5-까지-0-05-포인트-남았다,2026-09-11,5%까지 0.05%포인트 남았다,"◆이태규 특파원의 워싱턴 플레이북 美 10년물 장중 4.97%...‘저지선’ 5% 턱밑 프랑스 30년물 금리 23년 만, 영국 19년래 최고 이와중에 트럼프, 재정적자 늘리는 ‘표풀리즘’ “중동 원유 생산량, 내년 ",국제,,시그널,해외증시,하위없음,,
2026-09-11-지지율-30-대-트럼프-1인당-5000달러-승부수-던져-글로벌-모닝-브리핑,2026-09-11,"지지율 30%대 트럼프, ‘1인당 5000달러’ 승부수 던져[글로벌 모닝 브리핑]",,국제,,국제,미국·중남미,하위없음,,
2026-09-11-탁소텔-등에-업은-보령-4년내-수출-16배-키운다-바이오리더스클럽,2026-09-11,"탁소텔 등에 업은 보령, 4년내 수출 16배 키운다 [바이오리더스클럽]",상반기 매출 8.7%·영업익 21% ↑ 예산캠퍼스로 생산 이전 수익성 높여 ‘젬자’ ‘알림타’ 기술 내재화 발판 글로벌 항암제 공급사로 체질전환 2030년 해외 매출 2000억 목표,산업,,산업,바이오,하위없음,,
2026-09-11-성과급-현금비중-늘린-SK하이닉스-이번엔-임단협-넘을까-biz-플러스,2026-09-11,성과급 현금비중 늘린 SK하이닉스…이번엔 임단협 넘을까[biz-플러스],성과급 현금 40→50%로 상향 자사주 비중은 직원 선택에 맡겨 25표 차 부결 원인 정면 보완 15~16일 재투표가 최종 관문,산업,,산업,대기업,하위없음,,
2026-09-11-한-시간에-10억-자리는-이미-없다,2026-09-11,"한 시간에 10억, 자리는 이미 없다",상품이 되는 오감만족 버진갤럭틱 우주여행 대기자 700명 넘어 1700만원 ‘디지털 단절’ 여행도 1년 전 매진 여행서 향까지…경험·기억 자체가 상품으로,산업,,문화,여행·레저,하위없음,,
2026-09-11-중국-가는-비행기가-10년-만에-가장-붐볐다,2026-09-11,중국 가는 비행기가 10년 만에 가장 붐볐다,"8월 213만 명...2016년 207만 명 돌파 무비자 정책·근거리 여행이 쌍끌이 하반기 운수권 확대로 추가 수요 기대 한일 노선도 22%↑, 국제선 역대 최대",산업,,문화,여행·레저,하위없음,,
2026-09-11-자산운용사-2분기-순이익-2조-6889억-적자-회사-비율은-오히려-늘었다,2026-09-11,자산운용사 2분기 순이익 2조 6889억…적자 회사 비율은 오히려 늘었다,[2분기 자산운용회사 영업실적] ROE 51.9%…20.8%P 개선 적자 회사 비율은 37.6→42.9%,증시,,금융,금융일반,하위없음,,
2026-09-11-피부-안구-간에서-뇌로-영역-확장하는-RNA-치료제,2026-09-11,피부·안구·간에서 뇌로…영역 확장하는 RNA 치료제,"올릭스, 뇌·지방까지 RNAi 적용 확대 노바티스, 애비디티 120억弗에 인수 시란바이오, GSK에 10억弗 기술이전 글로벌 시장 10년 새 3배 성장 전망",증시,,산업,바이오,하위없음,,
2026-09-11-100달러면-고점-치솟는-유가에-개미는-800억-역베팅-코주부,2026-09-11,“100달러면 고점?”…치솟는 유가에 개미는 800억 ‘역베팅’ [코주부],"WTI 90달러대·브렌트유 100달러 돌파 개미, 이달 인버스 ETF·ETN 808억 순매수 트럼프 “중간선거 끝나면 유가 급락할 것”",증시,,시그널,국내증시,하위없음,,
2026-09-11-원청-교섭-1호-한동대-결국-파업-수순-밟는다,2026-09-11,"‘원청 교섭 1호’ 한동대, 결국 파업 수순 밟는다",경북지노위서 조정 중지 결정 勞 찬반투표 거쳐 파업 결정 방침 노란봉투법 시행 반년 넘었지만 현장 혼란 여전,,,사회,노동·고용,분류없음,,
2026-09-11-같은-오피스텔-전세금이-2억-벌어졌습니다-아파트-전세-매물이-줄어들다-보니-대체재인-중대형-오피스텔-전세가가-오르는-상황입니,2026-09-11,아파트 대체수요 몰려…오피스텔 전셋값 15년來 최고,지난달 서울 평균 2.4억원 육박 입주물량 58% ↓ “부르는게 값”,부동산,,부동산,부동산일반,하위없음,,
2026-09-11-재무부가-탱크와-전투에-콩알총을-들고-나온-격입니다-엘리아스-하다드-브라운브러더스해리먼-전략가가-미-재무부의-국채-재매입-발,2026-09-11,브렌트유 105달러 돌파…미국채 10년물 4.9%급등,"WSJ, 트럼프 임기말까지 전쟁 전망 재무부 바이백 60억 달러 실망감도 ECB는 올 들어 금리 두 번째 인상",국제,,경제,경제일반,하위없음,,
2026-09-10-이란전-격화에-유가-고공행진-WTI도-배럴당-100달러-돌파,2026-09-11,이란전 격화에 유가 고공행진…WTI도 배럴당 100달러 돌파,,국제,,국제,중동·아프리카,하위없음,,
2026-09-10-ECB-금리-인상-예금금리-연-2-50-로-0-25-P,2026-09-11,ECB 금리 인상…예금금리 연 2.50%로 0.25%P↑,,국제,,국제,유럽,하위없음,,
2026-09-10-60억-바이백에도-국채금리-급등-장난감-총들고-탱크전,2026-09-11,"美, 60억弗 바이백에도 국채금리 급등…“장난감 총들고 탱크전”",[약발 안 먹힌 금융시장] ‘100억弗’ 예상 시장 기대 못 미쳐 10년물 4.9%대…3년래 최고치 9월 금리인상 확률 50%서 60%로 ECB 금리 0.25%P 인상 2.50%로,국제,,경제,경제일반,하위없음,,
2026-09-10-빚-106조-늘려-104조-비축-마이너스-통장서-현금-빼놓는-셈,2026-09-11,“빚 106조 늘려 104조 비축…마이너스 통장서 현금 빼놓는 셈”,■ 野 미래기금 긴급토론회 개최 재정학회장 등 전문가들 ‘경고’ “지출 증가 늦추면 2년 53조 흑자 채무 상환 먼저하고 기금 적립을” “미집행 여유 자금 대폭 축소하고 추가세수 50% 상환 강제” 제언도,산업,,경제,세금·재정,하위없음,,
2026-09-10-AI-발전-초석될-곳-최태원-7조-데이터센터-점검-AI-풀스택-역량-고도화,2026-09-11,"“AI 발전 초석될 곳” 최태원, 7조 데이터센터 점검…AI 풀스택 역량 고도화",울산 AIDC 건설 현황 살펴보고 CLX서 제조공정 AI 전환 체크 ‘AX 중심 경영’ 선언 후 현장行,산업,,산업,대기업,하위없음,,
2026-09-10-피터팬-아빠-뜻-이어-정부-발달장애인-생애주기-돌봄-강화,2026-09-11,"‘피터팬 아빠’ 뜻 이어…정부, 발달장애인 생애주기 돌봄 강화","2030년 발달장애인 33만명 전망 정부, 범부처 관련 예산 16% 증액 성인 주간활동 1.5만→3만명 확대 장애아 양육지원 年 1320시간으로 최중증 긴급돌봄 기관 2→5곳으로",금융·정책,,사회,사회일반,하위없음,,
2026-09-10-우리투자증권-수신상품-금리-올려-정기예금-최고-연-4-05,2026-09-11,"우리투자증권, 수신상품 금리 올려…정기예금 최고 연 4.05%",비대면 채널로 가입시 1년 정기예금 최고 금리 4.05%,증시,,금융,금융일반,하위없음,,
2026-09-10-SLL중앙-프랙시스-1050억-조달-큐리어스-오너-1300억-담보-시그널,2026-09-11,"SLL중앙·프랙시스, 1050억 조달…큐리어스, 오너家 1300억 담보 [시그널]",큐리어스파트너스서 투자 CB 500억·CPS 550억 매입 BGF리테일 주식 등 담보잡아,증시,,시그널,IB&Deal,하위없음,,
2026-09-10-금리-경계감-높아진-코스피-전반적-저평가-비중-줄일때-아냐,2026-09-11,"금리 경계감 높아진 코스피…“전반적 저평가, 비중 줄일때 아냐”",[코스피 7000선 공방] 美 CPI·FOMC 앞두고 관망세 기업실적 등 고려 여전히 매력적 “반도체주 추가 상승·순환매 땐 개인 매도세도 상당히 줄어들 듯”,증시,,시그널,국내증시,하위없음,,
2026-09-10-백화점-상품도-쿠팡이츠로-주문-롯데-퀵커머스-시장-공략,2026-09-11,"“백화점 상품도 쿠팡이츠로 주문”…롯데百, 퀵커머스 시장 공략",청량리점·관악점서 시범 운영 델리·리빙 등 백화점 상품 판매,산업,,산업,유통·생활,하위없음,,
2026-09-10-고금리-뚫고-금도-구리도-뛴다-뜨거운-메탈-랠리,2026-09-10,고금리 뚫고 금도 구리도 뛴다…뜨거운 ‘메탈 랠리’,전기동 사상최고…아연 저점比 33%↑ 금·은 등 귀금속까지 동반 상승행진 공급난에 AI 인프라 투자 수요 확대 중동불안·약달러가 금리 부담 상쇄 금 ETF 5종에 한달간 1051억 유입,증시,,시그널,펀드·채권,하위없음,,
2026-09-10-단독-한국형-우븐시티-도입-보류-파견-근로-허용도-빠졌다,2026-09-10,[단독]‘한국형 우븐시티’ 도입 보류…파견 근로 허용도 빠졌다,[현실론에 후퇴한 메가특구법] 노동계 반발·법적 한계에 특례 축소 기간제 허용 기간도 3년으로 줄어 다음주 의원 입법 형태로 발의 예정,,,사회,노동·고용,분류없음,,
2026-09-10-삼성바이오로직스-유럽-제약사와-3508억-CMO-계약-2033년까지-장기-공급,2026-09-10,"삼성바이오로직스, 유럽 제약사와 3508억 CMO 계약…2033년까지 장기 공급","올해 6번째 수주…누적 계약 219억 달러 생산능력 84리터 확대, 138만 리터 증설",산업,,산업,바이오,하위없음,,
2026-09-10-코스닥-아직도-30년-수준-투자-상장-스케일업-선순환-끊겨,2026-09-10,코스닥 아직도 30년前 수준…투자→상장→스케일업 선순환 끊겨,"[ 제조업 G3 지금이 기회다] 성장 통로 막힌 韓자본시장 나스닥 시총, S&P500과 맞먹는데 코스닥은 증시 비중 10%도 못미쳐 26년간 코스피로 떠난 종목 48개 VC시장도 54조로 글로벌 1% 수준 ‘IPO ",증시,,시그널,국내증시,하위없음,,
2026-09-10-농협-추석맞이-할인대전-통해-물가-안정에-앞장,2026-09-10,농협 ‘추석맞이 할인대전’ 통해 물가 안정에 앞장,"농협, 민생물가 안정 위한 ‘추석맞이 할인대전’ 17일부터는 주요 상차림 품목 반값 할인도 NH싱씽몰에서도 최대 70% 할인",산업,,경제,경제일반,하위없음,,
2026-09-10-대통령-이르면-다음주-기자회견-개각-부동산-파병-현안-산적,2026-09-10,"李대통령, 이르면 다음주 기자회견…‘개각·부동산·파병’ 현안 산적","지지율 하락세 속 직접 설명 검토 17·18일 거론…인청 일정 등 변수 靑, 뉴스공장·매불쇼 출연도 재개",국제,,정치,청와대,하위없음,,
2026-09-10-55만명-쓸-물-매일-아껴-SK하이닉스-물-순환-승부수,2026-09-10,55만명 쓸 물 매일 아껴…SK하이닉스 ‘물 순환’ 승부수,폐수 정화 자체 조달 日 17만 톤 절약 30년까지 6억 톤 감축 중장기 청사진,산업,,산업,중기·IT,하위없음,,
2026-09-10-개정-노조법-6개월-만에-원-하청-교섭-첫-타결-나왔다,2026-09-10,개정 노조법 6개월 만에…‘원·하청 교섭’ 첫 타결 나왔다,"현대제철, 4개 자회사 노조와 단협 체결 교섭단위 분리하고 안전의제 국한 덕분",,,사회,노동·고용,분류없음,,
2026-09-10-개인정보-반복-유출땐-매출-10-과징금-11일부터-시행,2026-09-10,개인정보 반복 유출땐 매출 10% 과징금…11일부터 시행,"고의·중과실 등 반복·대규모 유출시 엄정 대응 사전예방 투자·신속 대응에는 최대 40% 인센티브 CPO 권한·책임 강화, 개인정보위 신고 의무화",,,사회,행정,분류없음,,
2026-09-10-납품단가-압박에-호재-선반영까지-애플-첫-접는-폰-에도-부품주-덤덤,2026-09-10,납품단가 압박에 호재 선반영까지…애플 첫 ‘접는 폰’에도 부품주 덤덤,비에이치 전거래일 대비 3.41%↓ 초도물량 낮은 수익성 부각도 한몫 공급망 진입한 협력사 고민 커져,증시,,시그널,국내증시,하위없음,,
2026-09-10-12월부터-지방정부도-사업장-근로감독-한다,2026-09-10,12월부터 지방정부도 사업장 ‘근로감독’ 한다,노동부와 감독관 공유 체계 시행 30인 미만 사업장 등 범위 제한,,,사회,노동·고용,분류없음,,
2026-09-10-절반이-불-꺼진-지산-청년-임대주택으로-공급-숨통-틔운다,2026-09-10,"절반이 불 꺼진 지산, 청년 임대주택으로…공급 숨통 틔운다",■주거시설 전환·규제 완화 속도 LH가 수도권 공실 매입·용도변경 민간이 오피스텔 전환땐 보증 지원 입주 업종도 네거티브식 전면 개편,부동산,,부동산,정책,하위없음,,
2026-09-10-SK바이오팜-도입-뇌전증-신약-부분-임상-보류-개발-영향-제한적,2026-09-10,"SK바이오팜 도입 뇌전증 신약, 부분 임상 보류…“개발 영향 제한적”",설치류 대사체 독성 소견에 FDA 추가 자료 요구 임상 2·3상 2건 중 1건 신규 환자 모집 일시 중단 1200명 임상서 이상사례 없어…보류 해제 추진,증시,,산업,바이오,하위없음,,
2026-09-10-단독-코로나-대출-5-4조-빚탕감-1억-미만-3년-이상-연체-대상,2026-09-10,[단독]코로나 대출 5.4조 빚탕감...1억 미만·3년 이상 연체 대상,"[금융위, 세부조건 확정] 원금감면율 80% 이상으로 설정 0.5조 투입해 9.5% 가격에 매입 새출발기금과 통합 운영도 검토 업계 “시장가 절반도 안 돼” 불만",금융·정책,,금융,금융일반,하위없음,,
2026-09-10-수세-몰린-트럼프-상하원-승리-시-전국민에-670만원-지급-종합,2026-09-10,수세 몰린 트럼프 “상하원 승리 시 전국민에 670만원 지급”(종합),중간선거 앞두고 성인 1인당 5000달러 승부수 이란전에 민심 악화…현금 지급으로 반전 노려 재원·법적 근거 불투명…“1339조원 이상 필요” 물가·국채금리 기름 부을 수도…‘금권선거’ 논란 상원 공화 수성·하원은 ,국제,,국제,미국·중남미,하위없음,,
2026-09-10-단독-박현주-VC-투자-100조로-키워야-제조업-산다,2026-09-10,[단독] 박현주 “VC 투자 年 100조로 키워야 제조업 산다”,■박현주 미래에셋 회장의 제조 G3 해법 올해 상반기 투자규모 8.5조 그쳐 혁신벤처기업 성장 사다리 흔들 투자 생태계 키울 파격 혜택 필요,증시,,시그널,IB&Deal,하위없음,,
2026-09-10-트럼프-전국민-670만원씩-배당-승부수-논란-커지자-밴스-부유층은-제외,2026-09-10,트럼프 ‘전국민 670만원씩 배당’ 승부수…논란 커지자 밴스 “부유층은 제외”,"[수세 몰려...매표공약 꺼내] 1341조원 필요, 연방예산 14% 육박 관세 앞세워 우방국 투자 압박 가능성 재원 잡음 일자 밴스 1시간 만에 진화 오바마케어 100만명 환급도 추진 곳곳 빈자리…공화 의원들도 불참",국제,,국제,미국·중남미,하위없음,,
2026-09-10-130-떠내려간-시신-부산-예인선-실종자-수색-장거리-표류-에-초점,2026-09-10,130㎞ 떠내려간 시신…부산 예인선 실종자 수색 ‘장거리 표류’에 초점,"포항서 실종자 1명 숨진 채 발견 수색 구역 세로 2배 대폭 확대 침몰 선체에 4명 남았을 가능성 수심 87ｍ 수중수색·인양 검토 해경, 실종 5명 행방 추적 사투",,,사회,사건사고,분류없음,,
2026-09-10-삼전닉스가-다-했네-이-말-진짜였다-꿈의-9000피-때-상승-기여도-99,2026-09-10,“삼전닉스가 다 했네” 이 말 진짜였다…‘꿈의 9000피’ 때 상승 기여도 99%,,증시,,시그널,국내증시,하위없음,,
2026-09-10-가비아-특별위-이사회에-공개매수-중립-의견-표명-권고-시그널,2026-09-10,"가비아 특별위, 이사회에 공개매수 중립 의견 표명 권고 [시그널]",공개매수 목적에 부당성 없지만 최대주주·일반주주 이해상충 지적 공개매수 17일 마감 최종 성패 관심,증시,,시그널,IB&Deal,하위없음,,
2026-09-10-반도체-호황에-명목성장률-20-돌파-한은-물가-금융불균형-유의,2026-09-10,반도체 호황에 명목성장률 20% 돌파…한은 “물가·금융불균형 유의”,■한은 통화신용정책보고서,,,경제,경제분석,분류없음,,
2026-09-10-한한령에-위축된-노선-부활-무비자-근거리-여행수요로,2026-09-10,한한령에 위축된 中노선 부활…무비자·근거리 여행수요로 飛上,■韓中 항공 이용객 역대 최다 양국 이용객 1월보다 43% 증가 운수권 확대에 베이징 등 증편 韓日 노선은 月 250만명 넘어서 LCC 중심으로 국제선 성장가도,산업,,산업,기업일반,하위없음,,
2026-09-10-케이조선-재매각-착수-스토킹호스-방식-채택-시그널,2026-09-10,케이조선 재매각 착수…스토킹호스 방식 채택[시그널],"유암코·KHI, 이달중 LOI 접수 매각가 유증 포함 9000억 거론 한국카본·태광산업, 유력 후보",증시,,시그널,IB&Deal,하위없음,,
2026-09-10-단독-붐비는-한중-하늘길-이용객-역대-최다,2026-09-10,[단독] 붐비는 한중 하늘길…이용객 역대 최다,지난달 213만명…사드 이전 회복 국제선도 7개월만에 최고 경신,산업,,산업,기업일반,하위없음,,
2026-09-10-채권시장-큰손-복귀-SK하이닉스-3조-실탄-푼다-시그널,2026-09-10,"‘채권시장 큰손’ 복귀…SK하이닉스, 3조 실탄 푼다 [시그널]",AA0급 이상 카드채 매입 만기 최장 4년까지 고려 국내 운용사 6곳에 위탁 “투자 반경 확대될 전망”,증시,,시그널,펀드·채권,하위없음,,
2026-09-10-3대-메가-역대급-투자에도-벤처-중기에는-그림의-떡,2026-09-10,3대 메가 역대급 투자에도…벤처·중기에는 ‘그림의 떡’,[제조업 G3 지금이 기회다] 중기 자금난에 공급망 진입 어려워 핵심장비·공정 수주는 해외기업 몫 TSMC 중심 생태계 키운 대만처럼 실증 기업에 금융사다리 제공해야,증시,,산업,중기·IT,하위없음,,
2026-09-10-얼라인-JB-BNK-합병-검토-요구-접었다-시그널,2026-09-10,"얼라인, JB·BNK 합병 검토 요구 접었다 [시그널]",합병 검토 요청 두달만에 철회 비공개 서한 재차 발송하며 합병 거절 설명과 대안 요구도 “지방銀 구조적 위기 현실”,금융·정책,,금융,은행,하위없음,,
2026-09-10-BDC-세컨더리-펀드-추진-투자회수-길-넓어지나,2026-09-10,BDC·세컨더리 펀드 추진…투자회수 길 넓어지나,"[제조업 G3 지금이 기회다] 세제개편안에 BDC 과세특례 포함 1개 그친 BDC 상품 늘어날 듯 금투협, 구주거래 투자에 1조 조성",증시,,시그널,펀드·채권,하위없음,,
2026-09-08-청년고용정책-대상-29세-34세-이하로-확대,2026-09-10,"청년고용정책 대상, 29세→34세 이하로 확대","[노동부, 18일부터 시행] 직업훈련·취업알선 지원 강화 공공 비정규직 처우 개선 논의 공무직위원회 운영기준도 마련",,,사회,노동·고용,분류없음,,
2026-09-10-바이오-투자-54-급증-프리-IPO에도-뭉칫돈,2026-09-10,바이오 투자 54% 급증…프리 IPO에도 ‘뭉칫돈’,[상반기 벤처투자 1.5조 ‘4년래 최고’] 상장 직전 기업에 3300억원 몰려 글로벌 대형 VC들도 수백억 투입 임상성과 중심 옥석가리기 본격화,산업,,시그널,IB&Deal,하위없음,,
2026-09-10-삼전닉스-공매도-일주일-새-6709억-반등-기대에-숏-베팅-축소,2026-09-10,‘삼전닉스’ 공매도 일주일 새 6709억↓…반등 기대에 숏 베팅 축소,코스피 전체 감소액 67% 두 종목서 빠져 AI 수요·공급 제약에 메모리 업황 개선 전망,증시,,시그널,국내증시,하위없음,,
2026-09-10-아이폰-듀오-반쪽-AI-갤Z폴드8보다-최대-200만원-비싸,2026-09-10,"아이폰 듀오, ‘반쪽 AI’ 갤Z폴드8보다 최대 200만원 비싸","애플 폴더블, 갤럭시 대비 약점 ①시리AI, EU·中 출시 불투명 ②최고 500만원 가격도 부담 ③무게·두께 26% 커 휴대성↓ 대신 두뇌 성능·펜 지원 등 우위",산업,,산업,중기·IT,하위없음,,
2026-09-10-본주보다-44-비싸진-SK하이닉스-ADR-250-간다,2026-09-10,본주보다 44% 비싸진 SK하이닉스 ADR…“250弗 간다”,SKHY 198弗 넘어…공모가 대비 33%↑ 원화 환산 266만 원…본주 185만 원 일주일여 만에 프리미엄 30%→40%대 메모리 호황에 상승 기대…서학개미 매수 지속,증시,,시그널,해외증시,하위없음,,
2026-09-10-탈팡-한다던-사람들-그렇게-많았는데-결제액-5조-넘고-이용자는-더-늘었다,2026-09-10,‘탈팡’ 한다던 사람들 그렇게 많았는데…결제액 5조 넘고 이용자는 더 늘었다,,산업,,산업,유통·생활,하위없음,,
2026-09-10-HD현대-AI-DC용-발전엔진-SMR에-1조원-투자,2026-09-10,"HD현대重, AI DC용 발전엔진·SMR에 1조원 투자",울산 엔진공장 증설에 8300억 SMR 주기기 전용공장 신설도 AI DC발 전력 인프라 수요 겨냥,산업,,산업,대기업,하위없음,,
2026-09-10-한미약품-로슈-비만약-개발-가속에-수혜-목표가-12-Why-바이오,2026-09-10,"한미약품, 로슈 비만약 개발 가속에 수혜…목표가 12%↑[Why 바이오]",HM17321 출시 5년차 매출 2.3조 전망 FDA 승인 위한 임상적 근거 확보는 과제,증시,,산업,바이오,하위없음,,
2026-09-10-AI가-소음-속-말소리-가려낸다-4000억-보청기-시장-각축전,2026-09-10,AI가 소음 속 말소리 가려낸다…4000억 韓 보청기 시장 각축전,"■AI 보청기 신제품 경쟁 WS오디올로지, ‘시그니아 MaX’ 공개 4개 심층신경망, 말소리 실시간 분석 소노바·GN히어링, 소음 속 음성 강화 난청 환자 확대, 韓 시장 1조 성장 전망",증시,,산업,중기·IT,하위없음,,
2026-09-10-글로벌-자금-몰리는-물류센터-블랙스톤-ESR-33만-개발-투자-시그널,2026-09-10,"글로벌 자금 몰리는 ‘물류센터’…블랙스톤·ESR, 33만㎡ 개발 투자[시그널]",블랙스톤·ESR 물류개발 맞손 안성 물류센터 지분 과반 확보,증시,,시그널,IB&Deal,하위없음,,
2026-09-10-하이닉스-300만원에-샀다면-그건-충동구매-차라리-대출-받아-집을-사라,2026-09-10,“하이닉스 300만원에 샀다면 그건 충동구매…차라리 대출 받아 집을 사라”,,증시,,시그널,국내증시,하위없음,,
2026-09-10-금수령-중동-확전-자기-덫-에-갇힌-트럼프,2026-09-10,금수령·중동 확전…‘자기 덫’에 갇힌 트럼프,■ 중간선거 앞두고 잇단 무리수 4주면 끝난다던 이란전쟁 반년째 후티·사우디까지 전면전 가능성 브렌트유 가격 장중 100弗 돌파 초유의 加 수입금지 카드도 등장,국제,,국제,미국·중남미,하위없음,,
2026-09-10-1기-신도시-재건축-물량-더-줄어든다,2026-09-10,1기 신도시 재건축 물량 더 줄어든다,내년 분당만 2000가구 감소 “물량 제한 풀어야 사업 탄력”,부동산,,부동산,부동산일반,하위없음,,
2026-09-10-10년-멈췄던-해외자원개발-이르면-연내-부활,2026-09-10,"“10년 멈췄던 해외자원개발, 이르면 연내 부활”",■ 인터뷰-황영식 광해광업공단 사장 광해광업공단법 개정 추진…해외 사업 허용 자본금 한도도 확대…재무 구조에 숨통,산업,,경제,경제일반,하위없음,,
2026-09-10-채무조정-실패해도-1조-추가로-빚탕감,2026-09-10,채무조정 실패해도 1조 추가로 빚탕감,"■ 정부, 새도약기금 확대 당초 지원 대상에서 제외됐던 상환 이력 있는 재연체자 포함 내달 관계기관 협약 개정 추진",,,금융,금융일반,분류없음,,
2026-09-10-SK하이닉스-성과급-현금-40-50-주식-비중은-직접-선택,2026-09-10,SK하이닉스 성과급 현금 40→50%…주식 비중은 ‘직접 선택’,현금·자사주 비율 50대 50으로 조정 자사주은 50~100%까지 10% 단위 선택 지난해 이연 성과급도 앞당겨 지급하기로 이달 15~16일 조합원 총투표서 최종 결정,산업,,산업,대기업,하위없음,,
2026-09-10-애플-첫-폴더블폰-아이폰-듀오-베일-벗었다-최고-509만원,2026-09-10,애플 첫 폴더블폰 ‘아이폰 듀오’ 베일 벗었다…최고 509만원,갤럭시 Z폴드8 대항마 공개 7.6인치 화면·여권 디자인 2㎚ 두뇌 칩·시리 AI 탑재 갤럭시보다 무겁고 두꺼워,산업,,국제,미국·중남미,하위없음,,
2026-09-10-국내서-만들어도-수출하면-세액공제-0-한경협-정부안-손봐야,2026-09-10,국내서 만들어도 수출하면 세액공제 ‘0’…한경협 “정부안 손봐야”,생산세액공제 국내 판매분만 적용 미래차·바이오·SMR도 대상 확대 요구 적자 기업엔 미사용 공제액 환급 제안 고용공제 유지·이월기간 15년 이상 건의,산업,,경제,세금·재정,하위없음,,
2026-09-10-한미약품-로슈-기술이전으로-경쟁력-입증-목표가-12-쑥-줍줍-리포트,2026-09-10,"“한미약품, 로슈 기술이전으로 경쟁력 입증”…목표가 12% ‘쑥’ [줍줍 리포트]",HM17321 가치 1조 신규 반영…목표가 65만 “비만 치료제 차별화 기대…후속 R&D도 주목”,증시,,시그널,국내증시,하위없음,,
2026-09-10-여윳돈-1300만원-있으면-한국-주식-사라-전문가들-투자처로-콕-집은-이유가,2026-09-10,“여윳돈 1300만원 있으면 한국 주식 사라”…전문가들 투자처로 콕 집은 이유가,1만달러 어디에 투자할까…전문가들이 꼽은 곳 한국 증시 저평가·AI 반도체 수혜 기대 명품·물 관련 기업도 장기 투자처로 주목,증시,,시그널,국내증시,하위없음,,
2026-09-10-연금만-믿다간-진짜-큰일-난다-노후-준비-달라진-2030-주식-채권-선택-늘었다,2026-09-10,"“연금만 믿다간 진짜 큰일 난다”…노후 준비 달라진 2030, 주식·채권 선택 늘었다","2030 노후준비, 주식·채권 급증 14년 새 약 5배로 늘어나 “장기 수익률에 집중해야”",증시,,시그널,펀드·채권,하위없음,,
2026-09-10-다시-100-돌파한-유가-국내-정유주-방긋-이런국장-저런주식,2026-09-10,다시 100弗 돌파한 유가…국내 정유주 ‘방긋’ [이런국장 저런주식],美·이란 충돌 격화에 브렌트유 3%대 상승 흥구석유·한국석유·중앙에너비스 등 급등,증시,,시그널,국내증시,하위없음,,
2026-09-10-속보-바이백-규모-60억달러-시장-실망-10년물-4-8-돌파,2026-09-10,"[속보]美 바이백 규모 60억달러...시장 실망, 10년물 4.8% 돌파","직전 바이백 규모 3배 제시했지만 10년물 국채금리, 2년 10개월래 최고 30년물 5.295%, 2년물 4.425% “국가차원 지출 감축, 금리 인상 없인 계속 상승”",국제,,시그널,해외증시,하위없음,,
2026-09-10-학교폭력-당했다-100명-중-3명-신체폭력-따돌림-더-늘어,2026-09-10,“학교폭력 당했다” 100명 중 3명…신체폭력·따돌림 더 늘어,"■피해 응답률 2.9% 역대 최대 6년 연속 증가...초등생 5.7%로 가장 높아 학교폭력 가해자는 오히려 줄어 교육부, 신종 학교폭력 대응 강화",,,사회,교육,분류없음,,
2026-09-10-남아도는-지식산업센터-이제-집으로-쓴다-건물-통째-오피스텔-전환,2026-09-10,"남아도는 지식산업센터, 이제 집으로 쓴다…건물 통째 오피스텔 전환",공실 많은 지산 ‘준주택’ 전환 지원 원룸 허용·지원시설 비중 최대 70% LH 매입해 청년·신혼부부 임대주택 최근 3년 준공 지산 공실률 43.5%,부동산,,부동산,정책,하위없음,,
2026-09-10-장난감-총-들고-탱크전-바이백-확대에도-국채금리-급등-이태규의-워싱턴-플레이북,2026-09-10,“장난감 총 들고 탱크전” 美 바이백 확대에도 국채금리 급등[이태규의 워싱턴 플레이북],"◆이태규 특파원의 워싱턴 플레이북 재무부, 장기 국채 바이백 3배 60억달러로 확대 시장은 실망...10년물 4.836%, 3년래 최고치 11월까지 6번 더 “더 큰 규모 바이백 신호 없어” 전문가 “먹이 계속 줘야",국제,,국제,미국·중남미,하위없음,,
2026-09-10-말-덜-하는-중앙은행-워시의-연준-회의-축소-힘-얻어,2026-09-10,"‘말 덜 하는 중앙은행’…워시의 연준, 회의 축소 힘 얻어","연준 인사 3분의 1, 축소에 긍정적 연 8→6회…2회는 경제 현안 논의 45년 만 개편…연준 관심쏠림 방지",국제,,국제,미국·중남미,하위없음,,
2026-09-10-채무조정-실패해도-구제-새도약기금-장기연체-1조-추가-매입,2026-09-10,"채무조정 실패해도 구제…새도약기금, 장기연체 1조 추가 매입",내달 관계기관 협약 개정 추진 “상환 노력 차주에 혜택” 명분 속 자영업 코로나 대출도 6조 탕감 금융권 “신용질서 훼손 우려”,금융·정책,,금융,금융일반,하위없음,,
2026-09-10-물량-제한이-오히려-공급-늦춘다-1기-신도시-재건축-엇박자-집슐랭,2026-09-10,“물량 제한이 오히려 공급 늦춘다”…1기 신도시 재건축 ‘엇박자’[집슐랭],분당 신청 6.6만가구…배정 물량의 5.5배 연차별 물량 제한이 병목 키우는 구조 선도지구 15곳 중 시공사 선정 ‘0’ “정비사업 특성 반영해 유연하게 조정해야”,부동산,,부동산,정책,하위없음,,
2026-09-10-디올-백-100만원-할인-효과-환율-하락에-면세점-백화점-가격-역전-사라진다,2026-09-10,‘디올 백 100만원 할인 효과’…환율 하락에 면세점-백화점 ‘가격 역전’ 사라진다,기준환율 인하로 면세점 원화환산가 하락 디올 레이디백 미니 838만 →735만원 환율 급변동에 경영 불확실성은 증가,산업,,산업,유통·생활,하위없음,,
2026-09-10-수입콩-부족에-두부-생산-차질-우려-업계-25만톤-이상-공급해야,2026-09-10,수입콩 부족에 두부 생산 차질 우려…업계 “25만톤 이상 공급해야’”,할당관세 0%·수입이익금 폐지 민간 직수입 전환 요구도,산업,,경제,통상,하위없음,,
2026-09-10-주가-부담-줄였다-홍라희-2조-지분-블록딜-대신-이재용에-biz-플러스,2026-09-10,"“주가 부담 줄였다”…홍라희 2조 지분, 블록딜 대신 이재용에 [biz-플러스]",718만주 1조9374억원 장외매수 블록딜 대신 대주주 간 직접 거래 상속세 납부 때 빌린 대출 상환 관측 李 삼성전자 지분 1.47%→1.58%,산업,,산업,투자·재무,하위없음,,
2026-09-10-포스코-창사-후-첫-파업-58년-무분규-전통-중대-분기점-biz-플러스,2026-09-10,포스코 창사 후 첫 파업…‘58년 무분규’ 전통 중대 분기점[biz-플러스],"■노조, 48시간 부분파업 돌입 임금협상 합의 불발로 쟁의 시작 기본급 7.1% 인상·600% 격려금 勞 요구 1.4조로 지난해 2배 달해 “직고용發 위로금 보상심리 커진듯” 합의 불발 땐 16일 2차 부분파업",산업,,산업,기업일반,하위없음,,
2026-09-10-기고-K-바이오-이제는-기술-을-넘어-시장-으로,2026-09-10,"[기고] K-바이오, 이제는 ‘기술’을 넘어 ‘시장’으로",■이정석 한국바이오의약품협회 회장,증시,,산업,바이오,하위없음,,
2026-09-10-증권사-2분기-순이익-5-2조-원-전년-82-늘어,2026-09-10,증권사 2분기 순이익 5.2조 원…전년比 82% 늘어,"[2분기 증권·선물회사 영업실적] 수수료 수익·자기 매매 손익 증가 “대형, 중소형사 실적 동반 개선”",증시,,시그널,증권일반,하위없음,,
2026-09-10-16-8조-개미-매물-턴-코스피-네-마녀의-날-딛고-7000선-지킬까-코주부,2026-09-10,16.8조 ‘개미 매물’ 턴 코스피… ‘네 마녀의 날’ 딛고 7000선 지킬까 [코주부],33거래일 만에 7000 복귀한 코스피 ‘네 마녀의 날’ 변수 속 수성전 나설듯 5거래일 간 16.8조 개인 매물 받아내 기관·외인·자사주로 수급 주체 전환,증시,,시그널,국내증시,하위없음,,
2026-09-09-하이트진로-익산공장-10월-운영-종료-생산-인프라-전주로-통합,2026-09-10,"하이트진로, 익산공장 10월 운영 종료…생산 인프라 전주로 통합",,산업,,산업,기업일반,하위없음,,
2026-09-09-차세대-AI-기판-띄운-삼성-LG-대면적-유리기판-총출동,2026-09-10,차세대 ‘AI 기판’ 띄운 삼성·LG…超대면적·유리기판 총출동,"삼성전기 2.5D·2.1D 패키지 LG이노텍, 100㎜ 초대형 공개 AI칩 겨냥 고집적 경쟁 불붙어",산업,,산업,중기·IT,하위없음,,
2026-09-09-PV5-180개-모델-자동화-설비로-한-라인서-뚝딱-자동화-시스템으로-다품종-고품질-모두-잡는다,2026-09-10,"PV5 180개 모델, 자동화 설비로 한 라인서 ‘뚝딱’…“자동화 시스템으로 ‘다품종·고품질’ 모두 잡는다”",■기아 ‘화성 EVO 플랜트’ 가보니 국내 첫 PBV 생산 전용공장 AI·로보틱스 첨단기술 적용 전 공정 자동화율 20%대로 후드·엠블럼 등 첫 자동장착,산업,,산업,대기업,하위없음,,
2026-09-09-기름값-폭등-에-정유-석화-랠리-롯데케미칼-대한유화-10-대-급등-이런국장-저런주식,2026-09-10,‘기름값 폭등’에 정유·석화 랠리…롯데케미칼·대한유화 10%대 급등 [이런국장 저런주식],"중동 리스크 확대에 유가는 고공행진 정유·석화, 원가 부담 넘어 마진 개선",증시,,시그널,국내증시,하위없음,,
2026-09-09-학폭-피해응답률-2-9-역대-최고-신체폭력-집단따돌림-늘었다,2026-09-09,학폭 피해응답률 2.9% 역대 최고…신체폭력·집단따돌림 늘었다,"피해응답률 2.9% 역대 최고…초등생 5.7% 신체폭력·집단따돌림 비중 전년보다 증가 가해응답률 0.8%로 하락…목격은 6.7%로 상승 교육부, ‘야차룰’ 등 신종 학폭 대응 강화",,,사회,교육,분류없음,,
2026-09-09-투자의-창-퇴직연금-속-개인투자용-국채,2026-09-09,[투자의 창] 퇴직연금 속 개인투자용 국채,■이규성 미래에셋투자와연금센터 수석연구원,증시,,시그널,펀드·채권,하위없음,,
2026-09-09-R-D-투자-847조원-전세계-1위-45년-만에-추월,2026-09-09,中 R&D 투자 847조원 전세계 1위…45년 만에 美 추월,전년보다 13% 늘 때 美는 6.7% ↑ 상위 1% 논문·총 건수도 中이 앞서 美 반도체 수출 봉쇄가 계기된 듯,국제,,국제,일본·중국,하위없음,,
2026-09-09-단일-레버리지-1위-운용사-그래닛셰어즈-규제에도-서학개미-2배-베팅-열기-여전,2026-09-09,단일 레버리지 1위 운용사 그래닛셰어즈 “韓 규제에도…서학개미 ‘2배 베팅’ 열기 여전”,"■에반 옹 그래닛셰어즈 아시아 총괄 “한국 개미, 공격적이지만 숙련도 높아 이미 기준 충족해 수요엔 변화 없어” “단일종목 레버리지도 투자 수단일 뿐” 증시 변동성 확대 책임론에 반박 하닉 레버 흥행…인컴·옵션형으로",증시,,시그널,해외증시,하위없음,,
2026-09-09-AI-에이전트-1만개-투입-88시간-만에-90년-수학-난제-풀었다,2026-09-09,AI 에이전트 1만개 투입…88시간 만에 ‘90년 수학 난제’ 풀었다,■ 오픈AI ‘나비에-스토크스 방정식’ 해법 도출 가설·접근법 병렬 탐색한 뒤 발전 ‘유한시간 특이점 발생’ 증명 제시 탐구자 진화 인류 숙제 해결 기대 젊은 수학자 성장기회 축소 우려에 경쟁 연구서 데이터 유출 논,,,산업,중기·IT,분류없음,,
2026-09-09-이재용-모친-홍라희-지분-1-9조-원-매수-삼성전자-지분율-1-58-로,2026-09-09,"이재용, 모친 홍라희 지분 1.9조 원 매수…삼성전자 지분율 1.58%로",홍라희 지분 0.11% 장외 매수 계획 상속세 납부 재원 대출금 변제 용도 대주주간 매매로 시장 영향 최소화,증시,,산업,대기업,하위없음,,
2026-09-09-커피-프랜차이즈-등-4개사-납품대금-연동제-위반-적발,2026-09-09,"커피 프랜차이즈 등 4개사, 납품대금 연동제 위반 적발",약정서 지연 발급 등 총 23건 위반 적발 벌점 2점 및 과태료 1000만 원 부과,산업,,산업,유통·생활,하위없음,,
2026-09-09-단독-백화점도-퀵커머스-롯데-쿠팡이츠에-전용관-신설,2026-09-09,[단독] “백화점도 퀵커머스”…롯데百 쿠팡이츠에 전용관 신설,청량리점·관악점서 시범 운영 델리·리빙 등 백화점 상품 판매,산업,,산업,유통·생활,하위없음,,
2026-09-09-주담대-다시-꿈틀-지난달-4조-증가,2026-09-09,주담대 다시 꿈틀…지난달 4조 증가,"당국, 장기고정금리 상품 유도",금융·정책,,금융,은행,하위없음,,
2026-09-09-2분기-파운드리-시장-11-성장-삼성-점유율-소폭-하락,2026-09-09,2분기 파운드리 시장 11% 성장…삼성 점유율 소폭 하락,매출 점유율 5.9%로 TSMC와 격차 벌어져 中 SMIC는 소폭 상승,산업,,산업,대기업,하위없음,,
2026-09-09-홍라희-삼성전자-지분-0-11-이재용-회장에-매각-1-9조-장외거래,2026-09-09,"홍라희, 삼성전자 지분 0.11% 이재용 회장에 매각…1.9조 장외거래",주당 26만 9500원·719만주 규모 이재용 회장 지분율 1.47%→1.58% 상속세 관련 대출 상환 위한 매각 추정,산업,,산업,대기업,하위없음,,
2026-09-09-원화-스테이블코인-쓰면-가맹점수수료-5조-절약,2026-09-09,원화 스테이블코인 쓰면...가맹점수수료 5조 절약,[예정처 스테이블코인 보고서] 블록체인으로 결제절차 단축 카드사 수익도 동반감소할 듯,금융·정책,,금융,가상자산,하위없음,,
2026-09-09-연고점-다시-쓴-대한항공-원화-강세에-합병-기대도-부각-종목-돋보기,2026-09-09,연고점 다시 쓴 대한항공…원화 강세에 합병 기대도 부각[종목 돋보기],재무 부담 완화에 3주새 20% 쑥 3분기 영업익 4887억 흑자 전망 아시아나 통합…수익성 개선 기대,증시,,시그널,국내증시,하위없음,,
2026-09-09-단독-입찰-금지-처분-무색-부정당업자-입찰시장-활보,2026-09-09,"[단독]‘입찰 금지’ 처분 무색…부정당업자, 입찰시장 활보",부정당업자 나라장터 늑장 등록 17건 최장 1년 넘게 지연 제재기간에도 입찰 88건 참여 문진석 의원 “공공조달 공정성 훼손”,,,사회,행정,분류없음,,
2026-09-09-여의도-집결한-글로벌-투자자들-한국-자본시장-지금이-전환점,2026-09-09,"여의도 집결한 글로벌 투자자들…“한국 자본시장, 지금이 전환점”","■KB금융그룹 코리아 컨퍼런스 양종희 “밸류업으로 韓시장 체질 개선…재평가 여지 커져” 반도체, 장기계약 확대로 과거보다 사이클 안정화 기대 전망 “하이퍼스케일러 투자 회수 실패 땐 자본 파괴 위험” 경고도",증시,,시그널,국내증시,하위없음,,
2026-09-09-정부-먹는-임신중지약-미프진-국내도입-허용-가닥,2026-09-09,"정부, 먹는 임신중지약 ‘미프진’ 국내도입 허용 가닥",복용대상 ‘임신 9주 이하’로 2년간 병원 내 처방·제조도,산업,,사회,사회일반,하위없음,,
2026-09-09-금-지금-사-좀-더-기다려-잘-나가다가-또-하락세-그래도-사라는-이유가,2026-09-09,"“금 지금 사? 좀 더 기다려?”…잘 나가다가 또 하락세, 그래도 사라는 이유가",,증시,,시그널,펀드·채권,하위없음,,
2026-09-09-이창용-반도체-다운턴-때-투자-늘리면-추격-가속-안심-못해,2026-09-09,"이창용 “中 반도체, 다운턴 때 투자 늘리면 추격 가속…韓 안심 못해”","‘KB금융 코리아 컨퍼런스’서 경고 中, 메모리 가격 상승에 현금여력 확대 韓, 호황 과실 쏠림·낙수효과 과제 유가·재정·美선거가 통화정책 변수",증시,,경제,경제분석,하위없음,,
2026-09-09-파병-NSC-이르면-17일-대통령이-최종-의사결정,2026-09-09,‘파병 NSC’ 이르면 17일…靑 “대통령이 최종 의사결정”,靑 “NSC서 의견 모아질 것” 대미투자·통상 연계설 부인 “항행 자유와 파병 등치 아냐” 與 내부에 고개드는 ‘신중론’,,,정치,청와대,분류없음,,
2026-09-09-빅테크처럼-중기-에이스-빼가는-대기업-결합심사-받는다,2026-09-09,"빅테크처럼…중기 ‘에이스’ 빼가는 대기업, 결합심사 받는다","[공정위, 기업결합 신고요령 개정안 행정예고] AI 인재 경쟁에 새 기준 마련 핵심 연구진 조직적 영입하고 기존 사업 이어가면 결합 판단 꼼수 M&A ‘애크하이어’ 방지 단순 스카우트는 신고서 제외",,,경제,경제일반,분류없음,,
2026-09-09-호르무즈-넘어-사우디-정유시설까지-불길-유가-150-갈-수도,2026-09-09,호르무즈 넘어 사우디 정유시설까지 불길…“유가 150弗 갈 수도”,"[이슈 focus] ■중동 확전…자기 덫에 갇힌 트럼프 美 5척 격침하자 이란은 20척 보복 후티반군, 사우디 본토·아람코 타격 사우디도 맞불…홍해마저 봉쇄 위기 에너지 시설 집중 포화에 유가 뛰고 중동 원유 수출 ",국제,,국제,중동·아프리카,하위없음,,
2026-09-09-단독-MBK-셰어링테크놀로지-3400억에-인수-시그널,2026-09-09,"[단독]MBK, 日 ‘셰어링테크놀로지’ 3400억에 인수[시그널]",현지 포트폴리오 히토와 통해 품어 국내 이어 日서도 광폭 투자 행보,증시,,시그널,IB&Deal,하위없음,,
2026-09-09-면세점-기준환율-한-달-만에-또-내린다-미끄러지는-환율에-경영-셈법-안갯속,2026-09-09,면세점 기준환율 한 달 만에 또 내린다…미끄러지는 환율에 경영 셈법 ‘안갯속’,10일부터 기준환율 1400원→1350원 7월 100원 인하 후 추가 인하 환율 변동폭 크고 방향전환 급격 환율 하락 효과로 백화점 가격역전은 해소 비싸게 산 재고 싸게 팔아야 해 마진부담 상승,산업,,산업,유통·생활,하위없음,,
2026-09-09-고려아연-최윤범-회장-측-백인규-후보-감사위원-선임,2026-09-09,"고려아연, 최윤범 회장 측 백인규 후보 감사위원 선임",찬성률 81.8%로 압승,산업,,산업,대기업,하위없음,,
2026-09-09-단독-온누리상품권-수술대-내년-발행-9000억-줄인다,2026-09-09,[단독] 온누리상품권 수술대…내년 발행 9000억 줄인다,"■ 중기부, 내달 제도 개편안 공개 판매 부진에 발행목표 4.6조로 관련 예산도 750억 가량 축소 디지털 할인율은 5%로 낮추되 비수도권·전통시장 환급 확대",산업,,경제,경제일반,하위없음,,
2026-09-09-직고용-후폭풍에-포스코-58년-무분규-깨졌다,2026-09-09,직고용 후폭풍에…포스코 ‘58년 무분규’ 깨졌다,"■노조, 48시간 부분파업 돌입 기본급 7.1% 인상·600% 격려금 勞 요구 1.4조로 지난해 2배 달해 사측, 올 영업익 수준 금액에 난색 “직고용發 위로금 보상심리 커진듯” 합의 불발 땐 16일 2차 부분파업",산업,,사회,노동·고용,하위없음,,
2026-09-09-삼전-보합-에도-코스피-7000-안착-2차전지-정유화학-쌍끌이-이런국장-저런주식,2026-09-09,‘삼전 보합’에도 코스피 7000 안착… 2차전지·정유화학 ‘쌍끌이’ [이런국장 저런주식],코스피 33거래일 만에 7000 넘어 삼전 보합·외인 매도 딛고 1.4%↑ 유가·금리·개인 매물 압박 속에도 2차전지·정유화학 달리며 순환매,증시,,시그널,국내증시,하위없음,,
2026-09-09-코스피-한달반-만에-7000-탈환-반도체-사이클-구조적-변화,2026-09-09,코스피 한달반 만에 7000 탈환…“반도체 사이클 구조적 변화”,중동·유가 악재에도 AI모멘텀 부각 반도체·소부장·2차전지 종목 강세 개인은 5거래일 연속 16.8조 ‘팔자’ 하이퍼스케일러와 장기 계약 늘어 업황 안정성·실적 가시성 확대 전망,증시,,시그널,국내증시,하위없음,,
2026-09-09-KRX-애프터마켓-14일-개장-오후-8시까지-2700여개-종목-실시간-거래,2026-09-09,KRX 애프터마켓 14일 개장…오후 8시까지 2700여개 종목 실시간 거래,증권사 38곳 참여…점유율 95.2% NXT와 오후 4~8시 동시 운영 ETF·ETN 제외…주식·DR 대상 가격제한폭 ±30%·VI 그대로 적용,증시,,시그널,증권일반,하위없음,,
2026-09-09-삼성-9년-숙원-풀었다-발행어음-8번째-사업자로,2026-09-09,삼성證 ‘9년 숙원’ 풀었다…발행어음 8번째 사업자로,"[금융위, 단기금융업 인가 의결] 금융당국 제재 등 심사 난관 극복 자기자본 200% 16.3조 발행 가능 2년 뒤 IMA 사업자 인가도 기대 이달내 상품 출시…업계 경쟁 가열",증시,,금융,금융일반,하위없음,,
2026-09-09-속보-권혁빈-스마일게이트-창업자-이혼-인정-법원-주식-35-재산분할,2026-09-09,[속보] 권혁빈 스마일게이트 창업자 이혼 인정…법원 “주식 35% 재산분할”,,,,사회,법조,분류없음,,
2026-09-09-주담대-4조원으로-다시-확대-수도권-주택-거래-영향,2026-09-09,주담대 4조원으로 다시 확대…수도권 주택 거래 영향,수도권 주택 거래 회복에 주담대 증가폭 확대 가계대출은 3.4조원 늘어 한 달 전보다 둔화,금융·정책,,금융,은행,하위없음,,
2026-09-09-추석-농축산물-주-2만원-할인-한도-없앤다-행사-기간-30일까지-연장,2026-09-09,추석 농축산물 ‘주 2만원’ 할인 한도 없앤다…행사 기간 30일까지 연장,■추석 민생안정대책 보완 할인지원 900억 원 추가 투입 비축 수산물 2000톤 더 공급 가공식품 4765개 품목 할인 14~22일 바가지요금 합동점검,산업,,경제,경제일반,하위없음,,
2026-09-09-단독-1조-매출-컴퓨존-매각-타진-PEF-물밑-협상-시그널,2026-09-09,[단독] ‘1조 매출’ 컴퓨존 매각 타진…PEF 물밑 협상 [시그널],대형 회계법인이 주도 창업 30년 넘은 알짜 기업 시가 2000억 부동산 포함 기업가치 6000억대 거론,증시,,시그널,IB&Deal,하위없음,,
2026-09-09-삼성전자-노조위원장-장인-회사와-조끼-계약-개인-이익-없어,2026-09-09,"삼성전자 노조위원장, 장인 회사와 조끼 계약…“개인 이익 없어”","“장인 회사, 사실…3곳 중 견적 가장 낮아” “집행부 동의 후 계약, 친족 업체 원천 배제”",산업,,산업,대기업,하위없음,,
2026-09-09-N-성과급-현금-지급-늘릴까-SK하이닉스-임단협-3주-만에-재투표,2026-09-09,"‘N% 성과급’ 현금 지급 늘릴까…SK하이닉스 임단협, 3주 만에 재투표",현금 40% 자사주 60% 비중 쟁점 10일 재교섭 후 바뀐 합의안 공개 성과급 지급 비중 변경에 관심 쏠려,산업,,산업,대기업,하위없음,,
2026-09-09-LX판토스-전세기로-계란-1120만개-들여왔다,2026-09-09,"LX판토스, 전세기로 계란 1120만개 들여왔다",전세기 10회 투입해 신선란 운송 특수 포장·적재 노하우도 활용,산업,,산업,유통·생활,하위없음,,
2026-09-09-고려아연-독립이사-4인-선임-회장-측-2명-MBK-영풍-2명,2026-09-09,"고려아연, 독립이사 4인 선임…崔회장 측 2명, MBK·영풍 2명",예상대로 독립이사 양분,산업,,산업,기업일반,하위없음,,
2026-09-09-AI-광통신-공급난-부각에-코스닥-네트워크-장비주-훨훨-줍줍리포트,2026-09-09,‘AI 광통신 공급난’ 부각에 코스닥 네트워크 장비주 ‘훨훨 [줍줍리포트],"버라이즌·코닝, AWS·퀄컴 계약 소식에 간밤 미국 네트워크 관련주 10%대 반등 국내도 코스닥 장비주 수혜 기대에 강세",증시,,시그널,국내증시,하위없음,,
2026-09-09-거래소-추석-연휴-전일-파생상품-야간거래-휴장,2026-09-09,"거래소, 추석 연휴 전일 파생상품 야간거래 휴장",23일 오후 6시~24일 오전 6시 거래 중단 “가격 급변 위험 차단…리스크 적극 관리”,증시,,시그널,증권일반,하위없음,,
2026-09-09-공모-목표전환형-펀드-상반기만-3-2조-A클래스-가입했다면-비용-손해,2026-09-09,공모 목표전환형 펀드 상반기만 3.2조…A클래스 가입했다면 비용 손해,2025년~2026년 상반기 가입자 71.8%가 A클래스 “단기 투자 땐 비용 불리”,증시,,시그널,펀드·채권,하위없음,,
2026-09-09-고려아연-이사회-12대-7-재편-감사위원은-최윤범-회장-측-선임-시그널,2026-09-09,고려아연 이사회 12대 7 재편…감사위원은 최윤범 회장 측 선임 [시그널],"경영권 두고 다투는 영풍·MBK, 최 회장 독립이사는 집중투표제 통해 2명씩 선임 이사 9명 임기 만료 내년 주총이 분수령",증시,,산업,기업일반,하위없음,,
2026-09-09-취업자-18-4만명-청년고용률-28개월째-내리막,2026-09-09,취업자 18.4만명↑...청년고용률 28개월째 내리막,■ 데이터처 8월 고용동향 취업자 2915만명...석 달째 증가폭 확대 15~64세 고융률 70.4%로 0.5%P 상승 청년 14.3만명↓...60세 이상 19.1만명↑ 제조·건설 부진 소폭 완화...숙박·음식 13,,,경제,경제일반,분류없음,,
2026-09-09-3억-주고-지분-받은-정부-디웨이브-등-양자컴-주가-일제히-상승-마켓무버,2026-09-09,3억弗 주고 지분 받은 美 정부…디웨이브 등 양자컴 주가 일제히 상승[마켓무버],퀀티넘·디웨이브·리게티 1~7%씩 올라 반도체·하드웨어 공급망 미국 내 키운다 양자컴퓨팅 사업 난제 해결…실용성 높여,국제,,시그널,해외증시,하위없음,,
2026-09-09-트럼프-관세겁박의-진화-캐나다-일부제품-초유의-수입금지-이태규의-워싱턴-플레이북,2026-09-09,트럼프 관세겁박의 진화...캐나다 일부제품 초유의 수입금지[이태규의 워싱턴 플레이북],◆이태규 특파원의 워싱턴 플레이북 캐나다 오토바이·주류·유제품 등 29일 0시 1분부터 수입금지 예고 무역법 338조 근거 “美 차별” 초강수 관세 넘어 ‘수입금지’ 카드…무역전쟁 새국면,국제,,경제,통상,하위없음,,
2026-09-09-아담스-스트리트-아시아-자문위원회-출범-시그널,2026-09-09,"아담스 스트리트, 아시아 자문위원회 출범 [시그널]",5명으로 구성 아시아 사업 성장 지원,증시,,시그널,IB&Deal,하위없음,,
2026-09-09-제이알리츠-영국-소송-패소-캐시트랩-지속-시그널,2026-09-09,"제이알리츠, 영국 소송 패소…캐시트랩 지속[시그널]",벨기에 파이낸스타워의 JLL 감정평가 유효성 인정,증시,,시그널,IB&Deal,하위없음,,
2026-09-09-특허-절벽-빅파마-K바이오에-주목-글로벌-VC-초청도-추진,2026-09-09,"“‘특허 절벽’ 빅파마, K바이오에 주목…글로벌 VC 초청도 추진”",[인터뷰] 김용우 보건산업진흥원 제약바이오사업단장 K바이오 신약물질 개발 ‘세계 3위’ 기술이전 넘어 전략적 투자 잇따라 11일까지 ‘오픈 이노베이션’ 운영 암젠·노보 등 빅파마 자회사 참여 국내기업과 맞춤형 매칭 ,산업,,산업,바이오,하위없음,,
2026-09-09-곽노정-메모리-경쟁은-이제-곡선도로-SK하닉-AI-팹-청사진도-제시,2026-09-09,"곽노정 “메모리 경쟁은 이제 곡선도로”…SK하닉, ‘AI 팹’ 청사진도 제시",AI가 라인 이상 원인·대응책 분석 가이아로 팹 생산운영 적용 준비 3D·HBM 아우른 메모리 전략 확대,산업,,산업,대기업,하위없음,,
2026-09-09-경제협력-판-넓힌다-한경협-비즈니스-라운드테이블-개최,2026-09-09,"韓-佛, 경제협력 판 넓힌다…한경협, 비즈니스 라운드테이블 개최",8일 한국-프랑스 재계 총출동 삼성전자·LS·네이버 등 참석 투자협약 등 MOU 3건도 이뤄져,산업,,경제,통상,하위없음,,
2026-09-09-경제-진짜-대도약-해보자-국회-재계-상시-협력체-가동,2026-09-09,“韓 경제 진짜 대도약 해보자”…국회·재계 상시 협력체 가동,■국회 경제대도약위원회 출범 현장 목소리 입법으로 연결 협력 조정식·최태원 공동위원장 맡아 삼성·SK 등 주요그룹 CEO 자문 조 “재계 제안 결실 맺도록 노력” 최 “국회서 국내 변수 줄여 달라”,산업,,정치,국회,하위없음,,
2026-09-09-노바티스-AOC-임상-실패에-알테오젠-목표가-Why-바이오,2026-09-09,노바티스 AOC 임상 실패에 알테오젠 목표가↓[Why 바이오],기존 54만원에서 52만원으로 “남은 AOC 2건은 개발 순항”,증시,,산업,바이오,하위없음,,
2026-09-09-구리-사상-최고가에-전력망-공급난-겹쳐-LS-그룹주-일제-급등-줍줍리포트,2026-09-09,구리 사상 최고가에 전력망 공급난 겹쳐… LS 그룹주 일제 급등 [줍줍리포트],"LME 구리 값, 사상 최고치 경신 칠레 생산 차질 겹쳐 부족 심화 LS 11%, 가온전선 16% 껑충",증시,,시그널,국내증시,하위없음,,
2026-09-09-가격-올린다-소리에-9-급등-올해만-140-오른-이-주식-머스크도-손잡았다,2026-09-09,"“가격 올린다” 소리에 9% 급등…올해만 140% 오른 ‘이 주식’, 머스크도 손잡았다",,증시,,시그널,해외증시,하위없음,,
2026-09-09-금감원-고위험-펀드-운용사-소집-심사-강화할-것,2026-09-09,"금감원, 고위험 펀드 운용사 소집…“심사 강화할 것”",이달 말 신고서 개선안 시행 핵심 위험 표준안 등 첨부해야,증시,,시그널,펀드·채권,하위없음,,
2026-09-09-속보-미군-이란-유조선-5척-격침-이란의-해군함정-공격에-대응,2026-09-09,[속보]미군 “이란 유조선 5척 격침…이란의 美해군함정 공격에 대응”,이란은 쿠웨이트·바레인 유조선에 “합법적 공격목표...대피하라” 경고 브렌트 배럴당 100달러 돌파 초읽기,국제,,국제,중동·아프리카,하위없음,,
2026-09-09-속보-트럼프-정부-조달시장서-캐나다산-퇴출-관세-재보복,2026-09-09,[속보]트럼프 “정부 조달시장서 캐나다산 퇴출” 관세 재보복,"캐나다, 미국산 표적관세 발효하자 500억달러 규모 조달시장서 배제 발표 캐나다 부당함 부각시켜 국론 결집 시도",국제,,국제,미국·중남미,하위없음,,
2026-09-09-협력문건-16건-채택-AI-방산-협력-확대-기반-마련,2026-09-09,"韓佛, 협력문건 16건 채택…AI·방산 협력 확대 기반 마련","李대통령, 마크롱 대통령과 정상회담 항공·우주산업 협력 문건도 채택 “2030년까지 교역액 200억불 목표”",,,정치,통일·외교·안보,분류없음,,
2026-09-09-국민소득-12년-만에-3만-늪-탈출-저출산-등-해결-없인-재추락-우려-Pick코노미,2026-09-09,국민소득 12년 만에 ‘3만弗 늪’ 탈출…“저출산 등 해결 없인 재추락 우려” [Pick코노미],[올해 1인당 GNI 4만弗대 유력] 설비투자 0.2%·민간소비 0.4%↑ 경제 외형 커졌지만 내수 냉기 여전 올해 성장률 두고도 시각 엇갈려 한은 “시차 두고 회복 이어질것” KDI “가계 전반 확산은 제한적”,국제,,경제,경제분석,하위없음,,
2026-09-09-저녁에-가면-더-싸다-장바구니-부담에-마감-할인-족-늘어,2026-09-09,“저녁에 가면 더 싸다”…장바구니 부담에 ‘마감 할인 족’ 늘어,"대형마트, 마감할인 품목 매출 증가세 GS25, 상반기 마감할인 매출 32%↑ 소비자 물가↑…장바구니 부담 커져 “정상가 보다 할인…‘마감할인족’ 늘어”",산업,,산업,유통·생활,하위없음,,
2026-09-09-옷-사러-왔다-화장품에-지갑-열었다-1640만명-업은-무신사의-변신-김연하의-킬링이슈,2026-09-09,옷 사러 왔다 화장품에 지갑 열었다…1640만명 업은 무신사의 변신 [김연하의 킬링이슈],무신사 뷰티 신규 구매자 10명 중 8명 패션 등서 상품 구매…‘교차 구매’ 효과 홍대 등에 뷰티 단독 매장 오픈 앞둬 올리브영 대항마로 떠오르나,산업,,산업,유통·생활,하위없음,,
2026-09-09-포스코-노조-창사-후-첫-파업-임금협상-접점-못찾아,2026-09-09,포스코 노조 창사 후 첫 파업…임금협상 접점 못찾아,오늘부터 48시간 부분파업 포항·광양 일부 라인 스톱 ‘58년 무분규’ 전통도 깨져 포스코 “생산차질 없을 것” 추가합의 불발 땐 2차 파업,산업,,사회,노동·고용,하위없음,,
2026-09-09-삼성-미스트랄-AI와-전략적-파트너십-AI-팩토리-동맹,2026-09-09,"삼성, 미스트랄 AI와 전략적 파트너십…韓·佛 ‘AI 팩토리 동맹’",한·불 정상회담 계기 양사 전략적 협력 삼성 주도로 미스트랄에 30억 유로 투자 제조 데이터 보안 지키는 ‘소버린 AI’ 적용 AI로 제조 효율 높여 반도체 초격차 확보,산업,,산업,대기업,하위없음,,
2026-09-09-7000선-못-믿는-개미-이틀간-인버스-2800억-쓸어담았다-코주부,2026-09-09,7000선 못 믿는 개미…이틀간 ‘인버스’ 2800억 쓸어담았다[코주부],곱버스·인버스에 2324억 순매수 하이닉스 2배 인버스도 503억 담아 코스피선 3조 순매도…차익실현 나서 증권가는 “반도체 강세 지속”에 무게,증시,,시그널,국내증시,하위없음,,
2026-09-09-반도체-AI-동맹-삼성-주도-미스트랄에-4-7조-투자,2026-09-09,韓·佛 “반도체·AI 동맹”…삼성 주도 미스트랄에 4.7조 투자,■ 李대통령·마크롱 정상회담 원전·방산까지 협력 확대 논의 상호군수지원 협정 체결 합의도,,,정치,통일·외교·안보,분류없음,,
2026-09-08-국방부-호르무즈-현지-상황-파악-위해-현지조사단-파견,2026-09-09,국방부 “호르무즈 현지 상황 파악 위해 현지조사단 파견”,지난 주말 UAE 출국 “실제 파병 전제 한 것 아냐” “11월 시한 파병 요청 사실 아냐”,,,정치,통일·외교·안보,분류없음,,
2026-09-08-비리-신고하고-18억-받았다-보상-더-세진다-공익신고-보상금-예산-49억-451억,2026-09-09,“비리 신고하고 18억 받았다” 보상 더 세진다…공익신고 보상금 예산 ‘49억→451억’,,,,사회,사회일반,분류없음,,
2026-09-08-오픈런-대신-마감런-고물가가-바꾼-장보기-시간,2026-09-09,오픈런 대신 ‘마감런’…고물가가 바꾼 장보기 시간,롯데마트 1분기 관련 매출 6% 증가 GS25도 상반기 전년比 32% 늘어 소비기한 임박상품 저렴하게 구매 배달 주문까지 유통채널 전반 확산,산업,,산업,유통·생활,하위없음,,
2026-09-08-총리-소비자-분야-집단소송제-도입-대규모-피해-구제,2026-09-09,韓총리 “소비자 全분야 집단소송제 도입…대규모 피해 구제”,법원 자료제출 명령제도 신설,,,정치,총리실,분류없음,,
2026-09-08-흑자전환에도-효성화학-베트남-자회사-손실누적-부담,2026-09-09,“흑자전환에도…효성화학 베트남 자회사 손실누적 부담”,"효성비나케미컬, 상반기 흑전 불구 누적손실 1.2조…유동부채 부담도 반기 검토보고서서 회계법인 지적",산업,,산업,기업일반,하위없음,,
2026-09-08-7년-14만-무상보증-르노의-파격-혜택,2026-09-09,7년·14만㎞ 무상보증…르노의 파격 혜택,필랑트·그랑 콜레오스 대상 정비 최대 20% 할인도 제공,산업,,산업,기업일반,하위없음,,
2026-09-08-IAEA-핵잠-도입-협의-의향-통보-영변-농축-가동-단계,2026-09-09,"IAEA “韓 핵잠 도입, 협의 의향 통보…北 영변 농축 가동 단계”","IAEA “韓, CSA 14조 협의 의향 통보” 핵연료 군사 이용 위한 별도 약정 절차 정부 “국제 비확산 의무 충실히 이행” 北영변 농축시설 가동 가능성도 제기돼",,,정치,통일·외교·안보,분류없음,,
2026-09-08-삼성-파운드리-시높시스와-선단공정-협업-엑시노스까지-보폭-넓힌다,2026-09-09,"삼성 파운드리, 시높시스와 ‘全 선단공정’ 협업…엑시노스까지 보폭 넓힌다",2나노 등 선단공정 전반 협업 시스템LSI 엑시노스까지 협력 HBM·첨단패키징 설계도 지원,산업,,산업,대기업,하위없음,,
2026-09-08-교도통신-일본은행-9월-금리-1-25-로-인상-방침,2026-09-09,"교도통신 “일본은행, 9월 금리 1.25%로 인상 방침”",유가 상승·엔화 약세 우려 작용 9월 금리 올리면 3개월만 인상 ‘반 년에 한 번’ 주기 빨라지는 셈,국제,,국제,일본·중국,하위없음,,
2026-09-08-변동성-장세-ETF-전략-신한-주식-60-채권-30-금-8-비트코인-2-담아라,2026-09-08,변동성 장세 ETF 전략…신한證 “주식 60%·채권 30%·금 8%·비트코인 2% 담아라”,"주식 60·채권 30으로 낮추고 금 8·비트코인 2 편입 제안 “韓 증시, 이익 전망은 견조한데 수급은 부진…PER 바닥권” 이달 최선호는 美 고배당…에너지·헬스케어 ETF도 주목",증시,,시그널,펀드·채권,하위없음,,
2026-09-08-학생-읽기-점수-3년새-14점-뚝-숏폼-시청-증가에-문해력-흔들,2026-09-08,학생 읽기 점수 3년새 14점 뚝…숏폼 시청 증가에 문해력 흔들,[국제 학업성취도 평가 결과] 싱가포르 1위…韓 5위 머물러 OECD 평균 점수도 15점 하락 긴글 논리파악 교육 강화 필요,,,사회,교육,분류없음,,
2026-09-08-칠천피-탈환-눈앞서-또-미끌-유가-금리-부담-덜어야,2026-09-08,칠천피 탈환 눈앞서 또 미끌…“유가·금리 부담 덜어야”,코스피 0.58% 내린 6954 마감 장중 7100 돌파후 막판 하락 전환 유가 급등·통상 갈등에 투심 악화 美 물가지표·금리 경계감도 부담 개인 4거래일간 14.5조 팔아치워 반도체 수요·외인 수급 회복 관건,증시,,시그널,국내증시,하위없음,,
2026-09-08-대미-투자-3500억달러-넘게-요구-정부-사업-금액-조율,2026-09-08,"美, 대미 투자 3500억달러 넘게 요구…정부, 사업·금액 조율","산업부, 한미 전략투자 내용 국회에 보고 엔시날·원전·알래스카 LNG 사업 협의 엔시날 투자액 220억달러 수준 조정 “2개 반영할지 3개 모두 넣을지 막판 절충”",,,경제,통상,분류없음,,
2026-09-08-AI-로봇-수요-급증-KB-DB하이텍-목표가-20만-원으로-이런국장-저런주식,2026-09-08,"“中 AI·로봇 수요 급증”…KB證, DB하이텍 목표가 20만 원으로↑[이런국장 저런주식]",목표가 17만→20만 원…상승여력 98% 3분기 영업익 1208억…컨센서스 상회 전망 8인치 파운드리 풀가동·두 차례 가격 인상 “공급 부족 지속…연내 3차 인상 가능성”,증시,,시그널,국내증시,하위없음,,
2026-09-08-국민소득-12년-만에-3만-늪-탈출-잠재성장률-상승-이어져야,2026-09-08,국민소득 12년 만에 ‘3만弗 늪’ 탈출…“잠재성장률 상승 이어져야”,[올해 1인당 GNI 4만弗대 유력] 설비투자 0.2%·민간소비 0.4%↑ 경제 외형 커졌지만 내수 제자리 저출산 등 해결 없인 재추락 우려 향후 성장세 두고는 시각 엇갈려 한은 “시차 두고 회복 이어질것” KDI ,국제,,경제,경제분석,하위없음,,
2026-09-08-단독-미래에셋운용-서-K반도체-ETF-첫선,2026-09-08,"[단독] 미래에셋운용, 日서 ‘K반도체 ETF’ 첫선",글로벌 X 재팬 ‘韓 반도체 TOP10’ 9일 상장 삼전·닉스 50% 집중…밸류체인 전반 편입 국내 상품 활용해 글로벌 ETF 영토 확장,증시,,시그널,펀드·채권,하위없음,,
2026-09-08-물-들어오니-곳곳서-빨대만-325조-쥐고도-M-A-구경꾼-신세-시그널,2026-09-08,“물 들어오니 곳곳서 빨대만”…325조 쥐고도 M&A 구경꾼 신세[시그널],[제조업 G3 지금이 기회다] M&A도 투자다 최대실적에도 배당·성과급만 늘고 투자실패 리스크에 의사결정도 지연 압도적 자금력이 빅딜로 못 이어져 “넥스트 반도체 키울 골든타임 놓쳐 3~5년 뒤엔 주력산업 실종될 수,증시,,시그널,IB&Deal,하위없음,,
2026-09-08-이소영-중기장관-후보-자영업자-비용-구조-개선-로드맵-짤-것,2026-09-08,이소영 중기장관 후보 “자영업자 비용 구조 개선 로드맵 짤 것”,소상공인연합회 찾아 업계 의견 청취 후원금 의혹엔 “모욕감 든다” 반박,산업,,정치,청와대,하위없음,,
2026-09-08-홈플러스-회생-인가에도-자금난-퇴직급여-지급-연기,2026-09-08,"홈플러스, 회생 인가에도 자금난…퇴직급여 지급 연기",,산업,,산업,유통·생활,하위없음,,
2026-09-08-삼성-ASML과-차세대-EUV-마스크-만든다,2026-09-08,"삼성, ASML과 차세대 EUV 마스크 만든다",■12인치 포토마스크 컨소 참여 기존 면적의 4배 대형 마스크로 생산 시간 단축·원가절감 기대 2028년 D램 양산에 적용 이후 1.4나노 선단 파운드리 도입도,산업,,산업,대기업,하위없음,,
2026-09-08-한화오션-태국서-6800억-호위함-수주-최대-4조-부푼-꿈,2026-09-08,"한화오션, 태국서 6800억 호위함 수주…최대 4조 ‘부푼 꿈’",泰해군 차기 호위함 사업에 4000톤급 ‘오션-40F’ 낙점 후속 발주 합쳐 ‘잭팟’ 예고,산업,,산업,대기업,하위없음,,
2026-09-08-반도체-불씨-살린-GPT-6-상위-1-SK하닉-삼전-쓸어담았다-주식초고수는-지금,2026-09-08,"반도체株 불씨 살린 ‘GPT-6’…상위 1%, SK하닉·삼전 쓸어담았다[주식초고수는 지금]",[미래에셋증권 집계] SK하이닉스·삼성전자 순매수 1·2위 9월 반도체 수익률 5.2%…AI 수요 기대 재점화 고금리 부담에 알테오젠은 순매도 1위,증시,,시그널,국내증시,하위없음,,
2026-09-08-실적-눈높이-껑충-화학-건설-보험-시선끄네,2026-09-08,실적 눈높이 껑충…화학·건설·보험株 시선끄네,올해·내년 순이익 전망치 동반상향 AI·원전·금리 등 업종별 재료 뚜렷 코스피 전체 증가율은 한달새 8%P↓ “수익성 개선 업종 선별해야”,증시,,시그널,국내증시,하위없음,,
2026-09-08-인재-시급한데-연공서열-덫-걸린-기업들,2026-09-08,인재 시급한데…연공서열 덫 걸린 기업들,"■ 압축전환 대한민국 30년차 근로자 임금, 신입의 3배 경직된 임금체계, 인력 유치 걸림돌",,,사회,노동·고용,분류없음,,
2026-09-08-LS-중동전쟁에-발목-한전-목표가-4만-8000원으로-코주부,2026-09-08,LS證 “중동전쟁에 발목…한전 목표가 4만 8000원으로↓”[코주부],두바이유 100달러 돌파…3분기 비용 부담↑ 올 영업익 8.1조…전년比 40% 감소 전망 AI·반도체 전력수요 39.7GW 추가 필요 “국내외 원전·전력망 투자는 장기 성장축”,증시,,시그널,국내증시,하위없음,,
2026-09-08-명목-GDP-47년만에-최고-올해-국민소득-4만-유력,2026-09-08,명목 GDP 47년만에 최고…“올해 국민소득 4만弗 유력”,■ 한은 2분기 국민소득 설명회 반도체 호황에 원화 강세 겹쳐 기업 총영업잉여 전년比 48% 급증…명목 GDP 26%↑ GNI 4만弗 진입 2년 앞당겨질 듯,국제,,경제,경제분석,하위없음,,
2026-09-08-10대-그룹-2년간-17-사업-처분-미래-투자보다-리밸런싱-치우쳐-시그널,2026-09-08,"10대 그룹, 2년간 17兆 사업 처분…미래 투자보다 리밸런싱 치우쳐 [시그널]",[제조업 G3 지금이 기회다] M&A도 투자다 SK 등 경영권 매각 18건 달해 비핵심 자산 정리에 역량 집중 신규 투자는 1조 지분거래 그쳐,증시,,시그널,IB&Deal,하위없음,,
2026-09-08-부실대-2029년부터-유학생-못-뽑는다,2026-09-08,부실대 2029년부터 유학생 못 뽑는다,"교육부, 규모 확대서 질 관리로 전환 문제 일으킨 대학 매년 10곳 선정 점검",,,사회,교육,분류없음,,
2026-09-08-단독-의무공개매수-위반시-강제매각-전체-지분-25-초과분-완화,2026-09-08,[단독]의무공개매수 위반시 강제매각 ‘전체 지분→25% 초과분’ 완화,금융위 “최소한의 경영권 행사는 보장”,,,시그널,증권일반,분류없음,,
2026-09-08-주-6회꼴-병원-가면-본인부담-90-내년부터-과잉진료-관리-강화,2026-09-08,주 6회꼴 병원 가면 본인부담 90%…내년부터 ‘과잉진료’ 관리 강화,의료기관서 환자 진료 내역 확인 추진 직장 가입자 추가 보험료 분할 납부 가능,,,사회,사회일반,분류없음,,
2026-09-08-8000억-보장-확대-희귀-중증난치-부담-낮춘다,2026-09-08,8000억 보장 확대…희귀·중증난치 부담 낮춘다,"■2027년 건보료율 7.19%로 동결 복지부, 제15차 건강보험정책심의위원회서 의결 이형훈 2차관 “반도체 호황에 보험료 수입 증가 예상” ‘건보 보장 1단계 혁신방안’, 수혜 환자만 197만명 65세 이상 노인에",산업,,사회,사회일반,하위없음,,
2026-09-08-세계는-2조-메가딜-은-밸류업만-시그널,2026-09-08,세계는 2조弗 메가딜…韓은 밸류업만[시그널],■ 제조업 G3 지금이 기회다 스페이스X 애니스피어에 600억弗 구글도 320억弗 투입해 위즈 인수 AI 확산·에너지 전환이 흐름 주도 “韓은 빅딜 실종…과감한 투자 필요”,증시,,시그널,IB&Deal,하위없음,,
2026-09-08-통합-한유원-공영홈쇼핑-중소기업마케팅진흥공사-된다,2026-09-08,"‘통합’ 한유원·공영홈쇼핑, 중소기업마케팅진흥공사 된다",한국창업보육협회는 창진원으로 통합,산업,,산업,중기·IT,하위없음,,
2026-09-08-점주-10-에-협의권-가맹사업법-시행령-보완해야,2026-09-08,“점주 10%에 협의권…가맹사업법 시행령 보완해야”,프랜차이즈協 간담회서 강력 촉구 대표성 부족…등록 기준 높여야 외부인 개입땐 기밀 유출 우려도,산업,,산업,유통·생활,하위없음,,
2026-09-08-삼성전자-유럽-AI기업에-대규모-투자-미스트랄-30억유로-유치,2026-09-08,"삼성전자, 유럽 AI기업에 대규모 투자...‘미스트랄’ 30억유로 유치",기업가치 210억 유로 평가…삼성 시리즈D 주도 오픈웨이트·소버린 AI로 세계 시장 공략 나서,산업,,산업,투자·재무,하위없음,,
2026-09-08-대한항공-조종사노조-10년-만에-파업하나-아시아나와-서열-갈등,2026-09-08,"대한항공 조종사노조, 10년 만에 파업하나...아시아나와 서열 갈등↑","1000시간 vs 300시간 채용 기준 차 존재 사측 “격차 충분히 반영, 불이익 전혀 없다” 노조 “일방적인 안…노사가 같이 논의해야”",산업,,산업,기업일반,하위없음,,
2026-09-08-백화점-동반-강세-인바운드-고가소비에-연말-더-좋다,2026-09-08,백화점株 동반 강세…證 “인바운드·고가소비에 연말 더 좋다”,롯데쇼핑 6.68%·현대百 4.50%↑ 외국인 소비 늘고 고가품 수요도 확대 점포 확장·연말 소득효과까지 기대감,증시,,시그널,국내증시,하위없음,,
2026-09-08-삼정KPMG-VC-투자-회복에-IPO-비중-실적이-관건-시그널,2026-09-08,삼정KPMG “VC 투자 회복에 IPO 비중↑…실적이 관건” [시그널],‘VC 투자로 읽는 IPO 시장 트렌드’ 발간 상반기 신규 투자 56.2% 증가 IPO 통한 투자회수 비중 37.9%,증시,,시그널,IB&Deal,하위없음,,
2026-09-08-코스피-7000선-탈환-실패-유가-통상-리스크에-6950선-마감-마켓시그널,2026-09-08,코스피 7000선 탈환 실패…유가·통상 리스크에 6950선 마감[마켓시그널],장중 7171.52까지 상승…장 후반 들어 급반락 외국인·기관 1.3조 순매수에도 7000선 내줘 개인 3조 넘게 순매도…차익실현 물량 출회 하이닉스 장중 180만원 회복…종가 179만3000원 중동 긴장·美캐나다 ,증시,,시그널,국내증시,하위없음,,
2026-09-08-가산금리-3분의-1토막-개인용-국채-넉달-연속-청약-미달되나-코주부,2026-09-08,"가산금리 3분의 1토막…개인용 국채, 넉달 연속 청약 미달되나 [코주부]",5년물 0.1%·10년물 0.35% 올 6월 기점으로 지속적 하락 높아진 시중금리에 투자 매력↓ 10·20년물은 합산금리도 줄어 퇴직연금 자산 배분은 고려할 만,증시,,시그널,펀드·채권,하위없음,,
2026-09-08-교육부-유학생-장사-제동-건다-부실대는-2029년부터-유치-제한,2026-09-08,"교육부, ‘유학생 장사’ 제동 건다…부실대는 2029년부터 유치 제한","외국인 유학생 30만명 시대 맞아 정부, 양적 확대서 질 관리로 전환 문제 대학 매년 10곳 현장점검",,,사회,교육,분류없음,,
2026-09-08-국내-자동차-업체-추석-특별-무상점검-서비스-실시,2026-09-08,"국내 자동차 업체, 추석 특별 무상점검 서비스 실시","21~23일 현대차·기아, 한국지엠, KGM 17~23일 르노코리아 진행",산업,,산업,기업일반,하위없음,,
2026-09-08-포스코-4800억-들여-자동차용-도금강판-공장-짓는다,2026-09-08,"포스코, 4800억 들여 자동차용 도금강판 공장 짓는다",年 45만톤 규모 8CGL 착공 도금강판 공장 신설은 9년만 전기로 연계 탄소 배출 줄여 AI·로봇 기술로 생산성 향상,산업,,산업,대기업,하위없음,,
2026-09-08-한국인들-편의점서-월-10만원-쓴다-한-번에-6000원씩-긁더니-4개사-결제액-3-7조,2026-09-08,"“한국인들, 편의점서 월 10만원 쓴다”…한 번에 6000원씩 긁더니 4개사 결제액 ‘3.7조’",,산업,,금융,카드,하위없음,,
2026-09-08-프랜차이즈-10-점주가-전체-대표하나-협의-남발-분쟁-반복-우려,2026-09-08,"프랜차이즈協 “10% 점주가 전체 대표하나…협의 남발, 분쟁 반복 우려”",공정위 가맹사업법 시행령 전면 보완 촉구 “10% 등록 기준으론 점주 대표성 부족해” 영세 가맹본부 협상비용 연 4300만원 추산 “외부인 개입 레시피 등 영업 기밀 유출도”,산업,,산업,유통·생활,하위없음,,
2026-09-08-불붙은-탈모-신약-기대감-7거래일-새-60-넘게-뛴-탈모-이런국장-저런주식,2026-09-08,불붙은 ‘탈모 신약’ 기대감…7거래일 새 60% 넘게 뛴 ‘탈모株’[이런국장 저런주식],JW신약 2300→3840원 67% 급등 현대약품 61%·삼익제약 58% 올라 美 탈모 신약株 급등에 국내 테마 확산,증시,,시그널,국내증시,하위없음,,
2026-09-08-아스트라-반도체-훈풍-이어지나-코스피-7000선-회복-마켓시그널,2026-09-08,‘아스트라發’ 반도체 훈풍 이어지나…코스피 7000선 회복[마켓시그널],7045.79로 출발…코스닥도 0.35% 상승 삼성전자·SK하이닉스 장 초반 동반 강세 외국인 603억 순매도…기관도 매도 우위 “되돌림 구간 외국인 매수 연속성이 관건”,증시,,시그널,국내증시,하위없음,,
2026-09-08-이러다-한국처럼-될라-빚내서-주식-샀다가-와르르-도-빚투-폭탄-경고등,2026-09-08,“이러다 한국처럼 될라” 빚내서 주식 샀다가 와르르…中·日도 ‘빚투 폭탄’ 경고등,코스피 한 달여 만에 39% 급락 中·日·印 신용융자 잔고도 급증 각국 규제에도 레버리지 위험 여전,증시,,시그널,해외증시,하위없음,,
2026-09-08-19년-만에-서울-찾은-세계폐암학회-루닛-유한-등-출격,2026-09-08,19년 만에 서울 찾은 세계폐암학회…루닛·유한 등 출격,12일부터 15일까지 코엑스서 개최 국내 의료AI·신약 연구 성과 공개돼,증시,,산업,바이오,하위없음,,
2026-09-08-GDP-디플레이터-21-9-45년-만에-최고-명목-GDP-26-4,2026-09-08,"GDP 디플레이터 21.9%…45년 만에 최고, 명목 GDP 26.4%↑",실질 GDP 전기비 0.6%로 속보치와 동일 수출가격 급등에 디플레이터 21.9%…내수 디플레이터는 3.6% 명목 GDP 전년비 26.4%↑…실질 GNI도 15.6% 증가,국제,,경제,경제분석,하위없음,,
2026-09-08-건보료-또-오르나-의협-동결-안돼-vs-서민-인상-불가,2026-09-08,"건보료, 또 오르나…의협 ‘동결 안돼’ vs 서민 ‘인상 불가’","건정심 오늘 내년도 건보료율 결정 고물가·경기침체 속 ‘동결’ 힘 실려 의협 “지속 가능성...적정 보험료율” 소상공인 ‘사실상 서민증세, 동결을’ 담뱃세 인상 논의로 이어지나 관심",문화,,사회,사회일반,하위없음,,
2026-09-08-HMM-브라질-광산업체와-4-7조-장기운송계약,2026-09-08,"HMM, 브라질 광산업체와 4.7조 장기운송계약",21만톤급 벌크선 8척 투입 2030년부터 척당 25년간 벌크부문 선대 합리화 성과,산업,,산업,기업일반,하위없음,,
2026-09-08-롯데슈퍼도-1시간-배송-참전-SSM-퀵커머스-경쟁-확산,2026-09-08,롯데슈퍼도 ‘1시간 배송’ 참전…SSM 퀵커머스 경쟁 확산,"쿠팡이츠 손잡고 170개 점 신선식품 등 3000 여종 대상 SSM, 퀵커머스 두자릿수 성장 상품 개발 등 서비스 강화 바람",산업,,산업,유통·생활,하위없음,,
2026-09-08-잘-나가는-K뷰티에-올라타자-글로벌-화장품-유통채널도-K뷰티-마케팅,2026-09-08,“잘 나가는 K뷰티에 올라타자”…글로벌 화장품·美 유통채널도 ‘K뷰티 마케팅’,"YSL 뷰티, ‘코리안 기술’ 전면에 로레알은 “코리안 뷰티에서 영감 받아” 얼타뷰티, 실적 가이던스 높이고 세포라는 전용 매대까지 마련 나서",산업,,산업,유통·생활,하위없음,,
2026-09-08-6억-성과급에-70만원-주거비까지-삼성전자-부정수급-의혹-조사-착수,2026-09-08,"6억 성과급에 月 70만원 주거비까지?…삼성전자, ‘부정수급’ 의혹 조사 착수",,산업,,산업,대기업,하위없음,,
2026-09-08-상폐-앞둔-카프로-정리매매-첫날-90-대-폭락-코주부,2026-09-08,"상폐 앞둔 카프로, 정리매매 첫날 90%대 ‘폭락’[코주부]",52년 만에 증시 퇴장 수순 16일까지 정리매매 후 상폐 가격제한폭 없어 변동성 주의,증시,,시그널,국내증시,하위없음,,
2026-09-08-영풍-MBK-고려아연-투자-엔터-손실-규모-290억-390억-시그널,2026-09-08,영풍·MBK “고려아연 투자 엔터社 손실 규모 290억→390억”[시그널],고려아연 출자 펀드 ‘포커스이엔지’ 100억 투자 이후 아크미디어와 합병 “회수 불가능 금액 늘어”,증시,,시그널,IB&Deal,하위없음,,
2026-09-08-대미투자-1200억-원전-기대에-한전기술-12-한전-3-이런국장-저런주식,2026-09-08,대미투자 1200억弗 ‘원전行’ 기대에…한전기술 12%·한전 3%↑[이런국장 저런주식],한전기술 장중 14만3100원까지 급등 美 대형원전 최대 8기 건설안 협상 관측 두산에너빌리티·한전KPS도 동반 강세,증시,,시그널,국내증시,하위없음,,
2026-09-08-속보-코스피-장중-7000선-돌파-15거래일-만,2026-09-08,[속보]코스피 장중 7000선 돌파…15거래일 만,,증시,,시그널,국내증시,하위없음,,
2026-09-08-사설-대미투자-1호-확정-한미-통상-안보-실타래-풀-전기-되길,2026-09-08,"[사설] 대미투자 1호 확정, 한미 통상·안보 실타래 풀 전기 되길",,,,경제,통상,분류없음,,
2026-09-08-환율-추가하락-전망에-연쇄-달러-매도-Pick코노미,2026-09-08,환율 추가하락 전망에 연쇄 달러 매도 [Pick코노미],■원·달러 연중 최저점 찍어 엔화 강세·수출기업 달러 매도 영향 두달 전 고점 대비 220원 이상 급락,국제,,금융,금융일반,하위없음,,
2026-09-08-미국에-원전-8기-건설-1호-프로젝트는-LNG발전-Pick코노미,2026-09-08,미국에 원전 8기 건설…1호 프로젝트는 LNG발전[Pick코노미],■합의점 찾은 대미투자 대형 원전 8기에 161조원 필요 최소 2기는 APR-1400 짓기로 구체 일정·지역·부품조달 ‘변수’ 1호 LNG발전도 美압박에 증액 기존 168억弗서 223억弗로 늘어,,,경제,통상,분류없음,,
2026-09-08-프리미엄TV-시장-쥔-삼성-LG디스플레이-소니에-OLED-패널-공급,2026-09-08,"日 프리미엄TV 시장 쥔 삼성·LG디스플레이, 소니에 OLED 패널 공급",삼성은 QD-OLED로 최상위 공략 LG는 WOLED로 중대형 제품 공급 한국산 패널이 日 프리미엄TV 핵심,산업,,산업,대기업,하위없음,,
2026-09-08-CAR-T-부작용에-임상중단-면역반응-제어-플랫폼에-주목,2026-09-08,CAR-T 부작용에 임상중단…면역반응 제어 플랫폼에 주목,"노바티스 임상서 환자 사망 사고 티카로스는 구조개선해 안전 제고 앱클론, 스위치 물질로 투여 조절 대안으로 인비보 CAR-T 거론",산업,,산업,바이오,하위없음,,
2026-09-08-삼성-휴머노이드-개발-진용-갖췄다-내년-CES-출격-biz-플러스,2026-09-08,삼성 휴머노이드 개발 진용 갖췄다…내년 CES 출격 [biz-플러스],"윤장현 DX부문 CTO RX사업실 개발팀장 겸임 총괄조직 지휘체계 완성 내년 CES서 시제품 공개 中, 올해 시장 97% 선점",산업,,산업,대기업,하위없음,,
2026-09-08-K-브랜드-해외-출격-중기부-188개-기업-수출-지원,2026-09-08,"K-브랜드 해외 출격…중기부, 188개 기업 수출 지원",K-수출전략품목 육성사업 지원 대상 선정 코코도르·파켓 등 K-소비재 글로벌 육성,산업,,산업,중기·IT,하위없음,,
2026-09-08-코스피-7000선-다시-넘보는데-증권사는-울상-코주부,2026-09-08,코스피 7000선 다시 넘보는데…증권사는 ‘울상’[코주부],"지친 개미들 증시 이탈 조짐…예탁금 93.5조원, 1월 이후 최저 거래 위축에 증권업 3분기 영업익 전망 한 달 새 14.96% 하향 현금은 빠지는데 ‘빚투’는 증가…신용융자·미수거래 동반 확대",증시,,시그널,국내증시,하위없음,,
2026-09-08-단독-생보-빅4-올해-국공채-투자-14조-줄였다,2026-09-08,"[단독]생보 빅4, 올해 국공채 투자 14조 줄였다",■ 큰 손 빠진 채권시장 6월 말 기준 투자 잔액 151.3조 증시 호황에 주식 1년새 140조 ↑ 금리 상승기 시장 불안 더 커져,금융·정책,,시그널,펀드·채권,하위없음,,
2026-09-07-유한양행-노바티스-두드러기약-랩시도-국내-유통-맡는다,2026-09-08,"유한양행, 노바티스 두드러기약 ‘랩시도’ 국내 유통 맡는다",경구용 BTK 억제제…올 4월 국내 품목허가 종합병원은 노바티스·병의원은 유한양행 담당 ‘레시게르셉트’ 임상 병행…신약 전주기 역량 강화,산업,,산업,바이오,하위없음,,
2026-09-07-롯데슈퍼도-참전-판-커지는-SSM-퀵커머스,2026-09-08,롯데슈퍼도 참전…판 커지는 SSM 퀵커머스,"신선식품 등 약 3000여종 대상 전국 170여 개 매장에서 시행 SSM 매출 감소 속 퀵커머스 급성장 GS더프레시, 전용상품 개발 등 경쟁 활발",산업,,산업,유통·생활,하위없음,,
2026-09-07-셀트리온-키트루다-정조준-FDA서-시밀러-3상-승인,2026-09-08,"셀트리온, 키트루다 ‘정조준’…FDA서 시밀러 3상 승인",다잘렉스는 식약처서 3상 승인,산업,,산업,바이오,하위없음,,
2026-09-07-세계로-뻗는-K뷰티-규제-협력도-속도-12개국-한자리에,2026-09-08,"세계로 뻗는 K뷰티, 규제 협력도 속도…12개국 한자리에","서울서 ‘화장품의 날’ 기념식 개최 서경배 “K뷰티, 글로벌 뷰티 산업 선도할 것” 윤상현 “한국형 뷰티 생태계가 성장 원동력” 식약처, 세계 최초 화장품 규제기관장 협의체 출범",산업,,산업,유통·생활,하위없음,,
2026-09-07-CJ제일제당-전분당-몸값-1000억-낮춰-판다-시그널,2026-09-07,"CJ제일제당, 전분당 몸값 1000억 낮춰 판다[시그널]",매각 희망가 2000억 책정 문턱 낮춰 매각 작업 속도 담합 적발 등 리스크 상쇄,증시,,시그널,IB&Deal,하위없음,,
2026-09-07-에-원전-8기-건설-대미투자-1호는-LNG-발전소,2026-09-07,美에 원전 8기 건설…대미투자 1호는 LNG 발전소,■ 이르면 18일 합의문 서명 원전 1기당 150억弗 규모 달해 2000억弗 투자 상당 부분 해결,,,경제,통상,분류없음,,
2026-09-07-투자의-창-배터리의-다음-승부처,2026-09-07,[투자의 창] 배터리의 다음 승부처,■길태민 EY-파르테논 파트너,증시,,산업,기업일반,하위없음,,
2026-09-07-270만원-넣었는데-60억원-됐다-14년-만에-되찾은-비트코인-초대박,2026-09-07,“270만원 넣었는데 60억원 됐다”…14년 만에 되찾은 비트코인 ‘초대박’,,증시,,금융,가상자산,하위없음,,
2026-09-07-국민연금-가점-받자-전주행-줄잇지만-운용사-사무실은-텅텅,2026-09-07,“국민연금 가점 받자” 전주행 줄잇지만…운용사 사무실은 ‘텅텅’,위탁운용 972.4조…유치경쟁 치열 외형적 거점 확보에는 속도내지만 실질적 근무체계 구축은 아직 더뎌 1명안팎 운영…내근직원 없는 곳도 상당수가 ‘연락 사무소’ 역할 그쳐,증시,,시그널,펀드·채권,하위없음,,
2026-09-07-대통령-5년간-영화-영상산업에-8000억씩-투자-뤼미에르-선언-채택,2026-09-07,李대통령 “5년간 영화·영상산업에 8000억씩 투자”…‘뤼미에르 선언’ 채택,"■뤼미에르 서밋 개막연설 “로컬과 글로벌 상생, 영화·영상산업 제1원칙으로” 마크롱 “AI, 가능성과 동시에 우려…두려워해선 안돼”",문화,,문화,영화·미디어,하위없음,,
2026-09-07-초대-중수청장-후보에-출신-김지용,2026-09-07,초대 중수청장 후보에 檢 출신 김지용,"행안장관, 대통령에 임명 제청",,,정치,정치일반,분류없음,,
2026-09-07-웨이모-한국에-진출하고-싶다-아이오닉5-운행-검증,2026-09-07,웨이모 “한국에 진출하고 싶다”…아이오닉5 운행 검증,모빌리티 콘퍼런스서 공식화 7월 국내법인 설립후 가속도 구체적 사업 계획은 미정,산업,,산업,중기·IT,하위없음,,
2026-09-07-보증금-떼먹은-임대인-HUG-등-전세보증-가입-막힌다,2026-09-07,‘보증금 떼먹은 임대인’ HUG 등 전세보증 가입 막힌다,"HUG·HF·SGI, 내달부터 정보 공유 해당 임대인 소유 주택 보증도 제한",부동산,,부동산,정책,하위없음,,
2026-09-07-애플-참전에-급성장-폴더블폰-누적-1억대-팔린다,2026-09-07,애플 참전에 급성장…폴더블폰 누적 1억대 팔린다,아이폰 첫 폴더블 출시에 출하량 매년 20~30%대↑ 애플 점유율 40% 달할듯,산업,,산업,중기·IT,하위없음,,
2026-09-07-한화-K9-이어-다층-방공망-유럽-수출-추진,2026-09-07,"한화, K9 이어 ‘다층 방공망’ 유럽 수출 추진","유럽 최대 방산전시 MSPO서 협의 한화에어로·시스템 통합 부스 구축 L-SAM·H-SHORAD 등 전면에 레이저 대공무기 ‘천광’도 공개 LIG D&A, 천궁-II·KGGB로 승부",산업,,산업,대기업,하위없음,,
2026-09-07-환율-연중-최저점-터치-국민연금-환헤지-중단,2026-09-07,환율 연중 최저점 터치…국민연금 환헤지 중단,장중 1334원 1년 11개월來 최저 달러 매수세 유입에 낙폭은 줄어,국제,,경제,경제일반,하위없음,,
2026-09-07-무신사-상장-예비심사-청구,2026-09-07,"무신사, 상장 예비심사 청구",,산업,,시그널,국내증시,하위없음,,
2026-09-07-이란-압박에-반대론-호르무즈-파병-셈법-복잡해진-정부,2026-09-07,美·이란 압박에 與 반대론…호르무즈 파병 셈법 복잡해진 정부,美백악관 “韓 자원 투입 기다려” 공개 촉구 이란 측 “파병 땐 적 간주”…민간시설도 위협 與 내부서도 반대 목소리 “국익 어긋나”,,,정치,통일·외교·안보,분류없음,,
2026-09-07-비상장주식-사기-안-당하려면-다트-부터-열어-검색해봐야,2026-09-07,비상장주식 사기 안 당하려면…‘다트’부터 열어 검색해봐야,금감원 투자자 유의사항 안내 “작은 의심도 한 번 더 확인”,증시,,시그널,증권일반,하위없음,,
2026-09-07-참정권-보호-막중한-책임감-선관위-12개-의혹-원점-수사,2026-09-07,“참정권 보호 막중한 책임감”…선관위 12개 의혹 원점 수사,■선관위 특검 출범 올림픽공원 개표소 현장검증 추진 8일 서민위 대표 소환조사 예정 법무부와 검사 5명 추가파견 협의,,,사회,법조,분류없음,,
2026-09-07-주가-78-떨어지더니-결국-퇴출-18년-만에-차트-아웃-된-스포츠-제국-나이키,2026-09-07,주가 78% 떨어지더니 결국 퇴출…18년 만에 ‘차트 아웃’된 스포츠 제국 ‘나이키’,,증시,,국제,미국·중남미,하위없음,,
2026-09-07-단독-캠코-올해-부채비율-350-잇단-빚탕감에-건전성-빨간불,2026-09-07,"[단독]캠코, 올해 부채비율 350%…잇단 빚탕감에 건전성 ‘빨간불’",[2026~2030 재무관리계획] 새출발기금 확대로 공사채 발행 ↑ 총 부채액 6년새 4배 늘어 15.6조 내년 신규 소상공인 채무조정까지 향후 부채규모 더 늘어날 가능성도,금융·정책,,금융,금융일반,하위없음,,
2026-09-07-명령어-몇-개면-45분만에-3D게임-완성-아스트라-모멘트-온다,2026-09-07,명령어 몇 개면 45분만에 3D게임 완성…“아스트라 모멘트 온다”,■ 오픈AI 차세대 모델 띄운 젠슨 황 반복 재연산으로 추론·논리력↑ 목표달성까지 자체 업무 수행도 토큰값 내렸지만 사용량은 급증 “차기 모델엔 GPU 40만장 쓸 것”,증시,,산업,중기·IT,하위없음,,
2026-09-07-국민연금-고려아연-주총서-중립-표-던진다-감사위원-모두-찬성-시그널,2026-09-07,"국민연금, 고려아연 주총서 ‘중립’ 표 던진다…감사위원 모두 찬성[시그널]",집중투표제 의결권 영풍·MBK vs 최윤범 추천 후보 모두에 찬성 표,증시,,시그널,국내증시,하위없음,,
2026-09-07-압박에-LNG발전소-투자금-증액-원전도-패키지-포함될-듯,2026-09-07,美 압박에 LNG발전소 투자금 증액…원전도 패키지 포함될 듯,"■대미투자 1호 프로젝트 낙점 美, 막판 용수 인프라 비용 등 요구 기존 168억弗서 223억弗로 늘어 합의문에 ‘원전 최대 8기’ 반영 전망",,,경제,통상,분류없음,,
2026-09-07-환율-추가하락-전망에-도미노-달러-매도-당국-당분간-속도조절,2026-09-07,"환율 추가하락 전망에 도미노 달러 매도…당국, 당분간 속도조절",■원·달러 연중 최저점 터치 엔화 강세·수출대금 환전 맞물려 두달 전 고점 대비 220원 이상 급락 국민연금 환헤지 조정해 쏠림 완화 무역수지 흑자 등 달러 수요 여전 전문가들 “중장기 하락 방향 예상”,국제,,경제,경제일반,하위없음,,
2026-09-07-고려아연-주총-앞두고-3-룰-동상이몽-한화-최대-표심-부상-시그널,2026-09-07,"고려아연 주총 앞두고 3%룰 동상이몽…한화, 최대 표심 부상[시그널]","감사위원 분리 선출 표대결 최대주주 특관인 포함 범위 두고 영풍·MBK vs 최윤범 물밑 신경전 한화, 계열사 3곳이 지분 나눠 보유 총 5.8% 의결권 행사 가능할 듯",증시,,시그널,국내증시,하위없음,,
2026-09-07-대통령도-지적한-배달앱-시장-요기요-매각-신호탄-되나-시그널,2026-09-07,李 대통령도 지적한 배달앱 시장…‘요기요 매각’ 신호탄 되나 [시그널],배민·쿠팡이츠 양강 구도 속 사실상 독과점 현상 지적 IB들 벌써부터 원매자 물색 ‘제3경쟁자’ 대안 가능성 부상,산업,,시그널,IB&Deal,하위없음,,
2026-09-07-삼성-70년-전통-공채-스타트-반도체-AI-통합형-인재-확보,2026-09-07,삼성 ‘70년 전통’ 공채 스타트…반도체·AI 통합형 인재 확보,전자·물산 등 19개사 6000명 모집 15일까지 접수…10월 GSAT 예정 이재용 “양질의 일자리 창출” 약속 2030년까지 6만명 신규채용 방침,산업,,산업,대기업,하위없음,,
2026-09-07-억대-연봉-자사주까지-외국계-반도체-K인재-쟁탈전,2026-09-07,억대 연봉·자사주까지…외국계 반도체 ‘K인재 쟁탈전’,램리서치 자사주 4700만원 주고 마이크론은 美 메가팹 근무 혜택 TEL·ASML 저연차에 1억 지급 2030년 인력 100만명 부족 관측 내년 인센티브 경쟁 치열해질 듯,산업,,산업,대기업,하위없음,,
2026-09-07-단독-삼성-휴머노이드-내년-CES서-첫선,2026-09-07,"[단독] 삼성 휴머노이드, 내년 CES서 첫선","■ 피지컬 AI 속도전 RX실 주도로 시제품 개발 박차 윤장현 CTO, HW·AI SW 총괄 레인보우는 산업용 집중 투트랙 휴머노이드 시장 주도권 경쟁 격화",산업,,산업,대기업,하위없음,,
2026-09-07-설계부터-AI-심어-삼성봇-개발-단축-2034년-222조-시장-주도권-쥔다,2026-09-07,설계부터 AI 심어 ‘삼성봇’ 개발 단축…2034년 222조 시장 주도권 쥔다,[삼성 휴머노이드 내년 CES서 공개] 반도체·가전 공장에서 기술 실증 대규모 데이터 수집 기지로 활용 로봇손·고관절 핵심 특허도 출원 몸·두뇌 동시 개발 경쟁우위 확보 AI·스마트홈 등 융합 생태계 완성,산업,,산업,대기업,하위없음,,
2026-09-07-10-데카콘-무신사-코스피-상장-예비심사-청구-시그널,2026-09-07,"‘10兆 데카콘’ 무신사, 코스피 상장 예비심사 청구 [시그널]","이르면 연말 IPO 돌입한 뒤 증시 입성은 내년 초에 할듯 성장성 입증, 흥행 핵심변수",증시,,시그널,국내증시,하위없음,,
2026-09-07-7조-넘은-반도체-ETF-리밸런싱-압력-촉각,2026-09-07,7조 넘은 반도체 ETF…리밸런싱 압력 ‘촉각’,1년새 몸집 7배 이상 커져 지수 정기변경에 ‘20% 캡’ 재조정 삼전·하닉 초과분 1.7조 매물 예상 거래대금도 줄어 변동성 확대 우려,증시,,시그널,펀드·채권,하위없음,,
2026-09-07-AGI가-왔다-아스트라-띄운-젠슨-황,2026-09-07,“AGI가 왔다”…아스트라 띄운 젠슨 황,수능 만점 등 인간 이상의 성능 AI 거품론 불식…반도체주 급등,증시,,산업,중기·IT,하위없음,,
2026-09-07-반도체-불기둥에-7000피-눈앞-골드만-1만-2000-간다,2026-09-07,반도체 불기둥에 7000피 눈앞…골드만 “1만 2000 간다”,코스피 4.61% 뛰어 6995.39 AI 훈풍에 메모리 호황 지속 전망 골드만삭스 “1만 2000 전망 유지” 외국인·기관 5.2조 쌍끌이 매수 하이닉스 8%·삼성전자 5%대 급등 개인은 6.8조 ‘팔자’…역대 두,증시,,시그널,국내증시,하위없음,,
2026-09-07-EY한영-회계투명성-세미나서-거버넌스-강화-방안-제시-시그널,2026-09-07,"EY한영, 회계투명성 세미나서 거버넌스 강화 방안 제시 [시그널]","복합 리스크 시대 대응책 제시 시장과 투명한 의사소통 강조 감사위, 리스크 감독으로 역할 확대",증시,,시그널,증권일반,하위없음,,
2026-09-07-LIG-D-A-천궁-II-앞세워-폴란드-방산전시회-참가-유럽-시장-정조준,2026-09-07,"LIG D&A, 천궁-II 앞세워 폴란드 방산전시회 참가…유럽 시장 정조준",유럽 최대규모 ‘MSPO 2026’ 참가 천궁-II·L-SAM 다층방공망 전면에 라인메탈 합작 단거리 미사일 전시,산업,,산업,대기업,하위없음,,
2026-09-07-역시-삼성전자-압도적-1위-브랜드-가치-135조-세계-홀린-K기업들-몸값-쑥,2026-09-07,“역시 삼성전자 압도적 1위” 브랜드 가치 ‘135조’…세계 홀린 K기업들 몸값 ‘쑥’,,산업,,산업,대기업,하위없음,,
2026-09-07-내가-산-화장품-알고보니-가짜-특허,2026-09-07,"“내가 산 화장품, 알고보니 가짜 특허?”","지재처, 지식재산 허위표시 무더기 적발",산업,,사회,사회일반,하위없음,,
2026-09-07-삼성-하반기-6000명-공채-시작-AI-반도체-바이오-인재-대거-채용,2026-09-07,"삼성, 하반기 6000명 공채 시작…‘AI·반도체·바이오’ 인재 대거 채용","전자·중공업·증권 등 19개사 15일까지 접수, 10월 GSAT 국내 유일 70년째 공채 ‘뚝심’ 2030년까지 5만 명 인재 수혈",산업,,산업,대기업,하위없음,,
2026-09-07-AGI-시대-왔다-초고수-삼전-하이닉스-쓸어담았다-주식초고수는-지금,2026-09-07,"“AGI 시대 왔다”…초고수, 삼전·하이닉스 쓸어담았다[주식초고수는 지금]",[미래에셋증권 집계] GPT-6 아스트라 공개에 AI 반도체 수요 기대 확산 순매도 상위에는 현대차·LG전자·파인엠텍 등,증시,,시그널,국내증시,하위없음,,
2026-09-07-키움-첫-계좌-개설자에-연-5-발행어음-특판,2026-09-07,"키움證, 첫 계좌 개설자에 연 5% 발행어음 특판",1년 만기 상품…1인당 10억 원 한도 3개월 평잔 1000만 원 땐 주식 5만 원 지급,증시,,시그널,증권일반,하위없음,,
2026-09-07-두산퓨얼셀-데이터센터-5000억-수주에-15-급등-목표가도-70-이런국장-저런주식,2026-09-07,"두산퓨얼셀, 美 데이터센터 5000억 수주에 15% 급등…목표가도 70%↑[이런국장 저런주식]",5014억 원 규모 PAFC 공급 계약…약 140 MW로 추산 내년 매출 전망 31.9% 상향…추가 수주 기대 확대,증시,,시그널,국내증시,하위없음,,
2026-09-07-골드만삭스-코스피-1만-2000-전망-유지-메모리-실적-사이클-과소평가-마켓시그널,2026-09-07,"골드만삭스, 코스피 1만 2000 전망 유지…“메모리 실적 사이클 과소평가”[마켓시그널]",AI 데이터센터 투자 확대에 메모리 공급 부족 심화 전망 美 빅테크 내년 자본지출 1조 2000억 달러 추정 “한국 기업 실적 뒷받침되면 코스피 1만 2000 가능”,증시,,시그널,국내증시,하위없음,,
2026-09-07-현대제철-HPLS-서-가장-친환경적인-첨단-제철소-될-것,2026-09-07,"“현대제철 HPLS, 美서 가장 친환경적인 첨단 제철소 될 것”","■김형진 HPLS CEO 간담회 180만 톤 자동차강판, 90만 톤 일반 강재 생산 “탄소배출량 고로 대비 70% 줄이는 첫 제철소” “현대차, 기아, 포스코 외 신규 수요 확보할 것”",산업,,산업,대기업,하위없음,,
2026-09-07-인도-수출-급증-코트라-양국-교역-활성화-이끈다,2026-09-07,"韓, 인도 수출 급증…코트라, 양국 교역 활성화 이끈다",‘2026년 韓·인도 무역 통계 분석’ 8월까지 누적 수출액 168억 달러 반도체·석유화학·기계 수출 견인 2030년 교역액 500억弗 달성 총력 반도체 파트너십 데이 등 행사 개최,산업,,경제,통상,하위없음,,
2026-09-07-13시간-지연되고-결항까지-언제-뜰지도-몰라-국적기-인니-화산-폭발에-올스톱,2026-09-07,"13시간 지연되고 결항까지 “언제 뜰지도 몰라”…韓 국적기, 인니 화산 폭발에 ‘올스톱’",자카르타 하늘길 마비 국적기 무더기 결항 장기화 우려 확산,산업,,사회,사건사고,하위없음,,
2026-09-07-실업-청년-절반이-번아웃-진로-불안-덜어줄-현장형-직업훈련-시급,2026-09-07,실업 청년 절반이 ‘번아웃’…“진로 불안 덜어줄 현장형 직업훈련 시급”,구직 1년 넘긴 실업 청년 62% 호소 임시직 경험률도 상용직의 1.4배,산업,,사회,노동·고용,하위없음,,
2026-09-07-아스트라-효과-소부장까지-번졌다-반도체-일제히-급등-이런국장-저런주식,2026-09-07,‘아스트라 효과’ 소부장까지 번졌다…반도체株 일제히 급등[이런국장 저런주식],두산테스나·DB하이텍 두 자릿수 급등…후공정·장비株 동반 강세 오픈AI ‘아스트라’發 AI 수요 기대…美 반도체 훈풍 국내로 메모리 공급 부족 전망에 목표가 줄상향…“소부장 반등 기대”,증시,,시그널,국내증시,하위없음,,
2026-09-07-아스트라-효과-에-반도체-불기둥-삼성전자-SK하이닉스-4-안팎-마켓시그널,2026-09-07,‘아스트라 효과’에 반도체株 불기둥…삼성전자·SK하이닉스 4% 안팎↑[마켓시그널],아스트라 발표에 美 반도체주 급등 훈풍 삼성전자 3.72%·SK하이닉스 4.43%↑ AI 기대 재점화…“매도 압력 소진 가능성”,증시,,시그널,국내증시,하위없음,,
2026-09-07-외인-기관-모처럼-쌍끌이-코스피-3-급등하며-6900선-회복-마켓시그널,2026-09-07,외인·기관 모처럼 ‘쌍끌이’…코스피 3% 급등하며 6900선 회복[마켓시그널],외인·기관 7684억 순매수…개인은 8122억 ‘팔자’ 삼전 4%·하이닉스 6% 급등…반도체株 상승 견인 오라클 실적·美 8월 CPI 대기…추가 반등 분수령,증시,,시그널,국내증시,하위없음,,
2026-09-07-삼전닉스-메모리-재고-10일-미만-내년-역대급-공급난-온다-줍줍리포트,2026-09-07,삼전닉스 메모리 재고 ‘10일 미만’…“내년 역대급 공급난 온다”[줍줍리포트],"KB證 “역사상 가장 타이트한 공급 환경 전망” AI 인프라 투자 급증…D램·낸드 수요도 동반 확대 고점 대비 38%↓…“극단적 저평가, 재평가 기대”",증시,,시그널,국내증시,하위없음,,
2026-09-07-3년-기다린-사전청약-분양가만-40-뛰었다-집슐랭,2026-09-07,3년 기다린 사전청약…분양가만 40% 뛰었다 [집슐랭],사업 지연으로 공사비 등 치솟아 인천계양 59㎡ 최대 39.8% 급등 남양주왕숙·고양창릉 20% 이상↑ 95곳 중 제때 본청약은 1곳 그쳐 공급 예고보다 실제 속도 높여야,부동산,,부동산,정책,하위없음,,
2026-09-07-단독-162조-미래대응기금-5년-뒤엔-곳간-바닥난다-Pick코노미,2026-09-07,"[단독] 162조 미래대응기금, 5년 뒤엔?...곳간 바닥난다 [Pick코노미]",반도체 호황이 만든 162조 ‘재정 저수지’ 정부 내부선 운용기간 4~5년 염두 중장기 사업 계속돼도 재원은 소진될 가능성 반도체 호황세 꺾이면 재원 확충 불투명 국채 이자·의무지출까지 재정 압박,,,경제,세금·재정,분류없음,,
2026-09-07-파병설에-이란도-기다린다-전쟁-참여로-간주-신경전-글로벌-모닝-브리핑,2026-09-07,韓 파병설에 美·이란도 “기다린다”·“전쟁 참여로 간주” 신경전 [글로벌 모닝 브리핑],,국제,,정치,통일·외교·안보,하위없음,,
2026-09-07-유럽도-기준금리-오르는데-프랑스-나랏빚-유로존-뇌관-되나-글로벌-왓,2026-09-07,"유럽도 기준금리 오르는데…프랑스 나랏빚, 유로존 뇌관 되나[글로벌 왓]",獨 금리 스프레드 2010년 재정위기 수준 외국인 비중 57.5% 이탈 땐 금리 급등 日 대형 기관들 자금 본국 귀한 조짐도 대선 앞둔 정치권 뚜렷한 해법 제시 못해 ECB 연내 두 차례 금리 인상 가능성,국제,,국제,유럽,하위없음,,
2026-09-07-비핵심-정리하는-롯데-에코월-품은-릴슨PE와-위험-분담-시그널,2026-09-07,"비핵심 정리하는 롯데, 에코월 품은 릴슨PE와 위험 분담 [시그널]",후순위 지분 10% 남겨 실질 EV/EBITDA 6.5배 추산 잔여 지분은 매각시 연동,산업,,시그널,IB&Deal,하위없음,,
2026-09-07-LG전자-자회사-베어로보틱스-프리-IPO-착수-시그널,2026-09-07,"LG전자 자회사 베어로보틱스, 프리 IPO 착수 [시그널]",BoA메릴린치 투자기관 주선 조 단위 상장 몸값 기대감 나스닥 상장시 중복상장 논란도,증시,,시그널,IB&Deal,하위없음,,
2026-09-07-단기국채-ETF에-1000억-쇄도-금리인상-우려-속-대피처-물색-마켓시그널,2026-09-07,美 단기국채 ETF에 1000억 쇄도…금리인상 우려 속 대피처 물색 [마켓시그널],‘만기 3개월’ 국채 투자 인기 일주일간 SGOV 1256억 순매수 알파벳·메타 등 제치고 1위,증시,,시그널,펀드·채권,하위없음,,
2026-09-07-프랑크푸르트-사로잡은-K컬처-축제-코트라-행사에-1만명-발길,2026-09-07,프랑크푸르트 사로잡은 ‘K컬처 축제’…코트라 행사에 1만명 발길,"K컬처·관광축제 80개사 상품 전시 현장 판매만 2만 유로 등 현지 관심 코트라, 뷰티·푸드·굿즈 수출 지원",산업,,산업,유통·생활,하위없음,,
2026-09-07-LG디스플레이-탠덤-WOLED-로-유럽-시장-공략,2026-09-07,"LG디스플레이, ‘탠덤 WOLED’로 유럽 시장 공략",獨 IFA에 프라이빗 부스 마련 유럽 고객사들과 패널 공급 논의,산업,,산업,대기업,하위없음,,
2026-09-07-조금만-그렇지만-더-싸게-대용량보다-더-저렴해진-소용량,2026-09-07,"‘조금만, 그렇지만 더 싸게’…대용량보다 더 저렴해진 소용량",편의점·유업계 ‘용량·가격 동시 인하’ 복숭아 7개 4980원…초저가도 확산 원가부담 전가 대신 수요 방어 전략,산업,,산업,유통·생활,하위없음,,
2026-09-07-삼성바이오로직스-3조-유증-펩타이드-CDMO로-성장판-넓힌다-바이오리더스클럽,2026-09-07,"삼성바이오로직스, 3조 유증…펩타이드 CDMO로 성장판 넓힌다[바이오리더스클럽]",비만약 급성장에 새먹거리 삼아 글로벌 기업 폴리펩타이드 인수 2034년까지 15.4조 규모 투자 6·7공장 등 생산력 확대도 추진,산업,,산업,바이오,하위없음,,
2026-09-07-공모주-청약-봇물-덕산넵코어스-등-6곳-수요예측-시험대-이번주-증시-캘린더,2026-09-07,공모주 청약 봇물…덕산넵코어스 등 6곳 수요예측 시험대 [이번주 증시 캘린더],‘중복상장 예외 1호’ 기관 수요예측 네오사피엔스 9일 공모가 발표 중소형 스팩 수요예측·일반청약도 ‘1조 대어’ 엘리스그룹 청약은 순연,증시,,시그널,국내증시,하위없음,,
2026-09-07-박스권-갇힌-코스피-금리-중동-리스크-극복-관건-주간-증시-전망,2026-09-07,박스권 갇힌 코스피…美 금리·중동 리스크 극복 관건 [주간 증시 전망],8월 미국 ‘고용 서프라이즈’ FOMC서 금리 인상 가능성 ↑ 미국·이란 교전 재개 부담도 “美 PPI·CPI 등 물가지표 주목”,증시,,시그널,국내증시,하위없음,,
2026-09-07-모더나-맞춤형-암백신-넘어-범용-암백신-만든다,2026-09-07,"모더나, 맞춤형 암백신 넘어 ‘범용 암백신’ 만든다",암항원 표적 ‘mRNA-4359’ 연내 2상 결과 노로 백신·인비보 카티 등 mRNA 분야 확대 SK바사·올릭스 등도 관련 연구 개발 나서,증시,,산업,바이오,하위없음,,
2026-09-07-성장판-누르는-노동시스템-55-가-산업-뒷받침-미흡,2026-09-07,성장판 누르는 노동시스템…55%가 “산업 뒷받침 미흡”,"■ 압축전환 대한민국 노동, 새 판을 짜자-전문가 설문 부정 평가가 긍정의 4배 웃돌아 노사대립·획일적 규제가 걸림돌 근로시간 운영 유연성 확대하고 성과 중심으로 임금체계 바꿔야",,,사회,노동·고용,분류없음,,
2026-09-07-정의선-서-만든-철강-아틀라스에도-적용,2026-09-07,"정의선 “美서 만든 철강, 아틀라스에도 적용”",■ 8조 투자 HPLS 일관제철소 기공식 세계 첫 車강판 전문 전기로 제철소 2029년 270만톤 고부가 철강 생산 스페이스X 공략도,산업,,산업,대기업,하위없음,,
2026-09-07-162조-미래대응기금-5년-뒤엔-빈주머니,2026-09-07,162조 미래대응기금… 5년 뒤엔 ‘빈주머니’,비공개 당정서 “2030~31년까지 운용” 4~5년 내 기금 운영 마무리 시나리오 국고채 이자비용 2030년 51조 전망 기초연금·건강보험·노인장기요양보험 지출도 늘며 의무지출 538조 육박 예정 성장률 둔화 땐 재,,,경제,세금·재정,분류없음,,
2026-09-07-3척-때리자-이란-6척-재공격-호르무즈-악순환,2026-09-07,美 3척 때리자 이란 6척 재공격…호르무즈 악순환,트럼프는 이란 곡괭이산 공격 예고,국제,,국제,중동·아프리카,하위없음,,
2026-09-07-단독-메가특구-전력-직접-사고-판다,2026-09-07,"[단독]메가특구 전력, 직접 사고 판다",■ 재생에너지 특별선도단지 추진 태양광·풍력 통해 생산한 전력 입주사와 PPA 체결해 공급 허용 이격거리 완화·임대료 감면 등 특별법에 일반특례 330개 담겨,,,경제,기후에너지,분류없음,,
2026-09-06-이사-수-줄이고-임기-조정-집중투표제-앞둔-대기업-분주,2026-09-06,이사 수 줄이고 임기 조정…집중투표제 앞둔 대기업 ‘분주’,올해 주요기업 이사 2.6% 줄여 14곳은 ‘동시교체 최소화’ 작업 경영권 분쟁 리스크 대비 총력,산업,,산업,대기업,하위없음,,
2026-09-06-트럼프-별것-아냐-라지만-이란-괴멸적-대응-엄포-이란-전쟁,2026-09-06,트럼프 “별것 아냐”라지만…이란 “괴멸적 대응” 엄포[美-이란 전쟁],[美·이란 보복 격화] 트럼프 “전쟁 아닌 군사적 충돌” 휘발유 가격 부담에 확전 선긋기 이란 “열흘간 매일 최대 5척 처벌” 트럼프 “중동에 韓자원 전개 기다려”,국제,,국제,중동·아프리카,하위없음,,
2026-09-06-단독-당국-얕보는-전북-가계대출-한도-상습초과,2026-09-06,"[단독]당국 얕보는 전북銀, 가계대출 한도 상습초과",올해 가계대출 1.1조↑ 주담대만 30% 불어나 지난해 이어 지침 위반,금융·정책,,금융,은행,하위없음,,
2026-09-06-지속-지출사업-수두룩-금리-부담-미리-흡수해야,2026-09-06,지속 지출사업 수두룩…“高금리 부담 미리 흡수해야”,[미래대응기금 5년뒤엔 ‘빈 주머니’] 李정부 임기 끝나면 ‘저수지’ 고갈 등록금 지원 등 사업 중단 어려워 국고채 이자 비용만 51.1조 전망 기초연금 등 의무지출 538조 육박 성장률 둔화땐 건정성 악화 불보듯,,,경제,세금·재정,분류없음,,
2026-09-06-3기-신도시-사전청약-가격표의-배신-본청약서-20-40-뛰었다,2026-09-06,3기 신도시 사전청약 가격표의 배신…본청약서 20~40% 뛰었다,[수년간 기다린 당첨자 이탈 속출] 사업 지연으로 공사비 등 치솟아 인천계양 59㎡ 최대 39.8% 급등 남양주왕숙·고양창릉 20% 이상↑ 95곳 중 제때 본청약은 1곳 그쳐 공급 예고보다 실제 속도 높여야,부동산,,부동산,정책,하위없음,,
2026-09-06-단독-메가특구-입주기업-3년간-전력부담금-면제-지방이전-교사-의료인도-특공,2026-09-06,[단독]메가특구 입주기업 3년간 전력부담금 면제…지방이전 교사·의료인도 특공,■메가특구 특별법 무슨 내용 담기나 과학고·영재학교 설립 쉬워지고 병원·쇼핑몰 등 건설절차 간소화 인재유치·정주 인프라 대폭 개선 노동특례는 사회적 합의 거쳐 확정 그린벨트 해제 전 형질변경 허용 반도체 손자회사 출,,,경제,경제일반,분류없음,,
2026-09-06-권칠승-종부세-보유-관점에서-과세해야-52시간-예외-고소득-인력으로-제한,2026-09-06,"권칠승 “종부세, 보유 관점에서 과세해야…‘52시간 예외’ 고소득 인력으로 제한”",정책위의장 취임 후 첫 언론 인터뷰 “종부세는 보유 차원에서 봐야” 거주·비거주 나눈 정부안 수정 가능성 메가특구 전문직 52시간 예외엔 “고소득·고숙련 제한된 핵심 분야에” “정책위의장이 총대…사회적 대화로 해결”,,,정치,국회,분류없음,,
2026-09-06-8개월-5일만에-수출-최고치-신기록-전세계-수출-4강-간다,2026-09-06,8개월 5일만에 年 수출 최고치 신기록… 전세계 ‘수출 4강’ 간다,"5일 오후 1시 7094억 달러…전년 기록 넘어서 반도체 호황에 월 평균 수출 전년比 50% 증가 12월 초엔 1조 달러, 수출 4강 네덜란드 바짝 추격",산업,,경제,통상,하위없음,,
2026-09-06-단독-정부-대미-투자-내일-보고-협상-마무리-수순,2026-09-06,"[단독] 정부, 대미 투자 내일 與 보고… 협상 마무리 수순","산업부, 與 재경위·산자위와 비공개 당정 “어떤 결실이 나온다는 것을 전제한 자리” 김정관 한 달새 두차례 방미…“9월 중 발표”",산업,,경제,통상,하위없음,,
2026-09-06-경찰-개혁전담기구-이번주-중-출범-단장은-경무관급,2026-09-06,"경찰, 개혁전담기구 이번주 중 출범… 단장은 경무관급",업무별 시스템 문제 등 점검 김 대행 “경찰 근본적 개혁”,,,사회,사회일반,분류없음,,
2026-09-06-종부세-내라고요-저-노원-사는데요-2030년엔-현실-될-수도-있다는데,2026-09-06,“종부세 내라고요? 저 노원 사는데요?”…2030년엔 현실 될 수도 있다는데,종부세 대상 22개구로 확대 비강남권 세부담 최대 56배 2030년 세액 8.9배 급증 전망,부동산,,경제,세금·재정,하위없음,,
2026-09-05-관광객이-내-집-뺏어갔다-집값-폭등에-분노한-유럽-단기임대-규제-나선다,2026-09-05,"“관광객이 내 집 뺏어갔다”…집값 폭등에 분노한 유럽, 단기임대 규제 나선다",역내 단기 임대 활동 93% 급증…9일 관련 규정 공개,국제,,국제,유럽,하위없음,,
2026-09-05-GPS-넘는다-휴대전화-98-차량-1억-대-탑재된-베이더우-데이터-첫-민간-개방,2026-09-05,“GPS 넘는다”…휴대전화 98%·차량 1억 대 탑재된 中 ‘베이더우’ 데이터 첫 민간 개방,,국제,,국제,일본·중국,하위없음,,
2026-09-05-초유의-대법관-재제청-대법원-강대강-대치-언제까지-서초동-야단법석,2026-09-05,초유의 대법관 재제청…靑·대법원 ‘강대강 대치’ 언제까지 [서초동 야단법석],"청와대, 손봉기 대법관 제청 반려 대법원 장고…“신중히 검토 후 발표” 법조계 “각자 고유 권한 행사한 것” 기존 후보 재제청·추천위 재구성 고심 “양측 한 발 물러나 제3의 인물 찾아야”",,,사회,법조,분류없음,,
2026-09-05-노동장관-제주-팝업스토어-방문-청년-도전성장-뒷받침할-것,2026-09-05,"노동장관, 제주 팝업스토어 방문…“청년 도전성장 뒷받침할 것”",청년카페 전국 94곳 운영 내년 예산 903억…19%↑,산업,,사회,노동·고용,하위없음,,
2026-09-05-국민-스니커-에어포스1의-변신-나이키-나이키랩-서울-개최,2026-09-05,‘국민 스니커’ 에어포스1의 변신…나이키 ‘나이키랩 서울’ 개최,,산업,,산업,유통·생활,하위없음,,
2026-09-05-무뇨스-현대차-대표-루이지애나-강판-현대차-전-차종에-쓸것,2026-09-05,"무뇨스 현대차 대표 “루이지애나 강판, 현대차 전 차종에 쓸것”",■루이지애나 전기로 제철소 기공식 “현지 업체들과 이미 공급 논의”,산업,,산업,대기업,하위없음,,
2026-09-05-머스크-스타링크로-우크라-훈장-EU-속타는-이유는-김기혁의-테슬라월드,2026-09-05,"머스크, 스타링크로 우크라 훈장...EU 속타는 이유는 [김기혁의 테슬라월드]",러시아 공격에 지상 통신망 마비됐지만 위성 인터넷 지원으로 우크라 드론 반격 국경 인접 유럽 국가들 독자 위성망 시급,증시,,국제,유럽,하위없음,,
2026-09-05-올해-수출-7000억-달러-돌파-지난해-연간-실적도-넘었다,2026-09-05,올해 수출 7000억 달러 돌파…지난해 연간 실적도 넘었다,248일 만에 7094억 달러 반도체가 증가분 74% 견인 세계 4번째 1조 달러 가시권,산업,,경제,통상,하위없음,,
2026-09-05-즐기다-보니-지갑-열었다-유통업계-참여형-커머스-경쟁-똑똑-스마슈머,2026-09-05,"“즐기다 보니 지갑 열었다”…유통업계, ‘참여형 커머스’ 경쟁 [똑똑! 스마슈머]",공연·여행·팝업 등 콘텐츠와 쇼핑 결합 고객 체류 늘려 상품 구매까지 연결,산업,,산업,유통·생활,하위없음,,
2026-09-05-MZ-사로잡은-힙불교-유통가-새-흥행-공식-됐다,2026-09-05,MZ 사로잡은 ‘힙불교’…유통가 새 흥행 공식 됐다,롯데몰 김포공항점서 ‘힙불교’ 팝업 아이파크몰·롯데百 부산도 행사 진행 구매 고객 10명 중 8명은 2030세대,산업,,산업,유통·생활,하위없음,,
2026-09-05-이-회사-어디야-직장인들-난리-살도-빼주고-부모님-용돈도-대신-준다는데,2026-09-05,“이 회사 어디야” 직장인들 난리…살도 빼주고 부모님 용돈도 대신 준다는데,,산업,,산업,기업일반,하위없음,,
2026-09-05-장인화-포스코-현대제철-손잡은-제철소-세계-최고-경쟁력,2026-09-05,"장인화 “포스코·현대제철 손잡은 美 제철소, 세계 최고 경쟁력”","■루이지애나 전기로 제철소 기공식 “국내선 경쟁, 밖에선 같은 韓기업” 美서 발휘될 ‘기술협력 시너지’ 자신 GM·포드 등과도 제품공급 협의 계획",산업,,산업,대기업,하위없음,,
2026-09-05-더-이상-막을-수-없어-더-큰-것-온다-무서운-경고-날린-UN,2026-09-05,"“더 이상 막을 수 없어, 더 큰 것 온다”…무서운 경고 날린 UN",,국제,,국제,미국·중남미,하위없음,,
2026-09-05-AI-채용-확산에-정보-보안-힘주는-HR업계,2026-09-05,AI 채용 확산에 ‘정보 보안’ 힘주는 HR업계,기업 AI 채용 활용 비중 증가세 자소서 넘어 얼굴·목소리도 다뤄 보안체계 확보 및 유지 ‘집중’,산업,,산업,중기·IT,하위없음,,
2026-09-05-살-빼니-화장품도-달라지네-비만약-뷰티-시장-열린다-김연하의-킬링이슈,2026-09-05,살 빼니 화장품도 달라지네…‘비만약 뷰티’ 시장 열린다 [김연하의 킬링이슈],‘오젬픽 페이스’ 타깃팅한 제품 등장 체중 감량한 美 남성 성형수술 비율도 증가,산업,,산업,유통·생활,하위없음,,
2026-09-05-조현-네팔-전격-방문-한-네팔-외교장관-회담-개최,2026-09-05,"조현, 네팔 전격 방문…한-네팔 외교장관 회담 개최",실종자 가족·기업인 면담 네팔 일정 직후 프랑스행,산업,,정치,통일·외교·안보,하위없음,,
2026-09-05-정의선-회장-제철소로-관세절감-품질제고-시너지-발휘할-것,2026-09-05,정의선 회장 “美 제철소로 ‘관세절감·품질제고’ 시너지 발휘할 것”,■루이지애나 전기로 제철소 기공식 “현지 로봇·로켓산업 공급 추진”,산업,,산업,대기업,하위없음,,
2026-09-05-별이-빛나는-밤에-오늘-여의도서-서울세계불꽃축제,2026-09-05,별이 빛나는 밤에…오늘 여의도서 서울세계불꽃축제,한미영 3개국 대표팀 참가 여의동로·원효대교 차량 통제 오후 7~10시 여의나루역 무정차,산업,,문화,문화일반,하위없음,,
2026-09-05-기름값-16주-연속-하락-휘발유-1860-2원-경유-1844-5원,2026-09-05,기름값 16주 연속 하락…휘발유 1860.2원·경유 1844.5원,서울 1906.6원·대구 1833원 국제유가 대폭 올라 99.9달러,산업,,경제,경제일반,하위없음,,
2026-09-05-500억-들고-서울에-둥지-유력-한국형-인큐텔-윤곽,2026-09-05,500억 들고 서울에 둥지 유력…‘한국형 인큐텔’ 윤곽,내년 상반기 말 공식 출범 전망 2030년 펀드 2000억 이상 확대 수익보다 기술력 중점 평가해 투자,산업,,산업,투자·재무,하위없음,,
2026-09-05-삼성전자-DX노조-18일부터-회장-자택-앞-무기한-집회,2026-09-05,"삼성전자 DX노조, 18일부터 李 회장 자택 앞 무기한 집회",직원 1인당 자사주 1000주 지급 등 요구 8월21일 서초사옥서 집단행동 나서기도,산업,,사회,노동·고용,하위없음,,
2026-09-05-금리-인상-우려-완화되자-보험주-맥-못추고-와르르-이런국장-저런주식,2026-09-05,"美 금리 인상 우려 완화되자…보험주, 맥 못추고 ‘와르르’ [이런국장 저런주식]",장 중 10%까지 하락하기도 흥국화재·한화생명 6%대 하락,증시,,시그널,국내증시,하위없음,,
2026-09-05-트럼프-연준-금리인하-안-하면-대미-흑자국과-무역-중단,2026-09-05,트럼프 “연준 금리인하 안 하면 대미 흑자국과 무역 중단”,8월 고용 증가하자 연준 압박,국제,,국제,미국·중남미,하위없음,,
2026-09-05-벼랑-끝-내몰린-골목상권-서울-동네점포-2년새-4만개-폐업,2026-09-05,벼랑 끝 내몰린 골목상권…서울 동네점포 2년새 4만개 폐업,자영업 점포 10분기 연속 감소 은평·강북 등 주거지 감소폭 커 호프·옷가게 등 생활 업종 직격 “재취업·전직 지원 강화해야”,산업,,경제,경제일반,하위없음,,
2026-09-05-현대제철-8조-승부수-생산기지-첫삽-세계-최초-강판-전기로,2026-09-05,현대제철 ‘8조 승부수’ 美 생산기지 첫삽…세계 최초 車강판 전기로,■루이지애나 전기로 제철소 기공식 정의선 “美 모빌리티 공급망서 큰 역할” 58억弗 투입…29년부터 270만톤 양산 70% 탄소저감 효과·고부가 제품 생산 글로벌 전진기지…美 고관세 극복한다,산업,,산업,대기업,하위없음,,
2026-09-05-돈-버는-로봇기업-나왔다-흑자-전환-로보티즈에-로봇주-랠리-줍줍-리포트,2026-09-05,“돈 버는 로봇기업 나왔다”…‘흑자 전환’ 로보티즈에 로봇주 ‘랠리’ [줍줍 리포트],골드만삭스 목표 주가로 63만 원 제시,증시,,시그널,국내증시,하위없음,,
2026-09-05-일본항공-한진칼-지분-인수-조원태-백기사로-합류,2026-09-05,"일본항공, 한진칼 지분 인수…“조원태 백기사로 합류”","대한항공·JAL, 전략적 파트너십 체결 공동운항 日노선도 400편으로 확대",증시,,산업,대기업,하위없음,,
2026-09-05-장기기증-등록-하루새-21배-페이스북의-힘,2026-09-05,美 장기기증 등록 하루새 21배…페이스북의 힘,‘기증 희망자’ 표시 기능 도입해 등록까지 연결 소셜 플랫폼으로 지인 공유 늘고 거부감은 낮춰,문화,,사회,사회일반,하위없음,,
2026-09-05-상장폐지-시총기준-강화-6개월-늦춘다,2026-09-05,상장폐지 시총기준 강화 6개월 늦춘다,코스닥 300억으로…내년 7월 시행 즉시 퇴출 대신 코넥스 이전 허용,증시,,시그널,국내증시,하위없음,,
2026-09-05-호르무즈-파병-전투-비전투-포함해-검토,2026-09-05,"靑 “호르무즈 파병, 전투·비전투 포함해 검토”",대비태세 지장 없는 범위 거론 “국회와 협의 단계까지는 안 가”,,,정치,통일·외교·안보,분류없음,,
2026-09-05-네팔-홍수-9일만에-극적-생환,2026-09-05,네팔 홍수 9일만에 극적 생환,,국제,,국제,아시아·호주,하위없음,,
2026-09-04-속보-대통령-집중호우-피해-경남-통영-특별재난지역-추가-선포,2026-09-05,"[속보]李대통령, ‘집중호우 피해’ 경남 통영 특별재난지역 추가 선포",,,,정치,청와대,분류없음,,
2026-09-04-8월-고용-깜짝-증가-연준-9월-인상론-다시-고개드나,2026-09-05,美 8월 고용 ‘깜짝 증가’...연준 9월 인상론 다시 고개드나,비농업 일자리 16만 2000명 증가 실업률 4.1% 시장 전망치 부합 연준 유력인사들은 비둘기 발언,국제,,국제,미국·중남미,하위없음,,
2026-09-04-초대-중수청장-김관정-김지용-문홍주-이윤제-4파전-백해룡은-탈락,2026-09-05,초대 중수청장 김관정·김지용·문홍주·이윤제 ‘4파전’… 백해룡은 탈락,"검사 출신 3명·판사 출신 1명 압축 김건희·내란특검 특검보도 후보 포함 최종후보 4인, 후추위원 만장일치 찬성 백해룡 경장 심사대상 포함됐지만 고배 행안장관 1명 제청…청문회 거쳐 임명",,,사회,법조,분류없음,,
2026-09-04-삼성-LG전자-11개-제품-IFA-혁신상-수상-기술-디자인-경쟁력-입증,2026-09-05,삼성·LG전자 11개 제품 IFA 혁신상 수상…기술·디자인 경쟁력 입증,LG전자는 베스트 브랜드 상도 수상,산업,,산업,대기업,하위없음,,
2026-09-04-정용진-국무부-초청-파운드리-스쿨-참석-한미-AI-공급망-협력-논의,2026-09-05,"정용진, 美  국무부 초청 ‘파운드리 스쿨’ 참석…한미 AI 공급망 협력 논의","JD 밴스 부통령·美 국무부 초청 신세계그룹·리플렉션 AI 협력 사례 강조 정용진 “한미, 큰 시너지 낼 수 있어”",산업,,산업,기업인,하위없음,,
2026-09-04-한국인들-다시는-안-간다-더니-요새-다시-북적인다는-스타벅스-결제액-두-달째-반등,2026-09-05,"한국인들 “다시는 안 간다”더니…요새 다시 북적인다는 스타벅스, 결제액 두 달째 반등",,산업,,산업,유통·생활,하위없음,,
2026-09-04-반도체서-2차전지로-순환매-한달-새-21-쑥-ETF-줌인,2026-09-04,반도체서 2차전지로 순환매…한달 새 21% 쑥 [ETF 줌인],■KODEX 전고체배터리ESS TOP2플러스 1개월 수익률 21.24%…상장 이후 개인 순매수 509억 북미 ESS 성장·전고체 상용화 기대에 배터리 밸류체인 주목,증시,,시그널,국내증시,하위없음,,
2026-09-04-공모주-잔혹사-끊을까-스카이랩스-코스닥-첫날-40-쑥-줍줍-리포트,2026-09-04,"공모주 잔혹사 끊을까…스카이랩스, 코스닥 첫날 40% ‘쑥’ [줍줍 리포트]","공모가, 수요예측 하단보다 3000원 낮춘 1만원",증시,,시그널,국내증시,하위없음,,
2026-09-04-ETF-투자-열기-시들-개인-순매수-두달새-83-뚝,2026-09-04,ETF 투자 열기 시들…개인 순매수 두달새 83% ‘뚝’,6월 일평균 6783억→8월 1188억 매수세 위축에 작년 초 수준 돌아가 신규 상품 28개 중 흥행은 3개 그쳐 美 대표지수·국내 커버드콜에 자금 집중,증시,,시그널,국내증시,하위없음,,
2026-09-04-코인-팔아-마련한-1500억-어디로-갔나-보니-30대-절반-똘똘한-한-채-택했다,2026-09-04,"“코인 팔아 마련한 1500억, 어디로 갔나 보니”…30대 절반, ‘똘똘한 한 채’ 택했다",,증시,,부동산,부동산일반,하위없음,,
2026-09-04-삼성전자-반도체-폐기물-30종-재활용한다,2026-09-04,"삼성전자, 반도체 폐기물 30종 재활용한다",불량 웨이퍼 등 순환자원 확대 갤럭시폰·가전 소재로 재활용 폐기물 연간 6859톤 감축 효과,산업,,산업,대기업,하위없음,,
2026-09-04-AI-서버-발열-잡는다-에쓰오일-전문기업과-액침냉각-기술-실증-맞손,2026-09-04,"“AI 서버 발열 잡는다”…에쓰오일, 전문기업과 액침냉각 기술 실증 맞손",서버 KTNF·장비전문 GST 협력,산업,,산업,대기업,하위없음,,
2026-09-04-K포차-감성에-AI-방탈출-삼성-Z세대-정조준,2026-09-04,"K포차 감성에 AI 방탈출…삼성, Z세대 ‘정조준’",■IFA서 ‘크리에이터 허브’ 운영 Z폴드8·세탁기 등 게임에 활용 스마트싱스 ‘AI기기 연계’ 소개 LG는 국내기업 최대 부스 조성 첫 헤어드라이어 ‘에어듀’ 공개,산업,,산업,대기업,하위없음,,
2026-09-04-인건비-임대료-플랫폼-수수료까지-치솟아-삼중고에-폐업-내몰려,2026-09-04,인건비·임대료·플랫폼 수수료까지 치솟아…삼중고에 폐업 내몰려,■벼랑 끝 골목상권…서울 동네점포 4만개 증발 비용 증가 속 손님은 싼것만 찾아 상권 붐벼도 매출로는 안 이어져 경제변화 따른 구조적 추세 분석 현금성 지원 통한 재창업 한계 “폐업 땐 재취업·직업교육 강화를”,산업,,산업,유통·생활,하위없음,,
2026-09-04-고려아연-SPC에도-합산-3-룰-적용-의결권-금지-가처분은-기각-시그널,2026-09-04,"“고려아연, SPC에도 합산 3%룰 적용”…의결권 금지 가처분은 기각 [시그널]",법원 심리 과정서 문서로 인정 “합산3% 초과 의결권은 제한”,증시,,시그널,국내증시,하위없음,,
2026-09-04-첨단기업-4곳-에-2-8조-투자-김정관-반도체-관세-불리하지-않게,2026-09-04,"美 첨단기업 4곳, 韓에 2.8조 투자…김정관 “반도체 관세 불리하지 않게”",에어프로덕츠·액셀리스 등 반도체·해상풍력사업 추진,국제,,경제,통상,하위없음,,
2026-09-04-시총-미달-200곳-수명-연장-액면병합-등-자구노력-시장-전반-퍼질-듯,2026-09-04,‘시총 미달’ 200곳 수명 연장…액면병합 등 자구노력 시장 전반 퍼질 듯,[코스닥 상폐 시총기준 강화 유예] 주가부양 위한 마지막 기회 부여 “시장충격 완화” “낙인효과 키워” 코넥스 이전 허용엔 반응 엇갈려,증시,,시그널,국내증시,하위없음,,
2026-09-04-정부가-주주충실의무-어겼다-가스공사-석유공사-합병에-7-뚝,2026-09-04,"“정부가 주주충실의무 어겼다”…가스공사, 석유공사 합병에 7% ‘뚝’",재무 악화 우려 매물 쏟아져 “소액주주 이익에 배치” 반발,증시,,시그널,국내증시,하위없음,,
2026-09-04-개각-반전은-없었다-대통령-지지율-40-최저,2026-09-04,개각 반전은 없었다…李대통령 지지율 40% 최저,■ 한국갤럽 직무수행 여론조사 2030세대 반발…30대 부정평가 60% 국힘 지지율 30%…민주당과 격차 8%P,,,정치,청와대,분류없음,,
2026-09-04-주식-채권-펀드까지-토큰증권-시장-판-커진다,2026-09-04,주식·채권·펀드까지…토큰증권 시장 판 커진다,"[금융위, 토큰증권 정책방향 발표] 내년 2월 사모MMF·채권부터 시작 일반투자 공모증권으로 단계 확대 동일자산땐 조각투자 집합화 허용 별도 인가체계 없이 증권사서 취급",증시,,시그널,증권일반,하위없음,,
2026-09-04-트럼프-공개-압박-20일-만에-호르무즈-파병-가능성-인정,2026-09-04,트럼프 공개 압박 20일 만에…호르무즈 파병 가능성 인정,■ 靑 “전투·비전투 포함 검토” 타 동맹국 합류 조짐에 거절 난항 통상 협상 등 경제 우려 의식한듯 여권 반대 목소리…비준 동의 진통,,,정치,통일·외교·안보,분류없음,,
2026-09-04-인지수사-기능-완전-폐지-사법통제부-신설-공소청-직제안-발표,2026-09-04,檢 인지수사 기능 완전 폐지‥사법통제부 신설 ‘공소청 직제안 발표’,수사기관 지원 중대범죄전담부 29곳 설치 사법통제 기능 강화 중점 공소청 직제 제정안 입법 예고,,,사회,법조,분류없음,,
2026-09-04-농업예산-최대폭-증액-3조-빚-털고-4중-안전망-강화,2026-09-04,농업예산 최대폭 증액…3조 빚 털고 ‘4중 안전망’ 강화,■ 농림부 내년도 22.2조 편성 작년보다 10.4% 늘어 사상 최고 농지·농안·FTA기금 하나로 통합 ‘소득·가격·재해·소멸’에 재정 집중 농어촌 기본소득 예산 5배 늘리고 91억 규모 농산물 가격안정제 도입,,,경제,세금·재정,분류없음,,
2026-09-04-서울은-10만원-지방은-15만원-드립니다-19-34세-청년에-문화비-준다,2026-09-04,"“서울은 10만원, 지방은 15만원 드립니다”…19~34세 청년에 ‘문화비’ 준다",,,,문화,문화일반,분류없음,,
2026-09-04-해명-폭로-늪에-빠진-김승원-징역-8월-구형-누가-막았나,2026-09-04,"‘해명→폭로’ 늪에 빠진 김승원… 韓 “징역 8월 구형, 누가 막았나”",■ 더 커진 장관 후보자 논란 양씨 “선거때 좋아” 金 “추석때 보자” 대가성 의심 녹취·문자 잇단 공개 검찰 기소·징역 구형 검토 정황도 엄호 나선 민주당 “자기 청문하라”,,,정치,정치일반,분류없음,,
2026-09-04-문체부-내년-예산-9-6조-22-6-문화예술-44-콘텐츠-9,2026-09-04,"문체부 내년 예산 9.6조, 22.6%↑…문화예술 44%, 콘텐츠 9%↑","국가예산 대비 비중 1.17%, 올해比 0.09%p↑ 내년 청년문화패스 19~34세에 7925억원 배정 일반 직장인 수준으로 예술인 사회안전망 강화 김해공항 등 지역공항 중심 5대 관광권 조성 문화 R&D 비중 0.",문화,,문화,문화일반,하위없음,,
2026-09-04-자원순환-대통령-표창받은-유한양행-폐기물-180-7톤-감축,2026-09-04,자원순환 대통령 표창받은 유한양행…폐기물 180.7톤 감축,오창공장 폐기물 분류·재활용 체계화 순환이용률 30% 개선·최종처분율 17%↓ 의약품 e-라벨 도입 등 포장재 사용 절감,산업,,산업,바이오,하위없음,,
2026-09-04-중기-장관-후보자-3대-메가프로젝트에-역할-강화,2026-09-04,중기 장관 후보자 “3대 메가프로젝트에 中企 역할 강화”,중기중앙회 찾아 첫 현장 행보 “국가 성장전략에 참여폭 넓혀야” AI 격차 해소·신산업 규제개혁 강조,산업,,산업,중기·IT,하위없음,,
2026-09-04-SKC-앱솔릭스에-2810억-출자-글라스기판-상업화-속도,2026-09-04,"SKC, 앱솔릭스에 2810억 출자…글라스기판 상업화 속도",앱솔릭스 주주배정 유상증자 참여,산업,,산업,투자·재무,하위없음,,
2026-09-04-2년반-만에-서울-동네점포-4만개-증발,2026-09-04,2년반 만에…서울 동네점포 4만개 증발,[벼랑 끝 몰린 골목상권] 자영업 점포 10분기 연속 감소 은평·강북 등 주거지 폐업 많아 네일숍·PC방 ‘생계형 창업’ 지고 피부관리 등 웰니스 업종은 늘어,산업,,산업,유통·생활,하위없음,,
2026-09-04-한국형-공포지수-6개월만에-최저-코스피200-변동성지수-장중-40선-아래로-마켓시그널,2026-09-04,"‘한국형 공포지수’ 6개월만에 최저…코스피200 변동성지수, 장중 40선 아래로 [마켓시그널]",올해 2월 이후 최저치,증시,,시그널,국내증시,하위없음,,
2026-09-04-트리니티항공-떠받치는-소노인터-IPO-더-밀리면-재무-구멍-시그널,2026-09-04,"트리니티항공 떠받치는 소노인터, IPO 더 밀리면 ‘재무 구멍’ [시그널]",7000억 조달 목표 잡았지만 오너 세무조사로 연내 상장 불분명 항공 적자 지속시 추가 지원 공산,증시,,시그널,IB&Deal,하위없음,,
2026-09-04-쏟아지는-정책자금-퇴로-막힌-VC-회수시장-시그널,2026-09-04,쏟아지는 정책자금…퇴로 막힌 VC 회수시장 [시그널],국민성장펀드 등에 단기 과열 주요 회수통로인 IPO는 위축 세컨더리 펀드로 숨통 틔우고 벤처기업 근본 경쟁력 키워야,증시,,시그널,IB&Deal,하위없음,,
2026-09-04-인류-역사상-처음으로-노인이-아기보다-많아졌다-2060년-최고령국,2026-09-04,인류 역사상 처음으로 노인이 아기보다 많아졌다…韓 2060년 최고령국,노령자 10.5%·영유아 10% 미만 한 65세 이상 비중 22위->1위로,국제,,사회,사회일반,하위없음,,
2026-09-04-불꽃축제에-매출도-폭발-편의점-상품-임시-매장-대폭-확대,2026-09-04,"불꽃축제에 매출도 ‘폭발’…편의점, 상품·임시 매장 대폭 확대","발주량 평시 대비 100배 확대…임시 매장 운영 본사 지원인력·계산대 추가 투입해 수요 대응 축제 영향권 내 편의점, 연중 최고 일매출 전망 김밥·간편식·보조배터리·돗자리 등 수요 급증 행사 앞당겨지자 하절기 상품 ",산업,,산업,유통·생활,하위없음,,
2026-09-04-K방산-크로아티아-뚫었다-한화에어로-천무-18문-첫-수출,2026-09-04,"K방산, 크로아티아 뚫었다...한화에어로 천무 18문 첫 수출",6860억원 규모...2028년부터 구소련제 다연장로켓 대체할 듯,산업,,산업,대기업,하위없음,,
2026-09-04-큐로셀-림카토-약평위-통과-연내-건보-급여화-속도,2026-09-04,"큐로셀 ‘림카토’, 약평위 통과…연내 건보 급여화 ‘속도’",심평원 평가금액 수용 급여 적정성 인정 향후 건보공단과 약가 협상 추진 예정,산업,,산업,바이오,하위없음,,
2026-09-04-이희근-포스코-사장-노사교섭-난항-파업위기에-출장-취소,2026-09-04,"이희근 포스코 사장, 노사교섭 난항·파업위기에 美 출장 취소",노조와 임협 평행선·파업 경고에 루이지애나 제철소 기공식行 취소 사내에 “후배·회사 미래 지켜달라” 3일 본교섭 열렸지만 또 합의 불발 노조 “9일까진 대화의 문 열겠다”,산업,,산업,대기업,하위없음,,
2026-09-04-주주환원만-110조-초고수-삼성전자-순매수-1위-주식-초고수는-지금,2026-09-04,"“주주환원만 110조”…초고수, 삼성전자 순매수 1위 [주식 초고수는 지금]",[미래에셋증권 집계] 2위에 삼성전기 3위에 알테오젠,증시,,시그널,국내증시,하위없음,,
2026-09-04-KB증권-퇴직연금-계좌서-개인투자용-국채-서비스-시작,2026-09-04,"KB증권, 퇴직연금 계좌서 개인투자용 국채 서비스 시작",9~15일 첫 청약…10·20년물 판매 만기 보유 시 가산금리·연 복리 적용,증시,,시그널,펀드·채권,하위없음,,
2026-09-04-코스닥-기술특례상장-21년-만에-300호-기업-배출-신규-상장-시총-60-핵심-트랙-으로,2026-09-04,코스닥 ‘기술특례상장’ 21년 만에 300호 기업 배출… 신규 상장 시총 60% ‘핵심 트랙’으로,300호 기업 스카이랩스 코스닥 입성 첫 10년 15개 불과했던 기술특례상장 코스닥 대표 기업공개 방식으로 성장,증시,,시그널,IB&Deal,하위없음,,
2026-09-04-속보-대통령-6-9일-프랑스-방문-뤼미에르-서밋-공동주재,2026-09-04,"[속보]靑 “李대통령, 6~9일 프랑스 방문…‘뤼미에르 서밋’ 공동주재”",,,,정치,청와대,분류없음,,
2026-09-04-정부가-주주충실의무-어겼다-가스공사-석유공사-합병에-8-뚝-이런국장-저런주식,2026-09-04,"“정부가 주주충실의무 어겼다”…가스공사, 석유공사 합병에 8% ‘뚝’ [이런국장 저런주식]",“정부가 소액주주 보호해야”,증시,,시그널,국내증시,하위없음,,
2026-09-04-속보-호르무즈-기여-대비태세-손상없는-범위-내-운신할-수도,2026-09-04,"[속보]靑 “호르무즈 기여, 대비태세 손상없는 범위 내 운신할 수도”","파병 가능성에 “절차따라 검토단계, 결정된 것 없어”",,,정치,통일·외교·안보,분류없음,,
2026-09-04-정부-상폐-시총기준-강화-속도조절-코스피-코스닥-6개월-유예,2026-09-04,"정부, 상폐 시총기준 강화 속도조절…코스피·코스닥 6개월 유예",시행 시점 내년 7월로 연기하고 시총 미달 기업 코넥스 이전 허용,증시,,시그널,정책,하위없음,,
2026-09-04-속보-반도체-호황-지속-7월-경상수지-420-8억-달러-흑자-역대-2위,2026-09-04,[속보] 반도체 호황 지속...7월 경상수지 420.8억 달러 흑자 ‘역대 2위’,수출 두 달 연속 1000억 달러 웃돌아 1~7월 흑자 2331억...작년의 4배 여행수지는 3개월만 적자 전환,,,경제,경제분석,분류없음,,
2026-09-04-한-달-붓고-평생-연금-추납-외국인-3명이-쏘아올린-공-2,2026-09-04,‘한 달 붓고 평생 연금’ 추납 외국인 3명이 쏘아올린 공 <2>,"李 “국내 최소거주기간 설정 검토” 건보 피부양자 제도 손질 가능성도 국민연금, ‘재태크성 추납’에 메스 외국인 가입 기간 요건 강화 넘어 제도가 가진 구조적 결함 손질 검토 가입 기간에 비례해서 추납 인정, 최장 ",,,사회,사회일반,분류없음,,
2026-09-04-VIG파트너스-유신혁-부대표-강성욱-총괄-영입-시그널,2026-09-04,"VIG파트너스, 유신혁 부대표·강성욱 총괄 영입 [시그널]","유 대표, 투자 및 투자처 관리 강 총괄은 해외 투자 발굴 운영 조직 강화 방안도 발표",증시,,시그널,IB&Deal,하위없음,,
2026-09-04-2만9000원-0원-비행기서-유튜브-공짜로-본다-대한항공-이달-중-스타링크-도입,2026-09-04,"“2만9000원→0원” 비행기서 유튜브 공짜로 본다…대한항공, 이달 중 ‘스타링크’ 도입",,산업,,산업,대기업,하위없음,,
2026-09-04-석화-재편-1호-H-L어드밴스드-출범-경쟁력-확보하는-통합의-길,2026-09-04,‘석화 재편 1호’ H&L어드밴스드 출범…“경쟁력 확보하는 통합의 길”,충남 서산 대산공장서 출범식 연산 110만톤 NCC 가동 중단 스페셜티소재로 포트폴리오 확대,산업,,산업,대기업,하위없음,,
2026-09-04-삼성-SK-엔비디아와-동맹-강화-총수들-뉴욕-출격,2026-09-04,"삼성·SK, 엔비디아와 동맹 강화...총수들 ‘뉴욕 출격’","이재용·최태원, 이달 말 美 출장 젠슨황 밴플리트상 시상식 참석 베라루빈向 HBM4 본격 경쟁에 현장 세일즈 경영 앞다퉈 강화",산업,,산업,대기업,하위없음,,
2026-09-04-기업-에-20억불-투자-산업-생태계-확충-힘-받는다,2026-09-04,"美 기업, 韓에 20억불 투자…산업 생태계 확충 힘 받는다",엑셀리스·코닝 등 4개사가 투자 반도체·청정에너지 생태계 강화,산업,,경제,통상,하위없음,,
2026-09-04-유가-상승에-남몰래-웃는다-S-Oil-10-GS-5-정유주-강세-줍줍-리포트,2026-09-04,"유가 상승에 남몰래 웃는다…S-Oil 10%, GS 5% 정유주 강세 [줍줍 리포트]",정제마진 개선 기대,증시,,시그널,국내증시,하위없음,,
2026-09-04-코스피-1만-1000-간다던-한투-9월-최대-7400-마켓시그널,2026-09-04,‘코스피 1만 1000’ 간다던 한투 “9월 최대 7400” [마켓시그널],6월까지만 해도 3분기 상승 전망,증시,,시그널,국내증시,하위없음,,
2026-09-04-기금형-퇴직연금에-국민연금-참여-안돼-비용-절감-어렵고-수익률도-낮을-것,2026-09-04,“기금형 퇴직연금에 국민연금 참여 안돼…비용 절감 어렵고 수익률도 낮을 것”,[자본시장연구원 보고서] 국민연금기금 포트폴리오에 퇴직연금 추가 사실상 불가능 기대수익률 4% 넘기 힘들어 “OCIO 참여는 더욱 부적절”,증시,,시그널,펀드·채권,하위없음,,
2026-09-04-조각투자-풀링-조건부-허용-주식-펀드-채권도-토큰화-추진,2026-09-04,조각투자 풀링 조건부 허용…주식·펀드·채권도 토큰화 추진,[토큰증권 정책방향] 조각투자 동일자산 집합 발행 가능 정형증권 토큰화도 단계별 구축 토큰증권 별도 인가는 마련 않기로,증시,,금융,가상자산,하위없음,,
2026-09-04-첨단기업-4곳-에-2-7조원-투자-반도체-공급망-강화,2026-09-04,"美 첨단기업 4곳, 韓에 2.7조원 투자…“반도체 공급망 강화”",에어프로덕츠·액셀리스·코닝 등 4개사 평택 반도체 생산·장비시설 확대 진도 해역엔 3.2GW 규모 해상풍력 추진 반도체 소재·장비 공급망 강화…한미 협력 확대 김정관 “韓 외국인 투자정책 신뢰 보여줘”,국제,,경제,통상,하위없음,,
2026-09-04-월러-금리-동결-지지-9월-인상확률-뚝-뉴욕증시-일제-상승-데일리국제금융,2026-09-04,"월러 “금리 동결 지지” 9월 인상확률 뚝, 뉴욕증시 일제 상승[데일리국제금융]","9월 금리인상 확률 63%→50%로 하락 국채금리 이틀째 하락…2년물 4.32% 10년물 4.76%, 30년물도 내려 다우 1.2%·S&P 1.1%·나스닥 1.4% 상승 비트코인도 8만달러 돌파…유가는 부담",국제,,시그널,해외증시,하위없음,,
2026-09-04-센트럴파크-2배-규모-데이터센터-주민-반대에-5년만에-백지화,2026-09-04,센트럴파크 2배 규모 美 데이터센터…주민 반대에 5년만에 백지화,"버지니아주 1000억 달러 규모 DC 설립 중단 법원, 절차 잘못 지적…연 4억弗 세수 무효화 뉴욕·텍사스주도 지연…트럼프는 맹비난",국제,,국제,미국·중남미,하위없음,,
2026-09-04-상장사-가스-과-자본잠식-석유-통합-한국발전-엔-지역본부-3-4개-Pick코노미,2026-09-04,상장사 가스公과 ‘자본잠식’ 석유公 통합…‘한국발전’엔 지역본부 3~4개[Pick코노미],■통합 에너지자원공사 추진 상장사 가스공사 주주 반발 예고 광해공단 통합대상서 결국 제외 5대 발전사는 25년 만에 한솥밥 전국 3~4곳 재생에너지본부 설치,산업,,경제,기후에너지,하위없음,,
2026-09-04-부채-173조-LH-둘로-쪼개지만-재무설계는-미완-항만-통합도-갈등-우려-Pick코노미,2026-09-04,부채 173조 LH 둘로 쪼개지만 재무설계는 미완…항만公 통합도 갈등 우려[Pick코노미],■공공기관 기능개혁 추진방안 임대 실사업비 9년 새 3.3배 급증 개발이익 출연 규모·손실보전 미정 2030년 LH 부채 372.8조 원 전망 4개 항만公 합쳐 지역지사로 전환 본사 위치·권한 배분 갈등 불씨,산업,,부동산,정책,하위없음,,
2026-09-04-LG화학-롯데케미칼-6-대-급등-석화-구조조정-랠리-코주부,2026-09-04,LG화학·롯데케미칼 6%대 급등…석화 ‘구조조정 랠리’ [코주부],석화주 일제히 상승 정부 주도 시장 재편으로 공급과잉 해소 기대감 확산,증시,,시그널,국내증시,하위없음,,
2026-09-04-K9-수출-속도-내는-한화-드론-연계해-정밀-타격한다-biz-플러스,2026-09-04,K9 수출 속도 내는 한화…드론 연계해 정밀 타격한다 [biz-플러스],에스토니아서 ‘K9 유저클럽’ 개최 화력유도 드론과 연계해 운용 강화 디지털 군수지원 TSP로 가동률 향상 美·스페인 등 수출 다변화 동력으로 전력 현대화 수요 지역 수주에 총력 천무 포함해 패키지 수출 전략 추진,산업,,산업,대기업,하위없음,,
2026-09-04-중기부-제조-AI-인재-1600명-키운다-지역-인력난-해소,2026-09-04,"중기부, 제조 AI 인재 1600명 키운다…지역 中企 인력난 해소",AI 특화 계약학과 2030년 30개로 확대 광양·전주에 중기연수원 신설해 인력 양성,산업,,산업,중기·IT,하위없음,,
2026-09-04-반도체-굴기-뒤엔-나노-부품-장비-국산화율-추월,2026-09-04,中 반도체 굴기 뒤엔 ‘나노 부품’…장비 국산화율 韓 추월,반도체 장비용 초정밀 부품까지 내재화 中 장비 국산화율 26%→38% 확대 전망 韓 반도체 장비 자립율 20% 수준 넘어서 학계 “나노급 정밀부품 생태계 육성 시급”,산업,,국제,일본·중국,하위없음,,
2026-09-04-점유율-10-CXMT-공세에-하반기-HBM4-승부수-biz-플러스,2026-09-04,"‘점유율 10%’ CXMT 공세에…韓, 하반기 HBM4 승부수 [biz-플러스]","中 D램, 점유율 두자릿수 첫 진입 하이닉스 14%P 줄며 추격 허용 LPDDR6 양산에 캐파도 2배 증설 삼성 1위 지켰지만 위협 거세져 韓 대응카드 된 HBM도 공수 치열",산업,,산업,대기업,하위없음,,
2026-09-04-원하는-부위만-쏙-표적-지방분해-로-눈돌린-K바이오,2026-09-04,원하는 부위만 쏙…‘표적 지방분해’로 눈돌린 K바이오,"■국소 지방분해제 개발 경쟁 GC녹십자웰빙 파트너사 치료제 中 3상 충족…국소지방 감소 유도 대웅제약, 이중턱서 적용범위 확대 올릭스, 내장지방 겨냥 신약 개발 “비만치료, 감량 양보다 질에 초점”",증시,,산업,바이오,하위없음,,
2026-09-04-대웅제약-단기차입금-4배-늘고-계열사-IPO도-막혀-유동성-경고등-재무포커스,2026-09-04,"대웅제약, 단기차입금 4배 늘고 계열사 IPO도 막혀…유동성 ‘경고등’ [재무포커스]",상반기 차입 3000억 육박하는데 현금성 자산은 1500억대로 감소 중복상장 이슈에 IPO도 차질 우려 외부 자금조달에 차질 생길수도,증시,,산업,투자·재무,하위없음,,
2026-09-04-코스닥-활성화-지원사격-거래소-MM-의무기준-90-80,2026-09-04,"코스닥 활성화 ‘지원사격’…거래소, MM 의무기준 90→80%",시장조성자 7→5곳…부담 완화 요구 반영 2분기 의무충족 92→72.6%…미충족 3.2배 14일 애프터마켓 개장…시간외 MM도 도입,증시,,시그널,국내증시,하위없음,,
2026-09-04-공장-신설땐-인력-재배치도-쟁의-대상,2026-09-04,“공장 신설땐 인력 재배치도 쟁의 대상”,■ 노동부 개정 노조법 시행지침 ‘N% 성과급’ 교섭 대상 빠졌지만 노조에 파업 여지 남겨 우려 커져,,,사회,노동·고용,분류없음,,
2026-09-04-삼성-SK-표적관세-예고-CXMT는-D램-10-벽-돌파,2026-09-04,"美, 삼성·SK 표적관세 예고…CXMT는 D램 10% 벽 돌파","■ 전방위 압박받는 K반도체 러트닉, 韓 겨냥 “美서 안 만들면 대가 각오해야” 정부 업은 CXMT 2분기 점유율 첫 10% 달성",산업,,경제,통상,하위없음,,
2026-09-04-하나금융-손보에-최대-2000억-증자-추진,2026-09-04,"하나금융, 손보에 최대 2000억 증자 추진",올해 3000억 포함 5000억 확충 삼성생명도 은퇴·연금 금융사 검토 시장 포화에 몸집 키워 생존경쟁,금융·정책,,금융,보험,하위없음,,
2026-09-03-N-성과급으로는-파업-못하지만-공장-신설-등에-따른-인력-재배치는-쟁의-대상,2026-09-04,N% 성과급으로는 파업 못하지만...“공장 신설 등에 따른 인력 재배치는 쟁의 대상”,"노동부, 개정 노조법 노동쟁의 지침 사측, N% 성과급 거부해도 처벌 無 공장 신설·AI 기술도입도 경영판단권",,,사회,노동·고용,분류없음,,
2026-09-03-3954만-계정-다-털린-티빙-정보보호-투자-4배-늘릴-것,2026-09-04,3954만 계정 다 털린 티빙 “정보보호 투자 4배 늘릴 것”,개발환경 ‘접속키’ 관리 부실로 성명·연락처 등 20개 항목 유출 SNS 간편가입 계정 57% 차지 안심보험·포인트 등 고객 보상,,,산업,중기·IT,분류없음,,
2026-09-03-강남-서초-4주째-하락-성북-중랑-노원은-0-5-올라-강세,2026-09-04,강남·서초 4주째 하락…성북·중랑·노원은 0.5% 올라 ‘강세’,■세제개편 한달…서울 집값 온도차 압구정 한양3차 한달새 6.5억 뚝 강북·구로구선 1억씩 오른 사례도 比강남 14개구 평균 상승률 0.36% 세제개편안 추가 수정 여부 변수,부동산,,부동산,부동산일반,하위없음,,
2026-09-03-환율에-눌린-삼전닉스-목표가-씨티-동반하향-이런국장-저런주식,2026-09-04,환율에 눌린 삼전닉스 목표가…씨티 동반하향 [이런국장 저런주식],"삼성전자 45만→43만 SK하이닉스 310만→300만 펀더멘털 긍정적, ‘매수’ 유지",증시,,시그널,국내증시,하위없음,,
2026-09-03-중기-수출-4년내-245조로-K뷰티-넘어-K테크-집중육성,2026-09-04,“중기 수출 4년내 245조로”…K뷰티 넘어 ‘K테크’ 집중육성,"정부, 유망기업 500곳 다년간 지원 인도·싱가포르 등 신시장도 공략",산업,,경제,통상,하위없음,,
2026-09-03-삼성전자-2분기-HBM-점유율-33-하이닉스-맹추격,2026-09-04,"삼성전자, 2분기 HBM 점유율 33%…하이닉스 맹추격",업계 최초 HBM4 출하로 격차↓ 하이닉스는 HBM3E로 1위 수성 하반기 엔비디아向 공급전 예고,산업,,산업,대기업,하위없음,,
2026-09-03-LH-둘로-쪼갠다-개발과-주거복지-기능-분리,2026-09-04,LH 둘로 쪼갠다…개발과 주거복지 기능 분리,주택도시개발공사·주택도시자산공사로 개편 개발이익 일부 주택도시기금 별도 계정 적립,부동산,,부동산,정책,하위없음,,
2026-09-03-한유원-공영홈쇼핑-하나로-중기부-산하기관-개편,2026-09-04,한유원·공영홈쇼핑 하나로…중기부 산하기관 개편,"판로 지원·채널 통합해 ‘마케팅진흥공사’ 신설 시설관리 자회사 3곳도 하나로 합쳐 중기연은 국조실로…창업보육協, 창진원에 흡수",산업,,산업,중기·IT,하위없음,,
2026-09-03-인력-배치-파업-불씨-남긴-노동부-호남-800조-팹-발목-잡나,2026-09-04,‘인력 배치’ 파업 불씨 남긴 노동부…호남 800조 팹 발목 잡나,"노동부 새 지침, 공장 신설은 파업 제외 인력 재배치엔 노조와 교섭 여지 남겨 800조 규모 호남 반도체 팹 지연 우려 재계 “시행령 명문화로 리스크 없애야”",산업,,사회,노동·고용,하위없음,,
2026-09-03-LH-둘로-쪼개고-석유-가스-합친다,2026-09-04,LH 둘로 쪼개고…석유·가스公 합친다,"■ 정부, 공공기관 개혁안 발표 525개 공공기관 중 109곳 감축 LH는 개발·주거복지 기능 분리 발전 5사·항만 4사 단일법인으로 인력 등 세부안은 4분기 중 발표",금융·정책,,경제,경제일반,하위없음,,
2026-09-03-캐피털그룹이-찍은-주식-KT-G-JB금융-늘렸다,2026-09-03,캐피털그룹이 찍은 韓주식…KT&G·JB금융 늘렸다,국내 포트폴리오 올해 적극적 조정 유진테크도 확대…SK하닉은 축소,증시,,시그널,국내증시,하위없음,,
2026-09-03-미장으로-떠난-개미들-어쩌나-내년-수익률은-한-자릿수-냉담한-경고-나왔다,2026-09-03,미장으로 떠난 개미들 어쩌나…“내년 수익률은 한 자릿수” 냉담한 경고 나왔다,"뉴욕증시 고수익 뒤 눈높이 낮춰야 국채금리 급등, 증시 경계감 확산 골드만 “내년 수익률 한 자릿수”",증시,,시그널,해외증시,하위없음,,
2026-09-03-미국-주식-고점-2030년-초까지-호황-계속-코로나-저점-맞힌-월가-베테랑의-전망,2026-09-03,“미국 주식 고점? 2030년 초까지 호황 계속”…코로나 저점 맞힌 월가 베테랑의 전망,,증시,,시그널,해외증시,하위없음,,
2026-09-03-삼성-SK-대미투자-6-5배-늘려야-TSMC와-비슷해져,2026-09-03,"① 삼성·SK, 대미투자 6.5배 늘려야 TSMC와 비슷해져","■美, 韓 겨냥 투자확대 요구…‘반도체 관세’ 3대 변수 ② ‘韓 불리하지 않게’ 합의했지만 교역 기준점 모호해 무효 우려 ③ 메모리·비메모리 나눠서 부과 전공정 팹 추가 압박 가능성도",산업,,경제,통상,하위없음,,
2026-09-03-개미들-100주-사놓고-핸드폰만-쳐다봐-존리-부자-되고-싶다면-조언-들어보니,2026-09-03,"“개미들, 100주 사놓고 핸드폰만 쳐다봐”…존리 “부자 되고 싶다면” 조언 들어보니",,증시,,시그널,국내증시,하위없음,,
2026-09-03-LH-173조-부채-개선방안-빠져-항만공사는-지역-갈등-조짐,2026-09-03,LH 173조 부채 개선방안 빠져…항만공사는 지역 갈등 조짐,[공공기관 개혁안] 개발이익으로 임대손실 메운다지만 이대로면 LH 빚 4년 뒤 372조 달해 추후 제시할 재무·인력 배분안 관건 항만공사 통합 후 지사 형태로 전환 본사유치·역할 등 밥그릇 싸움 전망,산업,,경제,경제일반,하위없음,,
2026-09-03-SK렌터카-1300억-투자-부채비율은-뚝-시그널,2026-09-03,"SK렌터카, 1300억 투자…부채비율은 ‘뚝’ [시그널]",천안 오토아레나 인수하고 IT시스템 개선에 신규 투자 모회사 합병 완성하면 부채비율 400%대 감소 전망,산업,,시그널,IB&Deal,하위없음,,
2026-09-03-K뷰티-다음은-K테크-중기-수출-245조로-늘린다,2026-09-03,K뷰티 다음은 K테크...중기 수출 245조로 늘린다,‘글로벌 스케일업 500’ 신설 산업재 유망기업 500곳 육성 특정국 의존 대신 새시장 공략 ‘중기 해외진출 촉진법’도 추진,산업,,산업,중기·IT,하위없음,,
2026-09-03-반대매매-터진-마이크로디지탈-최대주주-공석-이런국장-저런주식,2026-09-03,반대매매 터진 마이크로디지탈…최대주주 ‘공석’ [이런국장 저런주식],지난달 말 감사의견 거절에 3거래일 연속 하한가 담보가치 무너져 강제 처분 김경남 등 대주주 지위 상실,증시,,시그널,국내증시,하위없음,,
2026-09-03-물량공세에-은-투자유치-총력-메모리-주도권-뺏길-수도,2026-09-03,中 물량공세에 美·日은 투자유치 총력…“메모리 주도권 뺏길 수도”,"■전방위 압박받는 K반도체…CXMT D램 점유율 10% 돌파 中, HBM·차세대 D램 바짝 추격 초정밀 장비 등 공급망 독립 가속 美 고율관세 엄포·현지증설 압박 日, 비용 절반 파격 인센티브 제시 팹 경쟁 격화에 ",산업,,산업,대기업,하위없음,,
2026-09-03-신안보-혁신기업에-4년간-2000억-투자한다,2026-09-03,신안보 혁신기업에 4년간 2000억 투자한다,AI·드론·우주 등 10대 전략분야 지정 R&D·투자·실증·조달 등 통합 지원,산업,,산업,중기·IT,하위없음,,
2026-09-03-밸류업-공시-기업-756곳으로-늘었다-코스피-시총-87-참여,2026-09-03,밸류업 공시 기업 756곳으로 늘었다…코스피 시총 87% 참여,8월 9곳 신규 공시…2024년 말 92곳서 8배 이상 증가 밸류업 지수 올해 80% 상승…코스피 상승률 웃돌아,증시,,시그널,국내증시,하위없음,,
2026-09-03-오후-2시에-무슨일이-10분만에-3-대-급락,2026-09-03,오후 2시에 무슨일이?…10분만에 3%대 급락,日 빅스텝 우려 등에 코스피 출렁 기타법인 매수에 겨우 상승 마감,증시,,시그널,국내증시,하위없음,,
2026-09-03-EB-막았더니-자사주-팔기-사라져-두달간-처분-단-1건,2026-09-03,EB 막았더니 자사주 ‘팔기’ 사라져…두달간 처분 단 1건,규제 강화후 처분 사실상 자취 감춰 취득은 136건…상반기 45% 차지 기업 자사주 활용방식 빠르게 변화,증시,,시그널,국내증시,하위없음,,
2026-09-03-이란-기지-타격에-놀랐나-코스피-1-대-급락-마켓시그널,2026-09-03,이란 美기지 타격에 놀랐나…코스피 1%대 급락 [마켓시그널],"이란, 쿠웨이트 공습 삼성전자·하이닉스 2%대↓ 삼성전기 등 대형주 동반하락",증시,,시그널,국내증시,하위없음,,
2026-09-03-속보-총리-4분기-공공기관-이전-발표-공공기관-109개-감축-내년-상반기부터-이전,2026-09-03,"[속보]韓총리 “4분기 공공기관 이전 발표…공공기관 109개 감축, 내년 상반기부터 이전”",,,,경제,경제일반,분류없음,,
2026-09-03-한전-삼성-SK에-전기료-25조-선납-제안-반도체-전력망에-투입,2026-09-03,"한전, 삼성·SK에 전기료 25조 선납 제안…반도체 전력망에 투입",삼성 20조·하이닉스 5조 규모 용인·호남 송·변전망 건설 활용 국가기관 중심 기존 선납제 확대 한전채 대신 미래 수입 당겨 조달,국제,,경제,기후에너지,하위없음,,
2026-09-03-발전-공기업-5곳-25년만에-통합-공공기관-자회사-109곳-감축,2026-09-03,발전 공기업 5곳 25년만에 통합...공공기관 자회사 109곳 감축,"정부, ‘공공기관 DIET 2026’ 추진 석유공사·가스공사 통합하고 석탄공사 청산 유사·중복 줄이기 위해 4개 항만공사도 하나로 LH는 주택·토지 기능 2개 기관으로 분리 인천·지방공항 통합은 일단 보류",,,경제,경제일반,분류없음,,
2026-09-03-10년물-이자-5-직전인데-칩플레-어쩌자고-트럼프-스톡커,2026-09-03,10년물 이자 5% 직전인데 ‘칩플레’ 어쩌자고 [트럼프 스톡커],"■윤경환 특파원의 트럼프 스톡커(Stocker) 美국채 10년물 금리, 장중 3년 만의 최고치 WSJ “G20 재무장관·중앙은행장 낙제점” ‘오리무중’ 중동 충돌에 유가 연일 상승 속 러트닉 “SK·삼성에 고강도 표",국제,,국제,미국·중남미,하위없음,,
2026-09-03-EY한영-패스파인더-독립이사-전문성-강화-MOU-체결-시그널,2026-09-03,"EY한영-패스파인더, 독립이사 전문성 강화 MOU 체결 [시그널]",독립이사 교육 프로그램 운영 최신 규제 동향 등 정보 제공 “견고한 거버넌스 기반 지원”,증시,,시그널,증권일반,하위없음,,
2026-09-03-미장-훈풍에-삼전닉스-프리마켓서-1-대-반등-이런국장-저런주식,2026-09-03,미장 훈풍에…삼전닉스 프리마켓서 1%대 반등 [이런국장 저런주식],SK스퀘어·삼성전기·LG엔솔 등 국내 대형주도 대부분 상승 美 국채 진정…반도체주 상승마감,증시,,시그널,국내증시,하위없음,,
2026-09-03-셀트리온-스테키마-점유율-16-돌파-실적-성장세-가속,2026-09-03,"셀트리온 ‘스테키마’, 美 점유율 16% 돌파…“실적 성장세 가속”","2월 10.2% 이후 5개월 만 6%p 상승 트룩시마 38.6%, 인플렉트라 30.7% ‘옴리클로’ 등 후속 제품 美 출시 예정",산업,,산업,바이오,하위없음,,
2026-09-03-104만원에-꽉-채운-플래그십-삼성-갤S26-FE-4일-출격,2026-09-03,104만원에 꽉 채운 플래그십…삼성 ‘갤S26 FE’ 4일 출격,AI 맞춤 제안·동영상 편집 특화 중고가 50% 보장 구독클럽 운영,산업,,산업,중기·IT,하위없음,,
2026-09-03-테슬라-모델Y-8월-국산차-제치고-국내-승용차-판매-1위,2026-09-03,"테슬라 모델Y, 8월 국산차 제치고 국내 승용차 판매 1위","테슬라, 수입차 판매 7개월 연속 1위 올해 판매량 전년 동기 대비 122.3%↑ BYD도 3000대 넘기며 4위 굳혀",산업,,산업,유통·생활,하위없음,,
2026-09-03-CXMT-D램-점유율-10-뚫었다,2026-09-03,"中 CXMT, D램 점유율 10% 뚫었다","분기 매출 기준 첫 두자리수 구형 틈새 노려 1년만에 6%P 신형 LPDDR·HBM3E도 양산 삼성 1위, 하이닉스는 14%P↓",산업,,산업,대기업,하위없음,,
2026-09-03-고려아연-측-손실-투자-엔터-회장-일가는-전액-회수-시그널,2026-09-03,고려아연 측 ‘손실 투자’ 엔터社…“회장 일가는 전액 회수” [시그널],"영풍·MBK, 등기부 자료 분석 최 회장 측은 투자 관여 없었다 반박",증시,,시그널,IB&Deal,하위없음,,
2026-09-03-트러스톤-태광그룹에-공개서한-경영협의회-실체-밝혀야-시그널,2026-09-03,"트러스톤, 태광그룹에 공개서한 “경영협의회 실체 밝혀야”[시그널]","법적 근거 없이 경영 개입 의혹 제기 “주요 의사결정, 이사회에서 이뤄져야” 형식적 답변시 법적 대응도 검토",증시,,시그널,증권일반,하위없음,,
2026-09-03-단독-유진PE-우리금융지주-1400만주-블록딜-4650억-규모-시그널,2026-09-03,"[단독] 유진PE, 우리금융지주 1400만주 블록딜…4650억 규모 [시그널]",2021년 인수 이후 투자금 회수 시동,증시,,시그널,IB&Deal,하위없음,,
2026-09-03-트럼프-알래스카-언급에-TCC스틸-부국철강-등-관련주-급등-줍줍리포트,2026-09-03,트럼프 알래스카 언급에… TCC스틸·부국철강 등 관련주 급등 [줍줍리포트],"“韓日, 알래스카로 간다” LNG 프로젝트로 가스관 수혜 기대감 동양철관·하이스틸도 강세",증시,,시그널,국내증시,하위없음,,
2026-09-03-사설-천원-주택-2만-가구-추진-로또-복지-부작용-경계해야,2026-09-03,[사설] ‘천원 주택’ 2만 가구 추진… ‘로또 복지’ 부작용 경계해야,,부동산,,부동산,정책,하위없음,,
2026-09-03-러트닉-삼성-SK하닉-공장-건설-필수-또-압박-이태규의-워싱턴-플레이북,2026-09-03,"러트닉 “삼성·SK하닉, 美 공장 건설 필수” 또 압박[이태규의 워싱턴 플레이북]",◆이태규 특파원의 워싱턴 플레이북“TSMC·마이크론 2개 업체만 5000억불 투자”“삼성·SK 입장에선 경고 받은 셈” 재차 압박“공장 안 지으면 美 진출 위해 관세 대가 치러야”2년 뒤 100% 부과하는 제약관세 ,국제,,경제,통상,하위없음,,
2026-09-03-국채시장-새-큰손-헤지펀드-커지는-부채부담에-고금리-청구서-내미나,2026-09-03,美 국채시장 새 큰손 헤지펀드...커지는 부채부담에 고금리 청구서 내미나,"연준, 헤지펀드 4조弗 보유 2023년 이후 두 배로 급증중앙은행 대신 민간 비중 확대재정 불안에 변동성 커질 우려",국제,,국제,미국·중남미,하위없음,,
2026-09-03-강남3구-거래량-77-줄어-대출-금리-세제에-거래-절벽-현실화-집슐랭,2026-09-03,강남3구 거래량 77% 줄어…대출·금리·세제에 거래 절벽 현실화 [집슐랭],■서울 토허 신청 4000건 밑으로4월 1만 건서 3500여건으로 65%↓전월 비교해도 35% 감소 연중 최저치대출 규제에 금리인상·세제 개편 영향“연말까지 거래 회복세 쉽지 않을 것”,부동산,,부동산,부동산일반,하위없음,,
2026-09-03-내년부터-전국에-1000원-주택-2만-가구-만든다-Pick코노미,2026-09-03,내년부터 전국에 ‘1000원 주택’ 2만 가구 만든다 [Pick코노미],내년 1만 호 우선 공급사업비 1.4조 투입 예정‘月 3만원’에 주거비 걱정 끝청년 공공임대 10만 6000호로 확대,,,부동산,정책,분류없음,,
2026-09-03-르포-매장으로-놀러오세요-유통가-체험-커머스-강화,2026-09-03,[르포]“매장으로 놀러오세요”…유통가 ‘체험 커머스’ 강화,4시간 대기시간도 놀이처럼 즐겨온라인 맞서 ‘머무를 이유’ 만들어홈쇼핑도 오프라인 체험 매장 열어“AI쇼핑 확산 속 차별화 경험 중요”,산업,,산업,유통·생활,하위없음,,
2026-09-03-팝업스토어-3년-새-2배-백화점-경험-플랫폼-으로-진화,2026-09-03,팝업스토어 3년 새 2배↑ …백화점 ‘경험 플랫폼’으로 진화,백화점 3사 주요 점포 현황 분석팝업 개수 3년 전 대비 2배 ‘껑충’,산업,,산업,유통·생활,하위없음,,
2026-09-03-경험-팔았더니-고객-늘고-실적도-쑥,2026-09-03,‘경험’ 팔았더니…고객 늘고 실적도 ‘쑥’,"CJ온스타일, 콘서트와 커머스 접목체험 요소 늘리자…신규고객 30%↑롯데홈쇼핑도 팝업직후 매출 급증",산업,,산업,유통·생활,하위없음,,
2026-09-03-한화오션-대만-양밍해운서-친환경-컨선-6척-수주-1-5조원-규모,2026-09-03,"한화오션, 대만 양밍해운서 친환경 컨선 6척 수주…1.5조원 규모",첫계약 1년만에 후속 발주 역량 입증독자개발 친환경 고망간강 기술 적용,산업,,산업,기업일반,하위없음,,
2026-09-03-증권채-수요예측-흥행가도-하나-DB-에-2-6조-몰렸다-시그널,2026-09-03,증권채 수요예측 흥행가도…하나·DB證에 2.6조 몰렸다 [시그널],하나證 3000억 모집에 2조 주문DB證도 모집액 4배 수요 확보하이닉스 자금 유입 없어도 실적·신용도 매력에 대기수요 집중,증시,,시그널,펀드·채권,하위없음,,
2026-09-03-자체-AI인프라-확보한-SK바이오팜-후보물질-발굴-신약-개발-빨라진다,2026-09-03,"자체 AI인프라 확보한 SK바이오팜, 후보물질 발굴·신약 개발 빨라진다",年 170억 들여 클라우드 구독중개연구 AX로 개발기간 단축LLM 구축으로 생산성 제고도,증시,,산업,바이오,하위없음,,
2026-09-03-중동-전운에도-안전자산-금값-뚝-고금리-강달러에-발목-코주부,2026-09-03,중동 전운에도 ‘안전자산’ 금값 뚝…고금리·강달러에 발목[코주부],국내 금값 19만 원대로…한 달 만에 최저유가 급등에 인플레 우려…美 국채 10년물 4.8%대달러인덱스도 100 육박…귀금속 가격에 하방 압력,증시,,경제,경제분석,하위없음,,
2026-09-03-알테오젠-노바티스에-4-4조-기술수출-종합,2026-09-03,"알테오젠, 노바티스에 4.4조 기술수출(종합)",항체·ADC까지 적용범위 넓혀올해 누적 계약규모 44.5억弗글로벌 빅파마 경쟁력 제고 위해핵심 수단으로 ‘ALT-B4’ 주목,증시,,산업,바이오,하위없음,,
2026-09-03-9월-대한민국-과기인상-최수석-교수,2026-09-03,9월 ‘대한민국 과기인상’ 최수석 교수,,,,사회,사회일반,분류없음,,
2026-09-03-인재-남방-한계선-정부도-못-넘었다,2026-09-03,"인재 남방 한계선, 정부도 못 넘었다",■ 구인난에 발묶인 지역 균형발전  과기부 국민AI추진단 민간인력  서울·판교 근무 조건 채용 추진  인력난 허덕이는 지역 공공기관“서울 사무소 두려 해도 눈치 보여”,,,사회,지방자치,분류없음,,
2026-09-02-상무장관-반도체-관세-체계-마련-중,2026-09-03,美 상무장관 “반도체 관세 체계 마련 중”,“모든 기업들이 관세 적용 알고 있어”“美 공장 안 지으면 관세 내야 할 것”,국제,,경제,통상,하위없음,,
2026-09-02-종부세-유턴-비판에-양도세-감면-축소-간과한-것-반박,2026-09-03,종부세 ‘유턴’ 비판에…李 “양도세 감면 축소 간과한 것” 반박,비거주 1주택 양도세 감면 축소는 간과한 비판내년 예산안 ‘복지 부족’ 지적에도 해명 나서“前정권이 만든 성장 보릿고개…회복 주력”,,,경제,세금·재정,분류없음,,
2026-09-02-치폴레-아시아-첫-매장-국내-상륙-연내-3호점까지,2026-09-03,"美 치폴레, 아시아 첫 매장 국내 상륙…“연내 3호점까지 ”",상미당·치폴레 합작법인으로 韓 진출“국내 전매장 직영…동일 품질·경험”아시아 사업 확대 내년 싱가포르 진출,산업,,산업,유통·생활,하위없음,,
2026-09-02-롯데-추석-앞두고-파트너사에-9495억-규모-조기-지급,2026-09-03,"롯데, 추석 앞두고 파트너사에 9495억 규모 조기 지급",롯데백화점 등 27개 계열사 동참,산업,,산업,유통·생활,하위없음,,
2026-09-02-삼성-LG-AI-리빙-구현-가전-넘어-로봇-경연장-진화,2026-09-03,"삼성·LG, AI 리빙 구현…가전 넘어 ‘로봇 경연장’ 진화",■삼성 ‘훔볼트 카레’에 체험공간차세대 TV·비스포크 AI 냉장고에Z 폴드8 등과 초연결 생태계 소개■LG ‘씽큐 클로’ 유럽에 첫 공개사용자 대화하며 의도·상황별 지원건물관리 플랫폼 등 B2B 적극 공략■참가사 절,산업,,산업,대기업,하위없음,,
2026-09-02-고객을-매장에서-놀게-하라-백화점-팝업-2160건-역대-최다-호모-엑스페리엔스가-온다,2026-09-02,“고객을 매장에서 놀게 하라”…백화점 팝업 2160건 ‘역대 최다’ [호모 엑스페리엔스가 온다],‘경험 플랫폼’된 유통채널IP활용 굿즈·체험 공간 등 희소성 4시간 대기시간도 놀이처럼 즐겨온라인 맞서 ‘머무를 이유’ 만들어홈쇼핑도 오프라인 체험 매장 열어“AI쇼핑 확산 속 차별화 경험 중요”,산업,,산업,유통·생활,하위없음,,
2026-09-02-기자의-눈-금감원에-전문가가-사라진다면,2026-09-02,[기자의 눈] 금감원에 전문가가 사라진다면,김남균 마켓시그널부 기자,증시,,금융,금융일반,하위없음,,
2026-09-02-NXT-프리-애프터마켓-ETF-거래-내년-이후로,2026-09-02,NXT 프리·애프터마켓 ETF 거래 내년 이후로,거래소 애프터마켓서 ETF·ETN 제외하면서 NXT 이달 본인가 신청 계획도 사실상 보류LP·야간 전산망 등 인프라 조율 부담 커져거래량 규제는 1년 추가 유예로 한숨 돌려,증시,,시그널,국내증시,하위없음,,
2026-09-02-IR임원이-미공개-신약-호재-로-2000만-원-벌어-증선위-수사기관-통보,2026-09-02,"IR임원이 미공개 ‘신약 호재’로 2000만 원 벌어…증선위, 수사기관 통보",미공개 중요정보 이용 혐의,증시,,시그널,증권일반,하위없음,,
2026-09-02-자사주-방어막에도-금리-유가-파고에-증시-흔들,2026-09-02,자사주 방어막에도…금리·유가 파고에 증시 흔들,코스피 4% 떨어져 6500대로중동 악화에 美 10년물·WTI 급등자사주 매입은 외인 매도에 묻혀삼전닉스 4%대↓…코스닥도 2%↓美상장 韓투자 ETF도 자금 썰물,증시,,시그널,국내증시,하위없음,,
2026-09-02-핵심전력-다영역부대-한반도-배치-추진,2026-09-02,美 핵심전력 다영역부대 한반도 배치 추진,"차세대 핵심 기동부대, 유럽서 이동 예고",,,정치,통일·외교·안보,분류없음,,
2026-09-02-공공기관-지방이전-3일-발표-기능-개혁에-방점,2026-09-02,공공기관 지방이전 3일 발표…“기능 개혁에 방점”,"■ 정부, 행정·공공기관 이전 발표先 중앙부처·後 공공기관추가 이전 방향·원칙 공개기능 조정·기관 통폐합 거론",,,정치,청와대,분류없음,,
2026-09-02-금리-올라-집값-꺾여도-2000조-빚-가계는-이자부담에-눈물,2026-09-02,금리 올라 집값 꺾여도…‘2000조 빚’ 가계는 이자부담에 눈물,■ 미국·일본發 금리 쓰나미물가·재정 건전성 우려에 금리↑국내 국고채 금리도 연고점 근접주담대 상단도 8% 돌파 가능성“확장재정에 금리상승 빨라질 것”,금융·정책,,경제,경제분석,하위없음,,
2026-09-02-현금-30억-가진-사람-있겠나-강남3구-토허신청-77-급감,2026-09-02,“현금 30억 가진 사람 있겠나”…강남3구 토허신청 77%급감,■가팔라지는 ‘거래절벽’8월 서울 내 신청 3538건 집계전월대비 35% ↓…연중 최저치대출 규제·稅개편에 금리 영향“연말까지 회복세 쉽지 않을 것”,부동산,,부동산,부동산일반,하위없음,,
2026-09-02-MBK-스킨이데아-라이프앤바이오-인수한다-시그널,2026-09-02,"MBK, 스킨이데아·라이프앤바이오 인수한다 [시그널]","스페셜시추에이션 부문이약 3000억 들여 패키지 인수 2년 만 국내서 신규 딜MS PE, 매각 후 철수 수순",증시,,시그널,IB&Deal,하위없음,,
2026-09-02-장인화-한-호주-경협위원장-핵심광물-에너지-방산-등-3대-첨단산업-협력-강화,2026-09-02,장인화 한·호주 경협위원장 “핵심광물·에너지·방산 등 3대 첨단산업 협력 강화”,"한경협, 경제협력위 합동회의AI·데이터센터 등 파트너십 확대AKBC “韓 CPTPP 가입 지지”",산업,,경제,통상,하위없음,,
2026-09-02-중기부-산하기관장-인사시계-빨라진다-11곳-중-4곳-교체-선상,2026-09-02,중기부 산하기관장 인사시계 빨라진다…11곳 중 4곳 교체 선상,중기장관 후보 지명에 인선 주목중진공·기정원 등 후임 선정 절차,산업,,산업,중기·IT,하위없음,,
2026-09-02-산단이-AI-로봇-실증-메카로-밸류체인-AX-가속,2026-09-02,산단이 AI·로봇 실증 메카로…車 밸류체인 AX 가속,■ 자동차산업 밀집 광주산단 가보니공장서 데이터 모아 기술 고도화관능검사·자율이송 모델 등 개발2028년까지 287억 투입해 실증車산업 특화모델로 지역 내 확산,산업,,산업,대기업,하위없음,,
2026-09-02-법원-홈플러스-회생계획-인가-19개-점포-매각-추진,2026-09-02,"법원, 홈플러스 회생계획 인가…19개 점포 매각 추진",담보권자·주주 등 계획안 가결흑자점포 67곳 재편·19곳 매각매출 줄면 상품 공급·정상화 차질,산업,,산업,유통·생활,하위없음,,
2026-09-02-트랙레코드-부족해-FDA-승인-지연-바이오-소부장-95-해외-의존,2026-09-02,트랙레코드 부족해 FDA 승인 지연…바이오 소부장 95% 해외 의존,■바이오 원부자재 국산화 시급공급망 위기 재발하면 수급 차질생산비용의 15~20% 차지도 부담“저부가 지원 쏠려…정책전환 필요”,증시,,산업,바이오,하위없음,,
2026-09-02-우시바이오-1년치-IND가-K바이오-누적-신청의-3배-전임상부터-지원해야,2026-09-02,中 우시바이오 1년치 IND가 K바이오 누적 신청의 3배…“전임상부터 지원해야”,"[압축전환 대한민국] 승부처 된 신약 위탁개발우시바이오 작년 임상신청 156건삼바 누적 49건, 1년만에 뛰어넘어韓 CMO 압도적…CDO는 뒤처져“2상 개념증명 어려워 개발 중단도”초기 펀드·심사단축 등 대책 절실美",증시,,산업,바이오,하위없음,,
2026-09-02-돈-벌-때나-좋았지-불장-에-빚투-몰린-개미들-급락장에-439억-반대매매-피눈물,2026-09-02,"“돈 벌 때나 좋았지”…‘불장’에 빚투 몰린 개미들, 급락장에 439억 반대매매 ‘피눈물’",개인전문투자자 7개월새 16.8%↑빚투 확대후 증시 돌연 급락장 전환7월 반대매매 전년 동기比 13배 급증,증시,,시그널,국내증시,하위없음,,
2026-09-02-상폐-위기-금양-결국-분식회계-혐의로-검찰-고발,2026-09-02,"‘상폐 위기’ 금양, 결국 분식회계 혐의로 검찰 고발",재고자산 팔린 것처럼 꾸며매출 103억 원 과대계상외부감사·감리 방해하기도,증시,,시그널,국내증시,하위없음,,
2026-09-02-미국발-금리-쓰나미-서민-영끌족부터-덮친다,2026-09-02,미국발 ‘금리 쓰나미’…韓 서민·영끌족부터 덮친다,■ 美·日·英 동시 금리발작 美 10년물 4.8%·日은 3% 넘어외부효과에 확장재정까지 겹쳐韓 3년물도 0.05%P 올라 3.93%가계이자 부담 급증 취약층 직격탄,금융·정책,,금융,금융일반,하위없음,,
2026-09-02-외국인-배당소득-면세-폐지-개혁-개방-이후-32년-만,2026-09-02,"中, ‘외국인 배당소득 면세’ 폐지…개혁·개방 이후 32년 만",배당소득에 개인소득세 20% 부과‘中 기업이 조세회피 통로로 악용’ 비판 커 재정 악화에 따른 세수 확충 목적도,국제,,국제,일본·중국,하위없음,,
2026-09-02-8월-물가-3-1-상승-생활물가까지-들썩,2026-09-02,8월 물가 3.1% 상승…생활물가까지 들썩,작년 통신비 할인 기저효과 작용근원물가 3.4%↑…상승폭 확대,,,경제,경제분석,분류없음,,
2026-09-02-이례적-장중-공습에-유가-95-G20도-해법-못내,2026-09-02,"美, 이례적 장중 공습에 유가 95弗…G20도 해법 못내","[중동發 충격에 세계경제 경고등]美, 이란 유조선 2척 포함해 공격이란은 즉각 요르단 미군기지 보복佛·英·獨 등 10년물 금리 상승세금융위기 이후 최고 수준 치솟아빅테크·정부·가계 이자폭탄 우려G20재무회의선 中무역",국제,,국제,중동·아프리카,하위없음,,
2026-09-02-우리-아이-성인-될-때-7000만원-쌓인다-정부가-함께-돈-넣어-준다는-이-펀드,2026-09-02,“우리 아이 성인 될 때 7000만원 쌓인다”…정부가 함께 돈 넣어 준다는 ‘이 펀드’,,,,시그널,펀드·채권,분류없음,,
2026-09-02-단독-하루-임대료-1000원-청년주택-2만가구-공급한다,2026-09-02,[단독]하루 임대료 1000원…청년주택 2만가구 공급한다,"[정부, 초저가 공공임대 사업]내년 예산에 사업비 1.4조 편성LH, 비수도권 주택 매입해 임대인천 등 사업 장점 전국으로 확대수도권도 공공임대 2만가구 공급반전세 대출 등 주거 지원도 늘려",,,부동산,정책,분류없음,,
2026-09-02-제이커브인베-동방에-120억-투자-자항선-성장-겨냥-시그널,2026-09-02,"제이커브인베, 동방에 120억 투자…‘자항선’ 성장 겨냥 [시그널]",시총 800억대 코스닥社CB 매입 방식 투자,산업,,시그널,IB&Deal,하위없음,,
2026-09-02-롯데렌탈-M-A-신속-허가에-TPG-인수-자금-조달-속도낸다-시그널,2026-09-02,"롯데렌탈 M&A 신속 허가에…TPG, 인수 자금 조달 속도낸다[시그널]",기존 블라인드 펀드 활용코인베 펀드도 결성 시도전액 에쿼티 인수 추진10월 딜 클로징 청신호,증시,,시그널,IB&Deal,하위없음,,
2026-09-02-법원-홈플러스-회생안-인가-자산-매각-본격화-시그널,2026-09-02,"법원, 홈플러스 회생안 인가…자산 매각 본격화[시그널]",1년 6개월만에 최종 통과19개 자가점포 매각 등자산 유동화로 빚 정리 나서고악화된 신용도·영업력 회복 관건,증시,,시그널,IB&Deal,하위없음,,
2026-09-02-유럽-중동-사로잡은-K방산-인재-R-D-늘려-매출-50조-눈앞-이슈-focus,2026-09-02,유럽·중동 사로잡은 K방산…인재·R&D 늘려 매출 50조 눈앞 [이슈 focus],"■호실적 4社, 신규 고용 2000명·2조 이상 투자 추진수주잔액 1년새 16% 늘어 98조기술 고도화로 수출영토 다변화상반기에만 R&D 첫 1조 넘어서청년·정규직 위주 인재확보 주력중장기 생산라인 확충에 공격투자",산업,,산업,대기업,하위없음,,
2026-09-02-기아-역대-최고-기록-릴레이,2026-09-02,"기아, 역대 최고 기록 ‘릴레이’",8월 美서 월 기준 최다 판매상반기 누적 판매량도 최다,산업,,산업,대기업,하위없음,,
2026-09-02-맛있고-간편해서-자주-사-먹는-건데-편의점서-즉석밥-집었다가-깜짝,2026-09-02,맛있고 간편해서 자주 사 먹는 건데…편의점서 ‘즉석밥’ 집었다가 깜짝,,산업,,산업,유통·생활,하위없음,,
2026-09-02-잠수함에-미사일-전투기-무인체계까지-수출-전선-넓힌다,2026-09-02,잠수함에 미사일·전투기·무인체계까지…수출 전선 넓힌다,"■K방산, 전차·자주포 넘어 사업영역 확장KAI, 인니와 KF-21 막바지 협상요격률 96% 천궁, 중동서 문의 쇄도잠수함은 페루서 추가 수주 가능성드론·무인車 등 육해공 전분야 개발",산업,,산업,대기업,하위없음,,
2026-09-02-생산능력-1위-K바이오-블록버스터-신약은-0,2026-09-02,생산능력 1위 K바이오…블록버스터 신약은 ‘0’,■ 압축전환 대한민국세계 1·2·4위 공장 인천에 집결처방 100억 이상 신약 11개 그쳐,증시,,산업,바이오,하위없음,,
2026-09-02-거래소-다음달-주식-결제-T-1-로드맵-발표-외국인-시차-환전-해법부터-마련해야,2026-09-02,"거래소, 다음달 ‘주식 결제 T+1’ 로드맵 발표…“외국인 시차·환전 해법부터 마련해야”",제도·시스템 개편 및 통합 테스트 계획 담아시장 의견 수렴 후 금융 당국과 시행 시기 확정외국인 시차·환전 부담…결제 자동화로 대응 추진,증시,,시그널,국내증시,하위없음,,
2026-09-02-알테오젠-또-일냈다-노바티스에-4-4조-기술수출,2026-09-02,알테오젠 또 일냈다…노바티스에 4.4조 기술수출,ALT-B4 피하주사 라이선스 계약올해만 네번째…역대 두번째 규모,증시,,산업,바이오,하위없음,,
2026-09-02-기타법인-방어-에도-힘-빠진-코스피-4-내려-6500선-마감-마켓시그널,2026-09-02,‘기타법인 방어’에도 힘 빠진 코스피…4% 내려 6500선 마감[마켓시그널],외국인·기관 동반 매도에 6562.72 마감삼전·닉스 등 시총 상위주 일제히 약세기타법인 1.6조 순매수에도 지수 하락 못 막아,증시,,시그널,국내증시,하위없음,,
2026-09-02-단독-삼성물산-ESS-태양광-투자자로-IMM인베-낙점-시그널,2026-09-02,[단독] 삼성물산 美 ESS·태양광 투자자로 IMM인베 낙점 [시그널],3300억 투자 유치 우협PEF·증권사 등 경쟁서 승기미국 법인 지분 투자 방식,산업,,시그널,IB&Deal,하위없음,,
2026-09-02-정용진의-럭셔리-승부수-청담에-아만-들어선다,2026-09-02,정용진의 ‘럭셔리 승부수’…청담에 ‘아만’ 들어선다,청담에 지하 8층∼지상 38층 규모정용진-도로닌 아만 회장 협력 결실,산업,,산업,유통·생활,하위없음,,
2026-09-02-역대급-폭염-에-프로야구-부산-창원-경기-취소,2026-09-02,역대급 ‘폭염’에 프로야구 부산·창원 경기 취소,"삼성-롯데, 기아-NC戰 연기KBO, 경기 탄력적 운용키로",산업,,사회,사회일반,하위없음,,
2026-09-02-기아의-독주-8월-서-역대-최고-실적-현대차는-1-9-감소,2026-09-02,"기아의 독주, 8월 美서 역대 최고 실적…현대차는 1.9% 감소",스포티지·K4·텔루라이드 3인방 견인카니발·셀토스도 두 자릿수 성장현대차·기아 합산 판매는 4개월 만에 감소친환경차 전년비 15.5% 증가해 역대 최대,산업,,산업,대기업,하위없음,,
2026-09-02-두산퓨얼셀-AI-DC-전력시장-진출-5014억-규모-연료전지-공급,2026-09-02,"두산퓨얼셀, 美 AI DC 전력시장 진출…5014억 규모 연료전지 공급",㈜두산 美 자회사와 계약,산업,,산업,대기업,하위없음,,
2026-09-02-정은보-거래소-이사장-캘리포니아-공무원-연금-면담-자본시장-영업전,2026-09-02,"정은보 거래소 이사장, 캘리포니아 공무원 연금 면담… 韓 자본시장 ‘영업전’",뉴욕서 로드쇼·NYSE MOU 이어 미 최대 공적 연기금 캘퍼스 면담,증시,,시그널,국내증시,하위없음,,
2026-09-02-240만-140만-폭락에-개미들-비명-터졌는데-주가-2배-된다-전망-나온-회사-어디,2026-09-02,‘240만→140만’ 폭락에 개미들 비명 터졌는데…“주가 2배 된다” 전망 나온 회사 어디?,,증시,,시그널,국내증시,하위없음,,
2026-09-02-삼전닉스-프리마켓-3-대-급락-금리-유가-급등에-반도체-휘청-이런국장-저런주식,2026-09-02,삼전닉스 프리마켓 3%대 급락…美 금리·유가 급등에 반도체株 ‘휘청’[이런국장 저런주식],美 10년물 4.8% 돌파…엔비디아·마이크론도 약세자사주 매입은 수급 안전판…장중 낙폭 축소 주목,증시,,시그널,국내증시,하위없음,,
2026-09-02-알테오젠-스위스-노바티스에-ALT-B4-기술수출,2026-09-02,"알테오젠, 스위스 노바티스에 ‘ALT-B4’ 기술수출",최대 4조 4165억 원 규모올들어 네 번째 기술수출,증시,,산업,바이오,하위없음,,
2026-09-02-두-달-만에-물가-3-재진입-정부-통신비-빼면-2-5,2026-09-02,두 달 만에 물가 3% 재진입...정부 “통신비 빼면 2.5%”,"재경부, 물가관계부처회의 소집 지난해 휴대전화 반값 기저효과 통신요금 26.7% 올라...0.6%p↑석유최고가격제는 0.5%p 낮춘 효과 1030억 투입 농축수산물 할인지원",금융·정책,,경제,경제분석,하위없음,,
2026-09-02-내년-지역사랑상품권-25-6조-발행-행안부-84-7조-예산안-편성,2026-09-02,"내년 지역사랑상품권 25.6조 발행…행안부, 84.7조 예산안 편성","행안부, 2027년도 예산안올해보다 10.1% 증액…교부세 77.2조지역사랑상품권 지원 예산 1.4조 투입AI통합민원플랫폼 구축에 203억 편성",,,경제,세금·재정,분류없음,,
2026-09-02-삼일PwC-민간-투자를-통한-송전망-대전환-웨비나-개최-시그널,2026-09-02,"삼일PwC, ‘민간 투자를 통한 송전망 대전환’ 웨비나 개최 [시그널]",민간의 전력망 개발 참여 열려전력 인프라 민간 투자자 대상15일 오후 2시 개최,산업,,경제,기후에너지,하위없음,,
2026-09-02-딜로이트-안진-책무구조도-대응-공동설명회-개최-시그널,2026-09-02,"딜로이트 안진, 책무구조도 대응 공동설명회 개최 [시그널]","로고스시스템·범익과 손잡고지난달 28일, 이달 1일 진행중소 여신전문금융회사 대상 맞춤 전략, 관리시스템 활용 제시",산업,,금융,금융일반,하위없음,,
2026-09-02-삼정KPMG-K-타이어-전기차-RE-고인치-타이어-공략해야-시그널,2026-09-02,"삼정KPMG “K-타이어, 전기차 RE·고인치 타이어 공략해야” [시그널]","세계 타이어 시장, 내년 1762억 달러K-타이어, 시장점유율 확대하고 생산 거점·원료 조달 역량 재편해야",산업,,산업,대기업,하위없음,,
2026-09-02-올해-하반기-공기업-10곳-중-7곳-채용-확정,2026-09-02,올해 하반기 공기업 10곳 중 7곳 채용 확정,인크루트 ‘공기업 채용 동향’ 조사채용 계획 기업·채용 규모 모두↑,산업,,사회,노동·고용,하위없음,,
2026-09-02-관계인집회-앞둔-홈플러스-공익채권-동의-64-넘어,2026-09-02,관계인집회 앞둔 홈플러스…공익채권 동의 64% 넘어,관계인집회 직전까지 추가 동의 받아,산업,,산업,유통·생활,하위없음,,
2026-09-02-중기부-청년-소상공인-사회안전망-구축-창업-실패-육아-폐업까지-지원,2026-09-02,"중기부, 청년 소상공인 ‘사회안전망’ 구축…창업 실패·육아·폐업까지 지원",창업안심 정책보험·건강·육아지원 신설실업급여 지원 확대 및 산재보험 도입,산업,,산업,중기·IT,하위없음,,
2026-09-02-외신-장금마리타임-배-호르무즈서-피격-장금상선-실소유권-없다,2026-09-02,외신 “韓 장금마리타임 배 호르무즈서 피격”…장금상선 “실소유권 없다”,사우디 원유 싣고 해협 빠져나오다 피격정체불명 발사체 3발 맞아…인명피해無이란의 유조선 45척 제재·경고 직후 발생,산업,,국제,중동·아프리카,하위없음,,
2026-09-02-1조-규모-의왕-백운밸리-의료복합단지-매물로-선매각-이후-내년-착공-시그널,2026-09-02,1조 규모 ‘의왕 백운밸리 의료복합단지’ 매물로…선매각 이후 내년 착공 [시그널],매각 주관사 세빌스 선정노인복지주택 등 분할 매각총 매각 규모만 1조 원 달해선매각으로 자금 조달 해결,증시,,부동산,부동산일반,하위없음,,
2026-09-02-삼성전기-1조원대-MLCC-수주-공급-부족에-가격도-오른다-줍줍-리포트,2026-09-02,"삼성전기, 1조원대 MLCC 수주…“공급 부족에 가격도 오른다”[줍줍 리포트]",AI 서버용 MLCC 1조 722억 원 공급 계약2027년 예상 MLCC 매출액의 12.3% 규모,증시,,시그널,국내증시,하위없음,,
2026-09-02-컴투스-신작-제우스-흥행-주가-7-대-강세-이런국장-저런주식,2026-09-02,"컴투스, 신작 ‘제우스’ 흥행…주가 7%대 강세[이런국장 저런주식]","출시 18시간 만에 양대 앱마켓 매출 1위키움證, 3분기 일평균 매출 15억 원 전망",증시,,시그널,국내증시,하위없음,,
2026-09-02-삼전닉스-3-대-동반-약세-코스피-3-급락해-6600선-마켓시그널,2026-09-02,삼전닉스 3%대 동반 약세…코스피 3% 급락해 6600선[마켓시그널],美·이란 교전 재개에 유가 급등美 10년물 금리 4.79%로 치솟아코스닥도 2%대 하락…장중 800선 아래로,증시,,시그널,국내증시,하위없음,,
2026-09-02-고추장-간장도-담합했나-공정위-CJ-대상-샘표-등-5개사-현장조사-Pick코노미,2026-09-02,“고추장·간장도 담합했나”...공정위 CJ·대상·샘표 등 5개사 현장조사 [Pick코노미],CJ·대상·샘표·풀무원·사조대림 현장조사추석 앞두고 장류 가격 결정 과정 집중 점검2011년 고추장 가격 담합 적발 이후 15년만물가 안정 위해 식품업계 담합 감시 강화,,,산업,유통·생활,분류없음,,
2026-09-02-사설-내년-나랏빚-106조-증가-미래세대에-빚-청구서-우려된다,2026-09-02,"[사설] 내년 나랏빚 106조 증가, 미래세대에 빚 청구서 우려된다",,,,경제,세금·재정,분류없음,,
2026-09-02-1주택-종부세-부담-낮췄지만-양도세-공제-10억-은-그대로-Pick코노미,2026-09-02,1주택 종부세 부담 낮췄지만…‘양도세 공제 10억’은 그대로 [Pick코노미],비거주 기본공제 12억·세부담 상한 150% 유지,,,경제,세금·재정,분류없음,,
2026-09-02-이례적-장중-이란-공습-브렌트-95달러-10년물-4-8-돌파-이태규의-워싱턴-플레이북,2026-09-02,"美, 이례적 장중 이란 공습...브렌트 95달러·10년물 4.8% 돌파[이태규의 워싱턴 플레이북]","◆이태규 특파원의 워싱턴 플레이북美, 기존 패턴 깨고 뉴욕증시 거래 중 공격게슘섬 폭발음...민간공항도 피격 트럼프 “보복하면 더 세게 타격...전멸할 것”이란 ‘결정적 작전’ 맞불...요르단 미군 공격국제유가 급등",국제,,국제,중동·아프리카,하위없음,,
2026-09-02-중동-긴장-고조에-유가-금리-동반-급등-나스닥-1-데일리국제금융,2026-09-02,중동 긴장 고조에 유가·금리 동반 급등...나스닥 1% ↓ [데일리국제금융],10년물 美국채 금리 장중 4.8% 근접지난해 1월 이후 최고...장단기 모두 ↑호르무즈 군사 충돌에 유가 5%대 급등연준 9월 금리 인상 확률도 35→ 68%,국제,,국제,중동·아프리카,하위없음,,
2026-09-02-국방예산-첫-70조-돌파-핵잠-예산-1000억원-첫-반영-이현호의-밀리터리-톡,2026-09-02,국방예산 첫 70조 돌파…핵잠 예산 1000억원 첫 반영[이현호의 밀리터리!톡],전년 대비 8.2% 늘어난 73조원 편성,,,경제,세금·재정,분류없음,,
2026-09-02-반도체-호황-올라탄-821조-슈퍼-예산-세수-절벽-땐-재정-흔들-Pick코노미,2026-09-02,반도체 호황 올라탄 821조 슈퍼 예산…세수 절벽 땐 재정 흔들[Pick코노미],총지출 12.8% 늘어…2009년 넘어 역대 최대국세수입 194조 급증…8년만에 총수입 > 지출관리재정수지 적자 108조서 3조로 대폭 축소2030년 총지출 1005조·국가채무 1734조 전망반도체 하강·성장 지연 ,산업,,경제,세금·재정,하위없음,,
2026-09-02-군살-빼기-끝낸-편의점-다시-불붙는-출점-경쟁-똑똑-스마슈머,2026-09-02,‘군살 빼기’ 끝낸 편의점…다시 불붙는 출점 경쟁 [똑똑! 스마슈머],4사 점포 6개월 간 200개 증가장보기 늘면서 수요 본격 확대 핵심 상권 ‘A급 입지’ 선점 치열,산업,,산업,유통·생활,하위없음,,
2026-09-02-삼성-LG-100만원대-노트북-출시-칩플레이션-속-가성비-승부수,2026-09-02,삼성·LG ‘100만원대 노트북’ 출시…칩플레이션 속 가성비 승부수,갤북6·그램북 신제품 동시 공개메모리 절반 줄여 100만원 절감AI기능·1㎏대 무게 등 장점 살려,산업,,산업,중기·IT,하위없음,,
2026-09-02-정책-불신-커져-기약없는-재생에너지-입찰-제도에-속타는-스타트업,2026-09-02,“정책 불신 커져”… 기약없는 재생에너지 입찰 제도에 속타는 스타트업,,산업,,경제,기후에너지,하위없음,,
2026-09-02-영업익-30-성과급으로-HD현대-노조-부분-파업-돌입,2026-09-02,"“영업익 30% 성과급으로” HD현대重 노조, 부분 파업 돌입",확대 간부 중심으로 7시간 부분 파업협상 장기화 시 전면 총파업 우려,산업,,사회,노동·고용,하위없음,,
2026-09-02-IPO-앞둔-네오사피엔스-데카콘-경쟁사-기술성평가-우위-시그널,2026-09-02,IPO 앞둔 네오사피엔스…“‘데카콘’ 경쟁사比 기술성평가 우위” [시그널],한국정보기술원 기술성평가서글로벌 데카콘 일레븐랩스 앞서해외 확장 가능성이 흥행 분수령,증시,,시그널,IB&Deal,하위없음,,
2026-09-02-탈모-치료-아직-멀었는데-탈모-관련-줄줄이-상한가-이런국장-저런주식,2026-09-02,탈모 치료 아직 멀었는데…탈모 관련株 줄줄이 상한가 [이런국장 저런주식],새로운 소식 없는데 돌연 급등산업 전망 관련 외신 보도 영향“추종매매는 큰 손실 볼 수 있어”,증시,,시그널,국내증시,하위없음,,
2026-09-02-베트남과-동행-5년간-스타트업-100개-키우는-롯데,2026-09-02,“베트남과 동행”…5년간 스타트업 100개 키우는 롯데,■ 상생 3.0 성장DNA 이식하는 기업들상생프로그램 ‘엘캠프’ 본격 가동,산업,,산업,대기업,하위없음,,
2026-09-02-비거주-1주택-공제-유턴-김용범-정책실장-사퇴,2026-09-02,비거주 1주택 공제 ‘유턴’…김용범 靑 정책실장 사퇴,기본공제 12억…9억 축소안 철회세부담 상한은 150% 유지 확정ISA 만기 5년 제한도 없던 일로 李정부 출범 후 첫 靑 실장 교체,,,정치,청와대,분류없음,,
2026-09-01-네팔-대홍수-사망자-1000명-넘어서-발전소-실종자-수색-난항,2026-09-01,네팔 대홍수 사망자 1000명 넘어서···발전소 실종자 수색 난항,"수력발전소서 600명 이상 고립 추정한국인 실종자 9명은 아직 못 찾아네팔 정부, 온실가스 배출국에 보상 청구",국제,,국제,아시아·호주,하위없음,,
2026-09-01-홈플러스-공익채권-분할상환-동의율-59-관계인집회-앞두고-추가-확보-총력,2026-09-01,"홈플러스, 공익채권 분할상환 동의율 59%…관계인집회 앞두고 추가 확보 총력",“회생계획 수행가능성 입증 위해 추가 동의 필요”물품대금 채권자 64.4%·임직원 87.9% 동의,산업,,산업,유통·생활,하위없음,,
2026-09-01-삼성전자-로직-메모리-배치-최적화-AI칩-한계-돌파,2026-09-01,삼성전자 “로직·메모리 배치 최적화…AI칩 한계 돌파”,[차세대 기술비전 ‘CUBE’ 발표]3D메모리 패러다임 전환 통해데이터 처리 지연 근본적 해결,산업,,산업,대기업,하위없음,,
2026-09-01-재무포커스-DB하이텍-전력반도체-호황인데-1-2조-현금-쥐고도-증설-꺼려,2026-09-01,"[재무포커스] DB하이텍, 전력반도체 호황인데…1.2조 현금 쥐고도 증설 꺼려",부천·상우캠퍼스 등 가동률 95% 파운드리 생산 한계 다다랐지만1.5조 대규모 투자계획 ‘불투명’경영진 미래 불확실성 키우는 꼴,산업,,산업,대기업,하위없음,,
2026-09-01-두산에너빌-하동-LNG복합발전소-EPC-사업-6658억원에-수주,2026-09-01,"두산에너빌, 하동 LNG복합발전소 EPC 사업 6658억원에 수주",남부발전과 일괄 설치조건부 구매 계약 체결 상세설계부터 기자재 공급·시공까지 한번에,산업,,산업,대기업,하위없음,,
2026-09-01-ARA코리아운용-코트야드-바이-메리어트-수원-인수-콘래드-이어-두번째-투자-시그널,2026-09-01,"ARA코리아운용, ‘코트야드 바이 메리어트 수원’ 인수…콘래드 이어 두번째 투자 [시그널]",약 1000억 원에 계약 체결 이달 말 한화와 거래 종결,증시,,시그널,IB&Deal,하위없음,,
2026-09-01-투자의-창-반도체와-네덜란드병,2026-09-01,[투자의 창] 반도체와 네덜란드병,■허재환 유진투자증권 매크로분석실장,증시,,시그널,증권일반,하위없음,,
2026-09-01-GS칼텍스-자동차-가전-소재-사업부-매각-검토-시그널,2026-09-01,"GS칼텍스, 자동차·가전 소재 사업부 매각 검토[시그널]",PEF와 콤파운드 사업부 매각 협상매각가 3000억 안팎 전망비핵심 사업 정리 차원,증시,,시그널,IB&Deal,하위없음,,
2026-09-01-HD현대-노사협상-결렬-2일-부분파업-돌입,2026-09-01,HD현대重 노사협상 결렬...2일 부분파업 돌입,노사 임단협 본교섭 결렬파업 돌입하나 교섭 병행,증시,,산업,대기업,하위없음,,
2026-09-01-유로존-8월-물가-3-3-상승-ECB-추가-금리인상-가능성,2026-09-01,유로존 8월 물가 3.3% 상승…ECB 추가 금리인상 가능성,에너지값 14.3% 급등이 견인서비스 부문 물가도 3.0% 뛰어,국제,,국제,유럽,하위없음,,
2026-09-01-R-D-예산-11-2-확대-지역-기초연구까지-육성,2026-09-01,R&D 예산 11.2% 확대 ...지역·기초연구까지 육성,올해보다 11.2% 늘려 역대 최대 규모주요 R&D 33.8조·일반 R&D 5.7조 편성신규사업 3.3조 역대 최대…지역 R&D 4.5조,금융·정책,,경제,세금·재정,하위없음,,
2026-09-01-국정원-북미-정상회담-대화-징후-있어,2026-09-01,국정원 “북미 정상회담 대화 징후 있어”,"■ 국정원 국회 정보위원회 업무보고美 백악관 실무준비 정황 포착北, 우크라 추가파병 가능성 낮아",국제,,정치,통일·외교·안보,하위없음,,
2026-09-01-중수청-지원-615명-빠졌다-개청-앞두고-인력-구성-난항,2026-09-01,중수청 지원 615명 빠졌다…개청 앞두고 인력 구성 난항,청사·전산망 미비·격무 우려 등 겹쳐숙련 수사 인력 확보에 차질최소 1000명 추가 충원 불가피,,,사회,법조,분류없음,,
2026-09-01-병장도-월급-200만원씩-받던데요-불만에-하사-초봉-300만원으로,2026-09-01,“병장도 월급 200만원씩 받던데요” 불만에…하사 초봉 月300만원으로,,,,사회,노동·고용,분류없음,,
2026-09-01-서울대-10개-만들기-에-부산-전남-충남대-1000억씩-지원,2026-09-01,‘서울대 10개 만들기’에 부산·전남·충남대…年 1000억씩 지원,■거점국립대 9곳 중 3곳 집중육성부산 ‘혁신제조’·전남 ‘반도체’ 충남은 ‘과학기술’ 등에 특화탈락 6곳도 연 400억 지원받아성과관리위원회 별도 구성키로,,,사회,교육,분류없음,,
2026-09-01-일하면-193만원-쉬면-198만원-소득-역전에-메스,2026-09-01,"일하면 193만원, 쉬면 198만원…소득 역전에 ‘메스’",■비어가는 고용보험 곳간…실업급여 개편고보기금 계정 작년 1.8조 적자공자기금 반영땐 실적립금 -6조모성급여 2배↑ 재정 압박 가중“조기 재취업 막아” 지적도 영향방식 손질해 年 1.4조 절감 추진노사 반발에 입법과,,,사회,노동·고용,분류없음,,
2026-09-01-대신증권-회사채-수요예측-문전성시-모집액-10배-돈뭉치-몰렸다-시그널,2026-09-01,대신증권 회사채 수요예측 문전성시…모집액 10배 돈뭉치 몰렸다 [시그널],1500억 모집에 1.6조 주문시장금리보다 10bp 낮게 조달AA-급 신용도·상반기 호실적 뒷받침,증시,,시그널,펀드·채권,하위없음,,
2026-09-01-삼성전기-빅테크에-MLCC-1조-공급한다,2026-09-01,"삼성전기, 빅테크에 MLCC 1조 공급한다",■역대 최대규모 계약 체결올해 들어 3조3200억 수주 실적LTA 10여곳 달해 추가계약 기대AI칩 핵심부품 글로벌 패권 선점국내외 캐파 매년 20% 확대 추진,산업,,산업,대기업,하위없음,,
2026-09-01-렌탈-매각-승인-롯데-구조조정-속도,2026-09-01,"렌탈 매각 승인...롯데, 구조조정 속도",매각대금 내달 1.3조 유입계열사 재무개선에 활용,산업,,산업,대기업,하위없음,,
2026-09-01-LG엔솔-친환경-탄산리튬-2조-확보-북미-공급망-강화,2026-09-01,"LG엔솔, 친환경 탄산리튬 2조 확보…북미 공급망 강화",스맥오버 리튬社와 계약 체결전기차 180만대 생산분 8만톤2029년부터 10년간 공급받아,산업,,산업,대기업,하위없음,,
2026-09-01-재생에너지-입찰제-전국-시행-서둘러야,2026-09-01,"“재생에너지 입찰제, 전국 시행 서둘러야”","스타트업 6곳, 靑에 서한정책 지연에 투자금 손실 우려",산업,,경제,기후에너지,하위없음,,
2026-09-01-삼전닉스가-또-코스피-끌어올렸다-기타법인-1-6조-순매수-마켓시그널,2026-09-01,삼전닉스가 또 코스피 끌어올렸다…기타법인 1.6조 순매수 [마켓시그널],개인·외국인·기관 모두 순매도에도삼전닉스 자사주 매입이 방패 역할7거래일 연속 조 단위 순매수 기록,증시,,시그널,국내증시,하위없음,,
2026-09-01-올해-공인회계사-1150명-최종-합격-최고점자는-서울대-현우진-최연소는-20세,2026-09-01,"올해 공인회계사 1150명 최종 합격…최고점자는 서울대 현우진, 최연소는 20세",합격자 수 전년比 50명 줄어,증시,,사회,교육,하위없음,,
2026-09-01-신동빈-롯데쇼핑-주식-127억-원어치-매도-지분율-10-밑으로-이런국장-저런주식,2026-09-01,"신동빈, 롯데쇼핑 주식 127억 원어치 매도…지분율 10% 밑으로 [이런국장 저런주식]",11만 8180주 장내 매도신 회장 지분 10.23→9.81%상반기 보수 33억 원 수령,증시,,시그널,국내증시,하위없음,,
2026-09-01-주식으로-돈-벌어-비싼-아파트-사는-데-썼다-강남-3구에만-2-2조,2026-09-01,“주식으로 돈 벌어 비싼 아파트 사는 데 썼다”…강남 3구에만 ‘2.2조’,주식 팔아 집 산 돈 8조 육박고가주택에 절반 이상 쏠림서울·경기가 92% 흡수,증시,,부동산,부동산일반,하위없음,,
2026-09-01-KTX-SRT-10년-만에-하나로,2026-09-01,KTX·SRT 10년 만에 하나로,,,,사회,사회일반,분류없음,,
2026-09-01-단독-저축-PF-연체-2-7조-올해만-15-급증,2026-09-01,[단독]저축銀 PF 연체 2.7조…올해만 15% 급증,■ 79곳 경영공시 전수조사부동산 대출규모 제자리인데반년만에 연체액 3600억 증가,금융·정책,,금융,금융일반,하위없음,,
2026-09-01-내년부터-실업급여-월-수급액-23만원-줄어든다,2026-09-01,내년부터 실업급여 월 수급액 23만원 줄어든다,주 7일서 6일로 지급 기준 변경…총액은 변동 없어고용보험료도 5년 만에 인상,,,사회,노동·고용,분류없음,,
2026-09-01-미래대응기금-첫해-45-4조-지출-국채발행-축소에도-12-5조-2027년-예산안,2026-09-01,미래대응기금 첫해 45.4조 지출… 국채발행 축소에도 12.5조 [2027년 예산안],■162조 미래기금 활용 어떻게성장동력·지방 등 4대 분야 투입혼인 등 청년 현금성 지원도 늘려,산업,,경제,세금·재정,하위없음,,
2026-09-01-삼성디스플레이-충남-아산에-67조-투자-본격-나서,2026-09-01,"삼성디스플레이, 충남 아산에 67조 투자 본격 나서",도·삼성디스플레이·아산시·한국전력공사·한국수자원공사 협약 체결충남 첨단산업 ‘날개’…전력·수력·인력 ‘3력 혁신’ 광속 행정 뒷받침,,,산업,대기업,분류없음,,
2026-09-01-외환위기-공적자금-97조-30년-만에-상환-마침표,2026-09-01,외환위기 공적자금 97조…30년 만에 상환 마침표,정부·금융권 분담해 공적자금 부채 상환공적자금상환기금 2027년 말 청산박홍근 “IMF 외환위기 극복 완수”,금융·정책,,경제,세금·재정,하위없음,,
2026-09-01-노동부-청년-일자리에-올인-내년-예산-사업-절반-신사업-개편,2026-09-01,"노동부, 청년 일자리에 올인… 내년 예산 사업 절반 ‘신사업’ 개편","내년 예산 38.9조, 올해보다 3.4% 증가청년 일자리 예산, 6년 만에 최대 확대사업 절반, 신사업…현장 괴리되면 ‘메스’",,,사회,노동·고용,분류없음,,
2026-09-01-단독-공정위-CJ-대상-샘표-등-5개사-현장조사-장류-담합-정조준,2026-09-01,"[단독] 공정위, CJ·대상·샘표 등 5개사 현장조사...‘장류 담합’ 정조준",설탕·밀가루 이어 고추장·간장까지‘민생물가 담합’ 감시망 전방위 확대,,,산업,유통·생활,분류없음,,
2026-09-01-전국-호우에-3명-사망-농작물-104-침수-시설하우스-200동-파손,2026-09-01,전국 호우에 3명 사망…농작물 104㏊ 침수·시설하우스 200동 파손,"전북 정읍·고창, 대구서 3명 숨져농작물 103.9㏊ 침수·시설하우스 200동 파손영광 누적 579.5㎜…중대본, 위험지역 관리 지속",,,사회,사건사고,분류없음,,
2026-09-01-내년부터-결혼하면-100만원-받는다-성평등부-2-1조-예산안-편성,2026-09-01,"내년부터 결혼하면 100만원 받는다…성평등부, 2.1조 예산안 편성","■성평등부, 2027년도 예산안 의결가족정책 최대 증액…혼인지원금 신설한부모·1인가구 등 다양한 가족 지원위기청소년 전화상담 중앙센터 설치불법촬영물 AI 분석…공공생리대도 확대",,,경제,세금·재정,분류없음,,
2026-09-01-성장없는-돈-풀기-에-의구심-국채금리-30년만에-3-돌파,2026-09-01,日 ‘성장없는 돈 풀기’에 의구심…국채금리 30년만에 3% 돌파,■흔들리는 ‘사나에노믹스’역대최대 예산에 감세도 밀어붙여 다카이치 적극재정 위기감 고조엔·달러 환율 다시 160엔 넘어다급한 베선트 “엔고 조치 믿는다”,국제,,국제,일본·중국,하위없음,,
2026-09-01-2030년-예산-1000조-돌파-제2-반도체-키워야-재정절벽-막는다,2026-09-01,2030년 예산 1000조 돌파…제2 반도체 키워야 재정절벽 막는다,[2027년 예산안] 확장재정 본격화연평균 지출 증가율 8.4%로 높여2030년 관리재정 적자 100조원대2% 성장 달성해도 나랏빚 1734조국고채 총발행량 220조 안팎 유지반도체 호황 끝나는 상황 대비해야,,,경제,세금·재정,분류없음,,
2026-09-01-주택공급-44조-AI-메가프로젝트-21-3조-미래성장에-화끈한-투자-2027년-예산안,2026-09-01,"주택공급 44조, AI·메가프로젝트 21.3조… 미래성장에 화끈한 투자 [2027년 예산안]",반도체 2.6조 투입 인프라 확충AI기술 2조 배정 ‘초격차 경쟁력’‘넥스트 반도체’ 新전략산업 육성4년내 공공임대 110만가구 짓고 청년 주거·취업지원 정책도 확대,,,경제,세금·재정,분류없음,,
2026-09-01-딜-가뭄에-주춤한-안진-경영자문-세무로-버텼다-시그널,2026-09-01,딜 가뭄에 주춤한 안진…경영자문·세무로 버텼다 [시그널],"매출 4845억·영업익 15억경영자문 매출 비중 46%세무자문, 유일한 성장세",산업,,시그널,IB&Deal,하위없음,,
2026-09-01-매출-3억-에도-기술평가-바늘구멍-통과했다-시그널,2026-09-01,‘매출 3억’에도…기술평가 바늘구멍 통과했다 [시그널],"휴런 ‘A, A’ 등급 획득비용 최소화·실적 확대 증빙기술평가 저조한 통과율에도“미래 사업성과 설득 모범사례”",증시,,시그널,IB&Deal,하위없음,,
2026-09-01-캘퍼스-고려아연-감사위원-박유경-후보에-찬성표-던진다-시그널,2026-09-01,"美 캘퍼스, 고려아연 감사위원 박유경 후보에 찬성표 던진다 [시그널]",영풍·MBK측 추천 후보고려아연 이사회가 추천한백인규 후보는 반대,산업,,시그널,국내증시,하위없음,,
2026-09-01-롯데손보-공개매각-청신호-기본자본-적자-2500억-줄어-시그널,2026-09-01,롯데손보 공개매각 청신호…기본자본 적자 2500억 줄어 [시그널],"■2분기 경영공시자료금리 상승에 보험부채 부담↓킥스 비율 162%, 권고치 상회자본건전성 지표 개선 ‘뚜렷’자본확충 부담도 줄어들 듯",금융·정책,,시그널,IB&Deal,하위없음,,
2026-09-01-삼성전기-빅테크에-1조원대-MLCC-공급-역대-최대-규모,2026-09-01,"삼성전기, 빅테크에 1조원대 MLCC 공급…역대 최대 규모",AI칩 핵심 부품 주도권 선점기존 최대 계약의 2배 웃돌아올 들어서만 누적 3.3조 수주10여곳과 LTA…추가 계약 나올듯필리핀·부산 증설로 캐파 20%↑,산업,,산업,대기업,하위없음,,
2026-09-01-유통업법-들고-갔다-빈손-철수-공정위-이번엔-공정거래법-들고-쿠팡,2026-09-01,"유통업법 들고 갔다 ‘빈손 철수’ 공정위, 이번엔 공정거래법 들고 쿠팡行","공정위, 시장지배적지위 남용 등 현장조사지난 주 문전박대 당한뒤 일주일 만에 찾아쿠팡, 이날 조사엔 별 다른 이의 제기 안해",산업,,산업,유통·생활,하위없음,,
2026-09-01-대형마트-새벽배송-조건부-OK-동네슈퍼가-정부에-내건-조건은,2026-09-01,대형마트 새벽배송 ‘조건부 OK’…동네슈퍼가 정부에 내건 조건은,"수퍼마켓조합, 디지털 경쟁력 강화 위해5년 간 5000억 투입해 인프라 확보 요청“운동장 기울기 바로잡는 게 궁극적 목적”소공연 “전 업종 고려해 반대 입장 유지”",산업,,산업,유통·생활,하위없음,,
2026-09-01-석화산업-재편-1호-H-L어드밴스드-출범,2026-09-01,석화산업 재편 1호 ‘H&L어드밴스드’ 출범,롯데대산공장 NCC 가동 중단범용 다운스트림 설비도 축소,산업,,산업,기업일반,하위없음,,
2026-09-01-코스닥-돌아온-개미-외국인-떠난-자리-채웠다,2026-09-01,"코스닥 돌아온 개미, 외국인 떠난 자리 채웠다",8월 개인 2조 순매수…외국인은 1.8조 순매도반도체·로봇·바이오 등 성장주 중심 자금 유입코스닥 15.9%↑…코스피 상승률 12.5%P 웃돌아,증시,,시그널,국내증시,하위없음,,
2026-09-01-빚투-절대-못-끊는-개미들-코스피서-발-빼더니-이곳-으로-우르르-몰려갔다,2026-09-01,‘빚투’ 절대 못 끊는 개미들…코스피서 발 빼더니 ‘이곳’으로 우르르 몰려갔다,빚투 잔고 9거래일 연속 증가코스닥이 증가세 견인기준금리 인상 여파 촉각,증시,,시그널,국내증시,하위없음,,
2026-09-01-고려아연-측-투자-엔터-3-690억-중-650억-회수-불확실-시그널,2026-09-01,고려아연 측 투자 엔터 3社…“690억 중 650억 회수 불확실” [시그널],하이헷 등 완전자본잠식아크미디어도 회수 난망,증시,,시그널,IB&Deal,하위없음,,
2026-09-01-연금이-키운-채권혼합-ETF-20조-넘었다,2026-09-01,연금이 키운 채권혼합 ETF…20조 넘었다,순자산 20.5조…올해만 12.5조 늘어주식비중 높이며 안정성 확보 수요 반도체서 차·우주·금까지 상품 확대,증시,,시그널,펀드·채권,하위없음,,
2026-09-01-9급-공무원-초임-300만-원-16년만에-최대폭-3-9-인상-2027년-예산안,2026-09-01,9급 공무원 초임 月 300만 원...“16년만에 최대폭 3.9% 인상” [2027년 예산안],내년부터 공공부문 비정규직에최저임금 대신 ‘적정임금’ 지급,,,경제,세금·재정,분류없음,,
2026-09-01-종부세-개편-한-달-만에-후퇴-비거주-공제-12억-유지,2026-09-01,종부세 개편 한 달 만에 후퇴...비거주 공제 12억 유지,"국무회의, 8·3 정부안 수정 의결 당초 공제 9억·상한 200% 추진 철회실거주 1주택 14억 공제 확대는 유지",,,경제,세금·재정,분류없음,,
2026-09-01-국토부-내년도-예산-69조원-공공임대-예산-대폭-강화,2026-09-01,국토부 내년도 예산 69조원…공공임대 예산 대폭 강화,올해 대비 9.9% 증액 편성보편 임대주택 예산 6.2조원공공임대 17.2만 가구 공급,부동산,,부동산,정책,하위없음,,
2026-09-01-107조-방만지출-솎아냈지만-기초연금-개혁은-결국-후퇴-2027년-예산안,2026-09-01,107조 방만지출 솎아냈지만… 기초연금 개혁은 결국 후퇴 [2027년 예산안],재량 38.6조·의무 69조 구조조정저성과 내역사업 2100여 개 폐지기초연금 노인 하위 70% 수급 유지총선 1년 앞두고 구조개혁 후퇴 논란,산업,,경제,세금·재정,하위없음,,
2026-09-01-교육부-내년-예산-10-6-늘어난-117-6조-4-9조-미래대응기금-신설,2026-09-01,교육부 내년 예산 10.6% 늘어난 117.6조…4.9조 미래대응기금 신설,대학생 6만명 ‘첫 경력’ 지원에 4650억사립대 이공계 인프라 6000억 신규 지원지방국립대 신입생 6만명 등록금 지원 확대,,,사회,교육,분류없음,,
2026-09-01-내년-정부-R-D-예산-39-5조-편성-2030년까지-5년간-200조-목표,2026-09-01,내년 정부 R&D 예산 39.5조 편성...2030년까지 5년간 200조 목표,올해 대비 11% 증가…AI R&D만 69% 증액주력산업 中 역전 우려…GPU 등 지원 의지 확고,,,경제,세금·재정,분류없음,,
2026-09-01-한-달-일한-중국인이-국민연금-평생-따박따박-외국인-추납-꼼수-막는다,2026-09-01,한 달 일한 중국인이 국민연금 평생 ‘따박따박’…외국인 추납 ‘꼼수’ 막는다,,,,사회,사회일반,분류없음,,
2026-09-01-한화-KAI-주식-취득-승인-한국판-스페이스X-구상-탄력-biz-플러스,2026-09-01,"한화, KAI 주식 취득 승인…‘한국판 스페이스X’ 구상 탄력 [biz-플러스]",공정위 “KAI 지분취득 우려 없다”추가 매입·최다 출자자 되면 재심사,산업,,산업,대기업,하위없음,,
2026-09-01-중기부-공공배달앱에-1200억-할인쿠폰-투입-배민-대항마-키운다,2026-09-01,"중기부, 공공배달앱에 1200억 할인쿠폰 투입…‘배민’ 대항마 키운다",내년 예산 1240억...이중 40억 홍보비 편성11월 우수 배달앱 3~4곳 선정해 협약 체결지역화폐·온누리상품권 연계 및 배달비 지원 병행,산업,,산업,중기·IT,하위없음,,
2026-09-01-속보-삼성전기-글로벌-대형기업과-1조-722억-규모-MLCC-공급-계약,2026-09-01,"[속보] 삼성전기, 글로벌 대형기업과 1조 722억 규모 MLCC 공급 계약",,산업,,산업,대기업,하위없음,,
2026-09-01-중기부-내년-예산-18-1조-역대-최대-창업-신산업-지원-확-늘린다,2026-09-01,중기부 내년 예산 18.1조 역대 최대…창업·신산업 지원 확 늘린다,"내년 예산안, 올해보다 9.4% 증액 편성 ‘간판 사업’ 모두의 창업 예산 67% 증가 신성장 분야 육성사업에 100억 신규 편성 상생배달앱 1240억원…할인 쿠폰 뿌린다",산업,,경제,세금·재정,하위없음,,
2026-09-01-올릭스-원형-mRNA-플랫폼-특허-출원-RNA-기술-영역-확대,2026-09-01,"올릭스, 원형 mRNA 플랫폼 美 특허 출원…RNA 기술 영역 확대",RNA 양 끝을 직접 연결해 안전성 높여암백신·치료용 단백질 등으로 확장 추진,증시,,산업,바이오,하위없음,,
2026-09-01-미래에셋운용-맵스리얼티-도쿄-임대주택-4곳-인수-완료,2026-09-01,"미래에셋운용 ‘맵스리얼티’, 도쿄 임대주택 4곳 인수 완료",238세대·906억 원 규모“日 시장 투자매력 높아”,증시,,시그널,IB&Deal,하위없음,,
2026-09-01-HLB-간암신약-연령별-분석서-일관된-치료효과-확인,2026-09-01,"HLB, 간암신약 연령별 분석서 일관된 치료효과 확인",50세 미만·이상 OS·PFS 개선…40세 미만서도 효과 지속임상 추가 분석 통해 폭넓은 환자군서 치료 가능성 재확인,증시,,산업,바이오,하위없음,,
2026-09-01-증권사-운용사-유튜브-광고도-사전-심사-과장-광고는-사실상-불완전-판매,2026-09-01,증권사·운용사 유튜브 광고도 사전 심사…“과장 광고는 사실상 불완전 판매”,금투협 내 광고위원회 신설신규 상장 ETF는 모두 심사관련 제재금 부과 규정도 신설“ETF 과장 광고 불완전 판매격”,증시,,시그널,증권일반,하위없음,,
2026-09-01-생활센터-1-5조부터-달착륙선-1063억까지-내년-첫발-100대-신규사업-2027년-예산안,2026-09-01,생활센터 1.5조부터 달착륙선 1063억까지…내년 첫발 ‘100대 신규사업’ [2027년 예산안],"복지·문화·돌봄 한곳에…생활편의 복합센터 90곳 조성지역 설계 필수의료에 3600억, 농어촌상생기금 2000억2030년 달 착륙 목표…민간 주도 소형 착륙선 개발 착수",금융·정책,,경제,세금·재정,하위없음,,
2026-09-01-속보-대통령-금리-상승-불가피-성장잠재력-훼손않도록-재정-역할-분담-나서야,2026-09-01,[속보]李대통령 “금리 상승 불가피…성장잠재력 훼손않도록 재정 역할 분담 나서야”,,,,경제,경제일반,분류없음,,
2026-09-01-KF-21-예산-두-배로-핵추진잠수함도-첫-966억-2027년-예산안,2026-09-01,KF-21 예산 두 배로…핵추진잠수함도 첫 966억 [2027년 예산안],첨단전력에 재정 집중초급간부 처우도 개선,,,경제,세금·재정,분류없음,,
2026-09-01-휴가철인데도-8월-수출-1000억-달러-육박-반도체-수출-3배-증가,2026-09-01,휴가철인데도 8월 수출 1000억 달러 육박…반도체 수출 3배 증가,8월 수출 982.5억 달러…3개월 연속 900억 달러 상회반도체 수출만 467억 달러…AI 수요에 전년비 3배 늘어,,,경제,통상,분류없음,,
2026-09-01-K자-양극화-대응-117조-증액-절반-이상-지방에-2027년-예산안,2026-09-01,K자 양극화 대응 117조…증액 절반 이상 지방에 [2027년 예산안],소상공인·농어민·취약노동자 지원 확대,,,경제,세금·재정,분류없음,,
2026-09-01-821조-슈퍼예산-세수-194조-늘어도-나랏빚-106조-2027년-예산안,2026-09-01,821조 슈퍼예산…세수 194조 늘어도 나랏빚 106조↑[2027년 예산안],총지출 820.9조·12.8%↑…역대 최대 증가율반도체 호황에 국세수입 584.4조…관리적자 3조로 급감미래기금 162.3조 조성…45.4조 투자·104조는 ‘저수지’로국가채무 1519.8조…GDP 대비 비율은 51,금융·정책,,경제,세금·재정,하위없음,,
2026-09-01-공급망-예산-4배-자원안보-수출금융기금-신설-2027년-예산안,2026-09-01,공급망 예산 4배…자원안보·수출금융기금 신설[2027년 예산안],자원안보기금 1.4조…원유·핵심광물 확보비축시설 2000만·비축유 200만 배럴 확대해외 공급망 투자 20배…북극항로 2회 운항대규모·장기 수출에 1.4조…수주 경쟁력 강화,산업,,경제,세금·재정,하위없음,,
2026-09-01-우주청-예산-47-늘려-1-65조-누리호-매년-쏘고-2030년-달-간다,2026-09-01,우주청 예산 47% 늘려 1.65조…누리호 매년 쏘고 2030년 달 간다,달 탐사 예산 3배·우주수송 2배로소형 달착륙선 개발에 1063억 투입R&D 넘어 실제 임무·민간 상용화로,,,경제,세금·재정,분류없음,,
2026-09-01-HBM-블랙홀-이-만든-기현상-노트북-안팔리는데도-범용-D램은-사상-최고가-갭-월드,2026-09-01,‘HBM 블랙홀’이 만든 기현상…노트북 안팔리는데도 범용 D램은 사상 최고가 [갭 월드],■서종갑 기자의 갭 월드(Gap World) 8월 DDR4 고정가 25달러로 4% 껑충HBM 생산 잠식에 레거시 품귀 심화침체장 속 3분기 인상폭 23%로 상향,산업,,산업,대기업,하위없음,,
2026-09-01-파업-진통-딛고-현대차-임금협상-매듭-조합원-61-5-찬성-가결,2026-09-01,파업 진통 딛고 현대차 임금협상 매듭…조합원 61.5% 찬성 가결,기본급 10만 원·주식 15주·기술직 500명 신규 채용 등2일 조인식 열고 공식 마무리…회사 “하반기 생산 총력”,산업,,산업,대기업,하위없음,,
2026-09-01-현대차-임협-최종-타결-성과급-400-1270만원,2026-09-01,현대차 임협 최종 타결…성과급 ‘400%+1270만원’,노조 찬반투표서 61.5%가 찬성2일 임금교섭 조인식 개최 예정파업 진통 넘어 111일만에 마무리,산업,,산업,대기업,하위없음,,
2026-09-01-삼성전자-SK하이닉스-AI-메모리-질주-반도체-수출-466억-신기록,2026-09-01,삼성전자·SK하이닉스 ‘AI 메모리 질주’…반도체 수출 466억弗 신기록,8월 반도체 수출 209% 급증HBM·서버 D램 수요 동반 확대3분기 D램 가격도 17% 뛸 듯,산업,,산업,대기업,하위없음,,
2026-09-01-삼전닉스-동반-하락-오늘도-자사주-방패-통할까-마켓시그널,2026-09-01,삼전닉스 동반 하락…오늘도 ‘자사주 방패’ 통할까 [마켓시그널],美증시 약세에 코스피 하락 출발자사주 매입 물량이 하방 지지할 듯삼전 200만주·닉스 65만주 예고전일에도 기타법인 홀로 순매수,증시,,시그널,국내증시,하위없음,,
2026-09-01-금리-오를-때는-이런-주식-사라-증권가가-꼽은-고금리에도-잘-버틸-종목,2026-09-01,“금리 오를 때는 이런 주식 사라”…증권가가 꼽은 ‘고금리에도 잘 버틸 종목’,,증시,,시그널,국내증시,하위없음,,
2026-09-01-삼성전기-MLCC-판가-인상-호재-목표가-150만-200만-줍줍리포트,2026-09-01,"삼성전기, MLCC 판가 인상 호재…“목표가 150만→200만” [줍줍리포트]","DB證, 삼성전기 목표가300만→150만→200만공급 제약·기술 장벽에MLCC 판가 추가 인상 전망",증시,,시그널,국내증시,하위없음,,
2026-09-01-IMM인베-재팬-핵융합-기업-투자-한일융합펀드-조성-시그널,2026-09-01,"IMM인베 재팬, 日 핵융합 기업 투자…한일융합펀드 조성[시그널]",교토퓨저니어링 시리즈D 투자포스코·현대차·GS·두산 등 참여,증시,,시그널,펀드·채권,하위없음,,
2026-09-01-카드론-21-증가했다더니-실제론-2-4-감소-금감원-통계-오류,2026-09-01,카드론 21% 증가했다더니 실제론 2.4% 감소…금감원 통계 오류,상반기 카드론 28조→22.6조 수정카드대출도 9% 증가→1.5% 감소,금융·정책,,금융,카드,하위없음,,
2026-09-01-성장이-인플레-유발-안-한다-는-트럼프-워시에-인하-압박,2026-09-01,“성장이 인플레 유발 안 한다”는 트럼프...워시에 인하 압박,트럼프 “美 금리 너무 높아...세계 최저여야”“경제 잘 나갈 때 금리 낮춰야”…상식과 배치9월 FOMC 앞 워시 의장 부담감↑,국제,,국제,미국·중남미,하위없음,,
2026-09-01-백악관-미북회담-준비-착수-유해발굴기관에-실무-문의,2026-09-01,"백악관, 미북회담 준비 착수? 유해발굴기관에 실무 문의","트럼프 ‘김정은 러브콜’…백악관, 회담 대비 정황DPAA 국장 “백악관서 北 유해 송환 조치 질의”美, 운산·장진에 유해 발굴팀 투입 방안 제안北은 ‘완전한 비핵화’ 반발…미북 대화에 냉담",국제,,정치,통일·외교·안보,하위없음,,
2026-09-01-트럼프-뒷배-에-인텔-300-지금은-최대-리스크로-마켓무버,2026-09-01,트럼프 ‘뒷배’에 인텔 300%↑…지금은 최대 리스크로 [마켓무버],"美 정부 전례 없는 일반 기업 지분 취득 트럼프 따른 개미들, 단기수익 웃었지만급등 후엔 하락…중간선거 패색에 우려 민주당 의회 장악 시 청문회·소송 예상",국제,,시그널,해외증시,하위없음,,
2026-09-01-깡통전세-여진에-강제경매-54-급증-8개월-만에-작년-연간치-육박-집슐랭,2026-09-01,깡통전세 여진에 강제경매 54% 급증…8개월 만에 작년 연간치 육박[집슐랭],■집합건물 경매 역대 최대 ‘경고등’법원 강제경매 8개월 만에 작년의 97%깡통전세·전세사기 여진에 급등세 이어져고금리 여파로 임의경매로 증가세합산 신청건수 3.1만건으로 2024년 넘어서,부동산,,부동산,부동산일반,하위없음,,
2026-09-01-쿠팡-갈등-동맹-전반으로-관세-보복-조치-우려,2026-09-01,"쿠팡 갈등, 韓·美 동맹 전반으로…“관세 보복 조치 우려”",한국 정부의 쿠팡 표적 압박 의혹미 의회 vs 한국 정부 대립각 세워무역법 301조 조사·추가 관세 부과최대 규모 과징금…군사 훈련 축소도,국제,,경제,통상,하위없음,,
2026-09-01-오비맥주-소주도-판다-15도-찰랑-출시,2026-09-01,"오비맥주, 소주도 판다…15도 ‘찰랑’ 출시",9월 말 수도권·제주 일부서 판매식당·주점 등 유흥 채널에 우선 공급,산업,,산업,유통·생활,하위없음,,
2026-09-01-원활한-승계-돕는다-기보-414억-원-규모-M-A-보증-제공,2026-09-01,"中企 원활한 승계 돕는다…기보, 414억 원 규모 M&A 보증 제공",신한은행과 금융지원 업무협약200억 협약보증·214억 보증료 지원,산업,,산업,중기·IT,하위없음,,
2026-09-01-스타트업이-만든-AI-국제물리올림피아드서-금메달-목에-걸었다,2026-09-01,"韓 스타트업이 만든 AI, 국제물리올림피아드서 금메달 목에 걸었다",,산업,,산업,중기·IT,하위없음,,
2026-09-01-풀가동해도-HBM-D램-공급-태부족-최태원-공장-검토-biz-플러스,2026-09-01,풀가동해도 HBM·D램 공급 태부족…최태원 “日 공장 검토”[biz-플러스],"HBM 수출가 사상 첫 70弗 돌파범용 D램도 24% 치솟아 22.9弗삼성은 파운드리 라인 D램 전환SK하이닉스, 日 신공장 부지 조사",산업,,산업,대기업,하위없음,,
2026-09-01-기술력에-MSD-R-D역량-결합-키트루다-혁신-이어갈-것,2026-09-01,“韓기술력에 MSD R&D역량 결합…키트루다 혁신 이어갈 것”,[빅파마가 본 K바이오]  맥마흔 그레이스 한 MSD 부사장알테오젠 등 창의성·추진력 뛰어나12개 한국 기업과 임상·공급 협력글로벌 헬스케어서 韓존재감 커져환자에 차별화된 치료 가능성 제공불확실성 있어도 충분한 가치,증시,,산업,바이오,하위없음,,
2026-09-01-정제-마진-상승에-정유-훨훨-8월-S-Oil-23-이런국장-저런주식,2026-09-01,정제 마진 상승에 정유株 훨훨…8월 S-Oil 23%↑[이런국장 저런주식],GS 한 달 새 50% 급등·SK이노도 16% 올라원유 조달 여건 개선·사우디 OSP 하락에 원가 부담↓,증시,,시그널,국내증시,하위없음,,
2026-09-01-휴머노이드-1위-비결은-메가-M-A,2026-09-01,휴머노이드 1위 中…비결은 ‘메가 M&A’,"■ 압축전환 대한민국2부. ‘1·2·3 성장전략’ 만들자 로봇·자율주행, ‘틀’ 못 깨면 밀린다10년간 獨 쿠카 등 13곳 사들여핵심기술 내재화로 초고속 진화韓, 참전 늦어 기술확보 지연 우려",산업,,산업,기업일반,하위없음,,
2026-09-01-도-AI-공교육-교실로-번진-인재전쟁,2026-09-01,美도 ‘AI 공교육’…교실로 번진 인재전쟁,"보스턴, 대도시 첫 고교 대상 도입AI 작동 원리부터 윤리까지 교육UAE 유치원…中은 초교부터 시행",국제,,국제,미국·중남미,하위없음,,
2026-09-01-고금리에-자금조달-공식-바뀐다-시그널,2026-09-01,고금리에…자금조달 공식 바뀐다[시그널],■ 美 국채금리發 전략 다변화두산에너빌 3억弗 발행계획 철회외화채 차환 접고 은행대출로 선회베트남 빈그룹은 아리랑본드 추진,증시,,시그널,IB&Deal,하위없음,,
2026-08-31-삼성-SK-10억-주식부자-임원-391명-100억-넘는-4대그룹-슈퍼리치-11명,2026-08-31,삼성·SK ‘10억 주식부자’ 임원 391명…100억 넘는 4대그룹 ‘슈퍼리치’ 11명,,산업,,산업,대기업,하위없음,,
2026-08-31-더-큰-산업생태계로-상의-공급망-미래산업-협력-맞손,2026-08-31,"“더 큰 산업생태계로”…韓日 상의, 공급망·미래산업 협력 맞손",양국 회장단회의서 공동성명 채택최태원 “많이 사고 팔아주기 넘어서로 시장 넓혀주는 파트너 관계로”원유 융통 등 에너지 안보 강화도,산업,,산업,기업일반,하위없음,,
2026-08-31-2024년-국내-850만-개-육박-전체-매출액-3324조-원,2026-08-31,2024년 국내 中企 850만 개 육박...전체 매출액 3324조 원,"중기부, 중소기업 기본통계 발표종사자 수 1912만 명...7157명 증가",산업,,산업,중기·IT,하위없음,,
2026-08-31-티웨이-9월-10일부터-트리니티항공-으로-새-날개,2026-08-31,"티웨이, 9월 10일부터 ‘트리니티항공’으로 새 날개",홈페이지·공항 카운터 등 브랜드 전환항공사 코드(TW)·편명은 기존 그대로선택적 서비스 제공 위한 SSC 전략 본격화,산업,,산업,기업일반,하위없음,,
2026-08-31-삼성바이오로직스-3조-유증에도-주주가치-희석-제한적-목표주가는-하향-줍줍-리포트,2026-08-31,"삼성바이오로직스, 3조 유증에도 “주주가치 희석 제한적”…목표주가는 ‘하향’[줍줍 리포트]",유증 따른 주식 수 증가 우려는 주가에 선반영하반기 대규모 수주 기대…연내 6공장 착공 가능성펩타이드·ADC 등 새 성장동력 확보에도 속도,증시,,시그널,국내증시,하위없음,,
2026-08-31-단독-토스-설립-후-첫-자사주-매입-2000억-한도-취득-후-소각,2026-08-31,"[단독] 토스證, 설립 후 첫 자사주 매입…2000억 한도 취득 후 소각",주당 19만4361원에 장외취득최대 102만9013주·지분 3.7%외부 회계법인 지분가치 평가 반영비상장 주주에 유동화 기회 제공상반기 순익 2368억…배당여력 확대,증시,,금융,금융일반,하위없음,,
2026-08-31-삼전닉스-살-돈으로-이걸-샀어야-했나-단숨에-29-상승-기대감-몰리는-업종-정체가,2026-08-31,삼전닉스 살 돈으로 이걸 샀어야 했나…“단숨에 29% 상승” 기대감 몰리는 업종 정체가,반도체 조정 속 이차전지 반등美 전력망 비상사태 선언 여파ESS 경쟁구도 재편 가능성,증시,,시그널,국내증시,하위없음,,
2026-08-31-9월-2-3억-주-보호예수-풀린다-SK이노-케이뱅크-오버행-유의,2026-08-31,9월 2.3억 주 보호예수 풀린다… SK이노·케이뱅크 오버행 유의,"9월 상장사 38곳 의무보유등록 해제SK이노 11%, 케이뱅크 20% 풀려",증시,,시그널,국내증시,하위없음,,
2026-08-31-다카이치표-방위비-8조-9000억엔-사상-최대-GDP-2-엔-미달,2026-08-31,‘다카이치표’ 日 방위비 8조 9000억엔 사상 최대…GDP 2%엔 미달,"다음 회계연도 예산, 올해보다 0.9% 늘어새로운 군비 증강 계획 마련 시 예산 확대GDP 늘고 엔화 약세에 목표치엔 못 미쳐재원 마련은 과제…美 “GDP 3.5%” 압박",국제,,국제,일본·중국,하위없음,,
2026-08-31-도저히-못-버텨-10만-명-쏟아졌다-빚-갚을-돈-없는-서민들-확-늘어난-이유가,2026-08-31,“도저히 못 버텨” 10만 명 쏟아졌다…빚 갚을 돈 없는 서민들 확 늘어난 이유가,,,,금융,금융일반,분류없음,,
2026-08-31-BTS-공연-14배-인파-몰려오는데-잠잘-곳이-모자란다,2026-08-31,BTS 공연 14배 인파 몰려오는데…잠잘 곳이 모자란다,■서울 ‘숙박대란’ 현실화 우려내년 WYD·패노메논 잇따라 개최최대 152만명 참가…외국인 60만서울 숙박시설 점유율 85% 육박신규 호텔 공급 年1000실에 그쳐“공유숙박 활용 등 검토 서둘러야”,문화,,문화,여행·레저,하위없음,,
2026-08-31-주택-경매-올해에만-3만건-돌파-역대-최대-경고등,2026-08-31,"주택 경매, 올해에만 3만건 돌파…역대 최대 ‘경고등’",■ 8개월 만에 작년 97% 수준깡통전세 등 분쟁 탓에 급증 추세집합건물 강제 경매 1.3만건 달해고금리 여파로 임의경매도 1.8만건月평균 3890건…연말 4.6만건 넘봐낙찰률 40% 밑돌아 적체도 심화,부동산,,부동산,부동산일반,하위없음,,
2026-08-31-CPTPP-교역-비중-보다-커-가입-시-공급망-강화-시너지,2026-08-31,"“韓, CPTPP 교역 비중 美·中보다 커…가입 시 공급망 강화 시너지”","한경협·대외연 국제 세미나정부 가입 논의에 전문가들 “속도내야”“韓, 글로벌 디지털 규범도 주도할 것”“日 사례 배워 농축어업 반대 극복해야”정부 “개방형 협력, 현실적 대안 기대”",산업,,경제,통상,하위없음,,
2026-08-31-홈플러스-재개장-후-매출-1164억원-영업중단-전보다-57-늘어,2026-08-31,"홈플러스, 재개장 후 매출 1164억원…영업중단 전보다 57% 늘어",,산업,,산업,유통·생활,하위없음,,
2026-08-31-로봇팔에-제조AX-맡길판-관절-등-핵심기업-과감히-인수해야,2026-08-31,日 로봇팔에 제조AX 맡길판…“관절 등 핵심기업 과감히 인수해야”,■ 압축전환 대한민국2부. ‘1·2·3 성장전략’ 만들자  로봇·모빌리티 생존 경쟁韓 ‘로봇 밀도’ 세계 1위 불구산업 전체 경쟁력은 꼴찌 수준‘압축 추격’ 위해선 M&A 시급생산 늘수록 단위 비용 낮아져中처럼 국내,산업,,산업,대기업,하위없음,,
2026-08-31-금리-인상-우려에-증권주-휘청-미래에셋증권-4-코주부,2026-08-31,美 금리 인상 우려에 증권주 ‘휘청’…미래에셋증권 4%↓[코주부],워시 매파 발언에 위험자산 투자심리 위축미래에셋證 4.01%↓·삼성證 0.56%↓코스피 반등에도 증권주 회복은 제한적,증시,,시그널,국내증시,하위없음,,
2026-08-31-삼전닉스-프리장서-2-안팎-하락-이번주-반도체-수급-분수령-이런국장-저런주식,2026-08-31,삼전닉스 프리장서 2% 안팎 하락…이번주 반도체 수급 ‘분수령’ [이런국장 저런주식],美 반도체지수 3.47% 급락에 투심 위축8월 수출·브로드컴 실적에 반전 여부 주목,증시,,시그널,국내증시,하위없음,,
2026-08-31-알테오젠-키트루다SC-판매-마일스톤-첫-수령,2026-08-31,"알테오젠, 키트루다SC 판매 마일스톤 첫 수령",MSD서 2500만 달러 받아총  계약 규모는 10억 달러,증시,,산업,바이오,하위없음,,
2026-08-31-이란-한-달-만에-재충돌-미군-내부선-장기전-경고음,2026-08-31,"美·이란, 한 달 만에 재충돌...미군 내부선 장기전 경고음",이란 라라크섬 로켓 발사대 타격이란도 요르단 미군기지에 미사일미군 지도부 “위협 대처 능력 약화”,국제,,국제,중동·아프리카,하위없음,,
2026-08-31-KTX-요금-10-내리고-수서축-30-확대-통합-코레일-출범,2026-08-31,"KTX 요금 10% 내리고, 수서축 30% 확대…통합 코레일 출범",주중 1만5천석·주말 1만7천석 추가 공급수서축 노선 결제금액 5% 마일리지 적립,부동산,,경제,경제일반,하위없음,,
2026-08-31-아이고-어른이고-이거-없인-못-산다-난리-났는데-유해물질-무더기-검출-에-발칵,2026-08-31,아이고 어른이고 “이거 없인 못 산다” 난리 났는데…유해물질 ‘무더기 검출’에 발칵,어린이 인기 제품서 유해물질안전기준 대비 최대 176배서울시 판매중단 촉구,,,사회,사회일반,분류없음,,
2026-08-31-청년들-대기업-일자리-원하는데-정부는-562억-세금-혜택-없애,2026-08-31,청년들 대기업 일자리 원하는데…정부는 562억 세금 혜택 없애,내년부터 통합고용세액공제 제외비수도권·중기 재정 지원만 확대재계 “신입채용 위축 분위기 조성”,,,경제,세금·재정,분류없음,,
2026-08-31-한국-콕-집어-비난한-트럼프-이란전쟁-안-도와-기억할-것,2026-08-31,‘한국’ 콕 집어 비난한 트럼프 “이란전쟁 안 도와…기억할 것”,"“바보처럼 돕기만 할 순 없어”주한미군 언급…통상보복 암시“中 1.2조弗 무역흑자 감당 불가”베선트, G20에 공동 전선 촉구",국제,,정치,통일·외교·안보,하위없음,,
2026-08-31-지지율-30-대-추락-부동산-민심-악화-에-4050세대-이탈,2026-08-31,李 지지율 30%대 추락…‘부동산 민심 악화’에 4050세대 이탈,■ 7주째 국정수행 지지율 하락개각 ‘정책 기조 유지’ 신호 해석누적된 부동산 불만 여론에 반영전대 후유증으로 코어층 흔들려“청문회 통해 부정 여론 잠재워야”,,,정치,청와대,분류없음,,
2026-08-31-정교유착-한학자-총재-1심-징역-2년-통일교-정점-실형-불가피,2026-08-31,"‘정교유착’ 한학자 총재, 1심 징역 2년…法 “통일교 정점, 실형 불가피”",권성동 1억원·쪼개기 후원 등 유죄法 “지위·역할상 실형 불가피”특검 구형 13년 크게 밑돌아일부 혐의 무죄·공소기각 영향정원주 1년4개월·윤영호 등 6개월 선고,,,사회,법조,분류없음,,
2026-08-31-디오션-SK오션플랜트-인수한다-거래가-4100억-시그널,2026-08-31,"디오션, SK오션플랜트 인수한다…거래가 4100억[시그널]",우협선정 1년만에 결실SK에코와 지분 36% SPA오션첨단소재와 컨소시엄풍력·선박블록 공장 확대 목표,산업,,시그널,IB&Deal,하위없음,,
2026-08-31-극장가-온기에-메가박스-회생-인가전-M-A-부상-시그널,2026-08-31,"극장가 온기에…메가박스, 회생 인가전 M&A 부상 [시그널]","7월까지 극장 매출액 7000억 육박CGV 상반기 영업이익 312% 껑충회생절차 메가박스, 실적 개선되자IB업계 잠재적 인수자 물색 움직임롯데시네마 합병·투자유치 전망도",증시,,시그널,IB&Deal,하위없음,,
2026-08-31-글로벌-금리-급등에-채권시장-인바운드-확장되나-시그널,2026-08-31,글로벌 금리 급등에…韓 채권시장 ‘인바운드’ 확장되나 [시그널],베트남 빈그룹 원화채 발행 추진인니·美빅테크 등도 ‘노크’두산에너빌 등은 외화채 철회글로벌 금리인상에 조달전략 변화국내 대기업 회사채 대신 은행대출,증시,,시그널,펀드·채권,하위없음,,
2026-08-31-악마의유혹은-작아지고-자연별곡은-줄였다,2026-08-31,"악마의유혹은 작아지고, 자연별곡은 줄였다","업계, 양·메뉴 줄이는 대신 가격 낮춰제품 구성및 운영 효율화로 원가 절감일각선 눈속임 ‘슈링크플레이션’ 논란",산업,,산업,유통·생활,하위없음,,
2026-08-31-삼성바이오-폴리펩타이드-2-7조-공개매수-11월-인수-마무리,2026-08-31,"삼성바이오, 폴리펩타이드 2.7조 공개매수…11월 인수 마무리","내달 15일부터 주당 44.31스위스프랑에 매수최대주주, 보유 지분 55.65% 전량 응모 확약66.7% 초과 확보·당국 승인 시 거래 종결상장폐지 추진…펩타이드 CDMO로 사업 확장",산업,,산업,바이오,하위없음,,
2026-08-31-현물가-LTA의-5배-삼성전자-3분기-영업익-첫-100조-돌파,2026-08-31,"현물가, LTA의 5배…“삼성전자 3분기 영업익 첫 100조 돌파”",■HBM·D램 가격 또 급등HBM4 증산 따라 D램 소모 늘어물량확보 경쟁에 가격 고공행진수출 줄어도 단가 두달새 37%↑‘K칩 투톱’ 사상최대 실적 전망SK 영업익 31% 뛴 79조 관측“생산확대 불구 품귀 완화 ,산업,,산업,대기업,하위없음,,
2026-08-31-LTA-2차-메모리-품귀-HBM-D램-가격-또-급등,2026-08-31,LTA發 2차 메모리 품귀…HBM·D램 가격 또 급등,"HBM 수출가 사상 첫 70弗 돌파범용 D램도 24% 치솟아 22.9弗최태원 “日 합작공장 설립 검토”삼성, 평택 파운드리 라인 전환",산업,,산업,대기업,하위없음,,
2026-08-31-장투-퇴직연금-개미-미장으로-돌아갔다,2026-08-31,"‘장투’ 퇴직연금 개미, 미장으로 돌아갔다",■대형증권사 고객 8만 5172명 분석8월 ‘TIGER S&P500’ 894억 등 순매수 톱5 중 4개가 美지수 ETF변동장 피해 우상향 美 투자로 몰려,증시,,시그널,해외증시,하위없음,,
2026-08-31-외인-떠나고-거래대금-연중-최저치-금리-민감한-바이오-증권-직격탄,2026-08-31,외인 떠나고 거래대금 연중 최저치…금리 민감한 바이오·증권株 직격탄,■美 금리인상 우려 살엄음판 장세외인 8월도 순매도…4개월째 ‘팔자’성장주 몰려있는 바이오 하락세에거래대금 쪼그라들며 증권주도 뚝“금리 인상땐 9월에도 횡보 불가피”,증시,,시그널,국내증시,하위없음,,
2026-08-31-NXT-하닉-1주-하한가-막는다-VI-발동-땐-2분간-단일가매매,2026-08-31,"NXT, ‘하닉 1주 하한가’ 막는다…VI 발동 땐 2분간 단일가매매",9월 14일부터 정적 VI 도입기준가격 대비 ±10%면 발동프리마켓 ‘소량 주문 급등락’ 차단,증시,,시그널,증권일반,하위없음,,
2026-08-31-HBM4-판도-변화-삼전-하닉-눈높이도-엇갈려,2026-08-31,HBM4 판도 변화…삼전·하닉 눈높이도 엇갈려,공급 확대하는 삼전 40만→45만원프리미엄 축소 하닉 330만→240만원최근 한달간 수익률도 삼전이 앞서,증시,,시그널,국내증시,하위없음,,
2026-08-31-무신사-상반기-매출-8000억-돌파-역대-최대-수익성은-주춤,2026-08-31,"무신사, 상반기 매출 8000억 돌파 ‘역대 최대’…수익성은 주춤",전년 동기 대비 22.5% 증가한 8217억 원국내외 오프라인 사업 확대·수출 성장세원가·판관비 증가에 영업이익은 11.2% 감소,산업,,산업,유통·생활,하위없음,,
2026-08-31-신세계그룹-추석-앞두고-협력사-납품대금-1-9조-조기-지급,2026-08-31,"신세계그룹, 추석 앞두고 협력사 납품대금 1.9조 조기 지급",최대 12일 앞당겨…협력사 부담 덜어,산업,,산업,유통·생활,하위없음,,
2026-08-31-한경협-예측-가능한-통상규범-절실-CPTPP도-선택지,2026-08-31,한경협 “예측 가능한 통상규범 절실…CPTPP도 선택지”,대외연 공동 국제 세미나 개최정부 가입 논의에 재계 힘실어정부 “통상 네트워크 다변화”,산업,,경제,통상,하위없음,,
2026-08-31-한화에어로-스페인-K9-자주포-수출-계약-서유럽-첫-진출,2026-08-31,"한화에어로, 스페인 K9 자주포 수출 계약…서유럽 첫 진출",방산업체 인드라와 계약K9 도입국 11개국으로↑,산업,,산업,대기업,하위없음,,
2026-08-31-정은보-이사장-뉴욕서-NYSE와-맞손-글로벌-기관-대상-로드쇼,2026-08-31,"정은보 이사장, 뉴욕서 NYSE와 ‘맞손’…글로벌 기관 대상 로드쇼",9월 3일 자산운용사·헤지펀드 20곳 대상 로드쇼거래시간 연장·T+1 등 시장 인프라 협력,증시,,시그널,증권일반,하위없음,,
2026-08-31-SK이노베이션-6-대-강세-ESS-배터리-셀-공급계약-영향-코주부,2026-08-31,SK이노베이션 6%대 강세…美 ESS 배터리 셀 공급계약 영향[코주부],"자회사 SK온, 美 대규모 장기 공급계약 체결유가 상승 따른 정제마진 개선도 호재",증시,,시그널,국내증시,하위없음,,
2026-08-31-넥스트레이드-골드만삭스-CLSA-품었다-회원사-38곳으로-확대,2026-08-31,"넥스트레이드, 골드만삭스·CLSA 품었다…회원사 38곳으로 확대",석달만에 외국계 회원사 5곳으로 확대외국인 거래 비중 0.4%→14% 급증,증시,,시그널,증권일반,하위없음,,
2026-08-31-셀트리온-1000억-자사주-매입-매년-순익-3분의-1-주주환원,2026-08-31,"셀트리온, 1000억 자사주 매입…“매년 순익 3분의 1 주주환원”",52만 4384주 내달부터 장내 매수올해 매입 결정액 총 3000억 원취득 주식 이사회 결의 거쳐 소각현금배당·자사주 정책 탄력 운용,증시,,시그널,국내증시,하위없음,,
2026-08-31-대통령-지지율-첫-30-대-부동산-민심-악화로-4050도-이탈-리얼미터,2026-08-31,李대통령 지지율 첫 30%대...부동산 민심 악화로 4050도 이탈 [리얼미터],李대통령 지지율 ‘역대 최저치’ 38.9%더불어민주당 43.1%·국민의힘 37.7%,,,정치,정치일반,분류없음,,
2026-08-31-EQT-노벨프라이즈-다이얼로그-서울-2026-공식-후원-시그널,2026-08-31,"EQT, ‘노벨프라이즈 다이얼로그 서울 2026’ 공식 후원 [시그널]","다음달 20일 코엑스서 개최AI가 바꾸는 과학의 미래 주제EQT, 노벨 인터내셔널 파트너",금융·정책,,시그널,IB&Deal,하위없음,,
2026-08-31-TKG태광-애강-지분-31-공개매수-자진상폐-목적-시그널,2026-08-31,"TKG태광, 애강 지분 31% 공개매수…자진상폐 목적 [시그널]","다음달 19일까지 20일간주당 900원, 지분 100% 목표전일 종가 600원 대비 50%↑",산업,,시그널,IB&Deal,하위없음,,
2026-08-31-혼자-하기-어려운-것-함께-한일-상의-공급망-미래산업-협력-공동성명,2026-08-31,"“혼자 하기 어려운 것 함께” 한일 상의, 공급망·미래산업 협력 공동성명",일본 센다이서 양국 회장단회의최태원 “서로 많이 사고팔기 넘어더 큰 산업생태계 함께 만들어야”원유·LNG 등 에너지 상호 융통 2세 경영인 네트워크 등 논의도,산업,,산업,기업일반,하위없음,,
2026-08-31-이소영-중기-후보자-다시는-타다-사태-같은-일-없게-할-것,2026-08-31,이소영 중기 후보자 “다시는 ‘타다 사태’ 같은 일 없게 할 것”,[이소영 중기부 장관 후보자 첫 출근]”규제개혁부 장관이라는 마음으로 일할 것“신·구 산업 충돌 관련 중기부 적극 개입 방침반도체 등 대기업 호황 中企로 확산 해법 마련소상공인 어려움 해소 위한 창의적 지원책 낼 것,산업,,정치,청와대,하위없음,,
2026-08-31-당근-상반기-영업익-200억-역대-최대-전년비-54,2026-08-31,"당근, 상반기 영업익 200억 ‘역대 최대’…전년비 54%↑",분기 기준으로도 역대 최대 매출·영업익광고 매출 성장에 ‘바로구매’ 효과 더해져,산업,,산업,중기·IT,하위없음,,
2026-08-31-고용부-감독-와중에-HD현대중공업-또-사망사고,2026-08-31,고용부 감독 와중에…HD현대중공업 또 사망사고,사내 복지시설 관리 하업업체 직원 숨져 역대급 수주의 그늘…올해 벌써 4명 사망,산업,,사회,노동·고용,하위없음,,
2026-08-31-하이닉스-목표가-90만원-뚝-무슨-일이-삼성-HBM4-심상찮다-증권가-엇갈린-전망,2026-08-31,하이닉스 목표가 90만원 ‘뚝’ 무슨 일이…“삼성 HBM4 심상찮다” 증권가 엇갈린 전망,,증시,,시그널,국내증시,하위없음,,
2026-08-31-증권-업계-벤처-회수시장에-최대-1조-투입-세컨더리-투자-본격화,2026-08-31,"증권 업계, 벤처 회수시장에 최대 1조 투입…세컨더리 투자 본격화",금투협 “향후 3년간 1조 규모 투자 추진”초대형 IB 7곳 참여…개별투자 6185억15개 증권사·금투협 3000억 공동펀드,증시,,시그널,IB&Deal,하위없음,,
2026-08-31-삼전닉스-나란히-2-대-하락-코스피-2-대-내려-6600대-코주부,2026-08-31,삼전닉스 나란히 2%대 하락…코스피 2%대 내려 6600대[코주부],잭슨홀서 워시 연준 의장 매파 발언…美 증시 동반 약세코스피 시총 상위 종목 약세…코스닥도 3%대 떨어져,증시,,시그널,국내증시,하위없음,,
2026-08-31-대법원-고려아연의-영풍-의결권-행사-제한은-위법-시그널,2026-08-31,대법원 “고려아연의 영풍 의결권 행사 제한은 위법” [시그널],“SMC 상법상 자회사 해당 안 돼” 원심 판단 유지영풍·MBK “독립 감사위원 선임 필요성”,증시,,시그널,IB&Deal,하위없음,,
2026-08-31-한달-만에-이란-공격-이란은-요르단-미군-기지에-미사일-종합,2026-08-31,"美, 한달 만에 이란 공격…이란은 요르단 미군 기지에 미사일(종합)","美, 라라크섬 로켓 발사대 2곳 타격기뢰 탑재 로켓 발사 정황에 공격 재개“더 이상 기뢰 설치하는 것 용납 않을 것”타스님 “최소 2명 사망, 2명 부상”이란, 즉각 보복...미군 함정 공격 국제유가 상승...브렌트",국제,,국제,중동·아프리카,하위없음,,
2026-08-31-대출-오픈런-계속-5대-가계대출-3000억-남았다,2026-08-31,"대출 ‘오픈런’ 계속…5대銀, 가계대출 3000억 남았다",증가 목표액 2.6조 늘려이미 총량 2.3조 초과 상태대출 ‘오픈런’ 지속 전망,금융·정책,,금융,은행,하위없음,,
2026-08-31-대통령은-고금리-선호-얼어붙은-채권-시장-김혜란의-FX,2026-08-31,대통령은 ‘고금리’ 선호?… 얼어붙은 채권 시장 [김혜란의 FX],"李, 내년 1분기 한은 금리 3.5% 전망 언급한은은 추가 인상 한 차례 전망…시장 경계감은 완화부동산 잡으려 금리 인상도 감수?…국고채 다시 긴장",,,시그널,펀드·채권,분류없음,,
2026-08-31-CPTPP-논의-본격-재개-농업-생산-7000억-줄지만-제조업-순수출은-수조-원-증가-Pick코노미,2026-08-31,CPTPP 논의 본격 재개…농업 생산 7000억 줄지만 제조업 순수출은 수조 원 증가[Pick코노미],"정부, CPTPP 경제적 타당성 검토 결과농·어업 타격 있지만 먹거리 물가 안정 기대車 등 제조업 순수출은 年 수조 원 증가 전망“CPTPP 가입 땐 공급망·경제 성장 기대”",,,경제,통상,분류없음,,
2026-08-31-적대적-M-A-유도해-주가-누르기-기업-압박-K-베어허그-온다,2026-08-31,적대적 M&A 유도해 ‘주가 누르기’ 기업 압박…‘K-베어허그’ 온다,"민주당, 저PBR 기업 압박 강도 높여오기형 자본시장법 개정안 금주 발의프리미엄 붙은 M&A 제안, 주주에 공개의무공개매수제 더해지면 파급력↑재계, ‘경영 위협 무방비 노출’ 우려 제기",,,시그널,증권일반,분류없음,,
2026-08-31-신세계라이브쇼핑-APLB-인수에-50억-보탠다-시그널,2026-08-31,"신세계라이브쇼핑, ‘APLB’ 인수에 50억 보탠다 [시그널]","PEF서 유엘코퍼 인수 추진시그나이트 투자조합에 출자신세계인터, 150억 출자 검토계열사 릴레이 출자 가능성↑",산업,,시그널,IB&Deal,하위없음,,
2026-08-31-장기채는-팔고-회사채는-사고-엇갈린-채권시장-수급-시그널,2026-08-31,장기채는 팔고 회사채는 사고…엇갈린 채권시장 수급 [시그널],보험사 매수세 약화에 초장기물 약세 지속공급 부담까지 겹치며 장기채 투자심리 위축발행 감소·가격 매력에 우량 회사채 수요 유입,증시,,시그널,펀드·채권,하위없음,,
2026-08-31-중진공-중기-대상-우체국-국제물류-지원사업-공모,2026-08-31,"중진공, 중기 대상 우체국 국제물류 지원사업 공모",,산업,,산업,중기·IT,하위없음,,
2026-08-31-K뷰티-뜨자-글로벌-기업들-원료-선점-경쟁,2026-08-31,K뷰티 뜨자 글로벌 기업들 ‘원료 선점’ 경쟁,IMCD·브렌탁 잇따라 국내 원료사 인수빠른 제품개발·글로벌 확장 가능성 주목“원료도 B2B 마케팅·브랜드화 필요”,산업,,산업,유통·생활,하위없음,,
2026-08-31-올영-피부과-약국-외국인이-만든-K뷰티-소비사슬,2026-08-31,‘올영→피부과→약국’…외국인이 만든 K뷰티 소비사슬,의료소비액 5달 연속 2000억 돌파의료 지출 절반 이상이 ‘피부과’결제건수 1위 약국…더마코스메틱 인기,산업,,산업,유통·생활,하위없음,,
2026-08-31-선-경영권인-인력-재배치-선-파업-대상-되나-biz-플러스,2026-08-31,美·英선 경영권인 인력 재배치…韓선 파업 대상 되나[biz-플러스],"■800조 투자 발목잡는 노봉법신규 투자·공장 증설, 선진국선 경영 판단한국 노조법, ‘경영상 결정’도 쟁의 쟁점돼800조 호남 반도체 투자 차질 우려 커져",산업,,사회,노동·고용,하위없음,,
2026-08-31-위축된-IPO-투심-속-공모가-하단-밑-스카이랩스-코스닥-상장-이번주-증시-캘린더,2026-08-31,"위축된 IPO 투심 속…‘공모가 하단 밑’ 스카이랩스, 코스닥 상장 [이번주 증시 캘린더]","스카이랩스, 4일 코스닥 상장기관 대상 수요예측 2건 진행",증시,,시그널,국내증시,하위없음,,
2026-08-31-조정장에-갈-곳-잃은-자금-파킹-커버드콜-ETF에-2-6조-몰려-코주부,2026-08-31,조정장에 갈 곳 잃은 자금…파킹·커버드콜 ETF에 2.6조 몰려 [코주부],"머니마켓 ETF, 최근 일주일 1.6조 유입커버드콜에도 뭉칫돈…하락 방어 수요↑美 인기 지속…S&P500 개인 순매수 1위",증시,,시그널,국내증시,하위없음,,
2026-08-31-금리인상-우려에-반도체-급락-칠천피-재도전-또-고비-맞나-주간-증시-전망,2026-08-31,"금리인상 우려에 美 반도체 급락…‘칠천피’ 재도전, 또 고비 맞나 [주간 증시 전망]","뉴욕증시, 워시 발언 이후 하락 전환9월 美 금리 인상 확률 급등…57.5%NH證 코스피 예상 범위 6400~7500“8월 고용, CPI 결과 민감도 높을 것”",증시,,시그널,국내증시,하위없음,,
2026-08-31-원전-AI-데이터센터-수주-기대에-불기둥-들썩이는-건설주-줍줍-리포트,2026-08-31,원전·AI 데이터센터 수주 기대에 ‘불기둥’…들썩이는 건설주 [줍줍 리포트],"건설 업종, 8월 상승률 코스피 1위대우건설 76%·GS건설 67% 치솟아“비주택 수주 확대…실적 기여도↑”",증시,,시그널,국내증시,하위없음,,
2026-08-31-LG-버지니아에-칠러공장-AIDC-냉각-시장-선점한다,2026-08-31,"LG, 버지니아에 칠러공장…AIDC 냉각 시장 선점한다",AWS·MS·구글 등 인프라 밀집세계 최대 데이터센터 클러스터평택공장 수준 대규모 투자 추진,산업,,산업,대기업,하위없음,,
2026-08-31-단독-저PBR-기업-압박-한국형-베어허그-도입,2026-08-31,[단독]저PBR 기업 압박…‘한국형 베어허그’ 도입,"與, 금주 자본시장법 개정안 발의 M&A 제안 주주들에 공개 의무화",,,시그널,증권일반,분류없음,,
2026-08-30-경기-강원-경북-산사태-위기경보-주의-로-상향-집중호우-대비,2026-08-30,경기·강원·경북 산사태 위기경보 ‘주의’로 상향…집중호우 대비,경기 남부 최대 100㎜ 비강원·경북도 30~80㎜ 예상,,,사회,사회일반,분류없음,,
2026-08-30-전남광주-울산-전북-경북-호우특보에-중대본-1단계-가동,2026-08-30,전남광주·울산·전북·경북 호우특보에…중대본 1단계 가동,천둥·돌풍 동반 강한 비 예보재난 위기경보 관심→주의 격상,,,사회,사회일반,분류없음,,
2026-08-30-돌아온-하정우-AI-3강-넘어-대체불가-국가로,2026-08-30,돌아온 하정우 “AI 3강 넘어 대체불가 국가로”,국가 AI전략위원회 부위원장 임명靑 메가프로젝트 보좌관에 이원주,,,정치,청와대,분류없음,,
2026-08-30-삼성전자-하이닉스-법인세로만-연-100조-내나,2026-08-30,"삼성전자·하이닉스, 법인세로만 연 100조 내나",양사 상반기 납부액 11.2조영업익은 650조 돌파 유력R&D 세액 공제가 최종 변수,산업,,경제,세금·재정,하위없음,,
2026-08-30-판사-출신-김승원-검찰개혁-마무리-중책-안보-전문-강신철-전작권-환수-추진,2026-08-30,"판사 출신 김승원 ‘검찰개혁 마무리’ 중책…韓美 안보 전문 강신철, 전작권 환수 추진","■법무·국방장관 인선김 “사법체계 변화 잘 추진할 것”강, 文·尹 정부서 핵심요직 거쳐",,,정치,청와대,분류없음,,
2026-08-30-6000억-뛴-가덕도-신공항-공사비-해법-보인다,2026-08-30,6000억 뛴 가덕도 신공항 공사비 해법 보인다,"입찰 직후 물가상승분 반영 여부 국토부, 법제처에 유권 해석 요청예측불가 비용 선별해 증액 검토협의땐 11월 우선시공분 착공 전망",부동산,,부동산,건설업계,하위없음,,
2026-08-30-부동산-민심-달래고-범여권-결집-등-돌린-2030-여성-끌어안기,2026-08-30,부동산 민심 달래고 범여권 결집…등 돌린 2030 여성 끌어안기,■지지율 하락에 국정쇄신 메시지부동산정책 이끌 두 수장 동시교체李 “망국적 투기 반드시 타파” 강조친문계 김경수 발탁 계파갈등 수습용혜인·이해민 범진보 인사도 등용통합형 인선 앞세워 국면전환 시도,,,정치,청와대,분류없음,,
2026-08-30-숙련공-투입-발목잡는-노봉법-호남팹-지어놓고-못-돌릴-수도,2026-08-30,숙련공 투입 발목잡는 노봉법…“호남팹 지어놓고 못 돌릴 수도”,[이슈 focus] ■인력 재배치까지 쟁의대상 우려핵심인력 투입 지연땐 초기 수율 차질해외 경쟁사에 주도권 내줄 위험 커국가전략 산업 투자 시기 놓칠 수도전문가 “사업확장형 배치전환 경우쟁의대상서 명백히 제외 명시해,산업,,산업,대기업,하위없음,,
2026-08-30-매파-본색-드러낸-워시-금리-인하-압박-트럼프에-맞설까,2026-08-30,매파 본색 드러낸 워시…‘금리 인하’ 압박 트럼프에 맞설까,■9월 FOMC ‘시험대’ 부상“잭슨홀 메시지 선명” 평가 잇달아단기채 금리 급등…한달만에 최고9월 인상 확률 57%…동결보다 높아베선트 “엔화 불안시 美 금리 상승”실제 행동시 트럼프와 충돌 불가피,국제,,국제,미국·중남미,하위없음,,
2026-08-30-정권마다-요직-거친-정책통-3-대-성장-속-양극화-완화-숙제,2026-08-30,정권마다 요직 거친 정책통…3%대 성장 속 양극화 완화 숙제,■ 경제부총리 후보에 이형일반도체 성장에도 청년 고용 부진종부세·ISA·대미협상 등 과제로1호 내부 승진에도 ‘적임자’ 판단조율형 리더십 넘어 장악력 관건,금융·정책,,정치,청와대,하위없음,,
2026-08-30-인력-재배치까지-트집-800조-투자-발목잡는-노봉법,2026-08-30,인력 재배치까지 트집…800조 투자 발목잡는 ‘노봉법’,"美·英 신규투자 등 경영판단 파업 불허韓, 노조법 모호 반도체 메가투자 악재로",산업,,산업,대기업,하위없음,,
2026-08-30-경제부총리-이형일-법무-김승원,2026-08-30,경제부총리 이형일·법무 김승원,■ 李정부 6개 부처 장관 교체국방  강신철    국토  홍지선 중기 이소영  성평등  용혜인AI 수석엔 이해민 혁신당 의원,,,정치,청와대,분류없음,,
2026-08-30-2030-신규채용-역대-최저-취업-한파-에-소득까지-줄어,2026-08-30,2030 신규채용 역대 최저…‘취업 한파’에 소득까지 줄어,청년 일자리 4년째 감소…39세이하 소득 2분기째↓인구·채용구조 변화에 AI까지 일자리 ‘구조적 한파’,국제,,사회,노동·고용,하위없음,,
2026-08-30-네팔-티베트-대홍수-닷새째-사망-750명으로-늘어,2026-08-30,네팔·티베트 대홍수 닷새째…사망 750명으로 늘어,외국인 등 실종자 3000명 넘어수력발전소 터널에 수백명 고립추가 홍수 경보에 구조작업 난항中·네팔 물 데이터 공유 확대 방침,국제,,국제,아시아·호주,하위없음,,
2026-08-30-단독-비상장-중개-인가-시동-네이버-독점하나,2026-08-30,[단독] 비상장株 중개 인가 시동…네이버 독점하나,"■금감원, 이르면 내달 외평위 심사비상장주식 거래액 절반이 두나무99%는 네이버페이비상장서 거래발행·유통 분리 예외 땐 쏠림 심화거래비중 제한 등 조건부 인가 거론",증시,,시그널,국내증시,하위없음,,
2026-08-30-신현송-한은-총재-원화-면역력-생겨-대미-투자-환율에-부담-안-돼,2026-08-30,"신현송 한은 총재 “원화 면역력 생겨...대미 투자, 환율에 부담 안 돼”","■잭슨홀 현장 특파원 간담회“연 최대 200달러 충분히 감당 가능”“워시, 7월과 달리 인플레 관여 시사”“美 금리 올려도 기계적 추종 안 해”",국제,,금융,금융일반,하위없음,,
2026-08-30-단독-CPTPP-체결하면-농업-생산-7000억-감소-제조업-순수출은-수-조원-증가,2026-08-30,[단독] CPTPP 체결하면 농업 생산 年 7000억 감소…제조업 순수출은 수 조원 증가,"정부, CPTPP 경제적 타당성 검토 결과농·어업 타격 있지만 먹거리 물가 안정 기대車 등 제조업 순수출은 年 수조 원 증가 전망“CPTPP 가입 땐 공급망·경제 성장 기대”",,,경제,통상,분류없음,,
2026-08-30-빅테크마다-서-만들어달라-15년만에-첫-해외-생산거점,2026-08-30,빅테크마다 “美서 만들어달라”…15년만에 첫 해외 생산거점,■LG전자 美 칠러공장 신설…버지니아에 인프라 확보 속도전AIDC 수요 폭증에 ‘납기’ 최우선안정적 조달 위해 현지 생산 요구10월 2.5조원 규모 빅딜 임박설관세장벽 뚫고 물류비 절감 유리대미투자 확대 ‘외교 역할,산업,,산업,대기업,하위없음,,
2026-08-30-대출연체에-경매폭증-주택가격-폭락-대비-중,2026-08-30,李 “대출연체에 경매폭증...주택가격 폭락 대비 중”,투기수요 억제로 집값 폭락 전망“불공정·불합리 조세 제도 시정”,부동산,,부동산,정책,하위없음,,
2026-08-30-호미로-막은-이유-있었네-반도체-수요압력이-물가-자극-요인,2026-08-30,호미로 막은 이유 있었네… “반도체發 수요압력이 물가 자극 요인”,"■한은, 이슈분석 보고서 반도체 훈풍에 GDI, GDP 웃돌며 15.6% 급증“소비로 번지면 근원물가 다시 자극” 한은 경고여행·숙박·외식 등 서비스 물가 벌써 꿈틀",금융·정책,,경제,경제분석,하위없음,,
2026-08-30-반도체로-번-돈-소비되면-물가-자극-한은-수요발-인플레-경고,2026-08-30,"“반도체로 번 돈 소비되면 물가 자극”…한은, 수요발 인플레 경고",■한은 ‘수요 주도 물가 압력’ 보고서근원물가 2.5% 넘으면 다른 물가도 따라 올라반도체발 소득 증가 물가 0.2%p 추가 압력 가능,국제,,경제,경제분석,하위없음,,
2026-08-30-대통령-6개-부처-개각-경제-이형일-법무-김승원-국토-홍지선-등,2026-08-30,李 대통령 6개 부처 개각...경제 이형일·법무 김승원·국토 홍지선 등,,,,정치,청와대,분류없음,,
2026-08-30-2030년-지역상품권-31-2조-발행-기업-법인-공공기관-상품권-구매-유도,2026-08-30,2030년 지역상품권 31.2조 발행…기업·법인·공공기관 상품권 구매 유도,"행안부, 지역사랑상품권 활성화 기본계획5년 단위 계획 수립해 안정적 발행 지원",,,경제,경제일반,분류없음,,
2026-08-30-속보-국토교통부-장관-후보자에-홍지선-현-2차관,2026-08-30,[속보] 국토교통부 장관 후보자에 홍지선 현 2차관,,부동산,,정치,청와대,하위없음,,
2026-08-30-최대-연-30-1-적금-효과-청년-960만명-모두-가입-가능하다는-이것,2026-08-30,“최대 연 30.1% 적금 효과”…韓 청년 960만명 모두 가입 가능하다는 ‘이것’,,,,금융,금융일반,분류없음,,
2026-08-30-영화-암표도-막는다-영비법-개정-추진,2026-08-30,영화 암표도 막는다…“영비법 개정 추진”,28일부터 공연·스포츠경기 암표 전면 금지유통자에 ‘최대 50배 과징금’…신고포상도,문화,,문화,영화·미디어,하위없음,,
2026-08-29-박정원-박지원-네팔-도착-실종-직원-수색-구조-직접-챙긴다,2026-08-29,박정원·박지원 네팔 도착…실종 직원 수색·구조 직접 챙긴다,"박정원 두산 회장, 박지원 부회장 현지 도착두산에너빌리티 직원 6명 연락 두절“정부와 협조해 수색·구조에 최선”",산업,,산업,대기업,하위없음,,
2026-08-29-29CM-고객-개인정보-15만여건-유출-이름-전화번호-등-포함,2026-08-29,"29CM, 고객 개인정보 15만여건 유출…이름·전화번호 등 포함",,산업,,사회,사건사고,하위없음,,
2026-08-29-AI가-위성-1만기-제어-가능할까-머스크의-승부수-김기혁의-테슬라월드,2026-08-29,AI가 위성 1만기 제어 가능할까...머스크의 승부수 [김기혁의 테슬라월드],이달 초 커서 인수 완료AI에이전트 내재화 본격 추진,증시,,국제,미국·중남미,하위없음,,
2026-08-29-주차장-입구-또-막으셨죠-500만원입니다-이젠-주차-빌런-사라진다,2026-08-29,“주차장 입구 또 막으셨죠? 500만원입니다”…이젠 ‘주차 빌런’ 사라진다,,,,사회,사회일반,분류없음,,
2026-08-29-네팔-대홍수-실종자-3000명으로-증가-6명-중-1명은-외국인,2026-08-29,네팔 대홍수 실종자 3000명으로 증가…6명 중 1명은 외국인,사망 633명·실종자 3000명 육박두산·남동발전 직원 9명 나흘째 연락두절헬기·드론 띄워 고지대 집중 수색 예정악천후·네팔軍 운항 제한에 구조 난항,국제,,국제,아시아·호주,하위없음,,
2026-08-29-인플레에-할-일-이-또-말로만-인상-은-아니죠-트럼프-스톡커,2026-08-29,“인플레에 할 일”이 또 ‘말로만 인상’은 아니죠 [트럼프 스톡커],■윤경환 특파원의 트럼프 스톡커(Stocker) 워시 첫 잭슨홀미팅에 예년보다 열기 “후끈‘물가 리스크 고조에 연준 매파 목소리 커져“2% 넘는 인플레 우려...단기 금리로 대응”“고용은 안정”...예상 밖 선명한 ,국제,,국제,미국·중남미,하위없음,,
2026-08-29-사람이-사라지는-가게들-불어난-인건비-때문일까-대면이-불편해서일까,2026-08-29,사람이 사라지는 가게들…불어난 인건비 때문일까? 대면이 불편해서일까?,[임지훈의 지금 한국은] 2023년 6000개→2026년 1만 2000개3년새 2배로 ↑…업계선 10만개 이상 추정영업이익률 하락속 인건비 증가가 주 요인‘비대면 소비’가 편한 젊은층 증가 영향도“점원 있는 가게가 ,산업,,산업,유통·생활,하위없음,,
2026-08-29-PDRN-매출-32배-뛴-한국콜마-더마-소재-선점-나선다,2026-08-29,PDRN 매출 32배 뛴 한국콜마…‘더마 소재’ 선점 나선다,"식물성 PDRN·AI 발굴 노빌레틴 등 차세대 소재 개발인체 유사 콜라겐, 내년 상반기 상용화 목표더마 스킨케어, 일반 스킨케어보다 7배 빠른 성장",산업,,산업,바이오,하위없음,,
2026-08-29-타겟부터-세포라까지-오프라인도-파고드는-K뷰티-김연하의-킬링이슈,2026-08-29,타겟부터 세포라까지…美 오프라인도 파고드는 K뷰티 [김연하의 킬링이슈],타겟 뷰티 스튜디오에 12개 韓 브랜드 입점메디큐브·더페이스샵 등도 월마트서 판매올리브영은 세포라 580여개 매장 손 잡아,산업,,산업,유통·생활,하위없음,,
2026-08-29-트럼프-베네수엘라와-석유거래-합의-매장량-과반-통제권-확보,2026-08-29,트럼프 “베네수엘라와 석유거래 합의…매장량 과반 통제권 확보”,“석유 650억 배럴 이상 확인”마두로 축출 작전 9개월 만,국제,,국제,미국·중남미,하위없음,,
2026-08-29-SK이노-합병-앞두고-SKIET-이틀-연속-8-대-급락-이런국장-저런주식,2026-08-29,SK이노 합병 앞두고…SKIET 이틀 연속 8%대 급락[이런국장 저런주식],합병 비율 그대로 결정 시교환가치가 주가보다 낮아NH證 “SKIET 주주에 아쉬운 합병 타이밍”,산업,,시그널,국내증시,하위없음,,
2026-08-29-AS-넘어-이사-집수리까지-마이스터즈가-친절-을-파는-법-빛이-나는-비즈,2026-08-29,AS 넘어 이사·집수리까지…마이스터즈가 ‘친절’을 파는 법 [빛이 나는 비즈],엔지니어-고객 연결 및 서비스 전과정 관리쿠팡·전자랜드·한샘 등 대기업과 협업수도권 2.3일·지방 3.3일 만에 현장 방문‘홈플래너’ 도입해 서비스 품질 체계화AS 넘어 이사·집수리·입주 컨시어지 확장,산업,,산업,중기·IT,하위없음,,
2026-08-29-강의-듣는-AI-교육은-그만-사내-해커톤-여는-기업들,2026-08-29,강의 듣는 AI 교육은 그만…사내 해커톤 여는 기업들,일방향 교육 넘어 직접 AI 활용비개발 직군 참여 높여 AX 가속,산업,,산업,기업일반,하위없음,,
2026-08-29-SP삼화-방산-에너지-노루-항공-모빌리티-페인트-라이벌-신사업-전쟁-빛이-나는-비즈,2026-08-29,SP삼화 ‘방산 에너지’·노루 ‘항공 모빌리티’…페인트 라이벌 신사업 전쟁 [빛이 나는 비즈],"SP삼화, 방산 스타트업 지분 투자DC 등 에너지 절감 시장 투자 확대노루페인트, 항공우주 실란트 공개자동차 보수용 도료 기술실증 강화",산업,,산업,기업일반,하위없음,,
2026-08-29-올다무컬-잘나가는-이유-본업-탄탄-신사업은-확장-똑똑-스마슈머,2026-08-29,"‘올다무컬’ 잘나가는 이유…본업 탄탄, 신사업은 확장 [똑똑! 스마슈머]","컬리 상반기 매출 1.5조·영업익 516억충성고객 기반으로 외형·수익성 강화올리브영, 옴니채널 넘어 웰니스로 확장",산업,,산업,유통·생활,하위없음,,
2026-08-29-워시-연준-의장-65개월-고인플레-책임-연준에-통화량-다시-봐야,2026-08-29,워시 연준 의장 “65개월 고인플레 책임 연준에…‘통화량’ 다시 봐야”,캐빈 워시 잭슨홀 기조연설서“포워드 가이던스는 시한 넘겨”통화량 강조에 통화주의 부활 선언,국제,,국제,미국·중남미,하위없음,,
2026-08-29-0세부터-34세까지-아이-한-명당-최대-약-2억-지원-정부-청년-정책에-43조-쓴다-Pick코노미,2026-08-29,"‘0세부터 34세까지’ 아이 한 명당 최대 약 2억 지원…정부, 청년 정책에 43조 쓴다 [Pick코노미]",출생·아동수당에 자립펀드 신설18세까지 최대 1억 4057만 원34세까진 최대 1억 9582만 원지방 국립대 전액 장학금 지급청년 월소득 273만 원까지 월세 지원청년미래적금·문화예술패스 등 확대생애 한 차례 100,,,경제,세금·재정,분류없음,,
2026-08-29-삼전닉스-자사주-10-매수-코스피-하방-떠받친다-코주부,2026-08-29,"삼전닉스 자사주 10兆 매수, 코스피 하방 떠받친다 [코주부]",핵심 수급 주체 ‘기타법인’삼전닉스 순매수 10조 돌파45조 추가 매수 여력,산업,,시그널,국내증시,하위없음,,
2026-08-29-리튬-잭팟-포스코-아르헨-일자리-창출-인재-양성-앞장,2026-08-29,"‘리튬 잭팟’ 포스코, 아르헨 일자리 창출·인재 양성 앞장",7월 ‘테크센터’ 1기 수료생 8명 배출연 4~6회 정기 운영 통해 50명 양성620명 임직원 중 현지채용 90% 이상,산업,,산업,대기업,하위없음,,
2026-08-29-현대차-기아-디젤차-사업-철수-마지막-쏘렌토-마저-단종-biz-플러스,2026-08-29,"현대차·기아, 디젤차 사업 철수...마지막 ‘쏘렌토’마저 단종 [biz-플러스]",승용 디젤 2022년 15종서 올해 ‘0종’트럭·버스 등 상용 부문만 디젤 존속디젤차 등록 비중 5년새 30.8%→2.4% 급감친환경차 비중은 11.8%→48.4%로 급증국산 디젤은 KG모빌리티 2종만 남아,산업,,산업,대기업,하위없음,,
2026-08-29-단독-KORU-ETF-무기한선물-이달만-33조-거래,2026-08-29,[단독]KORU ETF 무기한선물 이달만 33조 거래,온체인 금융 바탕 급성장기초ETF 거래액 2.69배,금융·정책,,금융,가상자산,하위없음,,
2026-08-29-국가가-판-깐-장기이식-절반이-DCD,2026-08-29,국가가 판 깐 美…장기이식 절반이 DCD,"■ 장기기증 캠페인-이어진 숨, 피어난 삶공적 보험과 연계 인프라 키워韓선 법적 근거조차 마련 못해",산업,,사회,사회일반,하위없음,,
2026-08-29-내년-출생아-34세까지-최대-1-9억-지원,2026-08-29,"내년 출생아, 34세까지 최대 1.9억 지원","■ 정부, 성장단계별 투자 전략 발표청년 예산 53.5% 늘려 43.3조로취업·주거서 혼인·출산까지 지원18세때 1억 받는 자립펀드 신설李 “노력한 만큼 기회 얻는 사회로”",금융·정책,,경제,세금·재정,하위없음,,
2026-08-28-내년부터-지방국립대-신입생-등록금-0원-2030년-전-학년-확대-추진,2026-08-29,내년부터 지방국립대 신입생 등록금 ‘0원’…2030년 전 학년 확대 추진,지방국립대 전액 장학금 2130억 원 예산 투입전국 30개교 대상…소득 수준 관계없이 지원의학계열 제외…중도 이탈 땐 전액 환수 방침대학생 6만 명 기업 현장실습 기회도 제공,,,사회,교육,분류없음,,
2026-08-28-롯데-거제-등-경상권-지역-수해-복구에-10억-지원,2026-08-28,"롯데, 거제 등 경상권 지역 수해 복구에 10억 지원",이재민 구호품 지원에 활용,산업,,산업,대기업,하위없음,,
2026-08-28-거주-후기-한눈에-당근-살아본-후기-지도-기능-출시,2026-08-28,"“거주 후기 한눈에”…당근, ‘살아본 후기 지도’ 기능 출시",생활밀착형 정보…지도형태로 확장,산업,,산업,중기·IT,하위없음,,
2026-08-28-앱클론-차세대-이중항체-AM105-일본-특허-확보-글로벌-권리-확대,2026-08-28,"앱클론, 차세대 이중항체 ‘AM105’ 일본 특허 확보…글로벌 권리 확대",국내 이어 일본서 핵심 기술 독점권 확보美·유럽·중국 등 주요 시장서 특허 심사 중영장류 독성시험 진행…조기 기술이전 추진,산업,,산업,바이오,하위없음,,
2026-08-28-뷰노-314억-원-유상증자-재무구조-개선에-200억-투입,2026-08-28,"뷰노, 314억 원 유상증자…재무구조 개선에 200억 투입",보통주 630만주 발행…주주배정 후 실권주 일반공모200억 원 영구 전환사채 상환·114억 원 R&D 등 활용11월 9~10일 기존 주주 청약…30일 신주 상장 예정,산업,,시그널,IB&Deal,하위없음,,
2026-08-28-클래시스-실적-눈높이-낮췄지만-3분기-남미-정상화가-반등-열쇠-Why-바이오,2026-08-28,"클래시스, 실적 눈높이 낮췄지만…“3분기 남미 정상화가 반등 열쇠” [Why 바이오]","2분기 영업익 439억…시장 전망치 밑돌아브라질 통합 지연·내수 부진에 실망 매물 증가유럽·북미 판매↑…해외 실적 호조 모멘텀 유효신한투자증권, 목표가 6만 2000원·‘매수’ 유지",증시,,산업,바이오,하위없음,,
2026-08-28-과의-파트너십-강화해야-K바이오-리더들이-던진-제언,2026-08-28,“中과의 파트너십 강화해야”…K바이오 리더들이 던진 제언,■GBC ‘K-바이오 혁신 리더스 토크’박순재·이상훈·김건수·유종만 대표中과 협력 모색하고 韓규제 완화해야시장 수요에 맞는 기술 개발도 필요,증시,,산업,바이오,하위없음,,
2026-08-28-단독-미래에셋-ETF-조직-새판-짰다-운용부문-산하-전략본부-신설,2026-08-28,"[단독] 미래에셋, ETF 조직 새판 짰다…운용부문 산하 전략본부 신설",신상품 기획·지수 설계 전담하고거래소 등 유관기관과 소통 역할마케팅도 재정비…ETF 경쟁력 제고,증시,,시그널,펀드·채권,하위없음,,
2026-08-28-기업-공시-8월-28일,2026-08-28,기업 공시 [8월 28일],,증시,,시그널,증권일반,하위없음,,
2026-08-28-속보-조희대-국민께-심려-끼쳐-죄송-내주-재제청-검토-공식-입장낼-것,2026-08-28,[속보]조희대 “국민께 심려 끼쳐 죄송…내주 재제청 검토 공식 입장낼 것 ”,"靑, 손봉기 제청 반려·재제청 요구",,,정치,청와대,분류없음,,
2026-08-28-호남-반도체-속도-내나-광주-군공항-이전후보지-무안군-망운면-확정,2026-08-28,호남 반도체 속도 내나…광주 군공항 이전후보지 ‘무안군 망운면’ 확정,■ 국방부 선정위1조+α수준 지역 지원 구체화2032년말까지 준공 목표로,,,정치,정치일반,분류없음,,
2026-08-28-시진핑-방미길에-기업인도-동행할-듯,2026-08-28,시진핑 방미길에 기업인도 동행할 듯,5월 美 기업인 방중 상응 차원‘무역 휴전’ 연장 협상도 본격화中 3년·美 1년…기간 두고 이견,국제,,국제,미국·중남미,하위없음,,
2026-08-28-단독-강간미수가-상해로-이의-없었으면-묻힐-사건-올해만-480건,2026-08-28,[단독] 강간미수가 상해로…이의 없었으면 묻힐 사건 올해만 480건,■커지는 警 암장·부실수사 우려불송치 뒤 검찰 기소 5년새 2배 ↑피해자 이의신청 올해 6만건 전망특수강간미수도 단순 상해로 치부보완수사권 폐지땐 실체규명 난항“보여주기식 내부통제 강화론 한계”,,,사회,사건사고,분류없음,,
2026-08-28-베네수엘라-OPEC-탈퇴-조건으로-유전-100년-임대-빅딜,2026-08-28,"美, 베네수엘라 OPEC 탈퇴 조건으로 ‘유전 100년 임대’ 빅딜","美 전략 비축유 40년 만에 최저 수준으로핵심 유전 임대해 비축유 2배 늘리기로 베네수엘라, 생산 할당 풀고 미 투자유도 OPEC 탈퇴 확정 시 미국 석유 패권 더 커져 생활물가로 나빠진 민심 잡으려는 목적도",국제,,국제,미국·중남미,하위없음,,
2026-08-28-초유의-대법관-재제청-요구-조희대-거부땐-정면충돌,2026-08-28,"靑, 초유의 대법관 재제청 요구…조희대 거부땐 정면충돌",■ 이승만 정권 이후 첫 제청 거부靑 “임명권에 실질적 심사 재량”국힘 “국민·국회의 검증 권리 부정”법원 내부 “제청권 형해화 가능성”여당은 “李와 협의” 압박강도 높여曺 “국민께 송구…내주 입장 밝힐 것”,,,정치,청와대,분류없음,,
2026-08-28-SK그룹-호우-피해-복구에-성금-20억-원-지원,2026-08-28,"SK그룹, 호우 피해 복구에 성금 20억 원 지원",사회복지공동모금회 기탁…이재민 구호 등 활용구호 물품·통신 지원 등 계열사별 지원 활동 펼쳐,산업,,산업,대기업,하위없음,,
2026-08-28-LG-남부-집중호우-피해-복구에-10억원-기부,2026-08-28,"LG, 남부 집중호우 피해 복구에 10억원 기부",이재민에 담요·의류 등 긴급구호키트LG전자 침수 가전 찾아가 무상 수리LG유플러스 대피소 와이파이 지원,산업,,산업,대기업,하위없음,,
2026-08-28-야장-핫플-대학가서-술-더-팔렸다-MZ-상권-살아나는-주류-소비,2026-08-28,야장·핫플·대학가서 술 더 팔렸다…MZ 상권 살아나는 주류 소비,,산업,,산업,유통·생활,하위없음,,
2026-08-28-국민-10명-중-8명-12차-전기본에-신규-원전-반영해야-SMR-필요성도-87,2026-08-28,국민 10명 중 8명 “12차 전기본에 신규 원전 반영해야”…SMR 필요성도 87%,"계속운전 필요 응답에는 86.5%원전 인근 건설, 찬성 답변 56.3%두산에너빌·HD현대 SMR도 주목",산업,,경제,기후에너지,하위없음,,
2026-08-28-유동시총-상위-10개-기업-투자-1개월-수익률-15-로-1위-ETF-줌인,2026-08-28,유동시총 상위 10개 기업 투자 1개월 수익률 15%로 1위 [ETF 줌인],■SOL 코스닥TOP10코스닥 ETF 중 1개월 수익률 1위승강제·150조 국민성장펀드 기대,증시,,시그널,국내증시,하위없음,,
2026-08-28-GD-소속사-갤럭시코퍼-해외서-1000억-원-펀딩-시그널,2026-08-28,"GD 소속사 갤럭시코퍼, 해외서 1000억 원 펀딩 [시그널]",기업가치 10억달러 인정받을 듯지난해에도 해외기업 다수 투자‘로봇파크’ 등 엔터테크 강화 중조달자금 글로벌 확장 사용 전망,증시,,시그널,IB&Deal,하위없음,,
2026-08-28-고려아연-의결권-금지-가처분-고의적-허위-공시-VS-중요-정보-아냐-시그널,2026-08-28,고려아연 의결권 금지 가처분…“고의적 허위 공시” VS “중요 정보 아냐” [시그널],4월 공시 고의 누락 여부 쟁점으로인용 시 최 회장 의결권 대폭 제한,증시,,시그널,국내증시,하위없음,,
2026-08-28-삼성바이오-4년만에-3조-유증-추진-금감원-현미경-심사-통과할까,2026-08-28,"삼성바이오, 4년만에 3조 유증 추진…금감원 현미경 심사 통과할까",■증권신고서 제출올 폴리펩타이드그룹 인수 속도2031년 276조 시장 공략 나서송도 제2바이오캠 증설에 활용재무 양호한데 회사채 대신 유증주주에 유상증자 설득 과제로실망감에 주가는 6.78% 하락금감원 송곳 심사 통,증시,,시그널,IB&Deal,하위없음,,
2026-08-28-자영업자-코로나-대출-최대-6조-탕감해준다,2026-08-28,"자영업자 코로나 대출, 최대 6조 탕감해준다",■ 정부 취약차주 지원방안2023년 6월 전 연체 채권 대상성실 상환자엔 인센티브 확대도,금융·정책,,금융,금융일반,하위없음,,
2026-08-28-ESS에-국공유지-15년-이상-임대-허용-총리-해결-가능한-규제는-바로-풀-것,2026-08-28,ESS에 국공유지 15년 이상 임대 허용…韓총리 “해결 가능한 규제는 바로 풀 것”,[경제단체장과 규제 합리화 간담]컨테이너 법적 분류 기준 명확화시설 문 방향 등 ‘엇박’ 규정 정비전기차·배터리 분리등록도 가능,,,경제,기후에너지,분류없음,,
2026-08-28-아이-낳으면-최대-2000만원-월소득-273만원-청년도-월세-지원,2026-08-28,아이 낳으면 최대 2000만원… 월소득 273만원 청년도 월세 지원,"[청년 예산 언박싱]■생애주기별 ‘성장 사다리’ 복원결혼하면 소득 관계없이 100만원X+AI 전환 교육 年670만원 지원취·창업 최대 2000만원 저리대출ISA·퇴직연금 稅 우대공제율 적용李대통령 “청년, 가장 취약",,,경제,세금·재정,분류없음,,
2026-08-28-고금리에-장기연체자-또-구제-청년전용-대출도-2배-늘린다,2026-08-28,고금리에 장기연체자 또 구제…청년전용 대출도 2배 늘린다,[자영업자 코로나 대출 최대 6조 탕감]20년이상 연체채권까지 일괄소각성실상환자에 금리 0.3%P 우대도내수진작 근본대책 없는 대증요법잦은 채무 조정에 모럴해저드 우려,금융·정책,,금융,금융일반,하위없음,,
2026-08-28-실트론-지분-터는-최태원-회장-독자-협상단-꾸린다-시그널,2026-08-28,"실트론 지분 터는 최태원 회장, 독자 협상단 꾸린다 [시그널]",崔 보유 29.4% 거래 앞두고로펌 등 자문사와 물밑 접촉사익편취·배임 소지 원천차단지분 가치·노소영訴 등 관건,산업,,시그널,IB&Deal,하위없음,,
2026-08-28-외국인-기관-2-매도에-코스피-6800-사수-무산-마켓시그널,2026-08-28,외국인·기관 2兆 매도에…코스피 6800 사수 무산 [마켓시그널],코스피 1.79% 하락 마감삼전 -3%·하닉 -4% 외인 1.7조 순매도 영향잭슨홀서 지수 방향성 가늠,증시,,시그널,국내증시,하위없음,,
2026-08-28-단독-최윤범-고려아연-회장-일가-지분-60-담보-잡혔다-시그널,2026-08-28,[단독] 최윤범 고려아연 회장 일가 지분 60% 담보 잡혔다 [시그널],메리츠와 담보유지비율 180% 계약7월 고려아연 98만원 밑돌자 마진콜호실적으로 주가 반등에 추가위험 덜어,증시,,시그널,IB&Deal,하위없음,,
2026-08-28-고려아연-영풍-MBK-의결권-자문사들-반대에-일방적-주장-반복,2026-08-28,"고려아연 “영풍·MBK, 의결권 자문사들 반대에 일방적 주장 반복”",임시 주총 앞 MBK측 감사위원 반대 많아“출자한 펀드의 투자에 개입 안해” 반박도회계 오류 지적에는 “후속 절차로 소명”,산업,,시그널,IB&Deal,하위없음,,
2026-08-28-산단공-중소-중견-제조-AX-촉진-위해-AI-두뇌-만든다,2026-08-28,"산단공, 중소·중견 제조 AX 촉진 위해 ‘AI 두뇌’ 만든다",기업별 데이터 온톨로지로 연결 추진230억 투입해 열공정 특화 모델 개발철강·시멘트 등 13개사 이상 적용·검증,산업,,산업,중기·IT,하위없음,,
2026-08-28-단독-규제-강화-가성비-후진-디젤-접고-친환경차에-주력,2026-08-28,[단독] ‘규제 강화·가성비 후진’ 디젤 접고 친환경차에 주력,"[현대차·기아, 디젤 승용서 철수]국내 등록 차량 중 디젤차 비중2020년 30.8→올해 2.4% 급감친환경차는 11.8→작년 48.4%하이브리드·전기차 라인업 강화2030년 500만대 이상 판매 목표",산업,,산업,대기업,하위없음,,
2026-08-28-단독-현대차-기아-굿바이-디젤-마지막-모델-쏘렌토도-단산,2026-08-28,[단독]현대차·기아 “굿바이 디젤”…마지막 모델 쏘렌토도 단산,승용 디젤 모델 2022년 15종서 올해 0종으로트럭·버스 등 상용 부문만 생산디젤엔진도 정리…전주공장만 남겨,산업,,산업,대기업,하위없음,,
2026-08-28-삼전닉스-오르기만-기다리다-다-놓쳤네-한-달-새-30-뛴-업종-따로-있었다,2026-08-28,“삼전닉스 오르기만 기다리다 다 놓쳤네”…한 달 새 ‘30%’ 뛴 업종 따로 있었다,반도체 부진 속 순환매 시작건설업 이달 30% 급등외국인도 비반도체로 이동,증시,,시그널,국내증시,하위없음,,
2026-08-28-단독-한화-가상자산-사업-속도-사무소-열고-투자조직-개편,2026-08-28,"[단독] 한화證, 가상자산 사업 속도…美 사무소 열고 투자조직 개편","글로벌네트워크팀, 시너지투자팀으로 개편이달 美 샌프란시스코에 사무소 개설 내년 디지털자산 플랫폼 글로벌 출시 두나무·디지털에셋 등 관련 기업 투자",증시,,금융,가상자산,하위없음,,
2026-08-28-다시-목표가-올리는-증권가-칠천피-탈환하나,2026-08-28,다시 목표가 올리는 증권가…칠천피 탈환하나,"■코스피, 한달 째 박스권눈높이 낮춘 리포트 일색서 재조정최근 1주 상향 47건, 하향 42건 앞서이익 전망 개선…중소형주로 순환매변동성도 완화돼 상승장 기대 커져",증시,,시그널,국내증시,하위없음,,
2026-08-28-장기-기증-1위-스페인-DCD-비용-전액-보상-의료진엔-수당-지급,2026-08-28,"장기 기증 1위 스페인, DCD 비용 전액 보상·의료진엔 수당 지급",■유럽 인센티브 늘려 활성화크로아티아 건당 최대 1200만원“소규모 병원도 기증자 적극 발굴”,증시,,국제,유럽,하위없음,,
2026-08-28-손봉기-임명동의안-제출않기로-대법관-재제청-요청,2026-08-28,靑 “손봉기 임명동의안 제출않기로…대법관 재제청 요청”,"“사법부 독립 뒷받침한 관행 스스로 약화”지적“김성수 후보자, 임명동의안은 국회 제출할 것”",,,정치,청와대,분류없음,,
2026-08-28-법원-JTBC-회생절차-개시-결정-내년-1월-29일까지-회생계획안-제출해야,2026-08-28,"법원, JTBC 회생절차 개시 결정…내년 1월 29일까지 회생계획안 제출해야",자율구조조정 지원 절차는 종료,,,사회,법조,분류없음,,
2026-08-28-수능-서-논술형-도입-공론화-국교위-29일부터-이틀간-숙의토론,2026-08-28,"수능 서·논술형 도입 공론화…국교위, 29일부터 이틀간 숙의토론",국민참여위원 203명 참여해 1박2일 토론내신 서·논술형 확대·수능 도입 찬반 논의,,,사회,교육,분류없음,,
2026-08-28-내란특검-헌법재판관-미임명-한덕수에-징역-5년-구형,2026-08-28,"내란특검, ‘헌법재판관 미임명’ 한덕수에 징역 5년 구형",정진석·김주현 각 4년 구형... 이원모는 징역 3년특검 “국회 몫 거부하고 대통령 몫은 선점”“부실 검증 아닌 사실상 검증 안 한 것”,,,사회,법조,분류없음,,
2026-08-28-황-CEO가-쏜-AI-희망에-고율-관세-매긴다면-트럼프-스톡커,2026-08-28,황 CEO가 쏜 AI 희망에 고율 관세 매긴다면 [트럼프 스톡커],"■윤경환 특파원의 트럼프 스톡커(Stocker) 엔비디아, 2분기 예상 넘는 실적에 9% 급등“2028년 70% 성장”...투자 우려 일부 불식AI 모델 플랫폼도 인수...개방형 주도 박차트럼프 정부는 미국 투자 연",국제,,시그널,해외증시,하위없음,,
2026-08-28-달러-약세-금리-상승-압력-주시해야-KIC-뉴욕서-글로벌-투자-전략-논의-시그널,2026-08-28,"“달러 약세·금리 상승 압력 주시해야”…KIC, 뉴욕서 글로벌 투자 전략 논의[시그널]",제31차 뉴욕 금융인 포럼 개최,증시,,시그널,펀드·채권,하위없음,,
2026-08-28-화장품-실적-기대감-속-불기둥-밸류에이션-매력적-이런국장-저런주식,2026-08-28,화장품株 실적 기대감 속 불기둥…“밸류에이션 매력적” [이런국장 저런주식],반도체·AI 관련주는 주춤한데에이피알·아모레·LG생건 6% 급등“에이피알·실리콘투 주목하라”,산업,,시그널,국내증시,하위없음,,
2026-08-28-영풍-MBK-한화-LG화학에-서한-독립-감사위원-지지-호소-시그널,2026-08-28,"영풍·MBK, 한화·LG화학에 서한…독립 감사위원 지지 호소[시그널]","다음달 임시주총 앞두고감사위 운영 정상화 호소“박유경, 주주 전체 이익 위한 후보”",증시,,시그널,IB&Deal,하위없음,,
2026-08-28-GC녹십자-오시백스와-차세대-독감백신-개발-맞손,2026-08-28,"GC녹십자, 佛 오시백스와 차세대 독감백신 개발 맞손",‘지씨플루·OVX836’ 단일 주사로 결합계절성·신종 바이러스 예방 효과 목표,산업,,산업,바이오,하위없음,,
2026-08-28-쇼핑몰서-10km-러닝-백화점서-방탈출-경험경제-소비공식-바꾼다,2026-08-28,"쇼핑몰서 10km 러닝, 백화점서 방탈출…경험경제, 소비공식 바꾼다",오감 쇼핑하는 ‘호모 엑스페리엔스’이색 경험 좇는 디지털 네이티브 탄생,산업,,산업,유통·생활,하위없음,,
2026-08-28-미주투자공사-1조-쏜다-포스코홀딩스-아르헨-리튬사업-날개,2026-08-28,"미주투자공사 1조 쏜다...포스코홀딩스, 아르헨 리튬사업 ‘날개’",IDB그룹 단기 차입 한도 승인그룹 차원 전략자원 육성 탄력,산업,,산업,투자·재무,하위없음,,
2026-08-28-단독-삼성-HBM4-이어-엔비디아-NVHBM-선점,2026-08-28,"[단독] 삼성, HBM4 이어 엔비디아 ‘NVHBM’ 선점","엔비디아측 요청에 HBM4E 8단 개발적층 높이 33% 낮추고, 속도 22% 높여메모리 3사 대응 속 삼성 ‘턴키’ 능력 부각",산업,,산업,대기업,하위없음,,
2026-08-28-SK바이오팜-세노바메이트-의존-낮춘다-목표가-14만-원-Why-바이오,2026-08-28,"SK바이오팜, ‘세노바메이트 의존’ 낮춘다…목표가 14만 원↑[Why 바이오]",오파칼림·Kv7 플랫폼 전 세계 독점권 확보2028년 美 허가 신청·2029년 상반기 출시 목표“기존 영업망·처방 기반 활용해 세대교체 가능”신약 가치 1.8조 반영…목표주가 7.7% 상향,증시,,산업,바이오,하위없음,,
2026-08-28-한화운용-S-P500-ETF-2종-보수-0-0062-로-인하,2026-08-28,"한화운용, 美 S&P500 ETF 2종 보수 0.0062%로 인하",환노출·환헤지형 동일하게 적용1000만 원 투자 시 연간 비용 620원“환율 전망 따라 자유롭게 선택”,증시,,시그널,펀드·채권,하위없음,,
2026-08-28-맥쿼리-S-I코퍼레이션-매각-중단-국내외-사업-확장에-집중-시그널,2026-08-28,"맥쿼리, S&I코퍼레이션 매각 중단…국내외 사업 확장에 집중 [시그널]",블랙스톤 등 예비입찰 참여에도우호적 시장 상황에 매각 멈춰2030년까지 EBITDA 2배 목표,증시,,시그널,IB&Deal,하위없음,,
2026-08-28-영풍-MBK-고려아연-측-펀드-회장-일가와-투자-기업-왜-겹치나-시그널,2026-08-28,"영풍·MBK “고려아연 측 펀드, 회장 일가와 투자 기업 왜 겹치나” [시그널]",투자 대상·시기 중복,증시,,시그널,IB&Deal,하위없음,,
2026-08-28-전화-카톡-IPTV로-AI-쓴다-SKT-카카오-KT-모두의-AI-9월-출격,2026-08-28,전화·카톡·IPTV로 AI 쓴다…SKT·카카오·KT ‘모두의 AI’ 9월 출격,"SKT, 전화·문자 아우른 ‘실행형 AI’카카오, 국민 메신저서 예약·신청·결제KT, 다음·통신·IPTV 연결해 공공·생활서비스까지",,,산업,중기·IT,분류없음,,
2026-08-28-코로나-빚-못-갚은-자영업자-154조-장기연체-채무-소각-탕감-추진,2026-08-28,코로나 빚 못 갚은 자영업자 154조…장기연체 채무 ‘소각·탕감’ 추진,코로나 자영업자 부채 적극 채무조정채무감면부터 신용회복·재기까지 지원성실상환자 금리·보증료 혜택 확대저리자금·고금리 대환대출도 늘려,,,금융,금융일반,분류없음,,
2026-08-28-오늘부터-암표-유통-시-최대-50배-과징금-부과액-50-신고포상금,2026-08-28,오늘부터 암표 유통 시 ‘최대 50배 과징금’…부과액 50% 신고포상금,공연법·국민체육진흥법 시행령 개정안 28일 시행관계 기관 점검 회의…영화 암표 방지법 추진도,문화,,사회,사회일반,하위없음,,
2026-08-28-삼성바이오-3-유상증자에-프리마켓-6-하락세-이런국장-저런주식,2026-08-28,삼성바이오 3兆 유상증자에…프리마켓 6% 하락세 [이런국장 저런주식],유상증자 3조 발표 직후프리장서 6%대 하락“성장 위한 증자 긍정적”,증시,,시그널,국내증시,하위없음,,
2026-08-28-삼성전기에-꽂힌-상위-1-하나마이크론-심텍은-팔았다-주식-초고수는-지금,2026-08-28,"삼성전기에 꽂힌 상위 1%, 하나마이크론·심텍은 팔았다 [주식 초고수는 지금]",삼성전기·SK하이닉스 순매수하나마이크론·심텍 순매도 집중,증시,,시그널,국내증시,하위없음,,
2026-08-28-머나먼-칠천피-엔비디아-훈풍에도-6900-내줬다-마켓시그널,2026-08-28,머나먼 ‘칠천피’…엔비디아 훈풍에도 6900 내줬다 [마켓시그널],삼전닉스 -2% 하락미국 주요 증시 상승 마감에도오늘 밤 11시 잭슨홀 ‘주시’,증시,,시그널,국내증시,하위없음,,
2026-08-28-S-Oil-7-질주-정제마진-강세-전망-호재-줍줍리포트,2026-08-28,S-Oil 7% 질주…정제마진 강세 전망 ‘호재’ [줍줍리포트],중동·러시아 공급 차질하반기 정제마진 개선 기대감증권가 목표주가 20만 원 ↑,산업,,시그널,국내증시,하위없음,,
2026-08-28-삼성-경상권-수해-복구에-30억-지원-9개-계열사-동참,2026-08-28,"삼성, 경상권 수해 복구에 30억 지원…9개 계열사 동참","전자·중공업 등 참여, 구호품 전달카드대금 유예 등 금융지원 병행",산업,,산업,대기업,하위없음,,
2026-08-28-기보-중기-승계-M-A-매칭시스템-구축-인수자금도-지원,2026-08-28,"기보, 중기 ‘승계 M&A’ 매칭시스템 구축…인수자금도 지원","수요 발굴→ 중개기관 연결→ M&A 과정 관리인수자금 보증 및 기술보호, 금융·비금융 지원",산업,,산업,중기·IT,하위없음,,
2026-08-28-에이비엘바이오-파트너사-림프종-임상-1b상서-완전관해율-100,2026-08-28,"에이비엘바이오 파트너사, 림프종 임상 1b상서 완전관해율 100%","리가켐바이오와 공동개발…시스톤에 기술이전DLBCL 환자 31명서 완전관해·반응률 100%시스톤, 용량·투여 주기 최적화 후 후속 개발 예정",산업,,산업,바이오,하위없음,,
2026-08-28-SK하이닉스-한-미-HBM-벨트-만든다-수십만장-패키징-선언,2026-08-28,"SK하이닉스, ‘한·미 HBM 벨트’ 만든다…美 수십만장 패키징 선언",美 인디애나 첫 HBM 첨단패키징 거점2028년 10월 클린룸·2029년 3Q 양산韓서 웨이퍼 생산해 美서 패키징·검사100여 협력사·퍼듀대 묶어 AI 생태계,산업,,산업,대기업,하위없음,,
2026-08-28-증권신고서-미흡-반복시-심사-차등화-금감원-불필요한-정정-최소화해야,2026-08-28,증권신고서 미흡 반복시 심사 차등화…금감원 “불필요한 정정 최소화해야”,증권신고서판 ‘네임 앤드 셰임’,증시,,시그널,증권일반,하위없음,,
2026-08-28-버핏-더-쌀-때-안-산-건-실수-쓸어-담았는데-석-달-새-시총-960조-증발한-이-주식,2026-08-28,버핏 “더 쌀 때 안 산 건 실수” 쓸어 담았는데…석 달 새 시총 960조 증발한 ‘이 주식’,,증시,,시그널,해외증시,하위없음,,
2026-08-28-삼성바이오로직스-3조-유상증자에-주가-4-Why-바이오,2026-08-28,"삼성바이오로직스, 3조 유상증자에 주가 4%↓[Why 바이오]",폴리펩타이드그룹 인수에 2.7조 투입제2캠퍼스 6~8공장 건설에도 2948억항체·mRNA·ADC 넘어 펩타이드로 확장주주배정 후 실권주 공모…11월 말 상장,증시,,산업,바이오,하위없음,,
2026-08-28-국민연금-6개월-만에-400조-벌었다-국장-수익률은-107-시그널,2026-08-28,국민연금 6개월 만에 400조 벌었다…국장 수익률은 107% [시그널],작년 말 기준 1458조6월 말 기준 1866조,증시,,시그널,펀드·채권,하위없음,,
2026-08-28-국산-로봇-2030년까지-2-3조-투자-국산화율-80-로-Pick코노미,2026-08-28,국산 로봇 2030년까지 2.3조 투자...국산화율 80%로 [Pick코노미],■ 기획처 제2차 재정운용전략협의회정부가 ‘첫 수요자’로 나서...1080대 도입내년 250대 구매…대학·연구기관 공급피지컬 AI 실증에도 2.8조 투입하기로,금융·정책,,경제,경제일반,하위없음,,
2026-08-28-호미로-막겠다-한은-금리-3-로-물가-집값-선제-대응-Pick코노미,2026-08-28,"“호미로 막겠다” 한은, 금리 3%로 물가·집값 선제 대응 [Pick코노미]",[기준금리 3% 시대]성장률 2.6→3.3% 대폭 상향두 달 연속 인상…물가·집값 선제 대응“생산성 높이는 확장재정은 통화정책 보완”,,,금융,금융일반,분류없음,,
2026-08-28-댐-5곳-새로-짓는다-극한-호우도-관리-Pick코노미,2026-08-28,댐 5곳 새로 짓는다…“극한 호우도 관리”[Pick코노미],■ 기후위기·용수난에 건설사업 재개동복댐 증고 이어 신규 계획 확정총 저수량 1.28억톤…운문댐급 규모다목적댐 신설은 16년 만에 이뤄져수요 늘면 추가 시설 건설도 검토,산업,,경제,기후에너지,하위없음,,
2026-08-28-삼성바이오-유상증자-3조-폴리펩타이드-인수-정조준-시그널,2026-08-28,"삼성바이오, 유상증자 3조…폴리펩타이드 인수 정조준 [시그널]",전액 시설자금 투입 계획6~8공장 구축·M&A 자금 조달,증시,,시그널,IB&Deal,하위없음,,
2026-08-28-성수-연무장길-넘어-건대까지-팝업-경험경제에-전국-소비지도-재편,2026-08-28,“성수 연무장길 넘어 건대까지 팝업”…경험경제에 전국 소비지도 재편,"■경험소비로 지역 경제 호황서울, 팝업스토어와 ‘꾸미기’ 중심지대전, 빵지순례의 ‘수도’…관광소비 껑충김천엔 ‘김밥축제’ 메가히트 양양엔 서핑 관광객이 주민 27배",산업,,산업,유통·생활,하위없음,,
2026-08-28-속도내는-SK그룹-리밸런싱-사흘간-흡수합병-3건-결의-biz-플러스,2026-08-28,속도내는 SK그룹 리밸런싱…사흘간 흡수합병 3건 결의[biz-플러스],"SK에코플랜트, 에코엔지니어링과 합병SK가스·SK어드밴스드 밸류체인 통합SK이노, SKIET 7년 만애 재합병까지“年 600억원 비용 절감…2년 내 흑전”",산업,,산업,대기업,하위없음,,
2026-08-28-엔비디아-서프라이즈-삼전-하닉-영업익-추정치도-우상향,2026-08-28,엔비디아 ‘서프라이즈’…삼전·하닉 영업익 추정치도 우상향,"엔비디아, 13분기 연속 매출 신기록AI칩 포함 데이터센터가 실적 견인구매약정 164조→385조원으로 급증HBM 싹쓸이…서버용 등 연쇄 품귀",산업,,산업,대기업,하위없음,,
2026-08-28-HD현대중-포스코-파업-현실화하나-교섭-난항-속-부분파업-우려,2026-08-28,HD현대중·포스코 파업 현실화하나…교섭 난항 속 부분파업 우려↑,"HD현대중공업 66.18% 찬성 가결다음 본교섭 결렬시 부분파업 예상협상 장기화땐 총파업도 배제 못해포스코 노조, 9월9일 데드라인 제시“변화 없으면 48시간 부분 파업”",산업,,사회,노동·고용,하위없음,,
2026-08-28-9월-15일까지-지정기초자료-제출하세요-금감원-감사인-지정제-온라인-설명회,2026-08-28,"“9월 15일까지 지정기초자료 제출하세요”…금감원, 감사인 지정제 온라인 설명회",12월 결산 상장사 등 대상,증시,,금융,금융일반,하위없음,,
2026-08-28-엔비디아-금통위-넘은-코스피-7000-돌파-두-번째-도전-코주부,2026-08-28,"엔비디아·금통위 넘은 코스피, ‘7000 돌파’ 두 번째 도전  [코주부]",,증시,,시그널,국내증시,하위없음,,
2026-08-28-난공불락-췌장암-40년-만에-표적치료-길-열렸다,2026-08-28,난공불락 췌장암…40년 만에 ‘표적치료’ 길 열렸다,■‘RAS 치료제’ 美FDA 첫 승인1980년대 발견 이후 성과 못내던범RAS 억제 치료제 ‘라손큐’ 허가임상 3상서 생존기간 2배로 늘어국내선 한미약품 흑색종 임상 2상유한양행도 하반기 임상진입 목표,증시,,산업,바이오,하위없음,,
2026-08-28-물건보다-경험을-산다-호모-엑스페리엔스,2026-08-28,물건보다 경험을 산다…호모 엑스페리엔스,1000명 모집 쇼핑몰 러닝대회 10분만에 마감작년 공연 판매·해외여행객 역대 최대재화 소비 줄이고 경험에 지갑 열어,산업,,산업,유통·생활,하위없음,,
2026-08-28-메이드-인-USA-HBM-SK하닉-2029년-양산,2026-08-28,‘메이드 인 USA’ HBM…SK하닉 2029년 양산,■ 5.5조 투자 인디애나 팹 기공식현지 첫 어드밴스드 패키징 기지한국산 웨이퍼 가공해 고객사 공급곽노정 “가장 신뢰받는 파트너로”,국제,,산업,대기업,하위없음,,
2026-08-27-ASML코리아-반도체-경력자도-뽑는다-하반기-100명-이상-채용,2026-08-27,"ASML코리아, 非반도체 경력자도 뽑는다…하반기 100명 이상 채용",첨단·정밀 제조 경력자까지 확대신입·경력 합쳐 세 자릿수 채용화성·평택·청주·이천서 근무,산업,,산업,중기·IT,하위없음,,
2026-08-27-DN솔루션즈-인도에-첫-제조공장-공작기계-첨단-비전-제시,2026-08-27,"DN솔루션즈, 인도에 첫 제조공장…“공작기계 첨단 비전 제시”","1단계 860억 투입, 추가투자 방침2003년 中 이후 첫 해외공장 건립연구개발·생산·서비스 일괄 수행글로벌 수출 거점으로 육성 방침",산업,,산업,기업일반,하위없음,,
2026-08-27-창업-지원하는데-간판은-창조경제-창경센터-12년-만에-개명-추진,2026-08-27,창업 지원하는데 간판은 ‘창조경제’…창경센터 12년 만에 개명 추진,"중기부, 국회에 명칭 변경 필요성 전달새로운 명칭으로 ‘혁신창업허브’ 검토법 개정 필요…정치권 공감대 확보 관건",산업,,산업,중기·IT,하위없음,,
2026-08-27-HD현대중공업-노조-쟁의-찬반투표-가결-파업-초읽기,2026-08-27,"HD현대중공업 노조, 쟁의 찬반투표 가결…파업 초읽기",66.18% 찬성…파업안 가결,산업,,사회,노동·고용,하위없음,,
2026-08-27-기업-공시-8월-27일,2026-08-27,기업 공시 [8월 27일],,증시,,시그널,증권일반,하위없음,,
2026-08-27-대선-앞둔-정치-불안에-헤알화-약세-겹쳐-외면받는-브라질-국채,2026-08-27,대선 앞둔 정치 불안에 헤알화 약세 겹쳐…외면받는 브라질 국채,기준금리 내려도 장기채 고공행진에 투자열기 식어국내투자자 8월 순매수 113만 달러…전월比 64%↓,증시,,시그널,펀드·채권,하위없음,,
2026-08-27-한투-운용사-교통정리-액티브-MMF-한투밸류가-맡는다,2026-08-27,한투 운용사 교통정리… 액티브·MMF 한투밸류가 맡는다,"한투운용 유가증권펀드·MMF 밸류로 이관패시브는 한투운용, 액티브 한투밸류 전담",증시,,시그널,펀드·채권,하위없음,,
2026-08-27-힘-빠진-반도체-대신-2차전지-전력이-달렸다-코스피-6900선-안착-이런국장-저런주식,2026-08-27,힘 빠진 반도체 대신 2차전지·전력이 달렸다… 코스피 6900선 안착 [이런국장 저런주식],"엔비디아 훈풍에 7000선 노렸지만금리 인상·반도체 차익실현이 발목美, 中 전력망 압박에 관련주 급등하락종목이 더 많아 온기 제한 지적",증시,,시그널,국내증시,하위없음,,
2026-08-27-국산-휴머노이드-정부가-먼저-산다-2030년까지-1080대-도입,2026-08-27,"국산 휴머노이드, 정부가 먼저 산다…2030년까지 1080대 도입",■ 기획처 제2차 재정운용전략협의회 5년간 2.3조 들여 부품 국산화율 80%로내년 250대 구매…대학·연구기관 공급피지컬 AI 실증에도 2.8조 투입하기로,금융·정책,,경제,경제일반,하위없음,,
2026-08-27-물가-집값-호미로-미리-막아-연내-추가인상-가능성은-낮아져,2026-08-27,"“물가·집값, 호미로 미리 막아”…연내 추가인상 가능성은 낮아져","[기준금리 3% 시대]■두 달 연속 0.25%P 인상신현송, 선제대응 위한 조치 강조통방서 ‘인상기조 유지’ 문구 빠져속도조절 무게…국고채 안정 기대6개월 후 점도표는 3.25%로 올라내년 2월까지 한 차례 인상 전",,,금융,금융일반,분류없음,,
2026-08-27-온난화에-무너져-내린-빙하호-재앙-시한폭탄-50여개-더-있다,2026-08-27,온난화에 무너져 내린 빙하호…‘재앙 시한폭탄’ 50여개 더 있다,"[네팔 대홍수 이틀째 1500명 이상 피해] 160명 이상 사망, 1300명 이상 실종한국인·일본인 등 10여 명 연락 두절 빙하 호수·흙이 댐 만들었다가한꺼번에 터지면서 마을 휩쓸어규모 5.2 지진 수준 진동 발생",국제,,국제,아시아·호주,하위없음,,
2026-08-27-LG전자-한국전력-스마트가전-캐시백으로-에너지-효율-문화-확산,2026-08-27,"LG전자·한국전력, 스마트가전 캐시백으로 에너지 효율 문화 확산",전력수급 안정 위한 스마트 사용 유도LG 씽큐 연동 가전에 요금 환급 혜택AI홈 기반 지속가능 에너지 서비스 확대,산업,,산업,대기업,하위없음,,
2026-08-27-사업마다-주파수-보안요건-제각각-무인체계-표준-이-없다,2026-08-27,사업마다 주파수·보안요건 제각각…軍무인체계 ‘표준’이 없다,"기업들 “장비 개발해도 무용지물”향후 규격 변동 우려…투자도 제약국산화 연계 기술 10%…외산 의존드론 대량보급에 저비용 모듈 시급국방부, 공통데이터링크 개발 착수",산업,,산업,기업일반,하위없음,,
2026-08-27-LG전자-전기-덜-쓰는-시간-가전-이용-시-캐시백-지원,2026-08-27,"LG전자, ‘전기 덜 쓰는 시간’ 가전 이용 시 캐시백 지원",한국전력과 ‘스마트가전’ 시범사업 개시1㎾h당 100원·시간당 최대 300원 캐시백,산업,,산업,대기업,하위없음,,
2026-08-27-HD현대중공업-노조-쟁의-찬반투표서-66-찬성-파업-현실화하나,2026-08-27,"HD현대중공업 노조, 쟁의 찬반투표서 66% 찬성…파업 현실화하나",쟁의행위안 가결 따라 파업권 확보다음 본교섭 결렬시 부분파업 예상협상 장기화시 총파업 우려 커져,산업,,산업,대기업,하위없음,,
2026-08-27-주주환원-실망한-초고액-자산가-삼전-또-팔았다,2026-08-27,"주주환원 실망한 초고액 자산가, 삼전 또 팔았다",■대형증권사 30억 이상 자산가 7500명 분석8월 913억 순매도…두달째 1위단일종목 레버리지 ETF도 정리하닉 1221억 사들여…순매수 1위,증시,,시그널,국내증시,하위없음,,
2026-08-27-주택공급-확대-기대-활짝-웃는-시멘트,2026-08-27,주택공급 확대 기대…활짝 웃는 시멘트株,상반기 주택 착공 14.4% 늘어나환율 하락으로 원가 부담도 완화아세아 한달 18%↑…4개社 강세,증시,,시그널,국내증시,하위없음,,
2026-08-27-단독-하닉-1주-하한가-재발-막는다-NXT-시가-단일가-도입-추진,2026-08-27,"[단독]‘하닉 1주 하한가’ 재발 막는다…NXT, 시가 단일가 도입 추진",이르면 내년 1월 중순께 도입시가 결정시점 등 운영방식 미확정 프리마켓 소량 주문에 가격 왜곡9월 정적VI 이어 안정장치 강화,증시,,시그널,국내증시,하위없음,,
2026-08-27-실적-재무-개선에-체급-커져-마지막-우량-보험사-매물-인수전-불붙나-시그널,2026-08-27,실적·재무 개선에 체급 커져…‘마지막 우량 보험사 매물’ 인수전 불붙나 [시그널],■롯데손보 결국 공개매각10년간 순익 5767억·CSM 2.5조기본자본비율 2분기 -5.4% 개선인수 후 자본확충 부담 감소 예상비은행 강화·덩치 키우기 노리는 금융지주·보험사 등 관심 높아져,증시,,시그널,IB&Deal,하위없음,,
2026-08-27-FDA-먹는-췌장암-신약-라손큐-승인-3상서-사망위험-60,2026-08-27,"美 FDA, 먹는 췌장암 신약 ‘라손큐’ 승인…3상서 사망위험 60%↓",치료 경험 있는 전이성 췌장암 성인 대상생존 기간 6.7개월서 13.2개월로 개선,문화,,산업,바이오,하위없음,,
2026-08-27-기준금리-3-긴축의-시간-온다,2026-08-27,기준금리 3%…긴축의 시간 온다,"■ 한은, 2회 연속 0.25%P 인상물가 안정 위해 선제적 대응신현송 “시장에 강한 시그널”올해 성장률 0.7%P 올려 3.3%",,,금융,금융일반,분류없음,,
2026-08-27-메타-SNS-중독-24조원-합의-청소년-인스타-자정부터-멈춘다-마켓무버,2026-08-27,"메타 ‘SNS 중독’ 24조원 합의…청소년 인스타, 자정부터 멈춘다 [마켓무버]",[악재 이어지는 메타]하루 2시간 제한·야간 접속 차단추천 알고리즘 개선 등 47개주 합의AI 활용 인력대체 개편안도 중단,국제,,국제,미국·중남미,하위없음,,
2026-08-27-LH-2030년까지-연-12만-가구-공급-8-13-대책-후속-착공계획-발표,2026-08-27,LH “2030년까지 연 12만 가구 공급”…8·13 대책 후속 착공계획 발표,"올해 5만, 2028년부터 10만 가구로 확대유휴부지·학교용지 도심사업 2027년 착공",부동산,,부동산,정책,하위없음,,
2026-08-27-목표는-국토부-장관-정부-강압감사-확인,2026-08-27,“목표는 국토부 장관”…尹정부 강압감사 확인,"■ 감사원, 통계·서해감사 TF 결과고함 지르고 새벽까지 조사 지연최재해·유병호 등 수사참고자료 송부통계조작 증거 효력엔 “대부분 오염”",,,정치,청와대,분류없음,,
2026-08-27-국회-봉쇄-내란-가담-김현태-707특임단장-1심-징역-12년,2026-08-27,"‘국회 봉쇄·내란 가담’ 김현태 前 707특임단장, 1심 징역 12년","김현태 징역 12년·이상현 10년김봉규·정성욱 7년, 김대우 5년法 “특정 세력 위해 군사력 이용”박헌수·고동희는 내란 혐의 무죄“내란 사전 인식· 공유 없어”",,,사회,법조,분류없음,,
2026-08-27-신현송-확장재정과-금리-인상-반드시-엇박자는-아냐,2026-08-27,"신현송 “확장재정과 금리 인상, 반드시 엇박자는 아냐”",■올해 성장률 2.6→3.3%로 높여돈풀면 단기 물가 키울 수 있지만잠재성장 올릴 땐 통화정책 보완반도체 호조에 소비·투자 회복세申 “GDP갭 플러스 전환 앞당겨져”,국제,,경제,경제분석,하위없음,,
2026-08-27-지지율-하락에-종부세-이어-기초연금도-급제동-걸리나,2026-08-27,지지율 하락에…종부세 이어 기초연금도 급제동 걸리나,비거주 1주택 종부세 강화안 수정 검토기초연금 ‘하후상박’ 브리핑 직전 취소기존 수급자 혜택 축소 반발에 정치적 부담민감한 개혁과제 잇단 속도조절 가능성내달 예산안 발표가 개혁 지속 여부 분수령,,,경제,세금·재정,분류없음,,
2026-08-27-주담대-금리-연내-8-돌파-가능성-3억-대출땐-한달-이자만-200만원,2026-08-27,주담대 금리 연내 8% 돌파 가능성…3억 대출땐 한달 이자만 200만원,"[기준금리 3% 시대]금리 인상에 ‘영끌족’ 비상5대 은행 고정형 주담대 7.17%금리 50bp 오르면 3.7조 부담가계신용 첫 2000조 넘었는데총량 완화로 대출 재개 움직임“취약 계층, 물가·금리 이중고”",금융·정책,,금융,은행,하위없음,,
2026-08-27-원전-신설-이어-정부-추진-댐-5곳도-부활,2026-08-27,원전 신설 이어…尹 정부 추진 댐 5곳도 부활,동복댐 증고 이어 신규 댐 사업 5곳 확정총 저수량 1.28억 톤…청도 운문댐 규모다목적댐 신설 16년만…“필요시 더 건설”,산업,,경제,기후에너지,하위없음,,
2026-08-27-송인준-곽동걸-임유철-PEF협회-초대-회장-후보군-압축-시그널,2026-08-27,송인준·곽동걸·임유철…PEF협회 초대 회장 후보군 압축 [시그널],정관 제정·당국 협의 등 정비내달 대표단 회의서 세부 윤곽늦어도 내년 초 출범 목표,증시,,시그널,IB&Deal,하위없음,,
2026-08-27-IMA-4조로-커졌지만-회사채-큰손-역할-없고-대출만-시그널,2026-08-27,IMA 4조로 커졌지만…회사채 ‘큰손’ 역할 없고 대출만 [시그널],한투 수탁 원본 2.8조…시장 77% 차지운용자산 대부분 대출·수익증권에 배분미래·NH 채권 비중 높지만 영향 제한적,증시,,시그널,펀드·채권,하위없음,,
2026-08-27-AA-금리-이미-4-중반인데-회사채-시장-한파-지속-시그널,2026-08-27,AA-금리 이미 4% 중반인데…회사채 시장 한파 지속 [시그널],연중 최저 대비 100bp 이상 상승해누적 발행 81.4조…전년比 8.8%↓우량물 흥행 속 등급별 차별화 심화,증시,,시그널,펀드·채권,하위없음,,
2026-08-27-폴란드-국유자산부-장관-한화-HD현대-방산-에너지-파트너십-확대,2026-08-27,"폴란드 국유자산부 장관, 한화·HD현대 방산·에너지 파트너십 확대",한화에어로 창원 사업장 찾아차세대 K9 현지 생산 등 논의HD현대오일 정유설비도 점검,산업,,산업,대기업,하위없음,,
2026-08-27-삼성-엔비디아-GPU로-반도체-더-빠르게-더-많이-만든다,2026-08-27,"삼성, 엔비디아 GPU로 반도체 ‘더 빠르게, 더 많이’ 만든다","엔비디아, 컨콜서 AI 응용 사례로 삼성전자 거론GPU 기반 반도체 공정 가상시험 소프트웨어인‘cuLitho’로 노광 연산 최대 20배 높여 병목 해소부품 공급 관계 넘어 ‘제조 AI’ 파트너십으로 확장",산업,,산업,대기업,하위없음,,
2026-08-27-포스코-노조-9월-9일-교섭-최종시한-제시-결렬시-48시간-부분파업,2026-08-27,"포스코 노조, 9월 9일 교섭 최종시한 제시…“결렬시 48시간 부분파업”","“사측, 노조에 과도 요구 프레임 씌워”인력부족·장시간노동·직고용 불만 등사측 “원만한 합의 도출·마무리 최선”파업시 비상대응 가동·차질 최소화 방침",산업,,사회,노동·고용,하위없음,,
2026-08-27-젠슨-황-엔비디아-내년-70-성장-메모리-병목-없었다면-2배-가능,2026-08-27,젠슨 황 “엔비디아 내년 70% 성장…메모리 병목 없었다면 2배 가능”,■13분기 연속 매출 신기록AI칩 포함 데이터센터가 실적 견인구매약정 164조→385조원으로 급증HBM 싹쓸이…서버용 등 연쇄 품귀삼전·하닉 영업익 추정치도 우상향,산업,,산업,대기업,하위없음,,
2026-08-27-박스피-지친-개미-증시-떠나나-예탁금-다시-100조-미만-털썩-이런국장-저런주식,2026-08-27,‘박스피’ 지친 개미 증시 떠나나… 예탁금 다시 100조 미만 ‘털썩’ [이런국장 저런주식],"26일 예탁금, 98.9조원 기록9거래일 만에 100조 밑돌아신용융자 잔액 다시 고공행진박스피 속 수급 불안감 고조",증시,,시그널,국내증시,하위없음,,
2026-08-27-증선위-중징계-고려아연-원아시아-투자-7년간-감사위원회-반대-0-시그널,2026-08-27,증선위 중징계 고려아연 원아시아 투자…7년간 감사위원회 반대 ‘0’ [시그널],"신생 사모펀드 운용사에 5600억 출자친인척 선투자, 펀드 후행투자 정황도7년간 감사위원회 반대, 견제 등 없어소액주주, 새 감사위원 대처 공개질의",증시,,시그널,국내증시,하위없음,,
2026-08-27-초고령사회-대비-재택의료-확대한다-한국형-주치의제-제기도,2026-08-27,초고령사회 대비 재택의료 확대한다… ‘한국형 주치의제’ 제기도,"■의료혁신위, 지역보건·일차의료 혁신 10대 권고안보건소는 ‘지역 건강 컨트롤타워’로 역할 전환정부 “내년 지역필수의료 특별회계 신설에 참고”",증시,,사회,사회일반,하위없음,,
2026-08-27-단독-롯데손보-결국-공개매각-신한과-협상-결렬-시그널,2026-08-27,[단독] 롯데손보 결국 공개매각…신한과 협상 결렬 [시그널],1조 초반 몸값 놓고 접점 못찾아내달 공시·연내 우선협상자 선정,증시,,시그널,IB&Deal,하위없음,,
2026-08-27-GDP갭-플러스-전환-앞당긴-한은-3대-메가프로젝트-성장률-0-1-p-끌어올릴-것,2026-08-27,"GDP갭 ‘플러스’ 전환 앞당긴 한은…“3대 메가프로젝트, 성장률 0.1%p 끌어올릴 것”",■한은 8월 경제전망3대 메가프로젝트 투자 가속화…설비투자 전망 4.4%→6.8%GDP갭 플러스 전환 올해로 앞당겨져…수요 측 물가 압력 주목경상수지 흑자 4500억달러 전망…AI 반도체 호황이 수출 견인,국제,,경제,경제분석,하위없음,,
2026-08-27-상-하위-소득-격차-집계-이래-최저-고유가-지원금에-격차-뚝,2026-08-27,상·하위 소득 격차 집계 이래 최저…고유가 지원금에 격차 ‘뚝’,고유가 지원금에 저소득층 소득 증가상위층은 근로소득 줄며 격차 축소5분위 배율 4.97배로 최저 수준2019년 조사 개편 이후 최저치저소득층 절반은 여전히 적자 살림,,,경제,경제일반,분류없음,,
2026-08-27-조사-못받겠다-쿠팡-공정위와-정면충돌,2026-08-27,"“조사 못받겠다”…쿠팡, 공정위와 정면충돌","쿠팡, 공정위 현장조사 사상 첫 전면 거부“행정조사기본법상 사전통지 의무” 주장과거에도 자료 제출 지연 등 ‘비협조’ 논란주병기 위원장 “전례없는 일...형사고발할 것”",,,산업,중기·IT,분류없음,,
2026-08-27-한국성장금융-핀테크-스타트업-투자밋업-참가사-모집-맞춤형-지원-제공-시그널,2026-08-27,"한국성장금융, ‘핀테크 스타트업 투자밋업’ 참가사 모집…“맞춤형 지원 제공” [시그널]",올해 10월까지…사전 매칭 절차 강화지난해 99건 상담 진행해 투자 유치 지원,증시,,시그널,IB&Deal,하위없음,,
2026-08-27-SKS-PE-변압기-제조사-성진종합전기-550억-프리IPO-투자-시그널,2026-08-27,"SKS PE, ‘변압기 제조사’ 성진종합전기 550억 프리IPO 투자 [시그널]","지분 40% 쥔 2대 주주 등극CB·RCPS 섞어 하방 막고3년 내 IPO로 엑시트 목표美 거점 확보, 초고압 진출 ‘강점’",산업,,시그널,IB&Deal,하위없음,,
2026-08-27-노브랜드-버거-일부-메뉴-가격-인상-평균-2-5,2026-08-27,"노브랜드 버거, 일부 메뉴 가격 인상…평균 2.5%↑",버거 22종 100~400원 ↑사이드 100~200원 올라28일부터 인상가 적용,산업,,산업,유통·생활,하위없음,,
2026-08-27-리가켐바이오-ADC-플랫폼-적용-SOT106-FDA-패스트트랙-지정-연내-임상-돌입,2026-08-27,"리가켐바이오 ADC 플랫폼 적용 ‘SOT106’, 美 FDA 패스트트랙 지정…연내 임상 돌입","LRRC15 표적 ADC…리가켐바이오 ‘콘쥬올’ 기술 적용골육종 희귀의약품 이어 연조직육종 패스트트랙 지정소티오, 연내 SOT106 첫 환자 대상 임상시험 돌입",산업,,산업,바이오,하위없음,,
2026-08-27-LG전자-폐가전서-희토류-캔다-연-1-6톤-회수,2026-08-27,"LG전자, 폐가전서 희토류 캔다…연 1.6톤 회수",기후부·E순환거버넌스와 시범사업 착수탈자 기술로 영구자석 분리하고 재활용인공지능(AI) 기술 접목해 회수율도 높여,산업,,산업,대기업,하위없음,,
2026-08-27-정용진-정유경-계열분리-속도-SSG닷컴-인적분할-추진,2026-08-27,정용진·정유경 계열분리 속도…SSG닷컴 인적분할 추진,존속법인 ‘SSG닷컴’·신설법인 ‘신세계몰’계열분리 위한 사전 작업…10월 임시주총,산업,,산업,대기업,하위없음,,
2026-08-27-마스턴투자운용-박형석-대표-취임-이후-딜-파트너십으로-존재감-쑥-시그널,2026-08-27,"마스턴투자운용, 박형석 대표 취임 이후 딜·파트너십으로 존재감 ‘쑥’ [시그널]",도산대로 PFV 설립 후 개발 추진물류 센터 AMC 선정되며 존재감삼성·한화 등 기업 파트너십 구축오피스·호텔에서도 경쟁력 확대,증시,,시그널,IB&Deal,하위없음,,
2026-08-27-엔비디아-실적-확인한-고수들-삼전-닉스-줍고-실리콘투-던졌다-주식-초고수는-지금,2026-08-27,"엔비디아 실적 확인한 고수들, 삼전·닉스 줍고 실리콘투 던졌다 [주식 초고수는 지금]",[미래에셋증권 집계]전날 팔았던 삼전·닉스 되사고‘블록딜’ 실망감 실리콘투 매도,증시,,시그널,국내증시,하위없음,,
2026-08-27-금리-인상에-놀란-증시-반도체-전력주-쏠림-강화-하락종목이-1-8배-이런국장-저런주식,2026-08-27,"금리 인상에 놀란 증시, 반도체·전력주 쏠림 강화… 하락종목이 ‘1.8배’  [이런국장 저런주식]","코스피, 상승폭 덜고 6900선 등락 중반도체·전력주 외엔 하락 종목이 많아금리 인상에 코스닥 한때 하락 전환도",증시,,시그널,국내증시,하위없음,,
2026-08-27-엔비디아-메모리가-핵심-병목-삼전-닉스-프리마켓-2-3-상승-코주부,2026-08-27,엔비디아 “메모리가 핵심 병목”…삼전·닉스 프리마켓 2~3% 상승 [코주부],"엔비디아, 내년 매출 70% 성장 전망에정규장 관망하던 반도체주 일제히 급등젠슨황 콘콜서 메모리 공급난 재차 강조프리마켓 삼전·닉스 2~4%대 상승 출발",증시,,시그널,해외증시,하위없음,,
2026-08-27-한은-올-성장률-전망치-2-6-3-3-상향,2026-08-27,"한은, 韓 올 성장률 전망치 2.6%→3.3% 상향",5년만 가장 큰 폭으로 상향 조정내년도 2.1%→2.9%로 올려잡아,,,경제,경제분석,분류없음,,
2026-08-27-실종아동-입양인-정보-117만-건-유출-아동권리보장원-과징금-8억,2026-08-27,"실종아동·입양인 정보 117만 건 유출…아동권리보장원, 과징금 8억","개인정보위, 과징금 처분 및 재발방지 대책 권고주무 부처 보건복지부에도 “지도·감독 강화해야”저장매체 관리 부실로 주민번호·실종 정보 등 유출",,,사회,사회일반,분류없음,,
2026-08-27-누리호-5차-발사-10월-7일-확정-역대-최다-15기-위-탑재,2026-08-27,누리호 5차 발사 10월 7일 확정…역대 최다 15기 위 탑재,국내 첫 군집위성 궤도 투입,,,산업,중기·IT,분류없음,,
2026-08-27-한은-기준금리-3-00-로-0-25-포인트-인상,2026-08-27,"한은, 기준금리 3.00%로 0.25%포인트 인상",역대 네번째 ‘백투백’ 인상긴축 진입후 연속 인상 처음韓 올 성장률 2.6%→3.3%,,,금융,금융일반,분류없음,,
2026-08-27-인플레-잡을-묘수-제시할까-워시-시간-28일-밤-11시-첫-잭슨홀-연설,2026-08-27,"인플레 잡을 묘수 제시할까...워시, 韓시간 28일 밤 11시 첫 잭슨홀 연설","27~29일 전 세계 중앙은행장, 잭슨홀 집결‘베선트 풋’, 워시 ‘시장 자체 긴축’과 충돌중동 전쟁, AI 투자 등 물가상승 요인 여전선제 안내 자제 등 입장 최소화 가능성도",국제,,국제,미국·중남미,하위없음,,
2026-08-27-젠슨-황-내년-매출-70-성장-메모리-병목-없었으면-더-늘었을-것,2026-08-27,젠슨 황 “내년 매출 70% 성장…메모리 병목 없었으면 더 늘었을 것”,매출 962억2000만 달러 13분기 신기록 3분기 매출 예상 넘는 1080억달러 전망메모리값 상승에 마진율 74%로 소폭 조정아마존에 GPU 200만개 추가 공급 공개 빅테크 이외 각국 소버린 AI 수요도 증가  ,국제,,국제,미국·중남미,하위없음,,
2026-08-27-글랜우드크레딧-실리콘투-지분-6-72-블록딜-시그널,2026-08-27,"글랜우드크레딧, 실리콘투 지분 6.72% 블록딜 [시그널]",총 매각 규모 약 2100억주당 매각가 4만 7800원1년 반 만 대규모 차익,산업,,시그널,IB&Deal,하위없음,,
2026-08-27-아마존-로보택시-죽스-LG이노텍-카메라-로-달린다,2026-08-27,"아마존 로보택시 죽스, LG이노텍 ‘카메라’로 달린다","LG이노텍, 죽스에 ‘카메라 모듈’ 공급실제 운영 로보택시용 제품 첫 양산 테슬라 로보택시도 이노텍 ‘눈’ 채택미래모빌리티 카메라모듈 사업 확장",산업,,산업,대기업,하위없음,,
2026-08-27-네팔-홍수로-두산에너빌-한국인-직원-6명-연락두절-정연인-대표-등-현장대응팀-급파,2026-08-27,네팔 홍수로 두산에너빌 한국인 직원 6명 연락두절…정연인 대표 등 현장대응팀 급파,"네팔 수력발전소 건설현장 피해한국인 5명, 네팔 이중국적 1명오늘 오후 현장대응팀 급파 예정3명 실종 남동발전도 대응팀 파견",산업,,사회,사건사고,하위없음,,
2026-08-27-엔비디아-메모리-병목-2028년까지-삼성-SK-3년-연속-최대-실적,2026-08-27,"엔비디아 “메모리 병목 2028년까지”…삼성·SK, 3년 연속 최대 실적","메모리 등 구매약정 164조→385조HBM 싹쓸이, 일반 서버용도 씨말라삼성·하닉 영업익 28년까지 우상향",산업,,산업,대기업,하위없음,,
2026-08-27-지원사업-232개-효율화-4조-아껴-성장기업에-재투자,2026-08-27,中企 지원사업 232개 효율화…4조 아껴 성장기업에 재투자,유사·중복 사업 폐지·예산감액‘모두의 창업’ 등 유사 지원 통합소액·나눠주기·저성과 사업 정리신성장 혁신기업 매년 300개 발굴투자·규제개선 등 정책 연계 강화,산업,,경제,경제일반,하위없음,,
2026-08-27-박현주-배당-많이-했다면-삼전닉스-생겼겠냐-더-투자해야-마켓시그널,2026-08-27,박현주 “배당 많이 했다면 삼전닉스 생겼겠냐…더 투자해야” [마켓시그널],■디지털엑스 임직원 만찬“주주환원 해봤자 5∼7%…美국채 사는게 나아”“자본축적 해 과감하게 투자하는 회사가 잘 돼”“부동산으로 돈버는 시대 끝내야”“외국인 리밸런싱에 증시 변동성 커져… 단일종목레버리지 영향 아냐”,증시,,시그널,국내증시,하위없음,,
2026-08-27-트럼프-전력망-퇴출-에-전력기기-볕-드나-4-11-대-강세-줍줍리포트,2026-08-27,트럼프 ‘中 전력망 퇴출’에 韓 전력기기 볕 드나… 4~11%대 강세 [줍줍리포트],트럼프 ‘적대국 전력장비’ 퇴출에국내 관련 기업들 반사이익 기대,증시,,시그널,국내증시,하위없음,,
2026-08-27-엔비디아발-훈풍에-삼전-닉스-3-5-대-강세-코스피-7000-회복-겨냥-이런국장-저런주식,2026-08-27,엔비디아발 훈풍에 삼전·닉스 3~5%대 강세… 코스피 “7000 회복 겨냥” [이런국장 저런주식],"엔비디아 호실적·반도체 공급난 강조에코스피 2.76% 상승, 외인 2000억 매수삼전·닉스 등 시총 상위주 일제시 상승",증시,,시그널,국내증시,하위없음,,
2026-08-27-FCP-삼성-측-에스원-지분-인수-제안-45-프리미엄-제시-시그널,2026-08-27,"FCP, 삼성 측 에스원 지분 인수 제안…45% 프리미엄 제시 [시그널]",삼성SDI·삼성생명 등에 제안제안가격 1주당 11만 6000원각 사 이사회에 답변 요청,증시,,시그널,IB&Deal,하위없음,,
2026-08-27-디지털자산기본법-윤곽-거래소-대주주-지분-20-제한,2026-08-27,디지털자산기본법 윤곽…거래소 대주주 지분 20% 제한,정부안 기반으로 9월 의원안 발의‘의결권만 제한’ 절충안도 부상,금융·정책,,금융,가상자산,하위없음,,
2026-08-27-서울서-멀수록-산업용-전기료-싸진다-영-호남-최대-10-인하-Pick코노미,2026-08-27,서울서 멀수록 산업용 전기료 싸진다...영·호남 최대 10%인하 [Pick코노미],전국 11개 지역으로 나눠 차등“한전 재무부담 커질것” 우려도,,,경제,기후에너지,분류없음,,
2026-08-27-영상-네팔-대홍수로-160명-사망-한국인-9명-등-403명-실종,2026-08-27,[영상] 네팔 대홍수로 160명 사망…한국인 9명 등 403명 실종,,국제,,국제,아시아·호주,하위없음,,
2026-08-27-글로벌-스탠다드-아냐-지주회장-3연임-금지-명문화-안하기로,2026-08-27,“글로벌 스탠다드 아냐”...지주회장 3연임 금지 명문화 안하기로,"당정, 연임 의결 요건 강화로 선회與 내부서도 “위헌 소지” 신중론3연임 때 회추의 전원 동의 추진주총 특별결의 대상 방안 검토도",금융·정책,,산업,대기업,하위없음,,
2026-08-27-출산율-0-9명대-눈앞-반등-뒤엔-20대-절벽-Pick코노미,2026-08-27,출산율 0.9명대 눈앞…반등 뒤엔 ‘20대 절벽’[Pick코노미],"상반기 14만 5804명…증가폭·율 역대 최대1분기 0.95명·2분기 0.88명으로 반등세혼인 회복·30대 첫째아가 출생 증가 견인20대 여성, 30대보다 52.5만 명 적어자연감소 계속…장기 추세 낙관은 일러",,,사회,사회일반,분류없음,,
2026-08-27-용산공원-접으면-그린벨트-푼다-서울시-국토부-맞바꾸기-집슐랭,2026-08-27,용산공원 접으면 그린벨트 푼다…서울시·국토부 맞바꾸기?[집슐랭],■김윤덕-오세훈 두 번째 회동정비사업 용적률 1.2배 완화 요청상향시 4만3000가구 물량 확대金 “그린벨트 해제 검토 환영”용산공원 주택 공급은 이견 여전내주 만나 협의 이어갈 예정,부동산,,부동산,정책,하위없음,,
2026-08-27-2040년까지-재생e-6배-확대-원전-LNG-신설-불가피-Pick코노미,2026-08-27,2040년까지 재생e 6배 확대…원전·LNG 신설 불가피[Pick코노미],■ 기후부 2040년 보급전망 발표작년 37GW서 2040년 220GW해상풍력 2030년부터 年 4~5GW독일 재생에너지 설비 3.7배 확대땐전기료 치솟아 기업 줄줄이 해외로 ‘3대 메가’에 전력 수요는 폭증세원전 ,산업,,경제,기후에너지,하위없음,,
2026-08-27-패스트푸드-넘어-미식으로-버거킹-와퍼-코스-플래그십으로-1조-시대-연다,2026-08-27,"패스트푸드 넘어 미식으로…버거킹, 와퍼 코스·플래그십으로 ‘1조 시대’ 연다",성수에 직화 콘셉트 적용한 세계 최초 플래그십예약제 코스 다이닝 공간 ‘더 개스트로’ 첫선시그니처 버거·전용 굿즈 등 전용 콘텐츠 강화올해 매출 1조 1000억원·매장 600개 돌파 전망,산업,,산업,유통·생활,하위없음,,
2026-08-27-회장님-이-직접-챙긴-문화예술-유통가-머무는-공간-만든다,2026-08-27,"‘회장님’이 직접 챙긴 문화예술…유통가, ‘머무는 공간’ 만든다","롯데, 서머클래식 콘서트 개최…행사 정례화신세계, ‘프리즈 서울’ 헤드라인 파트너 참여리테일에 문화예술 접목…차별화 경험 제시“브랜드 이미지 제고 전략…투자 이어질 듯”",산업,,산업,유통·생활,하위없음,,
2026-08-27-이제껏-겪어보지-못한-개방감-제네시스가-럭셔리-SUV의-새-기준점-모빌리티-리포트,2026-08-27,이제껏 겪어보지 못한 개방감…제네시스가 럭셔리 SUV의 새 기준점 [모빌리티 리포트],세계 최초 ‘독립 개폐형 코치도어’사라진 B필러는 도어속으로 숨어시동 버튼 없는 새로운 전원 체계지붕 뒤덮는 루프 에어백도 첫 선“꿈을 현실로 만들다” 전세계 호평국산차 최초로 가격 2억 넘어설듯,산업,,산업,기업일반,하위없음,,
2026-08-27-특허-절벽-앞둔-SK바이오팜-1-1조-들여-차세대-뇌전증약-확보,2026-08-27,"‘특허 절벽’ 앞둔 SK바이오팜, 1.1조 들여 차세대 뇌전증약 확보",■ 후보물질 ‘오파칼림’ 독점 계약…해외 도입 역대 최대 규모세노바메이트 2032년 특허 만료오파칼림 2029년 美 출시로 대응후기 임상 자산으로 제품군 확대기존 직판망 활용 판매시너지 기대이동훈 사장 “블록버스터로,산업,,산업,바이오,하위없음,,
2026-08-27-오비맥주-버거킹-빅딜-이끈-19년-노하우-민병철호-아르테미스-닻-올린다-시그널,2026-08-27,오비맥주·버거킹 빅딜 이끈 19년 노하우…민병철호 ‘아르테미스’ 닻 올린다 [시그널],국내 GP 등록 준비 착수LP 대상 사전 미팅 진행미들마켓 바이아웃 전략내년까지 9명 규모 확대,증시,,시그널,IB&Deal,하위없음,,
2026-08-27-적자-기업-합병에-상장사-주가-우수수-이런국장-저런주식,2026-08-27,적자 기업 합병에 상장사 주가 ‘우수수’ [이런국장 저런주식],재무 부담과 주가 희석 우려SK이노베이션·가스 줄약세중장기 사업 강화 낙관론도,증시,,시그널,국내증시,하위없음,,
2026-08-27-태양광-55-늘면-ESS-220-배터리에-달린-전력안보,2026-08-27,태양광 55% 늘면 ESS 220%…배터리에 달린 전력안보,"■ 압축전환 대한민국2부. ‘1·2·3 성장전략’ 만들자 배터리 산업, 위기를 기회로2030년 ESS 용량 19.5GW 필요제때 확보 못하면 수급 균형 깨져",,,경제,기후에너지,분류없음,,
2026-08-27-15만명-교육-금융-문턱-낮추는-신한,2026-08-27,15만명 교육…금융 문턱 낮추는 신한,[상생 3.0 성장 DNA 이식하는 기업들]모의주식 투자서 피싱 예방까지 맞춤형 금융교육일회성 공헌 아닌 장기프로젝트 진행,금융·정책,,금융,은행,하위없음,,
2026-08-27-박현주의-디지털자산-청사진-150조-규모로-육성할-것,2026-08-27,박현주의 디지털자산 청사진 “150조 규모로 육성할 것”,■디지털엑스 임직원과 첫 만찬토큰증권 등 4개 상품군으로 확대흑자전환땐 내년 추가 자 본확충,증시,,금융,가상자산,하위없음,,
2026-08-26-미국-7월-PCE-물가-3-7-상승-예상치-소폭-상회,2026-08-27,미국 7월 PCE 물가 3.7% 상승…예상치 소폭 상회,전망치보다 0.1%P 높아근원 PCE는 3.3% 올라 부합성장률 1.5%로 속보치와 같아,국제,,국제,미국·중남미,하위없음,,
2026-08-26-이상고온에-녹은-빙설로-홍수-마을-휩쓸자-수력발전소-짓던-한국인-8명-실종,2026-08-27,이상고온에 녹은 빙설로 홍수…마을 휩쓸자 수력발전소 짓던 한국인 8명 실종,"네팔-티베트 히말라야 국경에서 홍수·산사태 19명 사망, 380여 명 실종... 마을 뒤덮여수력발전소 건설 중이던 두산에너빌·남동발전 직원 연락 두절李 “실종자 수색·구조에 총력” 정부, 합동 신속대응팀 급파",국제,,사회,사건사고,하위없음,,
2026-08-26-폭염에-전기료-비상-도료업계-에너지-절감-시장-정조준,2026-08-26,"폭염에 전기료 비상…도료업계, ‘에너지 절감’ 시장 정조준","SP삼화, 차열도료 ‘쿨앤세이브’ 공급 AIDC, 플랜트 등 에너지 절감 수요 ↑",산업,,산업,중기·IT,하위없음,,
2026-08-26-LS일렉트릭-GE버노바와-전압형-HVDC-합작법인-세워,2026-08-26,"LS일렉트릭, GE버노바와 ‘전압형 HVDC’ 합작법인 세워",佛 CIGRE서 ‘Grid X’ 설립 계약차세대 전력망 공략 위해 힘합쳐기자재 공급·공동 솔루션 개발도,산업,,산업,대기업,하위없음,,
2026-08-26-K-굿즈-앞세운-140곳-대형-유통망-문-두드린다,2026-08-26,K-굿즈 앞세운 中企 140곳…美 대형 유통망 문 두드린다,라스베이거스에서 열린 ‘ASD 마켓 위크’ 참가‘K-굿즈 페어’서 韓 기업과 현지 바이어 만남 주선코스트코 등 대형 유통사와 수출 계약 체결 기대,산업,,산업,중기·IT,하위없음,,
2026-08-26-K-아라미드-3총사-AI-타고-공세-뚫는다,2026-08-26,"K-아라미드 3총사, AI 타고 中 공세 뚫는다",‘인장강도 철 5배’ 산업용 섬유데이터센터 광케이블 등 적용시장 회복세 발맞춰 생산 확대,산업,,산업,중기·IT,하위없음,,
2026-08-26-돈-벌고-싶다면-금-말고-이것-사라-바닥-탈출하며-모멘텀-살아나-분석-나왔다,2026-08-26,돈 벌고 싶다면 금 말고 ‘이것’ 사라…“바닥 탈출하며 모멘텀 살아나” 분석 나왔다,모멘텀 살아난 비트코인스톡턴 “금보다 더 오른다”저항선 넘어 돌파 국면 진입,증시,,금융,가상자산,하위없음,,
2026-08-26-110조-주주환원에도-하락한-삼전-주가-목표가-37만원-줍줍리포트,2026-08-26,110조 주주환원에도 하락한 삼전 주가…“목표가 37만원” [줍줍리포트],미래에셋증권 리포트상승 여력 44% 분석,증시,,시그널,국내증시,하위없음,,
2026-08-26-삼전닉스-토큰화에-금-코인까지-어마어마한-시장-열린다,2026-08-26,“삼전닉스 토큰화에 금 코인까지…어마어마한 시장 열린다”,전통자산·디지털자산 아우른‘미래에셋 3.0’ 전략 구현 속도글로벌 투자 플랫폼으로 성장“대출 받아서 투자하는 건 안돼”,증시,,금융,가상자산,하위없음,,
2026-08-26-쿠팡-조사거부에-반대해도-온플법-추진,2026-08-26,쿠팡 조사거부에…與 “美 반대해도 온플법 추진”,공정위 조사 거부 질타,,,정치,국회,분류없음,,
2026-08-26-10월부터-고속버스-더-비싸진다-운임-9-인상-확정,2026-08-26,10월부터 고속버스 더 비싸진다…운임 9% 인상 확정,업계 요구 시외 17%·고속 20.1%의 절반 수준노선 수 최대 21% 감소…“필수노선 지정해 지원”,부동산,,경제,경제일반,하위없음,,
2026-08-26-지선-패배-책임-물러난-이준석-제-3지대-존폐-기로,2026-08-26,“지선 패배 책임” 물러난 이준석…‘제 3지대’ 존폐 기로,■ 당 대표직 사퇴지도부도 총사퇴…천하람 대행“당 쇄신 충분한 호응 못 얻어”,,,정치,정치일반,분류없음,,
2026-08-26-텔레그램-타고-번진-마약-미성년-사범-상반기-456명-5년-최대,2026-08-26,텔레그램 타고 번진 마약…미성년 사범 상반기 456명 ‘5년來 최대’,지난해 267명보다 2배 가까이 급증상반기 기준  2021년 이후 최고치검사의 특사경 수사 지휘 폐지에 따라통제 배달 등 수사공조체계 ‘빈틈’ 우려“중수청 적극 이첩 등 대응 체계 필요”,,,사회,사건사고,분류없음,,
2026-08-26-5극3특에-반도체-AI-등-성장엔진-대규모-투자엔-특별보조금,2026-08-26,5극3특에 반도체·AI 등 ‘성장엔진’…대규모 투자엔 특별보조금,"정부, 李대통령 주재 중앙지방협력회의국토대전환·권역별 성장엔진 전략 발표권역별 3~4개 전략산업에 패키지 지원예산 편성 과정선 ‘지방우대지수’ 적용",,,경제,경제일반,분류없음,,
2026-08-26-SK가스-자회사-SK어드밴스드-합병-통합-밸류체인-구축,2026-08-26,"SK가스, 자회사 SK어드밴스드 합병…통합 밸류체인 구축",프로판·프로필렌 밸류체인 일원화무증자로 SK가스 지분율 변동 없어울산GPS 자산유동화 등 재무효율↑,산업,,산업,기업일반,하위없음,,
2026-08-26-경제-산업단체-21곳-산업용-지역-전기요금제-도입-환영-성명,2026-08-26,"경제·산업단체 21곳, 산업용 지역 전기요금제 도입 환영 성명","대한상의·한경협·무협 등 공동성명“인하 기조, 기업 경쟁력 제고할것”“조기 효과 위한 조속한 시행” 촉구규제혁신·정주여건 지원 병행도 주문",산업,,경제,기후에너지,하위없음,,
2026-08-26-요기요-위탁업체서-배달-주소지-등-개인정보-유출,2026-08-26,요기요 위탁업체서 배달 주소지 등 개인정보 유출,"배달 재위탁업체서 사고 발생요기요, 개보위 신고조치",산업,,산업,중기·IT,하위없음,,
2026-08-26-SK이노-SKIET-합병으로-연간-600억-비용-절감-2년내-흑자전환,2026-08-26,SK이노 “SKIET 합병으로 연간 600억 비용 절감·2년내 흑자전환”,"SKIET 흡수합병 결정 설명회영업이익 흑자전환 2029년 목표“합병안하면 SK이노에도 큰부담”3자매각 등 검토, 합병이 합리적3000억 PRS 보상금 “방안 미정”",산업,,산업,투자·재무,하위없음,,
2026-08-26-반도체-슈퍼사이클-2막은-소부장-미래에셋-MLCC-기판-주목,2026-08-26,"“반도체 슈퍼사이클 2막은 소부장”…미래에셋, MLCC·기판 주목",HBM 넘어 MLCC·기판까지 공급 병목빅테크 투자 확대에 소부장 낙수효과“핵심공정 ETF로 관련 기업 집중 투자”,증시,,시그널,국내증시,하위없음,,
2026-08-26-디지털금융-생태계-메기-된-미래에셋-박현주-매직-또-통할까,2026-08-26,디지털금융 생태계 메기 된 미래에셋…‘박현주 매직’ 또 통할까,■종합투자그룹으로 외연 넓혀브로커리지 중심 수익 구조 벗고미래 금융투자·유통 인프라 선점‘MAPS·디지털엑스’ 양대 축으로 가상자산·STO 등 투자기회 확대“고객 우선…모든 영역서 법규 준수”,증시,,금융,금융일반,하위없음,,
2026-08-26-휴온스-주가-하락-주주-반대에-휴온스랩-합병-철회,2026-08-26,"휴온스, 주가 하락·주주 반대에 휴온스랩 합병 철회",합병가액과 시가 간 격차 확대주식매수청구권 행사 부담도 고려“휴온스랩 기술이전·기업가치 제고 집중”,증시,,시그널,국내증시,하위없음,,
2026-08-26-아빠-육휴-늘었다지만-증권맨엔-아직-남의-일,2026-08-26,‘아빠 육휴’ 늘었다지만…증권맨엔 아직 남의 일,대형증권사 절반 상반기 사용률 ‘0%’딜 성과로 보상에 장기휴직 부담 여전배우자 출산휴가는 1년 새 35% 증가,증시,,사회,노동·고용,하위없음,,
2026-08-26-당국-거래소-대주주-지분-20-제한-추진,2026-08-26,"당국, 거래소 대주주 지분 20% 제한 추진",정부안 토대로 내달 의원안 발의‘의결권만 제한’ 절충안도 떠올라,금융·정책,,시그널,증권일반,하위없음,,
2026-08-26-NH농협은행-타행대환-40년-주담대-재개한다,2026-08-26,"NH농협은행, 타행대환·40년 주담대 재개한다",MCG 취급 제한도 완화대출 ‘빗장풀기’ 확산 조짐,금융·정책,,금융,은행,하위없음,,
2026-08-26-멈춰-선-PF-사업장-청년-신혼부부-집으로,2026-08-26,"멈춰 선 PF 사업장, 청년·신혼부부 집으로",대상·유형 넓히고 취득세 감면 70%로수도권 역세권 신축 물량도 연내 매입,부동산,,부동산,정책,하위없음,,
2026-08-26-재생에너지로-원전-45기-전력-만든다,2026-08-26,재생에너지로 원전 45기 전력 만든다,■ 기후부 2040년 보급전망 발표작년 37GW서 2040년 220GW해상풍력 2030년부터 年 4~5GW‘3대 메가’에 전력 수요는 폭증세원전 4~5기 더 지어야 감당 가능,,,경제,기후에너지,분류없음,,
2026-08-26-영-호남-산업용-전기요금-최대-10-싸진다,2026-08-26,영·호남 산업용 전기요금 최대 10% 싸진다,전국 11개 지역으로 나눠 차등기업 부담 年 2.8조 감소 추정“한전 재무부담 커질것” 우려도,,,경제,기후에너지,분류없음,,
2026-08-26-비거주-1주택자-공제-공시가-12억-유지-가닥,2026-08-26,"비거주 1주택자 공제, 공시가 12억 유지 가닥",내달 1일 국무회의서 최종 결정세부담 200%로 상향도 재검토,금융·정책,,부동산,정책,하위없음,,
2026-08-26-이진숙-제명-촉구안-본회의-통과-헌정사-첫-사례,2026-08-26,이진숙 제명 촉구안 본회의 통과…헌정사 첫 사례,"재석 159명 중 찬성 157명…국민의힘 대부분 표결 불참與, 국회서 5·18 토론회 개최 문제 삼아…“품위유지 의무 위반”이진숙 “다수당에 밉보이면 의원 탄핵…민주당 독재” 반발실제 제명엔 별도 징계안 처리 필요…",,,정치,국회,분류없음,,
2026-08-26-중수청장-인사청문법-국회-통과-여야-수사권-놓고-신경전,2026-08-26,"중수청장 인사청문법 국회 통과…여야, 檢수사권 놓고 신경전",국회법 개정안·인사청문회법 개정안 본회의 통과법사위선 檢 보완수사권 두고 이견與 “형사체계 선진화”·국힘 “보완수사권 검토해야”,,,정치,국회,분류없음,,
2026-08-26-해외사례-본적-없어-지주회장-3연임-법으로-안-막는다,2026-08-26,“해외사례 본적 없어”…지주회장 3연임 법으로 안 막는다,"[당정, 의결요건 강화로 선회]與 내부서도 “위헌 소지” 신중론3연임 때 회추의 전원 동의 추진주총 특별결의 대상 방안 검토도",금융·정책,,산업,기업일반,하위없음,,
2026-08-26-아이-안-낳던-한국이-달라졌다-무슨-일-출산율-반등한-이유가,2026-08-26,“아이 안 낳던 한국이 달라졌다” 무슨 일?…출산율 반등한 이유가,국가데이터처 ‘2025년 출생 통계’,,,사회,사회일반,분류없음,,
2026-08-26-정비사업-용적률-1-2배-상향-접점-4-3만가구-추가-공급-가능,2026-08-26,정비사업 용적률 1.2배 상향 접점…4.3만가구 추가 공급 가능,■김윤덕-오세훈 2차 면담吳 “국토부 용적률 완화 적극 검토”상향땐 2031년까지 13만가구 순증용산 문제는 평행선…“탄천부지 검토”내주 다시 만나 추가협의 이어갈 듯추가 택지에 서울 그린벨트 미포함,부동산,,부동산,정책,하위없음,,
2026-08-26-오피스텔도-생애-첫-취득세-감면-청년은-최대-300만원,2026-08-26,오피스텔도 생애 첫 취득세 감면…청년은 최대 300만원,"[행안부, 지방세제 개편안]처분후 아파트 사면 한번 더 감면1주택 재산세특례 2029년까지 연장공공주택·재개발도 세제 지원 강화담배 지방교육세→주거복지세 전환장기 미활용 토지 재산세 혜택 축소",,,부동산,정책,분류없음,,
2026-08-26-탈원전-보다-보급-빨라-계통-안정-못-따라오면-과속-후유증,2026-08-26,탈원전 獨보다 보급 빨라…계통 안정 못 따라오면 ‘과속 후유증’,■재생에너지 확충 속도전독일 재생에너지 설비 3.7배 확대전기료 치솟자 기업 줄줄이 해외로 年 1%대 잠재성장률 0.4%로 추락송전망·ESS 구축 비용 덩달아 뛰고설비 확대해도 전력수요 감당 못해원전·LNG발전으로 ,산업,,경제,기후에너지,하위없음,,
2026-08-26-솔라-허브-속도내는-한화큐셀-3억-추가-조달-추진-시그널,2026-08-26,"美 ‘솔라 허브’ 속도내는 한화큐셀, 3억弗 추가 조달 추진 [시그널]",상반기 3.5억弗 이어 외화채 발행글로벌 IB 중심 주관사 선정신한은행 지급보증 확보,,,시그널,IB&Deal,분류없음,,
2026-08-26-고금리에도-회사채-스프레드-축소-우량채-캐리-수요-유입-시그널,2026-08-26,고금리에도 회사채 스프레드 축소…우량채 ‘캐리 수요’ 유입 [시그널],국고채 금리 대비 상승폭 제한발행 위축에 기관 매수세 유입미매각 등 등급별 차별화 여전,증시,,시그널,펀드·채권,하위없음,,
2026-08-26-삼성전자-연산기-넣은-메모리-실증-AI-답변-속도-3배-빨라졌다,2026-08-26,삼성전자 ‘연산기 넣은 메모리’ 실증…AI 답변 속도 3배 빨라졌다,메모리 안에 연산기 넣어 데이터 이동 최소화‘라마3.1’ 모델 실증…토큰 생성속도 3배↑기존 제어장치 활용해 상용화 문턱도 낮춰,산업,,산업,대기업,하위없음,,
2026-08-26-이번엔-홍해-리스크-사우디-수출도-막막,2026-08-26,이번엔 ‘홍해 리스크’…사우디 수출도 막막,중동 전쟁발 위험 인식 커지자해운 협상력 약한 중기 직격탄 2분기 수출 전년比 10% 줄어건자재 등 재고·현금흐름 압박홍해 차단 땐 유럽 수출도 차질,산업,,산업,중기·IT,하위없음,,
2026-08-26-현대차-강공책-전환해-생산능력-127만대-확대-2년-뒤-첫-자율차-양산,2026-08-26,"현대차, ‘강공책’ 전환해 생산능력 127만대 확대…2년 뒤 첫 자율차 양산","■2026 CEO 인베스터 데이신규 세그먼트 18종 출시 위해북미·인도·국내 등서 캐파 늘려웨이모에 4분기 로보택시 공급아틀라스, HMGMA 실전 배치2029년엔 새만금 AIDC 가동도",산업,,산업,대기업,하위없음,,
2026-08-26-현대차-5년간-신차-100종-쏟아낸다,2026-08-26,"현대차, 5년간 신차 100종 쏟아낸다",8000억 자사주 전량 소각도,산업,,산업,대기업,하위없음,,
2026-08-26-기업-공시-8월-26일,2026-08-26,기업 공시 [8월 26일],,증시,,시그널,증권일반,하위없음,,
2026-08-26-단일종목-레버리지-찬바람-거래대금-90-급감,2026-08-26,단일종목 레버리지 찬바람…거래대금 90% 급감,[상품 출시 3개월 ‘성적표’]16종 모두 상장 기준가격 밑돌아‘KODEX 삼성전자’ 등 대형상품최근 한달 총 1조 이상 자금 유출 기본예탁금 상향 등 규제도 ‘한몫’,증시,,시그널,국내증시,하위없음,,
2026-08-26-주주환원에도-주가-안올라-이-보여준-고배당-함정,2026-08-26,주주환원에도 주가 안올라…日이 보여준 ‘고배당 함정’,"국내 상장사 상반기 배당 43조 돌파자사주 소각 금액, 최근 2년간 4배↑日NTT, 16년 연속 배당 늘렸지만 올해 주가 7%↑ 지수상승률 밑돌아실적 동반 日은행지수 4년새 5배↑POSCO·카카오도 리레이팅 실패배당",증시,,시그널,국내증시,하위없음,,
2026-08-26-영풍-MBK-고려아연-의결권-금지-가처분-임시-주총-변수로-시그널,2026-08-26,"영풍·MBK, 고려아연 의결권 금지 가처분…임시 주총 변수로 [시그널]",최윤범 회장 등 14인 지분 5% 대상주요 차입기관 공시 누락 문제 제기,증시,,시그널,IB&Deal,하위없음,,
2026-08-26-속보-무안공항-로컬라이저-문제-조직적-은폐-국토부직원-7명-송치,2026-08-26,[속보] 무안공항 로컬라이저 문제 조직적 은폐…국토부직원 7명 송치,,,,사회,사건사고,분류없음,,
2026-08-26-주유소-타사-기름-40-까지-구매-허용-사후정산-원칙-폐지,2026-08-26,"주유소, 타사 기름 40%까지 구매 허용...사후정산 원칙 폐지","공정위, 석유유통업종 표준대리점계약서 개정정유사 전량구매 관행 손질…타사 제품 40% 구매사후정산 원칙 폐지…주문 시점 가격으로 바로 확정",,,경제,경제일반,분류없음,,
2026-08-26-배달앱-폭염에-대박났는데-국민-무섭다는-것-보여달라-소환된-발언,2026-08-26,"배달앱, 폭염에 대박났는데...“국민 무섭다는 것 보여달라” 소환된 李 발언",배달의민족·쿠팡이츠 등 정면 겨냥공정위·중기부에 대응책 마련 주문“수수료 너무비싸다 얘기 있잖느냐”,산업,,산업,중기·IT,하위없음,,
2026-08-26-6월-출생아-15-6-늘어-역대-최대-상반기-증가폭도-최고,2026-08-26,6월 출생아 15.6% 늘어 ‘역대 최대’…상반기 증가폭도 최고,2024년 7월부터 24개월 연속 증가상반기 14만 5804명·15.4%↑혼인 회복·30대 여성 증가 영향20대 인구 적어 장기 전망은 불투명,,,사회,사회일반,분류없음,,
2026-08-26-SK하이닉스-ADR-이끈-씨티증권-IB-시장서-기록적-행보-시그널,2026-08-26,SK하이닉스 ADR 이끈 씨티증권…韓 IB 시장서 기록적 행보[시그널],딜로직 리그테이블 기준16% 점유율로 선두올들어 국내 기업 대상총 600억弗 자금조달 책임져,금융·정책,,시그널,IB&Deal,하위없음,,
2026-08-26-글로벌-금리-불안에도-중국이-만든-한국물-큰-장-시그널,2026-08-26,글로벌 금리 불안에도…중국이 만든 한국물 ‘큰 장’ [시그널],중진공·해진공·KB證 달러 조달수출입銀 9년 만에 카우리본드원화 대비 외화채 금리 이점 부각,증시,,시그널,펀드·채권,하위없음,,
2026-08-26-SGC에너지-전북-AI-데이터센터-건설에-민관-협력체계-떴다,2026-08-26,"SGC에너지, 전북 ‘AI 데이터센터’ 건설에 민관 협력체계 떴다",전북도·군산시·산업단지공단·한투증권과 협약AI 산업 생태계 조성 뜻 모아…4분기 본격 착공,산업,,산업,기업일반,하위없음,,
2026-08-26-SK바이오팜-1-1조-베팅-뇌전증-신약-발굴-플랫폼-품었다,2026-08-26,"SK바이오팜, 1.1조 베팅…뇌전증 신약·발굴 플랫폼 품었다",바이오헤이븐서 ‘오파칼림’ 글로벌 권리 확보계약금만 5532억…후기 임상 2·3상 진행 중Kv7 신약개발 플랫폼까지 확보…후속 신약 발굴세노바메이트 이어 CNS 포트폴리오 강화,산업,,산업,바이오,하위없음,,
2026-08-26-저수익-한계기업에-몰린-정책자금-성과-낼-곳에-더-줘야,2026-08-26,저수익·한계기업에 몰린 정책자금…“성과 낼 곳에 더 줘야”,"대한상의 성과기반 지원정책 보고서수익성 최하위 그룹에 지원금 10.7%최상위 그룹은 5.1%, 잘할수록 줄어기업 성장 단계별 지원방식 전환 강조“성과기반으로 피터팬증후군 끊어야”",산업,,경제,경제일반,하위없음,,
2026-08-26-현대차-2030년까지-신차-100종-출시-연간-생산-127만-대-확대,2026-08-26,"현대차, 2030년까지 신차 100종 출시…연간 생산 127만 대 확대",26일 여의도서 ‘2026 CEO 인베스터 데이’2028년 레벨 2+ 자율주행차 첫 양산2029년 새만금 AI 데이터센터 가동영업이익률 9%…자사주 8000억원 전량 소각,산업,,산업,대기업,하위없음,,
2026-08-26-러-국영-통신사-미-이란-휴전-보도에-재건-일제히-상승-마켓시그널,2026-08-26,러 국영 통신사 미·이란 휴전 보도에…재건株 일제히 상승 [마켓시그널],GS건설 8% 넘게 급등,증시,,시그널,국내증시,하위없음,,
2026-08-26-7900억-자사주-소각에도-시큰둥-시총-4위-현대차-2-대-약세-이런국장-저런주식,2026-08-26,"7900억 자사주 소각에도 시큰둥…시총 4위 현대차, -2%대 약세 [이런국장 저런주식]","소각 규모, 시총의 0.92%…31일 예정",증시,,시그널,국내증시,하위없음,,
2026-08-26-삼성생명-9-삼성물산-5-상승-삼전-110조-환원-영향-줍줍리포트,2026-08-26,"삼성생명 9%, 삼성물산 5% 상승…“삼전 110조 환원 영향” [줍줍리포트]",보유중인 삼전 주식 많아배당수익 증가 기대 커져,증시,,시그널,국내증시,하위없음,,
2026-08-26-DB형-수익률-불과-연-3-5-임금상승률-이상으로-올려야,2026-08-26,DB형 수익률 불과 연 3.5%…“임금상승률 이상으로 올려야”,DB형 수익률 낮을수록 기업 부담 부채 연계 자산 배분 투자 필요연말 모범 기업·사업자 포상 계획,증시,,시그널,펀드·채권,하위없음,,
2026-08-26-이준석-전격-사퇴-개혁신당-홀로서기-중대-기로,2026-08-26,이준석 전격 사퇴…개혁신당 ‘홀로서기’ 중대 기로,"李, 지지부진한 당 쇄신 책임지고 사퇴“설득 못한 책임은 전적으로 대표에”지방선거 부진 속 지도부도 동반 퇴진개혁신당, 오늘부터 전당대회 준비",,,정치,정치일반,분류없음,,
2026-08-26-농업직불금-농외소득-기준-17년-만에-상향-3700만-4700만-원,2026-08-26,농업직불금 농외소득 기준 17년 만에 상향…3700만→4700만 원,2009년 도입 후 한 차례도 조정 안 돼물가·가구소득 상승 반영해 기준 27% 인상올해 신청자부터 적용…1만 명·99억 원 수혜앞으로 가구소득 고려해 5년마다 재조정,,,경제,세금·재정,분류없음,,
2026-08-26-서울시-국토부-재개발-용적률-1-2배-완화-논의-진전-4-3만가구-추가-공급-가능성,2026-08-26,"서울시·국토부, 재개발 용적률 1.2배 완화 논의 진전…4.3만가구 추가 공급 가능성",오세훈 “국토부장관 전향적 검토”정비사업 순증 물량 13만 가구로 확대 가능용산공원 대신 탄천 물재생센터에 청년주택 단지 제안일주일 뒤 만나 재논의 “진전 가능성”,부동산,,부동산,정책,하위없음,,
2026-08-26-불어도-차별이라는-어부지리-기회라면-트럼프-스톡커,2026-08-26,"불어도 차별이라는 美, 韓 어부지리 기회라면 [트럼프 스톡커]","■윤경환 특파원의 트럼프 스톡커(Stocker) 美·캐나다, 협상 결렬...최대 50% 맞불 관세우방국 간 갈등에 북미 자유무역체제 ‘흔들’퀘벡주 프랑스어 콘텐츠 우선 정책에도 충돌加, 중간선거 민심 건드는 정치적 ",국제,,경제,통상,하위없음,,
2026-08-26-회장-일가-사익-추구-의혹-영풍-MBK-vs-고려아연-주총-전-공방-격화-시그널,2026-08-26,"“회장 일가 사익 추구 의혹”…영풍·MBK vs 고려아연, 주총 전 공방 격화 [시그널]","영풍·MBK “회삿돈 사적 유용 및 배임”“고려아연, 핵심 사실 부인 못해”고려아연 “자의적 발췌·짜깁기” 반박",증시,,시그널,IB&Deal,하위없음,,
2026-08-26-버튼-누르면-화면이-스르륵-삼성D-GV90-가변형-OLED-공급,2026-08-26,"‘버튼 누르면 화면이 스르륵’…삼성D, GV90 가변형 OLED 공급",제네시스 플래그십 SUV 패널 2종 공급‘탠덤 기술’ 적용 대낮에도 화질 선명4분기 신차 출시 맞춰 이달부터 출하,산업,,산업,대기업,하위없음,,
2026-08-26-우리-모델이-챗GPT보다-더-좋다-자체-AI-개발하는-기업들-믿는-건-바로,2026-08-26,"“우리 모델이 챗GPT보다 더 좋다”…‘자체 AI’ 개발하는 中 기업들, 믿는 건 바로",샤오훙수·트립닷컴 등 특화 AI 개발,산업,,국제,일본·중국,하위없음,,
2026-08-26-모호한-배임죄-기업-투자-줄인다-한경협-혁신-위축-우려,2026-08-26,"모호한 배임죄, 기업 투자 줄인다…한경협 “혁신 위축 우려”","한경협, 119개 상장사 분석배임 기소 이후 현금 45%↑“고의적인 배임 구분해야”경영판단원칙 법적 명문화 要",산업,,산업,기업일반,하위없음,,
2026-08-26-온라인-유통-비중-60-8-역대-최대-대형마트-SSM-부진-지속,2026-08-26,온라인 유통 비중 60.8% ‘역대 최대’...대형마트·SSM 부진 지속,산업통상부 ‘7월 주요 유통업체 매출 동향’,산업,,산업,유통·생활,하위없음,,
2026-08-26-한국투자증권-군산-AI-데이터센터-투자-PF-신사업-확대,2026-08-26,"한국투자증권, 군산 AI 데이터센터 투자…PF 신사업 확대",군산 60MW급 AI 데이터센터 FI·금융주관사 참여2021년 이후 데이터센터 PF 누적 주선 2.9조,증시,,시그널,IB&Deal,하위없음,,
2026-08-26-중동-분쟁-드디어-완화될까-항공-5-해운-6-희비-마켓시그널,2026-08-26,"중동 분쟁 드디어 완화될까…항공株 5%↑, 해운株 6%↓ 희비 [마켓시그널]",한진칼·대한항공 강세HMM 등 해운사는 약세,증시,,시그널,국내증시,하위없음,,
2026-08-26-금리-오를-때는-이-종목-도-오른다-증권가가-콕-집은-방어주의-정체는,2026-08-26,“금리 오를 때는 ‘이 종목’도 오른다”…증권가가 콕 집은 방어주의 정체는,"금리 급등, 보험주엔 훈풍증권주는 자금이탈 그늘하반기엔 실손 개선까지",증시,,금융,보험,하위없음,,
2026-08-26-자회사-흡수합병-SK이노베이션-장-초반-15-대-급락-이런국장-저런주식,2026-08-26,자회사 흡수합병 SK이노베이션…장 초반 15%대 급락 [이런국장 저런주식],재무 부담과 주가 희석 우려자회사 SKIET는 3%대 강세,증시,,시그널,국내증시,하위없음,,
2026-08-26-8월-기업-체감경기-4년만-최고-1-1p-오른-99-6-Pick코노미,2026-08-26,8월 기업 체감경기 4년만 최고...1.1p 오른 99.6 [Pick코노미],정보통신업 등 서비스업 개선 영향,,,경제,경제분석,분류없음,,
2026-08-26-캐나다-에-보복-관세-700개-품목에-최대-50,2026-08-26,"캐나다, 美에 보복 관세...700개 품목에 최대 50%",9월 8일부터 철강 등에 부과,국제,,국제,미국·중남미,하위없음,,
2026-08-26-다른-지역-업체는-안돼-폐기물-수거시장-빗장-풀린다-Pick코노미,2026-08-26,“다른 지역 업체는 안돼”…폐기물 수거시장 빗장 풀린다 [Pick코노미],"“우리끼리 나눠먹던 시장” 깨진다공정위, 경쟁 막는 규제 6건 개선주정 직거래 2%→10%…주류업체 선택권 확대관외 폐기물업체 진입 허용…지역업체 독과점 완화우수 중소 회계법인도 대형 기업 감사 가능해져",,,경제,경제일반,분류없음,,
2026-08-26-비바리퍼블리카-사모채-330억-추가-발행-올해만-2200억-조달-시그널,2026-08-26,"비바리퍼블리카, 사모채 330억 추가 발행…올해만 2200억 조달 [시그널]",올 들어 자체 신용 활용해 장기자금 확보은행 대출 중심서 시장성 자금으로 다변화유동성 확보·재무적 유연성 제고에 방점,증시,,시그널,IB&Deal,하위없음,,
2026-08-26-60대-초반-108만명-연금-0원-일자리도-없다-Pick코노미,2026-08-26,60대 초반 108만명 ‘연금 0원’…일자리도 없다[Pick코노미],65세 이상 수급률 역대 최고지만절반은 월 50만 원도 못 받아60~64세 인구 절반은 연금 못받아1969년생부터 최대 5년 소득 공백청년층도 우려…가입자 1년 새 26.7만 ↓,,,사회,노동·고용,분류없음,,
2026-08-26-대구-3대-건설사-태왕이앤씨도-법정관리-폐업-10곳-중-6곳은-지방-업체-집슐랭,2026-08-26,대구 3대 건설사 태왕이앤씨도 법정관리…폐업 10곳 중 6곳은 지방 업체 [집슐랭],[심화하는 건설업 위기]7월 누계 2530곳…전년비 25%↑악성 미분양 지방 비중 80% 넘어협력·하도급사 위험 전이 우려도,부동산,,부동산,건설업계,하위없음,,
2026-08-26-5년째-오너-그림자-남양유업-444억-퇴직금-판결-나온다-시그널,2026-08-26,5년째 前 오너 그림자…남양유업 444억 퇴직금 판결 나온다 [시그널],27일 중앙지법서 1심 판결전 임원에 거액보상 근거 유무가 쟁점,증시,,산업,기업일반,하위없음,,
2026-08-26-출점-퀵커머스-리뉴얼-동시-추진-이마트-본업-승부수-똑똑-스마슈머,2026-08-26,"출점·퀵커머스·리뉴얼 동시 추진…이마트, 본업 승부수 [똑똑! 스마슈머]",연내 충청권 신규 출점…청주 유력퀵커머스 110곳→132개 전점 확대온라인 강세 대응 오프라인 경쟁력 강화,산업,,산업,유통·생활,하위없음,,
2026-08-26-한국은-안되나요-아이오닉V-서-2000만-원대-파격가-출시,2026-08-26,“한국은 안되나요?”…‘아이오닉V’ 中서 2000만 원대 파격가 출시,"기본 트림, 한화로 2460만 원대 책정비야디·지커보다 1000만 원 이상 저렴CATL 배터리·모멘타 자율주행으로 원가 절감530만 원 상당의 사전 계약 혜택도100만대 팔았던 중국 시장 재공략 본격화",산업,,산업,대기업,하위없음,,
2026-08-26-17년간-담금질-포스코-아르헨-리튬투자-잭팟에-트리플코어-탄력,2026-08-26,"17년간 담금질…포스코, 아르헨 리튬투자 잭팟에 ‘트리플코어’ 탄력",9년간 3.7조 투자·누적적자 3000억원에도﻿국가대표 핵심자원 공급자 사명감으로 버텨올 2분기 첫 흑자 전환에 향후 수익성 기대철강 넘어 리튬·LNG 등 사업 다각화 가속화,산업,,산업,대기업,하위없음,,
2026-08-26-그록3-수율-2-3배-뛰었다-삼성파운드리-4나노-경쟁력-입증,2026-08-26,"그록3 수율 2~3배 뛰었다…삼성파운드리, 4나노 경쟁력 입증",그록3 4나노 수율 80%대 넘어서4나노 성숙화로 100% 가동 상태파운드리 가격도 뛰며 ‘돈 버는 구간’,산업,,산업,대기업,하위없음,,
2026-08-26-단독-카이진-1000억-조달-추진-5년-최대-규모,2026-08-26,[단독] 카이진 1000억 조달 추진…5년來 최대 규모,"■ 바이오업계, 프리IPO 활기당초 500억 계획서 두 배 증액5년 전 1603억 조달 이후 처음검증 기업 중심 투자 쏠림 심화",증시,,산업,바이오,하위없음,,
2026-08-26-엔비디아-실적-앞두고-베팅-나선-서학개미-반도체-3배-ETF에-1조-코주부,2026-08-26,엔비디아 실적 앞두고 베팅 나선 서학개미…반도체 3배 ETF에 1조 [코주부],SOXL 7.1억弗 순매수 1위샌디스크 1423억 매수26일 엔비디아 실적 분수령,증시,,시그널,해외증시,하위없음,,
2026-08-26-국민연금-2년만에-국내-PEF-출자-재개-추진-시그널,2026-08-26,"국민연금, 2년만에 국내 PEF 출자 재개 추진 [시그널]",CIO 인선 후 확정할 듯이르면 10월 공고 유력중형 PEF 중심 출자 관측내년부터 책임투자 원칙 적용,증시,,시그널,IB&Deal,하위없음,,
2026-08-26-원전-특수-기대감에-반토막-났던-원전-들썩,2026-08-26,美원전 특수 기대감에…반토막 났던 원전株 들썩,"한전기술 일일 상승률, 올들어 두번째로 높아현대건설 14.39%·두산에너빌리티 9.86%↑ “원전건설 등 에너지 기반 설비사업 본격화 기대”",증시,,시그널,국내증시,하위없음,,
2026-08-26-산재기금-PE-출자-GP에-제네시스-BNW-H-Q-시그널,2026-08-26,산재기금 PE 출자 GP에 제네시스·BNW·H&Q [시그널],주간운용사 삼성자산서 선정PE 부문에 총 1800억 배정VC는 IMM인베·파트너스·프리미어,금융·정책,,시그널,IB&Deal,하위없음,,
2026-08-26-IPO-투심-꺾이더니-급기야-공모가-올해-처음-밴드-아래로-시그널,2026-08-26,IPO 투심 꺾이더니 급기야…공모가 올해 처음 밴드 아래로[시그널],스카이랩스 공모가 1만원 확정확약 비율도 0.17% 불과상장 첫날 주가 부진에기관 투자자 수요 위축,증시,,시그널,IB&Deal,하위없음,,
2026-08-26-의약품-리베이트-창구-CSO-손본다,2026-08-26,‘의약품 리베이트 창구’ CSO 손본다,"복지부, 시장 진입 문턱 높이고재위탁 횟수 제한 등 연내 추진",문화,,사회,사회일반,하위없음,,
2026-08-26-게임-빅-5-상반기-매출만-6조-해외매출-비중-70-돌파,2026-08-26,"게임 빅 5, 상반기 매출만 6조…해외매출 비중 70% 돌파","■ 게임 빅 5, 상반기 매출 비중 70% 돌파글로벌 야심작 흥행·스튜디오 인수 효과국내 지스타 대신 독일·일본 전시회 집중",,,산업,중기·IT,분류없음,,
2026-08-26-해발-4000m-소금호수서-8년-포스코-리튬-첫-흑자,2026-08-26,해발 4000m 소금호수서 8년…포스코 리튬 첫 흑자,■ 아르헨티나 생산현장 르포2분기 110억…장기투자 결실3·4공장 조기착공 ‘톱5’ 도약,산업,,산업,대기업,하위없음,,
2026-08-26-상장만-하면-곤두박질-길어지는-IPO-빙하기,2026-08-26,상장만 하면 곤두박질…길어지는 IPO 빙하기,최근 상장 3종목 첫날부터 공모가 밑돌아7~8월 상장기업 10곳 중 9곳 마이너스 수익률,증시,,시그널,IB&Deal,하위없음,,
2026-08-25-SK이노-분리막-자회사-SKIET-흡수합병,2026-08-26,"SK이노, 분리막 자회사 SKIET 흡수합병",EV둔화·中 공세에 한계 판단합병 신주 내년 1월 18일 상장ESS용 분리막 사업 확장 추진,산업,,산업,대기업,하위없음,,
2026-08-25-SK하이닉스-노조-성과급-자사주-지급-합의안-부결-임단협-다시-안갯속,2026-08-26,"SK하이닉스 노조, ‘성과급 자사주 지급’ 합의안 부결…임단협 다시 안갯속",전임직 노조 ‘반대’ 50.08%성과급 지급 방식 최대 쟁점기술사무직 투표 결과도 주목,산업,,산업,대기업,하위없음,,
2026-08-25-서울-절반-면적에-1500만톤-묻혀-톤당-2만-하얀석유-콸콸,2026-08-26,서울 절반 면적에 1500만톤 묻혀…톤당 2만弗 ‘하얀석유’ 콸콸,[포스코 아르헨 리튬 생산 현장 가보니]여의도 99배의 염호 지하 600m전기차 7000만대 배터리 규모 매장총 ‘600억 달러’ 어치 캐낼 수 있어아르헨 정부서 RIGI 최종 승인 받아30년간 9억 달러 이상 세제,산업,,산업,대기업,하위없음,,
2026-08-25-괴리율-기준-강화했지만-ETF-가격왜곡-여전,2026-08-26,괴리율 기준 강화했지만…ETF 가격왜곡 여전,국내 ETF 3→2%·해외 6→5%로 낮춰‘초과’는 없었지만 나흘간 괴리율 공시 86건2분기 LP 73% C등급…관리 실효성 지적,증시,,시그널,펀드·채권,하위없음,,
2026-08-25-4000만원-넣었는데-70-증발-미친-주식시장-된-한국-어쩌다-이렇게,2026-08-26,"“4000만원 넣었는데 70% 증발”…‘미친 주식시장’ 된 한국, 어쩌다 이렇게",,증시,,시그널,국내증시,하위없음,,
2026-08-25-전문가-79-8월-금통위-금리-동결-채권시장-심리-소폭-회복,2026-08-25,전문가 79% “8월 금통위 금리 동결”…채권시장 심리 소폭 회복,"■금투협, 9월 채권시장지표 발표금리 인상 전망 66%→20%로 줄어종합 BMSI 89.5…전월比 3.3P 상승",증시,,시그널,펀드·채권,하위없음,,
2026-08-25-대출관리-강화에-신규-주담대-2110만원-역대-최대폭-감소,2026-08-25,대출관리 강화에 신규 주담대 2110만원↓…역대 최대폭 감소,■한은 ‘2분기 가계부채 통계’신규 취급액 줄어 차주당 3414만원주담대는 차주당 2.3억서 2.1억으로,금융·정책,,금융,은행,하위없음,,
2026-08-25-정부-공공비축미-40만-톤으로-줄인다-농가-선지급금은-6만-원으로-인상,2026-08-25,"정부, 공공비축미 40만 톤으로 줄인다…농가 선지급금은 6만 원으로 인상",가루쌀 매입도 5만→3.5만 톤으로 축소수급조절용 벼로 최대 10만 톤 별도 확보대여곡 반납에 내년 쌀 재고 84만 톤 회복,,,경제,경제일반,분류없음,,
2026-08-25-장례식장에-과일-주류-반입-가능해진다-화환도-유족-소유로,2026-08-25,장례식장에 과일·주류 반입 가능해진다…화환도 유족 소유로,"공정위, 장례식장 표준약관 개정조리 안된 외부음식물 반입 허용화환 처리하려면 유족 동의 필요시설·이용료 항목별 설명 의무화",,,사회,사회일반,분류없음,,
2026-08-25-미국서-일하고-싶다고-1억4000만원-내라-외국인-비자-문턱-더-높인다,2026-08-25,“미국서 일하고 싶다고? 1억4000만원 내라”…외국인 비자 문턱 더 높인다,,국제,,국제,미국·중남미,하위없음,,
2026-08-25-경찰-제주-한림읍서-발견된-시신-장미란씨로-최종-확인,2026-08-25,경찰 “제주 한림읍서 발견된 시신 장미란씨로 최종 확인”,치아 감정 결과 장 씨와 일치외부 골절 흔적 없지만 지문 소실휴대전화 발견…포렌식 예정,,,사회,사건사고,분류없음,,
2026-08-25-정부-한전에-출자-AI-인프라-판-깐다,2026-08-25,"정부, 한전에 출자…AI 인프라 판 깐다","■ 당정, 내년도 예산안 논의3대 메가프로젝트에 예산 집중한전·수공 부채비율 대폭 낮춰전력·용수 등 투자 여력 확대",금융·정책,,경제,경제일반,하위없음,,
2026-08-25-지방국립대-등록금-0원-5극-3특-인재-유입-총력,2026-08-25,지방국립대 등록금 0원…‘5극 3특’ 인재 유입 총력,성장지원금 신설해 정주여건 개선앵커기업 이전하면 특별보조금도,,,사회,교육,분류없음,,
2026-08-25-트럼프-기어이-전문직-비자-1-4억원-청구서-강행,2026-08-25,"트럼프, 기어이…전문직 비자 ‘1.4억원 청구서’ 강행","H-1B 수수료 최대 50배 인상 추진미국내 신청자 포함...연말 확정 가능성反이민 표심 결집 목적...수입 12조원 넘을듯삼전닉스, 현대차 등 韓기업도 초비상",국제,,국제,미국·중남미,하위없음,,
2026-08-25-단독-데이터센터-전력-변동성-낮추면-요금-깎아준다,2026-08-25,"[단독] 데이터센터, 전력 변동성 낮추면 요금 깎아준다","정부, 연내 AIDC 전용요금제 도입“부하 급변할 때 연쇄 정전 위험”美·獨도 ‘안정성 기여’ 따라 차등",,,경제,기후에너지,분류없음,,
2026-08-25-송전망만-2038년까지-72조-드는데-부채-211조-한전-15년-만에-자본-수혈,2026-08-25,송전망만 2038년까지 72조 드는데 부채 211조…한전 15년 만에 ‘자본 수혈’,"■정부, 한전 출자…호남팹 총력전하루 평균 이자만 115억 달해투자 부담 흡수할 안전판 마련AI 성패, 인프라 구축에 달려李 “눈앞 재정수치에 매몰 안돼”3대 메가 26개 사업 예타 면제",,,경제,기후에너지,분류없음,,
2026-08-25-경찰-권한-상응하는-책임져야-도-개혁추진단-설치,2026-08-25,"李 “경찰, 권한 상응하는 책임져야”…與도 개혁추진단 설치",■ 총리실에 ‘경찰 개혁기구’ 주문“기강해이·치안문제 무책임 심각”지지율 하락에 대책 마련 촉구보완수사권 신중론 김남희 의원대표 직속 추진단장 맡아 ‘메스’당내 토론회선 “외부 통제 강화”,,,정치,정치일반,분류없음,,
2026-08-25-이란-돈줄-기술-물류망-다-끊는다-경제적-왕따-작전-개시,2026-08-25,"美, 이란 돈줄·기술·물류망 다 끊는다…‘경제적 왕따’ 작전 개시",[미국발 경제압박 전방위 확산]금·디지털자산·해운 등 추가 제재이란 거래국도 ‘블랙리스트’ 못박아中엔 과잉생산 7.5% 추가 관세 검토강제노동 12.5% 더하면 20% 수준캐나다산 車·철강은 50% 폭탄 예고실효성 ,국제,,국제,중동·아프리카,하위없음,,
2026-08-25-60세-정년인데-연금은-63세-228만명-연금-0원,2026-08-25,60세 정년인데 연금은 63세…228만명 ‘연금 0원’,60~62세 네 명 중 세 명 연금 못 받아63세 넘자 수급률 24.3%서 71.4%로미수급자 108만명 등록 일자리도 없어1969년생부터 정년·연금 사이 5년 공백,,,사회,노동·고용,분류없음,,
2026-08-25-200억-집에-회삿돈-100억으로-인테리어-법인-황제사택-50곳-세무조사,2026-08-25,200억 집에 회삿돈 100억으로 인테리어...법인 ‘황제사택’ 50곳 세무조사,"국세청, 법인 고가주택 42%서 사적 사용 확인 40억 집 법인 넘기고1주택 비과세...무상거주 100억 별장·60억 콘도도 사주가 전용조사대상 업체 탈루혐의 금액만 1조9000억원",금융·정책,,경제,세금·재정,하위없음,,
2026-08-25-대출관리-강화에-신규-주담대-감소-30대-비중-잔액은-역대-최대,2026-08-25,대출관리 강화에 신규 주담대 감소…30대 비중·잔액은 역대 최대,■2분기 차주별 가계부채 통계신규 주담대 2억829만원으로 감소…20대만 늘어수도권 신규 주담대 4397만원 급감…서울 6065만원 ‘뚝’,금융·정책,,금융,은행,하위없음,,
2026-08-25-트럼프-정부-전문직-비자-1-4억-수수료-강행-고숙련-인력-파견-비상,2026-08-25,"트럼프 정부, ‘전문직 비자 1.4억 수수료’ 강행...韓 고숙련 인력 파견 ‘비상’","기존의 20~50배...12조원 추가 수입선거 앞두고 이민 단속, 적자 감축 의지법원은 “위법”...빅테크 반발 가능성도망명 신청자 20만명 비자도 일괄 취소",국제,,국제,미국·중남미,하위없음,,
2026-08-25-부산-시내버스-노사-협상-타결-총파업-철회로-발-묶임-면해,2026-08-25,부산 시내버스 노사 협상 타결… 총파업 철회로 ‘발’ 묶임 면해,전년 대비 시급 5.0% 인상임금인상·물가상승률 고려,,,사회,노동·고용,분류없음,,
2026-08-25-대통령-경찰-앞으로-가장-큰-권력-개혁기구-구상해야,2026-08-25,"李대통령 “경찰, 앞으로 가장 큰 권력…개혁기구 구상해야”","국무회의서 경찰, 견제·개혁 기구 신설 방침제주 실종 사건 의혹 겨냥 “지휘 라인도 책임”",,,정치,청와대,분류없음,,
2026-08-25-김윤덕-오세훈-26일-2차-회동-용산-주택공급-실마리-찾나,2026-08-25,"김윤덕·오세훈, 26일 2차 회동…용산 주택공급 실마리 찾나",26일 오전 10시 비공개 2차 회동,부동산,,부동산,정책,하위없음,,
2026-08-25-반도체주-급락에-삼성전자-SK하이닉스-3-4-코스피-3-대-하락-이런국장-저런주식,2026-08-25,美 반도체주 급락에 삼성전자·SK하이닉스 3~4%↓…코스피 3%대 하락 [이런국장 저런주식],개장 직후 6500선 아래로반도체주 동반 약세,증시,,시그널,국내증시,하위없음,,
2026-08-25-당정-지방국립대-등록금-전액-면제-적극-재정으로-3대-메가-AI-등-집중투자,2026-08-25,당정 “지방국립대 등록금 전액 면제…적극 재정으로 3대 메가·AI 등 집중투자”,미래성장·청년·양극화 대응 등전기차 보조금 역대 최대로 지원지방주도성장 위해 특별보조금도,,,경제,세금·재정,분류없음,,
2026-08-25-이란-거래-제3국도-제재-모든-수입원-차단하는-왕따-작전-이란전쟁,2026-08-25,"美, 이란 거래 제3국도 제재...“모든 수입원 차단하는 왕따 작전” [美-이란전쟁]",가상화폐·기술·금·항공·해운 등 2차 제재베선트 “자금 세탁하면 달러 시스템 배제”핵·석유 관련 60개 단체·개인 규제 대상,국제,,국제,중동·아프리카,하위없음,,
2026-08-25-현대차-111일만에-임협-합의-기본급-10만원-인상에-성과급-400,2026-08-25,"현대차, 111일만에 임협 합의…기본급 10만원 인상에 성과급 400%",1박 2일 마라톤 협상 끝에 합의 도출31일 조합원 총회서 찬반투표로 확정“파업 여파 신속히 수습…생산 집중”피지컬AI 등 미래 기술 도입도 공감대,증시,,산업,대기업,하위없음,,
2026-08-25-기로에-선-비거주-1주택-공제-12억-절충안-부상-Pick코노미,2026-08-25,기로에 선 비거주 1주택…‘공제 12억’ 절충안 부상[Pick코노미],"여당, 비거주 1주택 차등 재검토 요구정부 원안 제출 후 국회서 손질에 무게‘합리적 비거주’ 범위는 시행령으로 결정ISA 이월 폐지·장특공제 상한도 도마",,,경제,세금·재정,분류없음,,
2026-08-25-서울-정비사업-41-구청장-손에-당정-이양-추진-에-서울시-반발-집슐랭,2026-08-25,서울 정비사업 41% 구청장 손에?… 당정 ‘이양 추진’에 서울시 반발 [집슐랭],"■소규모 재개발 인허가권 이양 논란당정, 권한 이양 통해 기간 단축 기대서울 정비사업 41%가 500가구 미만용적률 등 자치구별로 달라질 가능성사업지 쪼개기·특혜 시비 등 부작용도통합심의 위한 자치구 전문인력 부족",부동산,,부동산,정책,하위없음,,
2026-08-25-10년-공석-특별감찰관-재가동-추천-최길수-독립성-시험대,2026-08-25,10년 공석 특별감찰관 재가동…‘與 추천’ 최길수 독립성 시험대,"■李, 與 추천 최길수 변호사 지명인사청문회 거쳐 10년 만에 제도 부활檢 특수부·감찰부 등 근무 경력 고려靑 “권력형 비리 수사에 전문성 갖춰”기존 권력 감시기구와 기능 분배 필요野 “기대보단 우려 커” 송곳 검증",,,정치,청와대,분류없음,,
2026-08-25-우리-지역엔-안돼-데이터센터-제동-거는-지자체들,2026-08-25,“우리 지역엔 안돼”…데이터센터 제동 거는 지자체들,주민 과반 동의·이격거리 제한 등제각각 규제에 산업 불확실성 커져업계 “정부가 가이드라인 만들어야”,,,산업,중기·IT,분류없음,,
2026-08-25-10분-거리-두고-3개월간-몰랐다,2026-08-25,10분 거리 두고…3개월간 몰랐다,,,,사회,사건사고,분류없음,,
2026-08-25-지방이전-60년-금융은-남겼다,2026-08-25,지방이전 60년 英·佛…금융은 남겼다,[금융 쪼개기에…韓 경쟁력 위기]1960년대부터 공기업 옮긴 英·佛중앙은행·감독기관 등은 수도에신속한 공조로 대응 효율성 높여“韓 금융기관 나눠먹기 배분 안돼”,금융·정책,,금융,금융일반,하위없음,,
2026-08-24-초-중-고에-쓰던-교육세-1-8조-내년부터-대학-평생교육에-투입,2026-08-24,"초·중·고에 쓰던 교육세 1.8조, 내년부터 대학·평생교육에 투입","교육부, 고특회계·영유아특별회계법 개정안 입법예고교육교부금에 배분하던 교육세 40% 전액 고특회계로",,,사회,교육,분류없음,,
2026-08-24-원전-계속운전-허가-10년-20년-검토,2026-08-24,원전 계속운전 허가 ‘10년→20년’ 검토,"고리2호기 계속운전 심사 3년 7개월 소모메가프로젝트 등 위해 행정절차 단축 필요재경부, 14조 규모 전력망 사업 예타 면제",산업,,경제,기후에너지,하위없음,,
2026-08-24-내년-세수-520조-청년예산-40조-이상-푼다,2026-08-24,내년 세수 520조+α…‘청년예산’ 40조 이상 푼다,미래대응기금 더해 총지출 820조 전망올해보다 92조↑…18년來 최대 증가폭장학금·일자리 등 청년 분야 10조 증액,,,경제,세금·재정,분류없음,,
2026-08-24-셀프-종결에-수색-타이밍까지-놓쳐-경찰-수사역량-또-도마,2026-08-24,셀프 종결에 수색 타이밍까지 놓쳐…경찰 수사역량 또 도마,"■실종 3개월만에 장미란씨 시신 발견숙소에서 1㎞ 떨어진 곳서 발견종결 처리 경찰 긴급체포후 석방1년 5개월간 298건 신고 단독 처리또 실종자 사체 나와…사흘새 4명실종 관리 허점…警, 전수점검 착수李대통령 “경찰",,,사회,사건사고,분류없음,,
2026-08-24-10년-만에-대통령-친인척-측근-밀착-감시-독립성-확보가-관건,2026-08-24,10년 만에 대통령 친인척·측근 밀착 감시…독립성 확보가 관건,"■특별감찰관 부활…李, 與 추천 최길수 변호사 지명특수부장·고검 감찰부 등 역임중요경제범죄조사단서도 근무靑 “공직사회 신뢰 높일 적임자”李 반부패·기강확립 의지 반영기존 감시기구와 역할배분 과제",,,정치,청와대,분류없음,,
2026-08-24-속보-대통령-정성호-법무장관-사표-수리,2026-08-24,"[속보]李대통령, 정성호 법무장관 사표 수리",,,,정치,청와대,분류없음,,
2026-08-24-대통령-특별감찰관에-추천-최길수-지명,2026-08-24,"李대통령, 특별감찰관에 與 추천 최길수 지명",인사청문회 거쳐 10년 만에 부활靑 “권력형 비리 수사 전문성 갖춰”,,,정치,청와대,분류없음,,
2026-08-24-한미약품-비만신약-3-2조-잭팟-제넨텍에-수출,2026-08-24,한미약품 비만신약 3.2조 잭팟…美제넨텍에 수출,선급금 2629억 원…출시 후 별도 로열티한국 제외한 전세계 개발·판매 권리 이전체중감량·근육 보존하는 차세대 후보물질한미 임상 1상 완료…2상부터 제넨텍 주도,산업,,산업,바이오,하위없음,,
2026-08-24-반도체-수출-매파-한은-기업-수요-3박자-가-만든-원화-강세,2026-08-24,반도체 수출·매파 한은·기업 수요 ‘3박자’가 만든 원화 강세,■7월 이후 원화 절상률 주요국 중 최고엔화 2.31% 오를 때 원화 11.90%↑반도체 수출·경상흑자에 기업 매도 확대8월 백투백 인상 우세…연말 1300원대 전망,국제,,경제,경제분석,하위없음,,
2026-08-24-제주-실종-수사-경찰관-298건-셀프-종결-여야-있을-수-없는-일,2026-08-24,"제주 실종 수사 경찰관, 298건 ‘셀프 종결’…여야 “있을 수 없는 일”","■행안위, 제주 실종 사건 수사 집중 추궁실종 104일 만에 1㎞ 거리서 시신 발견‘부경장 임의 종결’ 총 298건 전수점검“보고·승인 없이 직접 종결 시스템 허점”유재성 대행 “말이 안 돼…한 달 내 대책”",,,사회,사건사고,분류없음,,
2026-08-24-금산법-10-룰-에-막힌-자사주-소각-삼전-역대급-주주환원에도-급락,2026-08-24,"‘금산법 10% 룰’에 막힌 자사주 소각…삼전, 역대급 주주환원에도 급락",삼성생명·화재 지분율 10% 한도증권가 “소각 여력 10조 ~20조원”110조 중 잔여 재원은 배당 무게의결권 없는 우선주 소각도 거론지배구조 부담 적은 하닉과 상반삼전 실망 매물에 주가 8.70% ‘뚝’,증시,,시그널,국내증시,하위없음,,
2026-08-24-연락됐다-이러고-허위-종결한-경찰-결국-실종-사건-9만2800건-다시-본다,2026-08-24,“연락됐다” 이러고 허위 종결한 경찰…결국 실종 사건 9만2800건 다시 본다,,,,사회,사건사고,분류없음,,
2026-08-24-한미약품-근육-지키는-비만신약-제넨텍에-최대-3-2조-기술수출,2026-08-24,"한미약품 ‘근육 지키는 비만신약’, 제넨텍에 최대 3.2조 기술수출",선급금 2629억 원…출시 후 별도 로열티한국 제외 전 세계 개발·판매 권리 이전체중 감량·근육 보존하는 차세대 후보물질한미 임상 1상 완료…2상부터 제넨텍 주도,산업,,산업,바이오,하위없음,,
2026-08-24-전장연-출근길-지하철-시위-멈춘다-장애인-권리-조례-통과-약속,2026-08-24,전장연 ‘출근길 지하철 시위’ 멈춘다…“장애인 권리 조례 통과 약속”,장애인 권리보장 대타협 선언 기자회견장애인 이동권·중증장애인 공공일자리 담아2021년 12월 이후 출근길 탑승 시위 73차례매주 수요일 출근길 버스 탑승 시위는 계속,,,사회,사회일반,분류없음,,
2026-08-24-20일-만에-뒤집힌-종부세-당정-거주-비거주-1주택-차등-폐지-가닥,2026-08-24,20일 만에 뒤집힌 종부세…당정 ‘거주·비거주 1주택’ 차등 폐지 가닥,비거주 1주택 종부세 공제 축소안 재검토500가구 이하 정비사업 인허가 구청장 이양민간 재건축·재개발 용적률 완화도 검토,,,부동산,정책,분류없음,,
2026-08-24-현직-대통령-최초-은행-설립-나서는-트럼프-일가-이해충돌-어디까지-가나,2026-08-24,현직 대통령 최초 은행 설립 나서는 트럼프 일가…‘이해충돌’ 어디까지 가나,"월드리버티, 신탁 인가 조건부 예비승인주요 주주인 차남 등 경영 배제 조건트럼프가 임명한 굴드, 20년만에 허가 이해관계자의 ‘뇌물’ 통로 우려까지 나와",국제,,국제,미국·중남미,하위없음,,
2026-08-24-사설-총리-와-전쟁-중-한미-갈등-관리는-빈틈-없어야,2026-08-24,[사설] 加 총리 “美와 전쟁 중”…한미 갈등 관리는 빈틈 없어야,,,,경제,통상,분류없음,,
2026-08-24-직원-복지-라던-100억-콘도-직원은-못-쓰고-오너가-누렸다-Pick코노미,2026-08-24,‘직원 복지’라던 100억 콘도…직원은 못 쓰고 오너가 누렸다[Pick코노미],고가 법인주택 2639채 첫 전수점검1097채 사주 일가 거주·사적 사용최고 공시가 200억…해외 사택도 조사,,,경제,세금·재정,분류없음,,
2026-08-24-전문가-65-8월-인상-국채-금리-급등에-속도-조절론도-Pick코노미,2026-08-24,전문가 65% “8월 인상”… 국채 금리 급등에 속도 조절론도 [Pick코노미],■서경 금통위 서베이‘백투백’ 배경은 ‘물가 압력’과 ‘선제 대응’설사 8월 동결돼도 연내 추가 인상… “11월 인상” 45%한·미 중장기 국채 금리 상승에 속도 조절 고민 전망도,국제,,금융,금융일반,하위없음,,
2026-08-24-50-관세-맞불-놓는-캐나다-그리어는-추가-보복-예고,2026-08-24,‘50% 관세’ 맞불 놓는 美·캐나다...그리어는 추가 보복 예고,"양국 무역협상 결렬...전면전 선포美, 200억弗 수입품에 50% 관세“동일 규모 부과”...加, 강력 반발그리어 “캐나다 대응 조치 추진 중”북미 무역 질서 6년만에 최대 위기",국제,,경제,통상,하위없음,,
2026-08-24-기업회생-한국판-챕터11-시범-도입,2026-08-24,기업회생 ‘한국판 챕터11’ 시범 도입,"서울회생법원, 조사위원 관행 손질채권-채무자 직접협상 중심 전환",,,사회,법조,분류없음,,
2026-08-24-빅테크-요청에-LS전선-유럽에-공장,2026-08-24,"빅테크 요청에…LS전선, 유럽에 新공장","경영진, 폴란드 생산법인 찾아 신설계획 논의AIDC 필수 ‘버스덕트’ 구매 조건…내년 완공북미 총괄조직 ‘제2 본사 수준’으로 확대 개편",산업,,산업,대기업,하위없음,,
2026-08-24-로봇올림픽-1년-만에-매서운-진화,2026-08-24,中 로봇올림픽…1년 만에 매서운 진화,,국제,,국제,일본·중국,하위없음,,
2026-08-24-TSMC-넘을-게임체인저-패키징-기술-판-바꾼다-압축전환-대한민국,2026-08-24,TSMC 넘을 게임체인저…패키징 기술 판 바꾼다 [압축전환 대한민국],2부. ‘1·2·3 성장전략’ 만들자- 초격차 유지의 해법유리기판 제조 강소기업 JWMT100㎛ 미세공정으로 성능 40%↑생산능력 2년 만에 10배로 확대,산업,,산업,중기·IT,하위없음,,
2026-08-23-1주택-거주-비거주-종부세-차등-없앤다,2026-08-23,1주택 거주·비거주 ‘종부세 차등’ 없앤다,■고위당정 공감대기본공제 조정 등 稅개편 재검토500가구 이하 재개발권 구청장에장특공 비거주 예외 확대도 논의,,,경제,세금·재정,분류없음,,
2026-08-23-속보-종합특검-총-58명-기소-구속-7명-불구속-51명,2026-08-23,[속보] 종합특검 “총 58명 기소… 구속 7명·불구속 51명”,"대통령 관저 이전  특혜 사건 집중적 수사김건희 여사, 김대기 전 비서실장 등 기소채상병사건 관련해 다수 인물들 재판 넘겨양평고속도로 등 핵심 의혹은 규명에 실패남은 잔여 사건들은 경찰청 국수본에 이첩",,,정치,정치일반,분류없음,,
2026-08-23-장미란-사건-담당-경찰관-다른-실종자도-허위-종결,2026-08-23,"‘장미란 사건’ 담당 경찰관, 다른 실종자도 허위 종결",■경찰 부실수사·뒷북대응 논란“무사”하다던 60대男 숨진채 발견관련자료 삭제…B경장 긴급체포사건 종결땐 ‘관리자 승인’ 도입 제주 찾은 국수본부장 머리 숙여,,,사회,사건사고,분류없음,,
2026-08-23-금리-이달-연속-인상하나-국채금리-급등에-신중론도,2026-08-23,"금리, 이달 연속 인상하나…국채금리 급등에 신중론도","■서경, 8월 금통위 서베이올해 3%대 성장 예상에 물가 불안전문가 65%가 ‘백투백’ 인상 예측동결론도 추가 인상엔 이견 없어금리 올리면 장단기국채 상승 압력美는 80%가 “연내 동결될 것” 전망",,,금융,금융일반,분류없음,,
2026-08-23-거주-관계-없이-1주택-공제-14억으로-부담도-현행-유지-가닥,2026-08-23,거주 관계 없이 1주택 공제 14억으로…稅부담도 현행 유지 가닥,"당정, 종부세 재검토 선언 김민석 “비거주 1주택 세법 숙의 필요” ‘기본 공제 9억’ 정부안 보완 요청세부담 상한도 기존 150%로 솔솔 재건축 등 규제 풀어 공급도 속도내달 3일 관련법안 국회 제출 예정",,,경제,세금·재정,분류없음,,
2026-08-23-총량제의-덫-은행-가계대출-제한-3배-급증,2026-08-23,총량제의 덫...은행 가계대출 제한 3배 급증,올 들어 8월까지 제한조치 79건6월부터 주담대·신용대출 조여“수요예측 틀려 명백한 정책실패”,금융·정책,,금융,은행,하위없음,,
2026-08-23-은행-상반기에-14조-벌었다-이자이익만-32조,2026-08-23,은행 상반기에 14조 벌었다…이자이익만 32조,유가증권 평가손실은 확대은행 연체율 0.56%로 상승금감원 “건전성 관리 강화”,금융·정책,,금융,은행,하위없음,,
2026-08-23-급락-뒤-급반등-롤러코스피-금리에-울고-주주환원에-웃었다-선데이-머니카페,2026-08-23,급락 뒤 급반등 ‘롤러코스피’…美금리에 울고 주주환원에 웃었다 [선데이 머니카페],美30년물 5.3% 돌파에 투심 위축…코스피 19일 5.8% 급락SK하이닉스 40조 자사주 매입·소각에 다음날 5.89% 반등금리 부담은 여전…엔비디아 실적·잭슨홀·한은 금통위 주목,증시,,시그널,국내증시,하위없음,,
2026-08-22-캐나다-무역협상-결렬-50-관세-발효,2026-08-23,美·캐나다 무역협상 결렬…50% 관세 발효,"美, 캐나다산 일부 제품 50% 관세 발효캐나다 “달러 대 달러로 맞대응” 예고",국제,,국제,미국·중남미,하위없음,,
2026-08-22-제주-여성-실종-허위종결-경찰관-긴급-체포-같은-사례-또-있었다,2026-08-23,제주 여성 실종 허위종결 경찰관 긴급 체포…같은 사례 또 있었다,,,,사회,사건사고,분류없음,,
2026-08-22-사설-서울-아파트값-20억-키-맞추기-세제개편이-불러온-부작용,2026-08-23,[사설] 서울 아파트값 ‘20억 키 맞추기’… 세제개편이 불러온 부작용,,,,부동산,부동산일반,분류없음,,
2026-08-22-2030년엔-우주선-1000회-발사-트럼프-우주-수송-각서에-서명,2026-08-23,"‘2030년엔 우주선 1000회 발사’…트럼프, 우주 수송 각서에 서명","상업 우주 발사 늘리는 ‘국가 우주 수송 정책’지난해 178회 발사…이 중 170회가 스페이스X연방 국유지 신규 재진입 장소 지정 지시도2028년 미국 우주인, 다시 달에 보내기로",국제,,국제,미국·중남미,하위없음,,
2026-08-22-규제-완화에-리모델링-꿈틀-주택공급-숨은-한-축-으로-부상-집슐랭,2026-08-22,규제 완화에 리모델링 꿈틀…주택공급 ‘숨은 한 축’으로 부상[집슐랭],"국회, 주택법 개정안 등 주택공급 후속법안 73건 처리상가 재배치·세대분할 시 가구수 증가 등 규제 완화 효과전국 150개 단지 12만가구 사업 추진…“공급 대안 될 것”",부동산,,부동산,정책,하위없음,,
2026-08-22-삼성-110조-환원-에도-머쓱-40조-소각-띄운-SK하이닉스는-호평-갭-월드,2026-08-22,삼성 ‘110조 환원’에도 머쓱…‘40조 소각’ 띄운 SK하이닉스는 호평 [갭 월드],"■서종갑 기자의 갭 월드(Gap World) 삼성 30조 현금배당에도 주가 약세SK 40조 자사주 소각 이틀새 15%↑삼성, FCF 50% 유지·SK, 상한 폐지",산업,,시그널,국내증시,하위없음,,
2026-08-22-김건희-봐주기-양평고속-의혹-끝내-기소-못한-종합특검-서초동-야단법석,2026-08-22,‘김건희 봐주기·양평고속道 의혹’ 끝내 기소 못한 종합특검 [서초동 야단법석],180일 수사에도 주요 잔여사건 혐의 입증 못해쌍방울 개입 등 수사 확장했다 사실상 중단50여 명 무더기 기소에도 구속 기소는 1명‘헤비테일’ 전략에 공소유지 부담도 우려,,,사회,법조,분류없음,,
2026-08-22-삼성전자-110조원-주주환원-역대-최대-규모,2026-08-22,"삼성전자, 110조원 주주환원…역대 최대 규모","■AI 프리즘 [금융상품 뉴스]삼성전자, 3분기 현금 배당 30조카카오, AI·AX 인적분할 복합기업 할인 해소유상증자 철회 22건, 1년 새 2배",금융·정책,,시그널,국내증시,하위없음,,
2026-08-22-다주택자만-뿔난-게-아니다-30대-72-무주택자-57-부동산정책-불만-데이터로-본-정치민심,2026-08-22,“다주택자만 뿔난 게 아니다”…30대 72%·무주택자 57% 부동산정책 ‘불만’[데이터로 본 정치민심],"2030·수도권서 부동산 정책 반감 확산무주택자 부정평가, 1주택자보다 높아서울서 李 지지율 한 주 새 10%P 급락부동산, 국정 부정평가 이유 1위 차지",부동산,,부동산,정책,하위없음,,
2026-08-22-트럼프-스톡커-바이백-땜질-소용없는-주담대에-표심-골치,2026-08-22,[트럼프 스톡커] ‘바이백’ 땜질 소용없는 주담대에 美표심 ‘골치’,■윤경환 특파원의 트럼프 스톡커(Stocker) “국채 재매입 증액” 임시처방 효과 하루로 끝국가부채 40조弗 돌파...이자만 年 1500조원전쟁 장기화로 유가도 반등...AI ‘빚투’ 눈덩이연준 다수 “인플레 2%,국제,,국제,미국·중남미,하위없음,,
2026-08-22-두-개의-엔진-카카오-AI-X-로-인적분할,2026-08-22,두 개의 엔진…카카오 ‘AI’·‘X’로 인적분할,"카카오AI, 카톡 중심 플랫폼 집중X는 금융·콘텐츠·신규사업 투자",,,산업,중기·IT,분류없음,,
2026-08-22-교육교부금-연동-55년만에-폐지-100조-미래기금-만든다,2026-08-22,교육교부금 연동 55년만에 폐지… ‘100조+α’ 미래기금 만든다,■재정운용전략협의회내국세 비례 대신 학령인구 반영반도체 추가 세수 기금으로 적립청년·첨단산업 등 4대 분야 투자,산업,,경제,세금·재정,하위없음,,
2026-08-22-삼성전자-사상-최대-주주환원-올해-최대-110조,2026-08-22,"삼성전자, 사상 최대 주주환원…“올해 최대 110조”",3분기 30조 현금 배당 의결직원보상 자사주 15조 매입주주환원 규모 2020년의 5배,산업,,시그널,국내증시,하위없음,,
2026-08-22-현대차-10년-만의-전면파업-공장-올스톱,2026-08-22,현대차 10년 만의 전면파업…공장 올스톱,,산업,,산업,기업일반,하위없음,,
2026-08-22-상법개정-후유증-유상증자-철회-2배-늘었다-시그널,2026-08-22,상법개정 후유증…유상증자 철회 2배 늘었다 [시그널],■주주충실의무 영향 본격화올해 22건…주주 이익침해 등 이유공개매수는 절반이 응모율 못미쳐“사업 재편·구조조정 더 힘들어져”,증시,,시그널,증권일반,하위없음,,
2026-08-21-맞춤형-암백신-세계-첫-임상-3상-성공,2026-08-21,"맞춤형 암백신, 세계 첫 임상 3상 성공",모더나·머크 개발 mRNA 기반 백신고위험 흑색종 재발·전이 억제 효능 입증이르면 내년 상용화 목표,국제,,산업,바이오,하위없음,,
2026-08-21-코스닥-급브레이크-5-대-급락에-800선-내줘-video,2026-08-21,"코스닥 급락, 9컷으로 보기",코스닥 지수가 장중 5% 넘게 급락하며 800선을 내줬다. 바이오주 차익실현 매물과 반도체 소부장주 동반 약세가 겹치며 올해 32번째 매도 사이드카가 발동됐다.,,,시그널,국내증시,분류없음,,
2026-08-21-코스닥-급브레이크-5-대-급락에-800선-내줘-webtoon,2026-08-21,왜 코스닥 지수가 급락했을까?,코스닥 지수가 장중 5% 넘게 급락하며 800선을 내줬다. 바이오주 차익실현 매물과 반도체 소부장주 동반 약세가 겹치며 올해 32번째 매도 사이드카가 발동됐다.,,,시그널,국내증시,분류없음,,
2026-08-21-코스닥-급브레이크-5-대-급락에-800선-내줘,2026-08-21,코스닥 '급브레이크'…5%대 급락에 800선 내줘,코스닥 지수가 장중 5% 넘게 급락하며 800선을 내줬다. 바이오주 차익실현 매물과 반도체 소부장주 동반 약세가 겹치며 올해 32번째 매도 사이드카가 발동됐다.,증시,,시그널,국내증시,하위없음,,
2026-08-21-코스닥-급브레이크-5-대-급락에-800선-내줘-podcast,2026-08-21,"매도 사이드카, 왜 걸렸나",코스닥 지수가 장중 5% 넘게 급락하며 800선을 내줬다. 바이오주 차익실현 매물과 반도체 소부장주 동반 약세가 겹치며 올해 32번째 매도 사이드카가 발동됐다.,,,시그널,국내증시,분류없음,,
2026-08-21-SK하이닉스-40조-10조-자사주-추가-매입-노사-합의로-주주가치-선순환,2026-08-21,"SK하이닉스, 40조+10조 자사주 추가 매입…노사 합의로 '주주가치 선순환'",SK하이닉스 노사가 성과급 일부를 자사주로 지급하는 임금체계에 합의했다. 초과이익분배금(PS) 재원 중 최대 60%를 자사주로 지급하면서 올해만 최대 10조원 규모의 추가 매입이 필요할 전망이다.,산업,,산업,투자·재무,하위없음,,
2026-08-21-호남-반도체-팹-2기-추가-원전-LNG-늘려야-전력-감당,2026-08-21,"호남 반도체 팹, 2기 추가…""원전·LNG 늘려야 전력 감당""",삼성전자·SK하이닉스의 호남 반도체 팹 증설로 2040년 전력 수요가 최대 165GW까지 늘어난다. 재생에너지만으로는 감당이 어려워 원전 19기 추가·LNG 발전 확대가 필요하다는 지적이 나온다.,증시,,경제,기후에너지,하위없음,,
2026-08-20-단독-호남-반도체-팹-2기-더-짓는다,2026-08-21,"[단독] 호남 반도체 팹, 2기 더 짓는다",삼성전자와 SK하이닉스가 2040년까지 광주에 반도체 팹을 2기 이상 더 짓기로 했다. 이에 따라 국내 전력 수요는 2040년 최대 165GW까지 늘어날 전망이다.,산업,,산업,대기업,하위없음,,
2026-08-20-단독-은행-가계대출-기준-올해만-73번-바꿨다,2026-08-21,"[단독] 은행 가계대출 기준, 올해만 73번 바꿨다",금융 당국의 경직적인 가계대출 총량 규제에 은행들이 올 들어 대출 취급 기준을 73번이나 바꿨다. 시기마다 대출 여부가 달라져 고객 혼선이 커지고 있다.,금융·정책,,금융,은행,하위없음,,
2026-08-20-정의선-가격-아닌-가치로-럭셔리-모빌리티-재정의,2026-08-21,"정의선 ""가격 아닌 가치로…럭셔리 모빌리티 재정의""",제네시스가 첫 초대형 플래그십 전기 SUV 'GV90'을 세계 최초 공개했다. 정의선 회장은 가격이 아닌 가치를 앞세운 럭셔리 모빌리티 비전을 강조했다.,산업,,산업,대기업,하위없음,,
2026-08-20-트럼프-핵무기-57개-보유-비핵화-언급은-회피,2026-08-21,"트럼프 ""北 핵무기 57개 보유""…비핵화 언급은 회피",트럼프 대통령이 북한의 핵무기 보유량을 57개로 언급하며 비핵화에 대한 답변은 회피했다. 북핵 동결을 전제로 한 협상 관측이 나온다.,국제,,정치,통일·외교·안보,하위없음,,
home-player-podcast-5,2026-08-21,"은행권, 예보료 9000억 더낸다...손보업계 3.3배 인상",,,,금융,보험,분류없음,,
home-player-podcast-3,2026-08-21,"[단독] 은행 가계대출 기준, 올해만 73번 바꿨다",,,,금융,은행,분류없음,,
home-player-podcast-4,2026-08-21,"[단독] 호남 반도체 팹, 2기 더 짓는다",,,,산업,대기업,분류없음,,
2026-08-20-은행권-예보료-9000억-더낸다-손보업계-3-3배-인상,2026-08-20,"은행권, 예보료 9000억 더낸다...손보업계 3.3배 인상","2009년 이후 처음으로 예금보험료율 인상이 추진된다. 은행권은 연간 9000억 원 이상, 손해보험 업계는 현행보다 3.3배 높은 요율을 제안받았다.",금융·정책,,금융,보험,하위없음,,
2026-08-11-빵-사러-대전-성심당만-가는-줄-알았더니-요즘-뜨는-빵지순례-도시-5곳은-webtoon,2026-08-20,왜 요즘 사람들이 빵을 먹으러 여행을 떠날까?,빵을 먹기 위해 여행을 떠나는 '빵지순례'가 국내 여행의 새 트렌드로 떠올랐다. 고양·대전·정선·수원·서울 5곳의 숙소 검색량이 일제히 늘었다.,,,문화,여행·레저,분류없음,,
2026-08-11-빵-사러-대전-성심당만-가는-줄-알았더니-요즘-뜨는-빵지순례-도시-5곳은-podcast,2026-08-20,빵 먹으러 여행 가는 사람들,빵을 먹기 위해 여행을 떠나는 '빵지순례'가 국내 여행의 새 트렌드로 떠올랐다. 고양·대전·정선·수원·서울 5곳의 숙소 검색량이 일제히 늘었다.,,,문화,여행·레저,분류없음,,
2026-08-11-빵-사러-대전-성심당만-가는-줄-알았더니-요즘-뜨는-빵지순례-도시-5곳은-video,2026-08-20,빵지순례 확산 지도,빵을 먹기 위해 여행을 떠나는 '빵지순례'가 국내 여행의 새 트렌드로 떠올랐다. 고양·대전·정선·수원·서울 5곳의 숙소 검색량이 일제히 늘었다.,,,문화,여행·레저,분류없음,,
2026-08-11-빵-사러-대전-성심당만-가는-줄-알았더니-요즘-뜨는-빵지순례-도시-5곳은,2026-08-20,"""빵 사러 대전 성심당만 가는 줄 알았더니""…요즘 뜨는 '빵지순례' 도시 5곳은",빵을 먹기 위해 여행을 떠나는 '빵지순례'가 국내 여행의 새 트렌드로 떠올랐다. 고양·대전·정선·수원·서울 5곳의 숙소 검색량이 일제히 늘었다.,문화,,문화,여행·레저,하위없음,,
2026-08-16-Korea-Post-Halves-Household-Lending-as-Samsung-Life-Fire-Post-Record,2026-08-16,"Korea Post Halves Household Lending as Samsung Life, Fire Post Record Profit | August 14 2026",,,,금융,금융일반,분류없음,,
2026-08-16-Seoul-Adds-100-000-Homes-Samsung-Locks-In-Genesis-Battery-Deal-August,2026-08-16,"Seoul Adds 100,000 Homes, Samsung Locks In Genesis Battery Deal | August 14 2026",,,,부동산,정책,분류없음,,
2026-08-14-이란-물가-3개월째-80-기업들-외상-판매-확산,2026-08-14,"이란 물가 3개월째 80%, 기업들 '외상 판매' 확산",미국과의 전쟁으로 물가가 급등한 이란에서 기업들이 '선구매 후결제' 거래를 유도하고 있어요. 리알화 가치 하락으로 판매자가 손해를 보는 구조인데도 확산되고 있어요. 왜 이런 이례적인 방식이 퍼지고 있을까요?,,,국제,중동·아프리카,분류없음,,
2026-08-14-편의점-라면으로-한-끼-대충-때우고-밥값-무서워-친구도-안-만나요,2026-08-14,편의점 라면으로 한 끼 대충 때우고 밥값 무서워 친구도 안 만나요,"물가가 오를수록 청년들의 한 끼가 가장 먼저 흔들리고 있어요. 아르바이트로 생활비를 충당하는 20대는 끼니를 대충 때우거나 거르는 일이 잦아지고 있어요. 청년들의 식생활, 실제로 얼마나 부실해졌을까요?",,,사회,사회일반,분류없음,,
2026-08-14-유가-하락에-도매물가도-완화-S-P500-최고치-또-경신,2026-08-14,유가 하락에 도매물가도 완화 S&P500 최고치 또 경신,"뉴욕 증시가 국제 유가 하락과 인플레이션 압력 완화에 힘입어 일제히 상승했어요. S&P500지수는 사상 최고치를 다시 경신했어요. 유가는 왜 떨어졌고, 증시엔 어떤 영향을 줬을까요?",,,시그널,해외증시,분류없음,,
2026-08-14-삼성전자-애플도-AI-안경-출사표-던졌는데-점점-커지는-사법-리스크,2026-08-14,"삼성전자, 애플도 'AI 안경' 출사표 던졌는데 점점 커지는 사법 리스크","독일 시민단체가 AI 안경 관련 업체들을 형사고발했어요. 메타의 AI 안경이 디지털 개인정보 보호법을 위반했다는 주장이에요. 삼성전자와 애플도 이 시장에 출사표를 던진 상황이에요. 이 사법 리스크, 시장 확대에도 영",,,산업,대기업,분류없음,,
2026-08-14-올해-가계대출-공급-여력-30兆-증액-주택금융-숨통,2026-08-14,"올해 가계대출 공급 여력 30兆 증액, 주택금융 '숨통'",정부가 올해 가계대출 공급을 30조 원 추가로 늘려요. 다만 수도권 비거주 1주택자는 전세대출을 원칙적으로 금지해요. 왜 확대와 규제를 동시에 하는 걸까요?,,,금융,은행,분류없음,,
2026-08-14-속보-트럼프-외국-조선소서-함정-2척까지-건조-조건부-허용,2026-08-14,"[속보] 트럼프, 외국 조선소서 함정 2척까지 건조 조건부 허용",트럼프 미국 대통령이 외국 조선소에서 함정을 2척까지 건조하는 방안을 조건부로 허용했어요. '미 해군과 조선산업 기반 재건'이라는 각서에 서명했어요. 왜 이런 예외적인 조건을 내걸었을까요?,,,국제,미국·중남미,분류없음,,
2026-08-14-퀸-엘리자베스-우승자-파가노-전설의-카잘스-들고-내한,2026-08-14,"퀸 엘리자베스 우승자 파가노, 전설의 '카잘스' 들고 내한","올해 퀸 엘리자베스 콩쿠르 첼로 부문 우승자 에토레 파가노가 오는 9월 12일 서울에서 무반주 첼로 리사이틀을 열어요. 전설적 첼리스트 파블로 카잘스가 쓰던 명기를 그대로 들고 무대에 올라요. 이 젊은 첼리스트, 어",,,문화,전시·공연,분류없음,,
2026-08-14-구글-검색에-샘-올트먼-오픈AI-CEO-사망-오류-소동,2026-08-14,구글 검색에 '샘 올트먼 오픈AI CEO 사망' 오류 소동,"구글이 샘 올트먼 오픈AI CEO가 사망한 것으로 잘못 표기해 소동을 빚었어요. 12일 검색 결과 페이지에 그가 당일 사망한 것처럼 표기됐어요. 이 오류, 왜 하필 이렇게 생겼을까요?",,,산업,중기·IT,분류없음,,
2026-08-14-노틸러스-관세-52-5-포드-2030년부터-中-생산-접고-美로,2026-08-14,"노틸러스 관세 52.5%, 포드 2030년부터 中 생산 접고 美로",포드자동차가 2030년부터 링컨 일부 모델의 생산지를 중국에서 미국으로 이전해요. 앞서 GM도 비슷한 이유로 뷰익 엔비전 생산지를 옮기기로 했어요. 왜 두 회사 모두 이렇게 서둘러 생산지를 바꿀까요?,,,국제,미국·중남미,분류없음,,
2026-08-14-미국發-반도체-랠리에-삼성그룹-시총-2000조-탈환,2026-08-14,미국發 반도체 랠리에 삼성그룹 시총 2000조 탈환,"삼성그룹이 시가총액 2000조 원을 다시 넘어섰어요. 미국 반도체·AI 인프라 관련주가 강세를 보이면서 국내 증시에도 훈풍이 이어졌어요. 삼성그룹 시총, 그동안 어떤 일을 겪었을까요?",,,시그널,국내증시,분류없음,,
2026-08-14-카카오맵-독도-인증-땐-815원-기부-광복절-캠페인-진행,2026-08-14,"카카오맵, '독도 인증' 땐 815원 기부, 광복절 캠페인 진행",카카오가 광복절을 앞두고 독도의 의미를 되새기는 '독도를 기억해' 캠페인을 15일까지 진행해요. 이용자가 간단한 미션을 완료하면 카카오가 815원씩 기부해요. 어떻게 참여하면 기부로 이어질까요?,,,산업,중기·IT,분류없음,,
2026-08-14-대동그룹-레인보우로보틱스와-농업-로봇-애그로이드-공동-개발-추진,2026-08-14,"대동그룹, 레인보우로보틱스와 농업 로봇 '애그로이드' 공동 개발 추진","대동그룹이 레인보우로보틱스와 손잡고 농업용 휴머노이드 로봇 '애그로이드' 상용화를 위한 공동 개발을 추진해요. 이미 토마토 수확 등 실제 농작업 테스트가 진행 중이에요. 이 로봇, 정확히 어떻게 만들어지고 있을까요?",,,산업,기업일반,분류없음,,
2026-08-14-환율-유가-하락에-수입물가-2개월째-하락-수출물가는-28년만-최고폭,2026-08-14,"환율·유가 하락에 수입물가 2개월째 하락, 수출물가는 28년만 최고폭↑","지난달 수입물가는 환율과 국제 유가 하락에 2개월 연속 떨어졌어요. 반면 수출물가지수는 전년 동월 대비 49.1% 올라 28년 4개월 만에 최고폭으로 상승했어요. 수입과 수출 물가, 왜 반대로 움직였을까요?",,,경제,경제분석,분류없음,,
2026-08-14-백악관-中-라벨갈이로-관세-회피-경기도-반도체-벨트-지목,2026-08-14,"백악관 ""中, 라벨갈이로 관세 회피"" 경기도 반도체 벨트 지목",미국 백악관이 중국이 관세를 피하기 위해 40여 개국을 거쳐 미국으로 수출하는 '그림자 환적 네트워크'를 지적했어요. 한국의 경기도 반도체 벨트도 잠재적 유통 경로로 지목됐어요. 왜 하필 경기도가 지목됐을까요?,,,경제,통상,분류없음,,
2026-08-14-현대차-삼성-생존-동맹-영역-확장-배터리-자율주행칩-IoT-로봇까지,2026-08-14,"현대차-삼성, '생존 동맹' 영역 확장, 배터리·자율주행칩·IoT·로봇까지","현대차그룹과 삼성그룹의 협력이 배터리·반도체를 넘어 로봇, 소프트웨어까지 전방위로 확대되고 있어요. 올해 출시될 제네시스 GV90에는 삼성SDI 배터리가 처음 탑재돼요. 두 그룹, 왜 이렇게 손을 넓게 잡고 있을까요",,,산업,대기업,분류없음,,
2026-08-14-쏘카-테슬라-800대-더-늘린다-전기차-비중-14-로,2026-08-14,"쏘카, 테슬라 800대 더 늘린다 전기차 비중 14%로","쏘카가 전체 운영 차량 중 전기차 비중을 연말까지 14%로 끌어올려요. 특히 테슬라 모델Y를 800여대 추가 도입할 계획이에요. 왜 쏘카는 전기차를, 그것도 테슬라를 이렇게 늘릴까요?",,,산업,기업일반,분류없음,,
2026-08-13-4억-비아파트-청년-정책대출에-오피스텔만-사라는-거냐-냉담,2026-08-13,"4억 비아파트 청년 정책대출에 ""오피스텔만 사라는 거냐"" 냉담","정부가 만 39세 이하 청년이 저금리로 오피스텔·빌라 등 비아파트를 살 수 있도록 정책 모기지를 출시해요. 다만 청년층의 실제 주거 선호와 거리가 있다는 비판도 나오고 있어요. 어떤 지원이고, 왜 반응이 엇갈릴까요?",,,부동산,정책,분류없음,,
2026-08-13-李대통령-선택적-모병제-도입-내년-제도-시행-예정,2026-08-13,"李대통령 ""선택적 모병제 도입"" 내년 제도 시행 예정","이재명 대통령이 13일 선택적 모병제 도입을 통한 '스마트 정예 강군' 전환을 주문했어요. 정부는 연내 로드맵을 만들어 내년부터 제도를 시행할 방침이에요. 선택적 모병제, 정확히 뭘 바꾸겠다는 걸까요?",,,정치,청와대,분류없음,,
2026-08-13-철강-석화-AI-반도체-특수로-불황-뚫었다,2026-08-13,철강·석화 'AI·반도체 특수'로 불황 뚫었다,업황 부진에 시달리던 국내 철강·석유화학 업계가 AI 인프라 수요를 발판 삼아 재도약을 꾀하고 있어요. 사업 구조를 AI·반도체와 전력 인프라 중심으로 재편하는 움직임이 이어져요. 철강·화학 업계는 왜 갑자기 살아났,,,산업,기업일반,분류없음,,
2026-08-13-삼성생명-화재-실적-날았다-나란히-상반기-최대-순익,2026-08-13,"삼성생명·화재 실적 날았다, 나란히 상반기 최대 순익","삼성생명과 삼성화재가 올 상반기 나란히 IFRS17 도입 이후 반기 기준 최대 순이익을 기록했어요. 배당수익 증가와 보험손익 개선이 각각 실적을 끌어올렸어요. 두 회사, 무엇이 실적을 이렇게 끌어올렸을까요?",,,금융,보험,분류없음,,
2026-08-13-해치텍-청약-경쟁률-25대-1-증거금-739억-유입,2026-08-13,"해치텍, 청약 경쟁률 25대 1, 증거금 739억 유입","반도체 센서 IC 팹리스 회사 해치텍이 일반 청약 경쟁률 25대 1로 마무리했어요. 같은 날 청약을 끝낸 니어스랩(530대 1)과 비교하면 흥행 성과가 저조한 모습이에요. 두 회사, 무엇이 이렇게 갈랐을까요?",,,시그널,국내증시,분류없음,,
2026-08-13-스페이스X-그록-재평가에-우주ETF도-떴다,2026-08-13,스페이스X '그록' 재평가에 우주ETF도 떴다,스페이스X가 AI 경쟁력 강화에 힘입어 주가 반등에 성공하면서 스페이스X를 편입한 국내 우주항공 ETF도 두 자릿수 상승률을 기록했어요. 우주항공 기업 주가가 왜 AI 소식에 움직였을까요?,,,시그널,펀드·채권,분류없음,,
2026-08-12-N-성과급-논란-삼전하닉-노조-뭉친다,2026-08-13,'N% 성과급' 논란 삼전하닉 노조 뭉친다,"서울경제신문에 따르면, SK하이닉스 생산직과 기술사무직을 아우르는 통합노동조합 출범이 임박했어요.

성과급을 현금으로 계속 지급해달라는 게 핵심 요구고, 이 과정에서 삼성전자 노조와도 연대를 모색하고 있대요.

경쟁",,,사회,노동·고용,분류없음,,
2026-08-12-청계천서-캔맥주-마시면-과태료-10만원,2026-08-13,청계천서 캔맥주 마시면 과태료 10만원,"서울시가 청계천 전 구간을 금연·금주구역으로 지정하고 이르면 올해 하반기부터 과태료를 물리기로 했어요.

그동안은 음주·흡연이 금지돼 있어도 처벌할 법적 근거가 없었거든요.

왜 갑자기 단속을 강화하기로 한 걸까요?",,,사회,지방자치,분류없음,,
2026-08-12-혁신-미룬-유럽車-삼키는-中-공급망-투자-2-5배-늘렸다,2026-08-13,혁신 미룬 유럽車 삼키는 中... 공급망 투자 2.5배 늘렸다,"중국이 유럽 자동차 부품 업체를 잇달아 인수하며 공급망 지배력을 넓히고 있어요. 완성차 업체가 사업 재편을 미루는 사이, 먼저 어려워진 협력 업체들이 중국 손에 넘어가고 있어요.

왜 이런 일이 벌어지고 있을까요?",,,국제,유럽,분류없음,,
2026-08-13-UCL-우승팀-PSG-UEL-우승-애스턴-빌라-제압-슈퍼컵-2연패,2026-08-13,"'UCL 우승팀' PSG, 'UEL 우승' 애스턴 빌라 제압...슈퍼컵 2연패","파리 생제르맹이 애스턴 빌라를 2-1로 꺾고 2026 UEFA 슈퍼컵 2연패를 달성했어요. 챔피언스리그 우승팀과 유로파리그 우승팀이 맞붙은 경기였어요. 경기는 어떻게 흘러갔고, 결정적 순간은 무엇이었을까요?",,,문화,문화일반,분류없음,,
2026-08-13-삼전-대신-삼성전기-모건스탠리-톱픽-교체-목표가-262만-원으로,2026-08-13,"""삼전 대신 삼성전기""...모건스탠리, 톱픽 교체·목표가 262만 원으로↑","모건스탠리가 국내 기술주 최선호주를 삼성전자에서 삼성전기로 교체했어요. AI 데이터센터 투자 확대로 MLCC와 반도체 기판 수요가 늘면서 이익 체력이 높아질 거란 판단이에요. 왜 하필 지금, 삼성전기로 바꾼 걸까요?",,,시그널,국내증시,분류없음,,
2026-08-12-서울시-주말-공휴일-한강버스-요금-인상-검토-무료-셔틀은-종료,2026-08-13,"서울시, 주말·공휴일 한강버스 요금 인상 검토...무료 셔틀은 종료","서울시가 한강버스 요금을 주말·공휴일에 한해 인상하는 방안을 검토하고 있어요. 이와 별개로 선착장과 지하철역을 오가던 무료 셔틀버스는 이달부터 운행이 중단됐어요.

요금은 왜 바뀌려 하고, 셔틀은 왜 멈춘 걸까요?",,,사회,지방자치,분류없음,,
2026-08-13-가을-날씨-너무-좋아-했는데-태풍-13개-남았다-아시아에-역대급-태풍-시즌-온다,2026-08-13,"""가을 날씨 너무 좋아"" 했는데 태풍 13개 남았다... 아시아에 '역대급 태풍 시즌' 온다","올해 북서태평양 태풍 활동이 관측 이래 손꼽힐 정도로 활발해질 것이란 전망이 나왔어요. 중국·일본은 이미 태풍 영향을 받았지만, 한국은 아직 직접 상륙한 태풍이 없어요. 왜 이렇게 태풍이 많아졌고, 한국은 어떻게 비",,,사회,사회일반,분류없음,,
2026-08-12-오늘-밤-별똥별-시간당-100개-쏟아집니다,2026-08-13,오늘 밤 별똥별 시간당 100개 쏟아집니다,"매년 8월 중순 절정을 이루는 페르세우스자리 유성우가 12일 밤하늘을 수놓아요.

올해는 달빛에 묻히지 않는 최적의 조건이라 유성우를 더 잘 즐길 수 있어요.

언제, 어떻게 봐야 가장 잘 보일까요?",,,문화,문화일반,분류없음,,
2026-08-12-기아-6년-만에-파업-위기-현대차그룹-하투-비상,2026-08-13,"기아 6년 만에 파업 위기, 현대차그룹 하투 '비상'","현대차 노조가 12일 추가 파업을 강행한 가운데 기아 노조도 하투를 본격화할 조짐을 보이고 있어요. 기아 노조가 파업에 돌입하면 2021년부터 이어온 5년 연속 무분규 기록이 깨지게 돼요.

기아 노조는 왜 이번엔 ",,,산업,대기업,분류없음,,
2026-08-13-정기선-빌게이츠-SMR-깐부-7개월-만에-다시-만난다,2026-08-13,정기선·빌게이츠 'SMR 깐부' 7개월 만에 다시 만난다,HD현대 회장과 게이츠재단 이사장이 14일 방한을 계기로 만나 소형모듈원전(SMR) 협력 방안을 논의할 전망이에요. 올해 1월 다보스포럼에서 만난 지 7개월 만이에요. 두 사람은 그동안 어떤 협력을 이어왔을까요?,,,산업,대기업,분류없음,,
2026-08-12-김승연-한화-회장-임직원-6-9만-명에-보양식-선물,2026-08-13,"김승연 한화 회장, 임직원 6.9만 명에 보양식 선물","김승연 한화그룹 회장이 국내 임직원 6만 9000여 명 전원에게 보양식을 선물해요. 30억여 원의 비용은 김 회장의 사재로 마련했어요.

김 회장은 왜, 어떤 마음으로 이 선물을 준비했을까요?",,,산업,기업인,분류없음,,
2026-08-12-넥슨-PC-오버워치-국내-서비스-실시,2026-08-13,"넥슨, PC '오버워치' 국내 서비스 실시","넥슨이 블리자드의 인기 FPS 게임 '오버워치'의 국내 PC 서비스를 12일부터 시작해요. 한국 시장에 특화된 라이브 서비스와 운영 역량을 앞세워 서비스를 확대한다는 계획이에요.

바뀐 건 서비스뿐일까요, 게임 안에",,,산업,중기·IT,분류없음,,
2026-08-12-삼전닉스-7-대-급등-코스피-23번째-매수-사이드카,2026-08-13,"삼전닉스 7%대 급등, 코스피 23번째 매수 사이드카","한국거래소에 따르면, 12일 삼성전자와 SK하이닉스가 나란히 7%대 급등하며 코스피가 장중 6600선을 넘어섰어요. 외국인과 기관이 동시에 순매수에 나서면서 올해 23번째 매수 사이드카까지 발동됐어요.

무엇이 반도",,,시그널,국내증시,분류없음,,
2026-08-12-하나카드-나라사랑카드-광복절-맞아-이벤트,2026-08-13,"하나카드, '나라사랑카드' 광복절 맞아 이벤트","하나카드가 광복절을 기념해 나라사랑카드 손님 대상 특별 이벤트를 진행해요. '815 캐시백 이벤트'와 'AI 구독 지원 이벤트'를 함께 마련했어요.

각각 어떤 혜택이고, 어떻게 받을 수 있을까요?",,,금융,카드,분류없음,,
2026-08-12-성과급-주식-말고-현금으로-달라-1만8000명-모으는-SK하이닉스-새-노조-뜬다,2026-08-13,"""성과급 주식 말고 현금으로 달라"" 1만8000명 모으는 SK하이닉스 새 노조 뜬다","SK하이닉스에서 생산직과 기술·사무직을 하나로 묶은 새 노동조합 '통합노동조합'이 출범을 앞두고 있어요. 여러 노조로 흩어졌던 교섭력을 모아 과반 조합원을 확보하겠다는 목표예요.

기존 노조와는 뭐가 다르고, 무엇을",,,사회,노동·고용,분류없음,,
2026-08-12-카드빚-내고-지인에게-손-벌려-생활비-대는-美-가정들,2026-08-13,카드빚 내고 지인에게 손 벌려 생활비 대는 美 가정들,"USA투데이에 따르면, 미국의 고물가 흐름이 이어지면서 카드빚과 지인에게 빌린 돈으로 생활비를 메우는 가정이 늘고 있어요. 옴니센드 조사에서 응답자의 30%가 완납이 어려운 줄 알면서도 필수 지출에 신용카드를 썼다고",,,국제,미국·중남미,분류없음,,
2026-08-12-살-빼려고-먹었는데-체지방-폭탄-다이어트-식단-뒤흔든-이-식품,2026-08-13,"살 빼려고 먹었는데 체지방 폭탄, 다이어트 식단 뒤흔든 '이 식품'?","다이어트를 위해 고른 식품이 오히려 체지방을 늘리는 요인이 될 수 있다는 연구 결과가 나왔어요. 성분표 확인이 중요하다는 지적이에요.

어떤 실험이 이런 결론을 이끌었을까요?",,,사회,사회일반,분류없음,,
2026-08-13-한강에-8m-붉은-기린이-온다-서울거리예술축제-9월-개막,2026-08-13,"한강에 8m 붉은 기린이 온다, 서울거리예술축제 9월 개막","서울거리예술축제가 올해 처음 한강으로 무대를 옮겨요. 9월 19~20일 뚝섬한강공원과 서울숲에서 열리며, 5개국 해외 작품과 국내 작품 등 총 20개 작품이 공연돼요. 한강에서는 어떤 공연들을 볼 수 있을까요?",,,문화,전시·공연,분류없음,,
2026-08-12-월가-뒤흔든-25세-천재가-쓸어담은-이-종목,2026-08-13,월가 뒤흔든 '25세 천재'가 쓸어담은 '이 종목',"지난달 청산 위기까지 몰렸던 AI 헤지펀드가 일본 전자부품 업체 다이요 유덴 지분을 대거 사들인 것으로 확인됐어요. 지분율은 7월 중순 기준 11.62%까지 올랐어요.

왜 위기를 넘기자마자 다시 공격적으로 베팅했을",,,시그널,해외증시,분류없음,,
2026-08-13-현대차-회장이-직접-코딩-공부한-이유-IT기업보다-더-IT기업-같게,2026-08-13,"현대차 회장이 직접 코딩 공부한 이유 ""IT기업보다 더 IT기업 같게""","현대자동차그룹이 AX(인공지능 전환) 성과를 공개하며 디지털 기업으로의 변모를 선언했어요. 정의선 회장이 직접 코딩 교육을 받은 사실도 함께 알려졌어요. 회장은 왜 직접 코딩을 배웠고, 실제 성과는 어땠을까요?",,,산업,대기업,분류없음,,
2026-08-12-北-한미훈련-앞두고-6일만에-또-탄도미사일-700km-이상-비행,2026-08-13,"北, 한미훈련 앞두고 6일만에 또 탄도미사일... 700km 이상 비행","서울경제신문에 따르면, 북한이 한미 연합훈련을 앞두고 6일 만에 다시 탄도미사일을 발사했어요.

700km 이상 비행했는데, 합참은 이례적으로 '단거리'라고 명시하지 않았어요.

왜 이번엔 탄종을 밝히지 않은 걸까요",,,정치,통일·외교·안보,분류없음,,
2026-08-13-AI가-BTS도-이겼다고-AI-작곡-앱-수노-몸값-50억-弗-넘겼다,2026-08-13,"""AI가 BTS도 이겼다고?""... AI 작곡 앱 수노, 몸값 50억 弗 넘겼다","AI로 노래를 만들어주는 스타트업 수노가 기업가치 50억 달러를 넘기며 AI 음악 시장 선두로 올라섰어요. 동시에 글로벌 음반사들과의 저작권 소송도 이어지고 있어요. 이렇게 많은 곡이 만들어지는데, 왜 실제로 듣는 ",,,국제,미국·중남미,분류없음,,
2026-08-13-뉴욕-증시-무난한-CPI에-보합-AI-인프라-호실적-반도체주-강세,2026-08-13,"뉴욕 증시, 무난한 CPI에 보합 'AI 인프라 호실적' 반도체주 강세",7월 CPI가 예상치에 부합했음에도 뉴욕 증시는 보합권에서 마감했어요. 다만 반도체 관련주는 AI 인프라 기업들의 호실적에 힘입어 크게 올랐어요. 왜 반도체만 이렇게 두드러지게 움직였을까요?,,,시그널,해외증시,분류없음,,
2026-08-12-신입-채용문-다시-열리나-상반기-신입-공고-13-증가,2026-08-13,"신입 채용문 다시 열리나, 상반기 신입 공고 13% 증가","잡코리아에 따르면, 올해 상반기 신입직 채용 공고가 전년 동기 대비 13% 증가했어요.

화장품·반도체 등 업황이 개선된 업종을 중심으로 신입 공고가 늘면서 채용 시장이 회복되는 모습이에요.

어떤 업종에서, 얼마나",,,사회,노동·고용,분류없음,,
2026-08-12-구광모-젠슨-황-회동-기대에-LG전자-11-급등-20만-원-회복,2026-08-13,구광모·젠슨 황 회동 기대에 LG전자 11% 급등 20만 원 회복,"한국거래소에 따르면, LG전자가 12일 장중 11% 넘게 급등하며 20만 원선을 회복했어요. 구광모 LG그룹 회장과 젠슨 황 엔비디아 CEO의 회동을 앞두고 로봇·AI 인프라 협력 기대감이 커진 영향이에요.

두 사",,,시그널,국내증시,분류없음,,
2026-08-12-SK하이닉스-19조-베팅-낸드-공급망-대확장-2,2026-08-12,"SK하이닉스, 19조 베팅 낸드 공급망 대확장","다롄 범용 낸드·청주 HBF 투트랙  엔비디아·월가 710조 금융동맹, 반도체 수혜  블랙록, 국내 8개 종목 지분 확대 가속",,,산업,대기업,분류없음,,
2026-08-12-휴가-복귀-현대차-노조-12-18일-추가-파업-수위도-높였다,2026-08-12,"휴가 복귀 현대차 노조, 12~18일 추가 파업…수위도 높였다",■AI 프리즘 [신입 직장인 뉴스]  현대차 파업…누적 생산 차질 4만 2510대  이달 20일부터 돌봄 공백 시 분할 사용 가능  서울 노동자 22개 강좌 무료 수강 기회 열려,,,산업,대기업,분류없음,,
2026-08-12-2-2년-전세만기-1만건-집주인-실거주-전환-충격파,2026-08-12,‘2+2년’ 전세만기 1만건…집주인 실거주 전환 충격파,■AI 프리즘 [부동산 뉴스]  전세 매물 14% 급감…세입자 9만건 이주 위기  신축 분양가 5개월새 4억 급등…59㎡도 18억대  한은 금리 추가 인상 시사…보험대출 42조 돌파,,,부동산,부동산일반,분류없음,,
2026-08-12-카카오뱅크-주담대-접수가-마감되기까지-걸린-시간,2026-08-12,카카오뱅크 주담대 접수가 마감되기까지 걸린 시간,"11일 금융권에 따르면, 카카오뱅크는 최근 오전 6시 주택담보대출 접수를 시작하면 10분도 안 돼 일일 한도가 소진되고 있어요. 왜 이런 일이 벌어졌을까요? KB국민은행이 지난달 주담대 한도를 6억원에서 3억원으로 ",,,금융,은행,분류없음,,
2026-08-11-우리-아파트-변압기는-몇-살일까-폭염-정전의-진짜-원인-2,2026-08-11,우리 아파트 변압기는 몇 살일까? 폭염 정전의 진짜 원인,,,,,,분류없음,,
2026-08-11-우리-아파트-변압기는-몇-살일까-폭염-정전의-진짜-원인,2026-08-11,우리 아파트 변압기는 몇 살일까? 폭염 정전의 진짜 원인,,,,,,분류없음,,
2026-08-11-SK하이닉스-성과급-갈등-통합노조-출범,2026-08-11,"SK하이닉스, 성과급 갈등, 통합노조 출범","K하이닉스에서 성과급 갈등을 해결하기 위해 통합노조 설립이 추진됩니다. 기존 노조와의 차별점과 임직원들의 반응을 웹툰으로 만나보세요. 3,500명 이상이 참여한 이번 변화의 흐름을 확인해보세요",,,산업,대기업,분류없음,,
2026-08-11-KAIST-AI-데이터센터-건립,2026-08-11,"KAIST, AI 데이터센터 건립!",KAIST가 대전 본원에 AI 데이터센터를 건립하며 AI와 기초과학의 융합 연구를 강화합니다. 글로벌 AI 선도 대학으로 도약하기 위한 KAIST의 전략을 웹툰으로 만나보세요,,,사회,교육,분류없음,,
2026-08-11-Chat-GPT와-함께하는-어도비의-혁신,2026-08-11,Chat GPT와 함께하는 어도비의 혁신,"어도비가 챗GPT와 손을 잡고 소프트웨어 시장에서 새로운 길을 모색합니다. AI와의 협력을 통해 어떤 혁신을 이뤄낼지, 그리고 다른 기업들은 어떻게 대응하고 있는지 알아보세요. 흥미진진한 AI 협력의 현장을 웹툰으로",,,산업,중기·IT,분류없음,,
2026-08-11-스타트업과-대기업의-협력-혁명,2026-08-11,스타트업과 대기업의 협력 혁명,"한국경제인협회가 창업팀 100개 육성 프로젝트를 시작합니다. 창업 생태계를 민간 중심으로 활성화하고, 스타트업과 대기업 간의 혁신적인 협력을 통해 새로운 미래를 만들어 갑니다. 웹툰으로 만나는 창업과 도전의 이야기,",,,산업,기업일반,분류없음,,
2026-08-11-2030세대-여행의-새로운-정의,2026-08-11,"2030세대, 여행의 새로운 정의","2030세대의 취향과 관계를 중시하는 새로운 여행 플랫폼, '지구놀이터'의 혁신적인 접근을 만나보세요. 설문과 투표로 맞춤형 테마 여행을 기획하고, 참가자들 간의 유대감을 형성하는 특별한 경험을 제공합니다. 성장하는",,,문화,여행·레저,분류없음,,
2026-08-11-정부와-민주당-세제개편안의-끝은,2026-08-11,"정부와 민주당, 세제개편안의 끝은?","정부의 세제개편안에 대한 뜨거운 반발이 계속되고 있습니다. 실제 거주 요건 확대부터 장특공제 폐지 논란까지, 첨예한 쟁점들이 가득한 이번 사안의 전말을 8컷 웹툰으로 만나보세요. 현장의 목소리와 정치권의 대응을 생생",,,경제,세금·재정,분류없음,,
2026-08-11-롯데와-HD현대-대산공장-대변혁,2026-08-11,"롯데와 HD현대, 대산공장 대변혁",롯데와 HD현대가 손잡고 국내 석유화학 업계의 첫 자율 구조조정 사례를 만들어갑니다. 110만톤의 NCC 설비 합병과 함께 정부의 2조 1000억 원 지원까지! 새로운 신설법인의 탄생 비화를 지금 확인하세요,,,산업,대기업,분류없음,,
2026-08-11-SK와-KKR-미래-에너지의-선두주자,2026-08-11,"SK와 KKR, 미래 에너지의 선두주자",K와 KKR이 손잡고 아시아 최대 재생에너지 기업을 출범합니다. 2031년까지 10GW 전력 설비를 목표로 하는 이 합작 법인은 신재생에너지 산업의 판도를 바꿀 것입니다. 미래 에너지를 선도할 이들의 협력을 웹툰으로,,,산업,투자·재무,분류없음,,
2026-08-11-현대차-신차-위기-파업의-그림자,2026-08-11,"현대차 신차 위기, 파업의 그림자","현대차의 신형 투싼 생산이 노동조합 파업으로 중단되며 신차 출시가 지연되고 있습니다. 임금 협상과 노사 갈등이 심화되는 가운데, 현대차의 실적 반등을 위한 해결책이 절실합니다. 현대차의 미래는 어떻게 될까요?",,,산업,대기업,분류없음,,
2026-08-11-커버드콜-ETF-지금-투자해야-할까,2026-08-11,"커버드콜 ETF, 지금 투자해야 할까?",변동성 높은 시장에서 주목받는 커버드콜 ETF! 안정적인 현금 흐름을 원하는 투자자들에게 인기를 끌고 있는 이 상품의 매력을 8컷 웹툰으로 만나보세요,,,시그널,펀드·채권,분류없음,,
2026-08-11-금리-동결에도-이자-부담-폭증,2026-08-11,금리 동결에도 이자 부담 폭증,국은행의 기준금리 동결에도 불구하고 가계대출 금리가 급등하며 서민들의 이자 부담이 커지고 있습니다. 주요국 채권금리 상승과 국내 대출 규제가 어떻게 작용했는지 알아보세요,,,금융,은행,분류없음,,
2026-08-11-외국인의-반도체-매도-그-이유는,2026-08-11,"외국인의 반도체 매도, 그 이유는?",외국인 투자자들이 국내 반도체 주식을 대량 매도하며 시장에 충격을 주고 있습니다. 그들이 매도한 이유와 앞으로의 주식 시장에 대한 전망을 8컷 웹툰으로 쉽게 풀어봅니다. 클릭하여 반도체 주식의 현재와 미래를 확인해보,,,시그널,국내증시,분류없음,,
2026-08-11-전기차-하이브리드보다-싸진-이유,2026-08-11,"전기차, 하이브리드보다 싸진 이유!","전기차의 가격이 하이브리드차보다 저렴해졌다! 배터리 가격 하락과 중국의 시장 장악이 가져온 자동차 산업의 변화를 만나보세요. 글로벌 자동차 업계의 전략 변화, 지금 확인하세요",,,산업,기업일반,분류없음,,
2026-08-11-금융위기-이후-최대-환율-변동,2026-08-11,금융위기 이후 최대 환율 변동,"환율 변동성이 금융위기 이후 가장 큰 폭으로 증가하고 있습니다. 변동의 원인부터 기업에 미치는 영향까지, 복잡한 경제 상황 속에서 환율의 향방을 함께 알아보세요",,,경제,경제분석,분류없음,,
2026-08-11-기준금리-동결-속-대출금리-상승의-비밀,2026-08-11,증시 속에서도 빛나는 종목들,세장에서도 빛을 발하는 종목들은 무엇일까요? 8월 증시의 흐름을 통해 숨은 강자들을 알아봅니다. 변동성 속에서도 반등을 모색하는 증시의 이면을 웹툰으로 확인하세요.,,,시그널,국내증시,분류없음,,
2026-08-11-틱톡으로-9배-매출-달성-미샤-북미-시장의-신화,2026-08-11,"틱톡으로 9배 매출 달성! 미샤, 북미 시장의 신화",틱톡샵에서 9배 매출을 올린 미샤의 비결은? 카디비의 영향력과 현지화 전략으로 북미 시장을 사로잡은 미샤의 성공 스토리를 만나보세요!,,,산업,유통·생활,분류없음,,
2026-08-11-신종-보이스피싱의-덫-당신도-위험하다,2026-08-11,"신종 보이스피싱의 덫, 당신도 위험하다!","상품권을 미끼로 한 신종 보이스피싱 수법이 기승을 부리고 있습니다. 당신의 계좌가 범죄의 도구로 악용될 수 있는 위험을 경고하며, 금융당국의 대처 방안과 함께 피해를 예방하는 방법을 소개합니다. 클릭하여 자세한 내용",,,금융,금융일반,분류없음,,
2026-08-11-오늘의-1면-네-개의-렌즈,2026-08-11,"📰 오늘의 1면, 네 개의 렌즈",,,,,,분류없음,,
2026-08-10-삼성-HBM4-수율-80-황금-수율-의-의미,2026-08-10,"삼성 HBM4 수율 80%, '황금 수율'의 의미","반년 전만 해도 60%를 밑돌던 삼성전자의 HBM4 수율이 80%를 넘었다.
업계가 '황금 수율'이라 부르는 기준이다. 삼성은 이 기세로 하반기 매출을
3배로 늘리겠다는 계획이고, SK하이닉스도 물량으로 맞선다. 진",,,산업,대기업,분류없음,,
2026-08-10-중국-청년-실업률-20-그리고-부정행위,2026-08-10,"중국 청년 실업률 20%, 그리고 부정행위","3082명을 뽑는 시험에 14만 명이 몰렸다. 그런데 그 성적마저 부정행위로
통째 무효 처리됐다. 중국 청년 실업률이 20%에 육박하는 가운데, 올해만
1270만 명의 졸업생이 취업 시장에 새로 뛰어든다.",,,국제,일본·중국,분류없음,,
2026-08-10-결혼-페널티-정부가-손본다,2026-08-10,"""결혼 페널티"" 정부가 손본다","결혼했다는 이유만으로 대출 한도가 줄어드는 '결혼 페널티'. 1인 가구는 7000만원까지 되는 대출이
맞벌이 신혼부부는 8500만원에 묶여버립니다. 정부가 이 소득 기준을 22개 과제로 손보겠다고
나섰는데, 확정안은",,,금융,금융일반,분류없음,,
2026-08-09-test3,2026-08-09,test3,,,,,,분류없음,,
2026-08-09-131313131313,2026-08-09,test3,,,,,,분류없음,,
2026-08-09-22323,2026-08-09,2232333331113313,,,,,,분류없음,,
2026-08-09-verify-nostore-20260809010121,2026-08-09,no-store 검증용 임시글 20260809010121,,,,,,분류없음,,
2026-08-09-3333131313,2026-08-09,3333131313,,,,,,분류없음,,
2026-08-09,2026-08-09,ㅏㅏ,,,,,,분류없음,,
2026-08-09-11111222,2026-08-09,11111222,,,,,,분류없음,,
2026-08-09-333,2026-08-09,33333333222,,,,,,분류없음,,
2026-08-08-2222,2026-08-08,222211,,,,,,분류없음,,
2026-08-08-22,2026-08-08,22,,,,,,분류없음,,
2026-08-08-상투일까-놓치는-걸까,2026-08-08,「상투일까 놓치는 걸까」,"투자를 시작하려던 한 사람이 ""지금 사도 될까""라는 흔한 망설임 앞에서 멈춰 선다. 그 앞에 두 가지 태도가 갈라진다 — 한 번에 크게 베팅하는 쪽과, 가격에 상관없이 정해진 금액만 꾸준히 나눠 사는 쪽. 후자의 방",,,시그널,증권일반,분류없음,,
2026-08-08-1년새-PEF-규제법-11개-외국계만-웃는다,2026-08-08,1년새 PEF 규제법 11개…외국계만 웃는다,"차입 한도 설정에 보수 공개 등
토종업체만 족쇄…역차별 논란",,,시그널,IB&Deal,분류없음,,
2026-08-08-숨-고르는-코스피-6300선-숨고르기-코스닥-6거래일-연속-상승,2026-08-08,숨 고르는 코스피 6300선 ‘숨고르기’… 코스닥 6거래일 연속 상승,"시초가 부근서 6300 사수 총력전
에코프로 등 2차전지 상승세 뚜렷
코스닥은 6거래일 연속 상승 가도",,,시그널,국내증시,분류없음,,
2026-08-07-신용점수-700점대인데-왜-대부업-문을-두드릴까요,2026-08-07,신용점수 700점대인데 왜 대부업 문을 두드릴까요?,"같은 사실, 네 가지 관점으로",,,금융,금융일반,분류없음,,
2026-08-07-카카오톡-대화방에서-배달-주문까지-하게-된다면,2026-08-07,카카오톡 대화방에서 배달 주문까지 하게 된다면,"같은 사실, 네 가지 관점으로",,,산업,중기·IT,분류없음,,
2026-08-07-중국-D램-점유율이-7-인데-왜-업계가-긴장할까요,2026-08-07,중국 D램 점유율이 7%인데 왜 업계가 긴장할까요?,"같은 사실, 네 가지 관점으로",,,산업,대기업,분류없음,,
2026-08-07-단-1주-거래로-시총-1100조-회사-주가가-30-빠질-수-있다고요,2026-08-07,단 1주 거래로 시총 1100조 회사 주가가 30% 빠질 수 있다고요?,"같은 사실, 네 가지 관점으로",,,시그널,국내증시,분류없음,,
2026-08-07-AI-LENS-데일리,2026-08-07,AI LENS 데일리,"같은 사실, 네 가지 관점으로",,,,,분류없음,,
2026-08-06-삼성전자와-삼성전자우-뭐가-다르길래-가격이-다를까,2026-08-07,"삼성전자와 삼성전자우, 뭐가 다르길래 가격이 다를까","같은 회사인데 종목이 두 개? 의결권과 배당, 무엇을 포기하고 무엇을 얻는지가 갈랐다.",,,시그널,증권일반,분류없음,,
2026-08-03-증시에도-산타가-선물을-주고-간다-산타-랠리의-정체,2026-08-07,증시에도 산타가 선물을 주고 간다? — 산타 랠리의 정체,"연말이면 어김없이 등장하는 이 용어, 진짜 근거가 있는 걸까.",,,시그널,증권일반,분류없음,,
2026-08-07-주가는-반토막인데-손해가-아니라고요-액면분할의-진짜-의미,2026-08-07,주가는 반토막인데 손해가 아니라고요? — 액면분할의 진짜 의미,"액면가 5000원짜리 1주가 500원짜리 10주가 돼도, 내 지갑 속 가치는 그대로다.",,,시그널,증권일반,분류없음,,
2026-08-04-아인슈타인이-인류-최고의-발명이라-부른-이자-계산법,2026-08-07,아인슈타인이 인류 최고의 발명이라 부른 이자 계산법,"같은 금액, 같은 기간을 맡겨도 계산법에 따라 만기 때 받는 돈이 달라진다.",,,금융,금융일반,분류없음,,
2026-08-05-하루-만에-반토막-날-수도-있는-ETF가-있다고,2026-08-07,하루 만에 반토막 날 수도 있는 ETF가 있다고?,지수가 33% 빠지면 손실은 100%가 될 수도 있다 — 레버리지 상품의 양날의 검.,,,시그널,펀드·채권,분류없음,,
2026-07-30-백종원의-이름값이-반토막-났다-더본코리아-주가가-말해주는-것,2026-08-07,백종원의 이름값이 반토막 났다 — 더본코리아 주가가 말해주는 것,잇단 논란 속에 더본코리아 주가가 상장 4개월 만에 반토막 났다,,,시그널,국내증시,분류없음,,
2026-07-25-10만-전자-꿈꾸다-5만-전자-로-삼성전자-위기론의-실체,2026-08-07,'10만 전자' 꿈꾸다 '5만 전자'로 — 삼성전자 위기론의 실체,어닝쇼크와 외국인 매도세가 겹치며 반도체 대장주의 위기설이 확산됐다,,,시그널,국내증시,분류없음,,
2026-08-06-경기는-식는데-물가는-오른다-미국을-덮친-S공포-의-정체,2026-08-07,경기는 식는데 물가는 오른다 — 미국을 덮친 'S공포'의 정체,"관세, 이민자 추방, 대규모 공무원 해고가 겹치며 스태그플레이션 우려가 커지고 있다",,,국제,미국·중남미,분류없음,,
2026-07-15-대통령이-연준-의장을-흔들자-주식-채권-달러가-동시에-흔들렸다,2026-08-07,"대통령이 연준 의장을 흔들자, 주식·채권·달러가 동시에 흔들렸다",'Sell USA' 현상이 보여준 것은 중앙은행 독립성이 흔들릴 때의 시장 반응이다,,,국제,미국·중남미,분류없음,,
2026-08-03-빌려서-판다-공매도-다시-열린-시장의-두-얼굴,2026-08-07,"빌려서 판다? 공매도, 다시 열린 시장의 두 얼굴",1년 넘게 금지됐던 공매도가 재개되며 증시 반등에 대한 기대와 우려가 동시에 나온다,,,시그널,국내증시,분류없음,,
2026-07-27-6시간의-계엄이-한국-경제에-남긴-청구서,2026-08-07,6시간의 계엄이 한국 경제에 남긴 청구서,짧았던 비상계엄 선포가 증시·환율·소비심리에 긴 그림자를 남겼다,,,경제,경제분석,분류없음,,
2026-08-05-복리의-마법이-끝난다-TR-ETF-시대는-왜-저물었나,2026-08-07,복리의 마법이 끝난다 — TR ETF 시대는 왜 저물었나,배당을 자동 재투자해주던 TR ETF가 과세 형평성 논란 속에 사실상 퇴장한다,,,시그널,펀드·채권,분류없음,,
2026-08-04-75년-동업이-깨졌다-고려아연-경영권-전쟁의-전말,2026-08-07,75년 동업이 깨졌다 — 고려아연 경영권 전쟁의 전말,사모펀드 MBK가 가세하며 고려아연과 영풍의 오랜 동업 관계가 돈의 전쟁으로 번졌다,,,산업,대기업,분류없음,,
2026-07-21-한국-주식은-팔고-한국-채권은-산다-외국인의-엇갈린-선택,2026-08-07,한국 주식은 팔고 한국 채권은 산다 — 외국인의 엇갈린 선택,안전자산 선호와 세계국채지수 편입 기대가 외국인의 한국 국채 매수세를 이끌고 있다,,,시그널,펀드·채권,분류없음,,
2026-07-31-9시부터-8시까지-주식-거래-시간이-두-배로-늘어난다,2026-08-07,"9시부터 8시까지, 주식 거래 시간이 두 배로 늘어난다",한국거래소 독점 체제가 깨지고 대체거래소 넥스트레이드가 문을 열었다,,,시그널,증권일반,분류없음,,
2026-07-24-5분-만에-우주-나이의-72조-배를-계산한다는-컴퓨터,2026-08-07,5분 만에 우주 나이의 72조 배를 계산한다는 컴퓨터,구글의 양자칩 공개로 뉴욕 증시에 양자컴퓨팅 랠리가 불붙었다,,,시그널,해외증시,분류없음,,
2026-08-07-테슬라만-흔들렸다-나머지-빅테크는-웃었다-3분기-실적-시즌-리포트,2026-08-07,"테슬라만 흔들렸다, 나머지 빅테크는 웃었다 — 3분기 실적 시즌 리포트","M7 실적 발표 시즌, 테슬라의 부진과 엔비디아의 기대가 증시 향방을 갈랐다",,,시그널,해외증시,분류없음,,
2026-07-26-코스피-시총을-넘어선-비트코인-어디까지-가나,2026-08-07,"코스피 시총을 넘어선 비트코인, 어디까지 가나",트럼프發 훈풍을 타고 비트코인이 사상 첫 9만 달러를 돌파했다,,,금융,가상자산,분류없음,,
2026-08-02-104-125-숫자로-보는-미중-관세-전쟁의-폭주,2026-08-07,"104%, 125%… 숫자로 보는 미중 관세 전쟁의 폭주",며칠 새 세 자릿수까지 치솟은 관세율이 세계 증시를 뒤흔들었다,,,경제,통상,분류없음,,
2026-07-28-모건스탠리-보고서-한-장에-흔들린-K반도체,2026-08-07,모건스탠리 보고서 한 장에 흔들린 K반도체,슈퍼사이클 기대가 채 가시기도 전에 다운사이클 경고가 시장을 덮쳤다,,,시그널,국내증시,분류없음,,
2026-07-17-가상자산-거래소-미국-증시의-얼굴-이-되다,2026-08-07,"가상자산 거래소, 미국 증시의 '얼굴'이 되다",코인베이스의 S&P500 편입이 암호화폐 주류화의 상징적 사건으로 꼽힌다,,,금융,가상자산,분류없음,,
2026-07-18-증시를-떠난-돈-결국-예금과-MMF로-숨었다,2026-08-07,"증시를 떠난 돈, 결국 예금과 MMF로 숨었다",박스권에 지친 투자자들이 안전한 곳으로 발길을 돌리고 있다,,,시그널,국내증시,분류없음,,
2026-07-22-24년-만에-5000만-원에서-1억-원으로-내-예금은-더-안전해질까,2026-08-07,24년 만에 5000만 원에서 1억 원으로 — 내 예금은 더 안전해질까,"예금자 보호 한도가 두 배로 오르지만, 혜택과 부작용이 함께 따라온다",,,금융,금융일반,분류없음,,
2026-07-16-펜타닐이-부른-관세-폭탄-진짜-목적은-메이드-인-아메리카,2026-08-07,"펜타닐이 부른 관세 폭탄, 진짜 목적은 '메이드 인 아메리카'",마약 문제를 명분으로 시작된 관세가 결국 미국 제조업 부흥이라는 본심을 드러냈다,,,경제,통상,분류없음,,
2026-07-14-9년-만에-드러난-청구서-홈플러스와-사모펀드의-명암,2026-08-07,"9년 만에 드러난 청구서, 홈플러스와 사모펀드의 명암",홈플러스의 기업회생절차가 사모펀드의 '먹튀' 논란에 다시 불을 지폈다,,,산업,유통·생활,분류없음,,
2026-07-29-미국과-일본-나란히-국채-금리-사상-최고치를-찍은-이유,2026-08-07,"미국과 일본, 나란히 국채 금리 사상 최고치를 찍은 이유",재정 적자 우려와 신용등급 강등이 겹치며 국가의 '빚 이자'가 뛰고 있다,,,국제,미국·중남미,분류없음,,
2026-08-01-붕어빵이-1000원이-된-이유-날씨에서-찾다,2026-08-07,"붕어빵이 1000원이 된 이유, 날씨에서 찾다",이상기후가 코코아·커피·배추·팥 가격을 끌어올리며 밥상 물가를 위협하고 있다,,,경제,경제일반,분류없음,,
2026-07-20-대만-달러가-이틀-만에-10-뛰자-원화도-덩달아-강세를-탔다,2026-08-07,"대만 달러가 이틀 만에 10% 뛰자, 원화도 덩달아 강세를 탔다",대만 생명보험사의 헤지 수요가 원화를 '대리 헤지' 통화로 끌어들였다,,,경제,경제일반,분류없음,,
2026-07-23-18년-만에-합의된-국민연금-더-내고-더-받는다는-것의-의미,2026-08-07,"18년 만에 합의된 국민연금, 더 내고 더 받는다는 것의 의미","보험료율은 9%에서 13%로, 소득대체율은 40%에서 43%로 손질됐다",,,사회,노동·고용,분류없음,,
2026-07-19-미국-M7이-주춤한-사이-중국-T10이-치고-올라왔다,2026-08-07,"미국 M7이 주춤한 사이, 중국 T10이 치고 올라왔다",딥시크 충격 이후 중국 기술주가 재평가되며 '중학개미'라는 말까지 나왔다,,,시그널,해외증시,분류없음,,
2026-08-07-현대차-CES에서-로봇-꺼냈습니다-ft-구글-손잡음,2026-08-07,현대차 CES에서 로봇 꺼냈습니다 (ft. 구글 손잡음),,,,산업,대기업,분류없음,,
2026-08-07-머스크가-베네수엘라에-스타링크-무료로-풀었다,2026-08-07,머스크가 베네수엘라에 스타링크 무료로 풀었다,,,,국제,미국·중남미,분류없음,,
2026-08-07-강남-85억-vs-칠곡-1-100만원-773배-차이-나는-대한민국-아파트,2026-08-07,"강남 85억 vs 칠곡 1,100만원... 773배 차이 나는 대한민국 아파트",,,,부동산,부동산일반,분류없음,,
2026-08-07-마두로-대통령-체포-단-3시간-숨은-핵심-조력자의-정체-PLTR,2026-08-07,마두로 대통령 체포 단 3시간...숨은 핵심 조력자의 정체ㄷㄷ(PLTR),,,,국제,미국·중남미,분류없음,,
2026-08-07-Korea-Just-Made-History-And-Wall-Street-Can-t-Look-Away,2026-08-07,Korea Just Made History — And Wall Street Can't Look Away,,,,시그널,국내증시,분류없음,,
2026-08-07-대통령-체포-섬-매입-국방비-2-000조-트럼프가-노리는-건-하나였습니다,2026-08-07,"대통령 체포, 섬 매입, 국방비 2,000조...트럼프가 노리는 건 하나였습니다",,,,국제,미국·중남미,분류없음,,
2026-08-07-552조-원의-현금-실탄-버핏은-이미-역대급-하락장-을-예견했다,2026-08-07,"552조 원의 현금 실탄, 버핏은 이미 '역대급 하락장'을 예견했다?",,,,시그널,해외증시,분류없음,,
2026-08-07-전세계-1억명이-봤는데-제작사는-하청-넷플릭스가-한국-방송계를-망치는-방법,2026-08-07,전세계 1억명이 봤는데 제작사는 '하청'? 넷플릭스가 한국 방송계를 망치는 방법,,,,문화,영화·미디어,분류없음,,
2026-08-06-금통위-문이-닫히다,2026-08-06,"금통위, 문이 닫히다","회의실 문이 닫히자 여섯 명의 목소리가 갈렸다. ""올린다""와 ""지켜보자"" 사이, 금리 인상의 첫 신호가 새어나온다.",,,금융,금융일반,분류없음,,
2026-08-05-가로주택정비-대출-조금만-늦어도-바로-회수된다고요,2026-08-06,"가로주택정비 대출, 조금만 늦어도 바로 회수된다고요?","오늘의 다른 시각 3가지도 함께 — 반도체 세제, AI 백악관 안전규범, 전기료·정년",,,부동산,정책,분류없음,,
2026-08-06-한은-금통위도-갈렸다-8월-금리-인상-가능성-커지나,2026-08-06,한은 금통위도 갈렸다…8월 금리 인상 가능성 커지나,,,,금융,금융일반,분류없음,,
2026-08-06-5만-가구-추가-공급대책-다음-주-발표,2026-08-06,‘5만 가구+α’ 추가 공급대책 다음 주 발표,,,,부동산,정책,분류없음,,
2026-08-06-파블로항공-드론-군집기술로-방산-항공시장-정조준,2026-08-06,"파블로항공, 드론 군집기술로 방산·항공시장 정조준",,,,산업,중기·IT,분류없음,,
2026-08-06-35세-미만-청년-자발적-퇴사해도-실업급여-지급-추진,2026-08-06,"35세 미만 청년, 자발적 퇴사해도 실업급여 지급 추진",,,,사회,노동·고용,분류없음,,
2026-08-05-테슬라-사업-분리설-머스크-논의한-적-없다,2026-08-05,테슬라 中사업 분리설…머스크 “논의한 적 없다”,,,,국제,미국·중남미,분류없음,,
2026-08-04-삼성전기-AI-MLCC-공장-조기가동-엔비디아-공급-늘린다,2026-08-05,"삼성전기, AI MLCC 공장 조기가동…엔비디아 공급 늘린다",,,,산업,대기업,분류없음,,
2026-08-04-삼성-HBM-계약의-비밀-가격-떨어져도-방어한다,2026-08-05,삼성 HBM 계약의 비밀…가격 떨어져도 방어한다,,,,산업,대기업,분류없음,,
2026-08-05-AI-어디까지-왔나-와-성능-격차-2-7-로-좁혔다,2026-08-05,中 AI 어디까지 왔나…美와 성능 격차 2.7%로 좁혔다,,,,국제,일본·중국,분류없음,,
2026-08-05-반도체-10년-새-4배-성장-삼성-SK-저가-공세-비상,2026-08-05,中 반도체 10년 새 4배 성장…삼성·SK 저가 공세 비상,,,,국제,일본·중국,분류없음,,
2026-08-05-엔화-방어-나섰다-28년-만의-공동-개입-확대,2026-08-05,美·日 엔화 방어 나섰다…28년 만의 공동 개입 확대,,,,국제,미국·중남미,분류없음,,
2026-08-05-스페이스X-상장-후폭풍-33조-공매도에-매도-압력-커진다,2026-08-05,스페이스X 상장 후폭풍…33조 공매도에 매도 압력 커진다,,,,시그널,해외증시,분류없음,,
2026-08-04-222222222,2026-08-04,222222222,,,,,,분류없음,,
2026-08-04-0-미팅-운영-가이드-사회자용,2026-08-04,## 0. 미팅 운영 가이드 (사회자용),## 0. 미팅 운영 가이드 (사회자용),,,,,분류없음,,
2026-08-04-adadad,2026-08-04,adadad,adadad,,,,,분류없음,,
2026-08-04-2222,2026-08-04,ㅁㅇㅁㅇ2,111,,,,,분류없음,,
2026-08-04-ad,2026-08-04,ad,adadad,,,,,분류없음,,
2026-09-18-삼성-북미-연구-수장에-스탠퍼드-석학-피지컬-AI-체제-전환,2026-09-18,"삼성 북미 AI 수장, 시리 만들던 사람에서 로봇 연구자로 바뀌었습니다 🦾",삼성리서치 북미 AI센터장에 니에블레스 스탠퍼드대 소장 시리 책임자 영입 2년만에 교체 로봇조직 신설 이어 R&D 재편,산업,대기업,산업,대기업,점검용,True,True
2026-09-13-임광현-몰라서-더-낸-부부-공동명의-종부세-돌려드리겠다,2026-09-13,"임광현 “몰라서 더 낸 부부 공동명의 종부세, 돌려드리겠다”",엑스(X)에 “올해 첫 시행”...납세자 맞춤 안내 강조 특례 신청·취소 유불리 국세청이 직접 비교해 분석 신청 유리 5700명·취소 유리 2900명 수치 제시해 과거 과다 납부 사례도 발굴해 환급 추진,금융·정책,금융일반,경제,세금·재정,점검용,False,False
2026-09-16-한성숙-총리-임신-9주-이하-임신중지-약물-단계적-도입-논의,2026-09-16,"한성숙 총리 “임신 9주 이하 임신중지 약물, 단계적 도입 논의”",“초기 2년 병원서 처방·조제…이후 약국조제 방식 전환”,문화,문화일반,정치,총리실,점검용,False,False
2026-10-01-경제-8월-산업활동동향-트리플-감소-자동차-공장이-멈춰-있던-달이었다고,2026-10-01,"8월 산업활동동향 트리플 감소, 자동차 공장이 멈춰 있던 달이었다고? 🏭",■데이터처 8월 산업활동동향 자동차 생산 6년6개월 만 최대폭 감소 전산업생산 -1.3%…소매판매도 두 달째↓ 설비투자 -9.5%로 석 달 만에 감소 전환 정부 “일시적 조정…9월 주요지표 반등”,산업,기업일반,경제,경제분석,점검용,False,False
2026-09-15-기관만-가던-IR-30일엔-누구나-들어간다,2026-09-15,"기관만 가던 IR, 30일엔 누구나 들어간다",개별 행사 한 데 모은 통합 IR 42개 기관·55개 상장사 참여 30일에는 개인 투자자 세미나 염승환 LS증권 이사 등 연사로 본지 인베스트포럼 후속 주간 개최,증시,국내증시,시그널,국내증시,점검용,True,True
2026-09-23-전기차-23만-대-돌파-그런데-1위는-상하이에서-실려-옵니다,2026-09-23,"전기차 23만 대 돌파, 그런데 1위는 상하이에서 실려 옵니다 🚢","■글로벌&국내 전기차 시장 톱아보기 국내 전기차, 7개월 만에 작년 연간 등록 대수 넘어 테슬라 모델 Y, 2위 기아 EV3 판매량의 두배 글로벌 판매도 중국 6개사가 62% 장악 업계 “국산 전기차 경쟁력 강화 시",산업,기업일반,산업,대기업,점검용,True,False
2026-10-03-금융-증권사-전산사고-113건-내가-조회-못-한-그-1분도-배상-대상이라고,2026-10-03,"증권사 전산사고 113건, 내가 조회 못 한 그 1분도 배상 대상이라고? 📵","종투사 10곳서 고객 1만 9055명 피해 절반 이상 프로그램 오류…키움, 38억 최다 올해는 한투가 전체 배상액의 64% 차지",증시,증권일반,시그널,증권일반,점검용,True,True
2026-09-27-레고랜드-4년-100위-밖-건설사-PF-잔액은-6조에서-5-000억이-됐습니다,2026-09-27,"레고랜드 4년, 100위 밖 건설사 PF 잔액은 6조에서 5,000억이 됐습니다 🧱",■레고랜드發 돈맥경화에 중소 건설사 위기 100위밖 업체 PF 10분의1로 급감 초기 개발 위한 자금줄도 꽉 막혀 “실제 조달금리 완화 등 대책 필요”,부동산,부동산일반,부동산,건설업계,점검용,True,False
2026-10-06-금융-저축은행-보안-인증-1-000만-명-정보-다루는데-받은-곳이-0곳이라고,2026-10-06,"저축은행 보안 인증, 1,000만 명 정보 다루는데 받은 곳이 0곳이라고? 🔓",274개 금융사 중 ISMS-P 보유 14.6% 저축銀·4대 상호금융 중앙회는 ‘0곳’ 1000만 고객 다루지만 보안인력 한 자릿수 “공동 취약점 진단·전문인력 지원 필요”,금융·정책,은행,금융,금융일반,점검용,True,False
2026-10-01-산업-대한항공-영종-MRO-클러스터-엔진-정비가-88대에서-502대로-늘어난다,2026-10-01,"대한항공 영종 MRO 클러스터, 엔진 정비가 88대에서 502대로 늘어난다 🔧",6개 기관 9월 30일 투자·입주 협약 2031년 엔진 정비 502대로 5배↑ 2000명 이상 고용…고부가가치 전환,산업,기업일반,산업,대기업,점검용,True,False
2026-09-18-발표-당일-환율은-1382원까지-올랐습니다,2026-09-18,"발표 당일, 환율은 1382원까지 올랐습니다",,국제,미국·중남미,,,점검용,False,False
2026-09-18-오름테라퓨틱-BMS-ORM-6151-개발-중단에-하한가-Why바이오,2026-09-18,"오름테라퓨틱, 받기로 한 8000만 달러가 날아가면서 하한가를 쳤습니다 🧬",전일 종가 대비 29.96% 하락 DAC 플랫폼 검증 지연 불가피,증시,국내증시,산업,바이오,점검용,False,False
2026-09-21-환자-85명-어깨-MRI-결과가-나온-날-인벤테라-주가는-상한가를-찍었습니다,2026-09-21,"환자 85명 어깨 MRI 결과가 나온 날, 인벤테라 주가는 상한가를 찍었습니다 💉",NEMO-103주 영상 품질 유의하게 개선 어깨 관절질환 환자 85명 대상 3상 회사 “결과 토대로 식약처 품목허가 신청”,증시,국내증시,산업,바이오,점검용,False,False
2026-09-11-422억-매도-계획-사흘-만에-99-가-끝났다,2026-09-11,"422억 매도 계획, 사흘 만에 99%가 끝났다",약 233억 규모 …유동성 확보 차원,산업,투자·재무,시그널,국내증시,점검용,False,False
2026-09-15-증권사-개인종합자산관리계좌-ISA-가입자가-989만-8-127명이-됐습니다-2026년-7월-말-기준입니다,2026-09-15,"증권사 개인종합자산관리계좌(ISA) 가입자가 989만 8,127명이 됐습니다. 2026년 7월 말 기준입니다",7월 말 가입자수 989만 8127명 1년 전 보다 347만 5957명 ↑ 가입금액도 33조 9350억 늘어나 女 안정적 자금관리·男 공격적 투자 선호,증시,증권일반,시그널,증권일반,점검용,True,True
2026-09-14-가수-다이나믹-듀오-강연으로-알려진-김창옥의-콘텐츠가-홈쇼핑-앱-안에서-재생됩니다-CJ온스타일이-직접-협,2026-09-15,"가수 다이나믹 듀오, 강연으로 알려진 김창옥의 콘텐츠가 홈쇼핑 앱 안에서 재생됩니다. CJ온스타일이 직접 협","쿠팡, 셀러 상품 숏폼 직접 제작 GS샵은 AI 활용 콘텐츠 고도화 CJ온스타일 공연·예능 결합 등 구매 연계 숏비디오 시장 급성장",산업,유통·생활,산업,유통·생활,점검용,True,True
2026-09-16-FOMC-대기-속-코스피-반등-시도-우선주-소각론-에-삼전우가-달린다-이런국장-저런주식,2026-09-16,FOMC 대기 속 코스피 반등 시도… ‘우선주 소각론’에 삼전우가 달린다 [이런국장 저런주식],"코스피, 하락 출발 후 반등 노려 금리·유가 우려에 짙은 관망세 ‘소각론’에 삼전우는 2%대 강세",증시,국내증시,시그널,국내증시,점검용,True,True
2026-09-12-새내기주-70-공모가-밑돌아-코스닥-시장-개편-시급-마켓시그널,2026-09-12,새내기주 70% 공모가 밑돌아…“코스닥 시장 개편 시급” [마켓시그널],최근 상장 7곳 중 5곳 주가 부진 시장 침체에 신규 IPO도 위축돼,증시,국내증시,시그널,IB&Deal,점검용,True,False
2026-09-30-전세-5-91-월세-5-65-매매-7-52-서울에서-도망갈-곳이-없어졌습니다,2026-09-30,"전세 5.91%, 월세 5.65%, 매매 7.52% — 서울에서 도망갈 곳이 없어졌습니다 🚪",매매·전세·월세 ‘트리플 하이’에 갇힌 서울 아파트 물론 빌라·단독 월세도 가파른 오름세,부동산,부동산일반,부동산,부동산일반,점검용,True,True
2026-10-06-금융-단일종목-레버리지-ETF-20주-단위-지금-10주-들고-있으면-못-파나요,2026-10-06,"단일종목 레버리지 ETF 20주 단위, 지금 10주 들고 있으면 못 파나요? 🧱","금융위, 단주 처리 포함한 세부안 내달 발표 일정 기간 당일 종가로 매도 허용하는 방안 검토 거래 단위 확대 앞두고 수개월 유예 가능성도",증시,정책,금융,금융일반,점검용,False,False
2026-09-11-KB-과감한-세대교체-차기-회장에-이재근,2026-09-12,KB 과감한 세대교체…차기 회장에 이재근,"회추위, 단독 후보로 추천 11월 주총후 3년 임기 시작",금융·정책,은행,금융,은행,점검용,True,True
2026-09-13-코인-손실은-세금에서-빠지지-않는다,2026-09-13,코인 손실은 세금에서 빠지지 않는다,"[코인과세 4대 쟁점] ② 코인 ETF와 다른 과세 해외주식·ETF는 손익합산하는데 코인 투자손실은 다음 해로 못넘겨 ③ 250만원만 기본공제 금투세 폐지, 주식 양도차익 비과세 유사 투자자산인데도 稅부담 차이 ④ ",금융·정책,가상자산,금융,가상자산,점검용,True,True
2026-09-17-알테오젠-월-1회-비만약-개발-장기지속형-플랫폼-국제특허출원,2026-09-17,"알테오젠, 월 1회 맞는 비만약 임상 대신 특허부터 냈습니다 💉",첫 파이프라인 월 1회 투여 비만치료제로 개발 동물실험 결과 오는 11월 미국비만학회서 발표,증시,국내증시,산업,바이오,점검용,False,False
2026-09-16-SK하이닉스-성과급-현금-100-50-로-임단협-수정안-가결,2026-09-16,SK하이닉스 성과급 현금 100%→50%로…임단협 수정안 가결,"임단협 첫 잠정합의안 부결 이후 3주만 가결 勞, 60여 차례 구성원 설명회 열며 열린 소통 수정 합의안엔 자사주 비중 10%포인트 줄여 지난해 현금 100%서 주식 50%·현금 50%로",산업,대기업,산업,대기업,점검용,True,True
2026-09-18-다이소가-물꼬-튼-초저가-K뷰티-으로도-확산세-김연하의-킬링이슈,2026-09-18,"다이소가 물꼬 튼 초저가 K뷰티, 美·英으로도 확산세 [김연하의 킬링이슈]",,산업,유통·생활,산업,유통·생활,점검용,True,True
2026-09-29-70년-산-집에서-들것에-실려-나온-87세-마드리드가-멈췄습니다,2026-09-29,"70년 산 집에서 들것에 실려 나온 87세, 마드리드가 멈췄습니다 🏕️",87세 세입자 강제퇴거에 여론 폭발 마드리드 광장에 수만명 모여 월세 급등에 주거난 대책 촉구,국제,유럽,국제,유럽,점검용,True,True
2026-09-29-온체인-보유는-세계-2위인데-과세-준비는-아직-고시-단계입니다,2026-09-29,"온체인 보유는 세계 2위인데, 과세 준비는 아직 고시 단계입니다 🧳",[2026 글로벌 가상화폐 도입지수] 스테이블코인 결제 수취액도 6위 가상화폐 실사용 확대 상황에서 세금물면 거래수요 이탈 가능성 국회선 유예 논의 재점화하지만 정부는 예정대로 내년 과세 방침,금융·정책,가상자산,금융,가상자산,점검용,True,True
2026-09-26-스톤브릿지벤처스-새-고문-30년간-공무원-인사만-다뤘습니다,2026-09-26,"스톤브릿지벤처스 새 고문, 30년간 공무원 인사만 다뤘습니다 🗂️",30년 공직 인사 전문가 비상근 고문으로 “투자기업 채용 등 HR 체계 구축 자문” 민간·스타트업 HR 경험 부재에 업계 ‘의문’,산업,투자·재무,산업,중기·IT,점검용,True,False
2026-09-28-1866조-원이-된-국민연금-내년부터는-AI가-대신-봅니다,2026-09-28,"1866조 원이 된 국민연금, 내년부터는 AI가 대신 봅니다 🔍","기업가치 훼손, 주주권익 침해 분석 의결권 행사와 투자 결정에 반영할듯",증시,펀드·채권,금융,금융일반,점검용,False,False
2026-09-14-ADC-RNA-뜨는데-은-기술수출-0,2026-09-14,ADC·RNA 뜨는데…韓은 기술수출 ‘0’,상반기 거래 전년比 15%·76%↑ ADC 계약규모 3.4배·RNA 2배,증시,해외증시,산업,바이오,점검용,False,False
2026-09-21-올해-평균-수익률-5-9-장기채-ETF-투자자-속타네,2026-09-21,올해 평균 수익률 -5.9%…美장기채 ETF 투자자 속타네,美30년물 5.3%선 돌파 장기채ETF 손실 장기화 환노출 상품 하락폭 더 커 “금리 하락 기대 어려워”,증시,펀드·채권,시그널,펀드·채권,점검용,True,True
2026-09-24-10년물-금리-5-135-2007년-7월-이후-처음이라고,2026-09-24,"10년물 금리 5.135%, 2007년 7월 이후 처음이라고? 🛢️","5년물은 2006년 이후 20년만 최고 美 3대 증시 일제히 하락세 미·이란, UN총회서 갈등 재점화",국제,미국·중남미,시그널,해외증시,점검용,False,False
2026-09-24-사우디-첫-자동차-시속-100km까지-2-1초-걸립니다,2026-09-24,"사우디 첫 자동차, 시속 100km까지 2.1초 걸립니다 🦅","석유 대신 자동차, 사우디의 새로운 승부수 7개 차종으로 2030년까지 완성차 강국 도전",산업,기업일반,국제,중동·아프리카,점검용,False,False
2026-09-22-계좌에서-42조-원이-빠진-사이-증권주가-먼저-올랐다니요,2026-09-22,"계좌에서 42조 원이 빠진 사이, 증권주가 먼저 올랐다니요 🏧",종가 7100은 7월 15일 이후 두달만,증시,국내증시,시그널,국내증시,점검용,True,True
2026-09-11-한빛-2호기도-멈춰-원전-4기-개점휴업에-전력수급-빨간불,2026-09-11,한빛 2호기도 멈춰…원전 4기 개점휴업에 전력수급 ‘빨간불’,"메가프로젝트 등 전력수요 느는데 한빛 1·2호기 모두 운영허가 만료 11월엔 월성 2호기마저 가동 중단 원안위, 운전 심의 수개월 앞당겨",산업,기업일반,경제,기후에너지,점검용,False,False
2026-09-18-국민-화장지-모나리자-의-변신-고급화-시동-건-논산공장-가보니,2026-09-18,"모나리자 새 화장지 라인, 한 달에 딱 하루만 돌아갑니다 🎞️",80억 투자해 ‘파세오’ 전용 설비 구축 수개월 기술개발 거쳐 6월부터 생산 4겹·마이크로 필로우 엠보싱 적용 특징 월 1회 생산…매년 단계적 생산 확대 소매는 물론 호텔 등 B2B 공략도 병행,산업,중기·IT,산업,유통·생활,점검용,True,False
2026-09-14-태광산업에-피소-트러스톤운용-주주-질의에-고소로-답변-시그널,2026-09-14,태광산업에 피소 트러스톤운용…“주주 질의에 고소로 답변” [시그널],"태광산업, 명예훼손 등으로 고소 트러스톤 측 주주서한 문제 삼아 “주주서한 유효, 10월까지 답변”",증시,IB&Deal,시그널,국내증시,점검용,True,False
2026-10-08-15년-버티던-선박왕-3938억-원-완납하기로-했다고,2026-10-08,"15년 버티던 '선박왕', 3938억 원 완납하기로 했다고?",개인 체납 1위 권혁 시도그룹 회장 압수수색·해외공조 전방위 압박에 현금 1000억·선박담보로 분납 약속 15년 만에 체납액 4000억 납부키로 법인 2차 납세의무 등 7902억 소멸,금융·정책,금융일반,경제,세금·재정,점검용,False,False
2026-09-14-삼성D-세계-첫-2K-165Hz-OLED-개발-게이밍폰-화질-잡았다,2026-09-14,"삼성D, 세계 첫 ‘2K·165Hz’ OLED 개발…게이밍폰 화질 잡았다",2K 해상도·165Hz 주사율 첫 동시 구현 소비전력 30% 낮추고 밝기는 2800니트 비보 ‘아이쿠 16’에 첫 공급…9월 출시,산업,대기업,산업,대기업,점검용,True,True
2026-09-21-용인-600조-호남-400조-곽노정-CEO가-산타클라라에서-공장-지도를-펼친-이유,2026-09-21,"용인 600조·호남 400조, 곽노정 CEO가 산타클라라에서 공장 지도를 펼친 이유 🏨",글로벌 테크포럼 기조연설 “메모리 수요 계속 높게 유지” “HBM 이어 새 가능성 열 것” 팹·R&D 투자 공격적 확대,산업,대기업,산업,대기업,점검용,True,True
2026-09-22-차체는-내-것-배터리는-빌린-것-국회에서-7개-사업모델이-나왔습니다,2026-09-23,"차체는 내 것, 배터리는 빌린 것 — 국회에서 7개 사업모델이 나왔습니다 🏦",손명수의원실·KAMA 21일 국회서 세미나 개최 초기 구매 부담 낮추고 배터리는 독립 자산으로 EU·중국 사례 소개…자동차관리법 개정 시급성 제기,산업,중기·IT,산업,기업일반,점검용,True,False
2026-09-23-한-해-폐업자-100만-명-새-중기부-장관-앞에-논평-여섯-개가-쌓였습니다,2026-09-24,"한 해 폐업자 100만 명, 새 중기부 장관 앞에 논평 여섯 개가 쌓였습니다 📮",중기중앙회·소상공인연합회·벤기협 등 논평 “AI 시대 대·중소기업 간 격차 확대 막아야” “혁신이 정당하게 보상받는 환경 조성해 달라”,산업,중기·IT,산업,중기·IT,점검용,True,True
2026-10-01-국제-대미-전략투자-1호-텍사스-발전소부터-원전-8기까지-한-번에-발표되다,2026-10-01,"대미 전략투자 1호, 텍사스 발전소부터 원전 8기까지 한 번에 발표되다 🗽",트럼프 “美 에너지 패권 공고히 하는 투자” 223억弗 텍사스 LNG 발전소가 1호 사업 APR1400 2기 등 美에 원전 총 8기 건설도 웨스팅하우스 지분은 5~10% 인수 추진 美 “알래스카 LNG도 500억 달,국제,미국·중남미,경제,통상,점검용,False,False
2026-09-23-KB증권-시큐리타이즈-옵티미즘-셋이-먼저-토큰화하는-건-MMF입니다,2026-09-23,"KB증권·시큐리타이즈·옵티미즘, 셋이 먼저 토큰화하는 건 MMF입니다 🪜",토큰화 MMF·펀드 우선 출시…기관투자자 대상 상품 공급 제도 정비 맞춰 주식·ADR·회사채·국고채로 자산 확대,증시,IB&Deal,시그널,펀드·채권,점검용,True,False
2026-09-23-대신증권-청약증거금-100만-원까지-연-1-이자가-붙는다고요,2026-09-23,"대신증권 청약증거금, 100만 원까지 연 1% 이자가 붙는다고요? ⏳",100만원까지 1%·초과분 0.6% 대신證 최초…타사도 동참할 듯,증시,증권일반,시그널,증권일반,점검용,True,True
2026-10-01-국제-영국-트리플-락-연금-개혁-공약-뒤집고-2030년부터-속도-조절한다고,2026-10-01,"영국 트리플 락 연금 개혁, 공약 뒤집고 2030년부터 속도 조절한다고? 🩹",물가·임금·2.5% 중 최고치 적용 ‘트리플 락’ 개혁 5%대 국채 금리 급등 속 재정 건전성 강화 절감 재원은 보편적 사회돌봄 확대에 투입…복지 재배분 유권자 53% “연금 개혁 반대”…후폭풍 거셀 듯,국제,유럽,국제,유럽,점검용,True,True
2026-09-21-추석-앞두고-7천피-회복-삼전-2-7-하닉-1-1-마켓시그널,2026-09-21,"코스피가 8거래일 만에 7000을 넘었는데, 24일부턴 장이 닫히거든요 🥮",8거래일 만에 장중 7000선 탈환 코스피 6938.34 출발 후 상승폭 확대 美반도체 이틀째 강세…마이크론 3.9%↑ 외국인 이틀째 매수세 이어갈지 주목 연휴 앞 거래대금 감소·수급 공백은 변수,증시,국내증시,시그널,국내증시,점검용,True,True
2026-09-21-코스피-추석-직전엔-13대-13인데-직후엔-19대-7이라고,2026-09-21,"코스피, 추석 직전엔 13대 13인데 직후엔 19대 7이라고? 🥮",2000년 이후 연휴 뒤 5일 73% 상승 최근 3년에도 모두 올라…작년 3.82%↑ 연휴 전엔 상승·하락 13번씩 ‘팽팽’ 美 PCE·마이크론 실적·미중회담 변수 코스닥은 3분기 실적·정책 수급 주목,증시,국내증시,시그널,국내증시,점검용,True,True
2026-09-15-설비를-닫는데-이익-전망은-올라갔다,2026-09-15,"설비를 닫는데, 이익 전망은 올라갔다",유안타證 “목표가 17만→20만 원” SKIET 합병 등 구조개편發 가치하락에도 정유·윤활유 실적 효과가 압도,증시,국내증시,시그널,국내증시,점검용,True,True
2026-09-29-전문의-2명이-보던-것을-이제-AI와-1명이-봅니다,2026-09-29,"전문의 2명이 보던 것을, 이제 AI와 1명이 봅니다 🩺",州 정부 ‘AI 판독’ 확대 발맞춰 스페인 이어 스웨덴에도 공급,증시,해외증시,산업,바이오,점검용,False,False
2026-09-15-매월-70만-원-조사는-아직-시작되지-않았다,2026-09-15,"매월 70만 원, 조사는 아직 시작되지 않았다","이찬희 위원장, 9월 정례회의 앞두고 입장 밝혀 “사실관계 아직 파악 중”…의혹 확인 땐 원칙 대응 노동소위 통해 성과급·노동인권 등 노사 현안 논의",산업,기업일반,사회,노동·고용,점검용,False,False
2026-09-18-6기가바이트-도면이-59메가가-된-이유,2026-09-18,"울산 17명 회사가, 6기가바이트 도면을 59메가로 줄인 이유 📐",3D CAD 경량화·디지털트윈 구현 현대차·KAI 등 15곳서 기술 검증 프로젝트 50건…누적 매출 100억,산업,중기·IT,산업,중기·IT,점검용,True,True
2026-09-16-12월-17일-두-항공사가-하나가-됩니다,2026-09-16,"12월 17일, 두 항공사가 하나가 됩니다",■448억달러 美 항공기·엔진 도입 GE에어로 등과 엔진·정비 계약 조원태 “한미 경제동맹 이정표” 기단 현대화 통해 10위권 안착 12월 통합 항공사 출범 가속도,산업,기업일반,산업,기업일반,점검용,True,True
2026-09-26-2억-4-547만-원-디펜더-옥타-시승은-포장도로에서만-했다고,2026-09-26,"2억 4,547만 원 디펜더 옥타, 시승은 포장도로에서만 했다고? 🌊","■디펜더 옥타(OCTA) 블랙 마일드 하이브리드, 페달 밟으면 4초 만에 100㎞ 진입각 37.5도, 도강 1m…오프로드 진가 그대로",산업,유통·생활,문화,여행·레저,점검용,False,False
2026-09-15-아이폰-듀오-팔릴수록-삼성도-웃는다-삼성D-2-7조-더-번다-갭-월드,2026-09-15,"‘아이폰 듀오’ 팔릴수록 삼성도 웃는다…삼성D, 2.7조 더 번다 [갭 월드]","■서종갑 기자의 갭 월드(Gap World) 애플, 삼성보다 7년 늦게 폴더블 참전 핵심 OLED는 삼성디스플레이가 공급 애플 출시 첫해 점유율 25% 안팎 전망 삼성디플 하반기 실적 개선 기대 커져",산업,대기업,산업,대기업,점검용,True,True
2026-09-21-서울대병원-한국형-ARPA-H-4개-과제-선정-필수의료-AI-유전자치료-개발,2026-09-21,"서울대병원, 2030년까지 의료 AI 1,000개 공개를 약속하다 🔐",2개 과제 주관·2개 공동연구 필수 공공의료 AI 접목 실증화 유전성 망막질환 초정밀 치료 등,산업,바이오,산업,바이오,점검용,True,True
2026-09-23-3조-원을-팔아본-에임드바이오-이번엔-혈액뇌장벽을-넘다,2026-09-23,"3조 원을 팔아본 에임드바이오, 이번엔 혈액뇌장벽을 넘다 🚌",■ 허남구 대표 인터뷰 누적 기술이전 3조…임상 개념증명 확보 누적 기술료 연말 기준 1000억 돌파 전망 “AI 기반 기술 활용해 임상 성공률 높일 것”,증시,IB&Deal,산업,바이오,점검용,False,False
2026-09-25-골드만삭스-두-달-만에-165엔을-150엔으로-뒤집었네요,2026-09-25,"골드만삭스, 두 달 만에 165엔을 150엔으로 뒤집었네요 🪃",“빠른 금리 인상·자금 국내 회귀 가능성 반영,증시,해외증시,국제,일본·중국,점검용,False,False
2026-09-26-미중이-서로-300억-달러-관세를-낮춥니다-목록엔-크리스마스-장식품도-있네요,2026-09-26,"미중이 서로 300억 달러 관세를 낮춥니다, 목록엔 크리스마스 장식품도 있네요 🎄",백악관 팩트시트 공개 “AI 대신 SI 용어 사용키로” 이란엔 “핵무기 안돼” 원칙론 300억 달러 규모 관세 인하 중국 측 공식 입장은 안나와,국제,일본·중국,경제,통상,점검용,False,False
2026-10-01-금융-하나금융-청라-HQ-명동-떠나-인천으로-4-000명이-모인다,2026-10-01,"하나금융 청라 HQ, 명동 떠나 인천으로 4,000명이 모인다 🛤️",[하나금융그룹 청라 헤드쿼터 가보니] 10개 관계사 2200명 연말까지 순차 합류 명동사옥 3배 업무공간…5G·클라우드 구축 하루 10억건 보안데이터 분석…24시간 관제 시민에 사옥 개방…10년 경제효과 3.4조원,금융·정책,은행,금융,은행,점검용,True,True
2026-09-22-1-000억-들고-용두동-땅부터-사러-온-미국-하인즈,2026-09-22,"1,000억 들고 용두동 땅부터 사러 온 미국 하인즈 ⛏️",홈즈컴퍼니와 공동펀드 조성해 공급 확대 글로벌 투자사 토지매입부터 참여 첫 사례,증시,IB&Deal,부동산,부동산일반,점검용,False,False
2026-09-23-1홀에-160억-주고-산-골프장-포스코가-다시-팝니다,2026-09-23,"1홀에 160억 주고 산 골프장, 포스코가 다시 팝니다 🔨",매각 자문사에 딜로이트안진 국내 최고 몸값 골프장 ‘명성’ “저수익 비핵심 자산 정리 차원”,산업,대기업,시그널,IB&Deal,점검용,False,False
2026-09-15-단독-삼성-테일러팹-테슬라-주문-폭주에-양산-시작-가동률-벌써-30,2026-09-15,"[단독] 삼성 테일러팹, 테슬라 주문 폭주에 양산 시작…가동률 벌써 30%",테슬라용 2나노 AI칩 본격 생산 TSMC ‘캐파 한계’에 틈새 공략 ‘1.4나노 거점’ 2공장 구축 가속 中 SMIC 턱밑추격에 증산 고삐,산업,대기업,산업,대기업,점검용,True,True
2026-10-06-산업-AI-전력-수요-알고리즘보다-전기가-먼저-막힌다고,2026-10-06,"AI 전력 수요, 알고리즘보다 전기가 먼저 막힌다고? 🔌","■김윤경 이화여대 경제학과 교수 AI 확산에 세계 DC 전력수요 급증 MS·메타 등 LNG발전 택하기도 韓, 공급역량 키워 경쟁 선도해야",산업,기업일반,경제,기후에너지,점검용,False,False
2026-09-16-IBKR-아태-총괄-거래시간-확대는-옳은-방향-ETF-제외는-투자-선택지-좁혀,2026-09-16,IBKR 아태 총괄 “韓 거래시간 확대는 옳은 방향…ETF 제외는 투자 선택지 좁혀”,"■데이비드 프리들랜드 IBKR 아태 총괄 인터뷰 “장외 수요 커 유동성 확대…해외 이벤트에도 즉각 대응” “한국주식 개방 첫날 수천명 거래…저평가 종목도 관심” 변동성, 레버리지 ETF 탓 선그어…“투자자 교육 우선",증시,해외증시,시그널,국내증시,점검용,True,False
2026-09-30-63조-2-000억-원이-더-걷혔습니다-정부는-이-돈으로-빚을-먼저-줄입니다,2026-09-30,"63조 2,000억 원이 더 걷혔습니다. 정부는 이 돈으로 빚을 먼저 줄입니다 🧯",추경 대비 63.2조 초과세수 일부 활용 금리 과도하게 오르면 긴급 바이백도 시행 주거·일자리·서민금융에도 전략적 활용,금융·정책,금융일반,경제,세금·재정,점검용,False,False
2026-09-22-차가-스스로-올라타는-배-두-척-3-362억-원에-팔렸습니다,2026-09-22,"차가 스스로 올라타는 배 두 척, 3,362억 원에 팔렸습니다 🚗",올해 누적 수주 187억달러 9개월만에 작년 1년치 돌파,산업,대기업,산업,대기업,점검용,True,True
2026-09-21-단독-빅3-넘본다-노랑통닭-DBJ-추가-선임해-매각-본격-착수-시그널,2026-09-21,"2년 전 무산된 노랑통닭 매각, 매장 930개로 다시 나오다 🏪",BDA파트너스와 공동 주관 이번주 티저레터 배포 시작 日·中·동남아서 높은 관심 BBQ·BHC·교촌 추격 후보,증시,IB&Deal,시그널,IB&Deal,점검용,True,True
2026-09-21-지수를-따라가는-돈이-줄고-있습니다,2026-09-21,"패시브 대신 액티브, ETF에 5년 새 406배 돈이 몰렸습니다 ↗️",지난해 말 5조 4168억서 이달 14조 1444억로 급증 조정장에 적극운용 수요↑,증시,펀드·채권,시그널,펀드·채권,점검용,True,True
2026-09-18-사설-3년-만에-긴축-돌입-실물-경제-방파제-빈틈-없어야,2026-09-18,"[사설] 美 3년 만에 긴축 돌입, 실물 경제 ‘방파제’ 빈틈 없어야",,국제,미국·중남미,경제,경제분석,점검용,False,False
2026-09-26-같은-삼성전자를-두고-27만-원과-65만-원-두-배-넘게-벌어졌다고,2026-09-26,"같은 삼성전자를 두고 27만 원과 65만 원, 두 배 넘게 벌어졌다고? 📏","증권사 평균 목표가 49만 3864원 한국투자·유안타證 60만 원대 전망 BNK투자證, 27만 원 최저가 제시",증시,국내증시,시그널,국내증시,점검용,True,True
2026-09-23-2019년-멈춘-서울숲-49층-이번엔-46층을-주민에게-연다고,2026-09-23,"2019년 멈춘 서울숲 49층, 이번엔 46층을 주민에게 연다고? 🔭",서울시 건축위원회 신축사업 의결…부영그룹 복합개발 추진 공동주택 383가구·숙박시설 622실…903석 공연장도 마련 국립중앙의료원 현대화·문정건영아파트 리모델링 사업 통과,부동산,부동산일반,부동산,부동산일반,점검용,True,True
2026-09-21-용인-팹-가동-코앞인데-도로-용수-미비,2026-09-21,“용인 팹 가동 코앞인데 도로·용수 미비”,"한경협, 정책과제 41건 건의 용인팹 도로 적기에 늘리고 용수도 계획 18개월내 착공 로봇용 데이터 활용도 요청",산업,대기업,산업,대기업,점검용,True,True
2026-09-24-리셉션-도중-빠져나간-30분-전작권이-처음-정상-테이블에-오르다,2026-09-24,"리셉션 도중 빠져나간 30분, 전작권이 처음 정상 테이블에 오르다 🥂",■ 트럼프와 정상회담서 제안 “방위비 증액할테니 핵잠 가속화” 대미투자 협상 진전에 깜짝 성사 전작권 전환 등 후속협의 공감대 트럼프는 北과 대화 의지 재확인,국제,미국·중남미,정치,통일·외교·안보,점검용,False,False
2026-09-18-임대차계약-하나에-515억-5-000만-원이-오갔습니다-제주항공이-유동성-확보와-비용-효율화를-의도했다면,2026-09-18,"제주항공, 건물 사는 돈 다 내고도 소유권은 못 가져갑니다 🔑",제주항공서 515억 일시 선납받아 매매 대금 521억 중 6억만 부담 자산가치 상승 기대 등 실익 포기 계열사의 지주사 우회 지원 논란,산업,투자·재무,산업,기업일반,점검용,True,False
2026-10-06-경제-코스피-7000선-8일-삼성전자-실적-하나에-걸렸습니다,2026-10-06,"코스피 7000선, 8일 삼성전자 실적 하나에 걸렸습니다 🎢",8일 삼성전자 실적에 반도체 주도력 회복 기대 美 국채금리 5.23%…FOMC 의사록도 변수 외국인 매도 지속에 자사주 매입 여력도 감소,증시,국내증시,시그널,국내증시,점검용,True,True
2026-09-16-60조-원-약속-1년-만에-계약서가-됐다,2026-09-16,"60조 원 약속, 1년 만에 계약서가 됐다",MOU 후속 계약 체결 기념 행사 개최 양국 정부 및 국책 금융기관 지원 기반 작년 방미 때 발표한 구매 계획 본계약,산업,투자·재무,경제,통상,점검용,False,False
2026-09-15-5-저지선-뚫린-10년물-시장은-금리인상에-베팅,2026-09-15,‘5% 저지선’ 뚫린 美 10년물…시장은 금리인상에 베팅,장중 6bp↑ 2007년 7월 이후 최고 이달 금리인상 확률 94.5% 달해 사우디 송유관 폐쇄에 유가 급등 美·日 20년 만의 동시 긴축 눈앞,국제,미국·중남미,시그널,해외증시,점검용,False,False
2026-09-23-휴젤-3분기-영업이익-41-감소-미국-매출은-왜-마이너스로-찍히나,2026-09-23,"휴젤 3분기 영업이익 41% 감소, 미국 매출은 왜 마이너스로 찍히나 📦","재고 재매입에 3분기 영업익 41% 감소 예상 4분기 최종 고객 판매가격 반영…회복 전망 대신증권, 목표주가 34만 원으로 15% 하향",증시,국내증시,시그널,국내증시,점검용,True,True
2026-10-04-산업-LCC-중국-노선-확대-한-달에만-중국인-83만-명이-들어왔다고,2026-10-04,"LCC 중국 노선 확대, 한 달에만 중국인 83만 명이 들어왔다고? 🧳",LCC 잇따라 중국 신규 노선 취항 파라타항공 11월부터 선전 운항 제주항공도 연내 취항 노선 확대 이스타·진에어·트리니티도 가세 1~8월 방한객 10명 중 3명 중국인,산업,기업일반,산업,기업일반,점검용,True,True
2026-10-06-산업-삼성전자-베트남-테스트-팹-메모리-마지막-검사를-나라-밖으로-옮기다,2026-10-06,"삼성전자 베트남 테스트 팹, 메모리 마지막 검사를 나라 밖으로 옮기다 🛫",■ 반도체 후공정 거점 육성 메모리 테스트 공정 해외로 확장 타이응우옌성에 건설해 내년 가동 2공장 포함 총 5.5조원 투자 계획,산업,대기업,산업,대기업,점검용,True,True
2026-09-23-시진핑-11년-만의-국빈-방미-반도체-수출-통제는-의제에서-빠졌습니다,2026-09-23,"시진핑 11년 만의 국빈 방미, 반도체 수출 통제는 의제에서 빠졌습니다 🛬","시 주석, 2박 3일 방미 일정 돌입 5월 베이징 회담 이후 4개월만 AI 안보 협력 여부 가장 관심 크지만 대두 등 민감도 낮은 품목 논의 유력",국제,일본·중국,국제,미국·중남미,점검용,True,False
2026-09-18-클래리티-법-무산-이틀만에-SEC-토큰-주식-규제-푼다,2026-09-19,"미국 SEC, 법안이 막히자 이틀 만에 토큰 주식 규제를 직접 풀었습니다 🪙",배당·의결권 갖춘 토큰주 대상 일정 조건 충족 땐 5년간 면제 365일 24시간 거래 가능해져 코인베이스·로빈후드 수혜 기대,국제,미국·중남미,금융,가상자산,점검용,False,False
2026-10-09-삼성월렛에-USDC-탑재-결제도-추진,2026-10-09,삼성월렛에 USDC 탑재…결제도 추진,[토큰 2049 싱가포르] 미국내 기기 8200만대서 이달 말 서비스 별도 앱 설치없이 60개국 이상 송금,금융·정책,가상자산,금융,가상자산,점검용,True,True
2026-09-14-4개월-살고-17년-보유-투기일까요,2026-09-14,"4개월 살고 17년 보유, 투기일까요","■ 이형일, 청문회 서면 답변 거주·비거주 차등 원칙은 재확인 후보자 과천집도 비거주에 해당 “부득이한 사유 탄력적으로 검토” 국회서 추가 규제완화 가능성도",금융·정책,금융일반,부동산,정책,점검용,False,False
2026-09-23-기본급-5-2-에-격려금-700만-원-조선-빅3-중-삼성중공업이-먼저-끝냈습니다,2026-09-23,"기본급 5.2%에 격려금 700만 원, 조선 빅3 중 삼성중공업이 먼저 끝냈습니다 🌙","삼성重 노사, 기본급 5.2% 인상 등에 합의 추석 연휴 앞둬 막판 집중 교섭 끝에 타결 HD현대重, 이르면 29일 교섭 재개할 듯 초강경 한화오션 노조에도 압박으로 작용 포스코, 10월 초 차기 집행부 구성 후 협",산업,대기업,사회,노동·고용,점검용,False,False
2026-09-22-다이소-선크림-8종-임상기관-4곳-시험을-통과하다,2026-09-22,"다이소 선크림 8종, 임상기관 4곳 시험을 통과하다 🔬",,산업,유통·생활,산업,유통·생활,점검용,True,True
2026-09-17-5000원-선-5파운드-글로벌-휩쓰는-초저가-K뷰티,2026-09-18,"영국에서 한국 시트마스크가 1,400원에 팔립니다 🇬🇧","■새 접객 상품으로 인기몰이 이마트, 홀리카홀리카와 협업 5000원이하 제품군 대폭 늘려 다이소 뷰티 매출, 올 30% ↑ 프라이마크·파이브 빌로우도 국내 세컨드 제품 잇단 선봬",산업,유통·생활,산업,유통·생활,점검용,True,True
2026-09-22-LG-계열사-CEO-다섯-명이-MS-본사로-간-건-냉각-때문이거든요,2026-09-22,"LG 계열사 CEO 다섯 명이 MS 본사로 간 건, 냉각 때문이거든요 🧱",MS 본사서 최고경영진 회의 AI DC·피지컬 AI와 AX 협력 LG 계열사 전 CEO 모두 나서 ‘원 LG’로 MS와 사업 확대,산업,대기업,산업,대기업,점검용,True,True
2026-09-15-또다시-고유가-비상-중동산-수입시-운임-차액지원-늘린-Pick코노미,2026-09-15,또다시 고유가 비상…非중동산 수입시 운임 차액지원 늘린[Pick코노미],"[정부, 유가 방어 총력전] 홍해 막히고 우회 송유관도 피격 수에즈운하 통과시 30일 더 필요 석유 최고가격제 추가 연장 전망 수급 안정화 진단 지표 개발 추진",산업,유통·생활,경제,기후에너지,점검용,False,False
2026-09-15-코스피는-내리고-코스닥만-올랐습니다,2026-09-15,"코스피는 내리고, 코스닥만 올랐습니다",코스피 약보합권 머물러 코스닥 피지컬AI·2차전지 강세 로보티즈 장중 시총 8위·삼현 상한가 에코프로 계열 3% 상승세,증시,국내증시,시그널,국내증시,점검용,True,True
2026-09-11-치솟는-유가에-해외여행-감소-대한항공-주가-2-9-하락-이런국장-저런주식-2,2026-09-11,치솟는 유가에 해외여행 감소…대한항공 주가 2.9% 하락 [이런국장 저런주식],진에어·제주항공 등 약세 분쟁 장기화 시 실적 타격,증시,국내증시,시그널,국내증시,점검용,True,True
2026-10-08-SK하이닉스-손자회사-미국-증시-데뷔-준비한다고,2026-10-08,"SK하이닉스 손자회사, 미국 증시 데뷔 준비한다고?","“골드만, 모건스탠리 선정”",국제,미국·중남미,시그널,IB&Deal,점검용,False,False
2026-09-22-신한운용-SOL-초단기채권액티브-ETF-순자산-1조-돌파,2026-09-22,"신한운용 ‘SOL 초단기채권액티브 ETF’, 순자산 1조 돌파",증시 변동성에 초단기채 상품 ‘피신’ 단기자금형 ETF에 일주일 1.4조 유입,증시,펀드·채권,시그널,펀드·채권,점검용,True,True
2026-09-26-낮-최고기온-30도인데-편의점엔-벌써-2-000원-군고구마가-나왔거든요,2026-09-26,"낮 최고기온 30도인데, 편의점엔 벌써 2,000원 군고구마가 나왔거든요 🍠","이마트24, 겨울 먹거리 등 판매 CU는 ‘데워 먹는 빵’ 확대 홈쇼핑도 FW 의류 방송 강화",산업,유통·생활,산업,유통·생활,점검용,True,True
2026-09-18-추정치는-오르는데-주가는-41-빠졌다,2026-09-18,"삼성전기 실적 추정치는 오르는데, 주가는 41% 빠졌습니다 ↔️","3분기 영업익 6600억 전망 전고점 대비 40% 이상 빠져 “AI발 호황, 저가 매수 기회”",증시,국내증시,시그널,국내증시,점검용,True,True
2026-09-21-삼성전자는-5-올랐는데-소재-장비주는-20-씩-뛰었다고,2026-09-21,"삼성전자는 5% 올랐는데, 소재·장비주는 20%씩 뛰었다고? 🏗️",SFA반도체 20%·와이씨 17%대 강세 삼성전자 5%↑…대형주서 장비·후공정 확산 메모리 가격·증설 기대에 소부장 재평가,증시,국내증시,시그널,국내증시,점검용,True,True
2026-09-21-동원파츠-상장-예심-26영업일만에-통과-시그널,2026-09-21,"코스닥 심사 기한 45영업일인데, 동원파츠는 26일 만에 끝났다고? 🔩",거래소 심사 강화 후 최단기간 실적 성장세·내부통제 등 양호 연내 코스닥 상장 청신호,증시,국내증시,시그널,IB&Deal,점검용,True,False
2026-09-25-한복-618-선물세트-501-9월-중고장터에-명절이-들어왔습니다,2026-09-25,"한복 618%, 선물세트 501% — 9월 중고장터에 명절이 들어왔습니다 🧧",고물가 속 추석풍경 변화 한복 거래량 600% ‘껑충’ 제기용품·복주머니 수요↑,산업,유통·생활,산업,유통·생활,점검용,True,True
2026-10-06-국제-방산-스타트업-투자-반년-만에-408억-달러가-몰렸다고,2026-10-06,"방산 스타트업 투자, 반년 만에 408억 달러가 몰렸다고? 🛸",방산 스타트업 투자 10년 만에 최대치로 상반기 408억弗 투자...전년比 56% ↑ 안두릴 50억弗 조달·기업가치 610억弗 AI·드론 등 첨단기술 전장서 수요 높아져 美·유럽·日도 방산 스타트업 육성 속도,국제,유럽,국제,미국·중남미,점검용,True,False
2026-09-28-CMA-계좌가-4-009만-개-우리나라-인구보다-많아졌습니다,2026-09-28,"CMA 계좌가 4,009만 개, 우리나라 인구보다 많아졌습니다 🪆",주식투자 열풍…1년만에 7% 늘어 혼조장선 대기자금 보관 창구로,증시,증권일반,시그널,증권일반,점검용,True,True
2026-09-17-삼성증권-첫-발행어음-출시-최대-연-5-5-특판-선봬,2026-09-17,"삼성증권, 첫 발행어음 출시…최대 연 5.5% 특판 선봬",신규 고객 2~90일물 연 5.5% 특판 1년물 연 4.3%…최대 3억 원 한도,증시,증권일반,시그널,증권일반,점검용,True,True
2026-09-17-중앙아시아에-한국-케이블이-깔린다,2026-09-17,"LS그룹, 중앙아시아 3개국과 사흘 만에 협약 3건에 서명했습니다 🌏","LS, 한국-중앙아시아 5개국 정상회의서 중앙아 3개국과 3건 업무협약 체결 투르크메니스탄 통신 인프라 구축 추진 타지키 광물개발·카자흐 희소금속 개발 나서",산업,대기업,산업,대기업,점검용,True,True
2026-10-02-산업-완성차-5개사-9월-내수-판매-1년-만에-2만-5천-대가-사라졌다고,2026-10-02,"완성차 5개사 9월 내수 판매, 1년 만에 2만 5천 대가 사라졌다고? 🛞",합산 내수 판매 9만 9843대…19.8% 감소 5개사 모두 지난달 국내 성적 전년比 악화 기아·한국GM·KGM은 해외서 판매 성장 현대차·르노코리아는 해외서도 판매 감소,산업,기업일반,산업,기업일반,점검용,True,True
2026-09-28-기술수출-대신-도입-HLB는-1년-9개월-만에-FDA-문을-열었습니다,2026-09-28,"기술수출 대신 도입, HLB는 1년 9개월 만에 FDA 문을 열었습니다 🔑","■HLB, K항암제 첫 FDA 승인 美자회사 엘레바 개발하던 항암제 임상 자산 도입 후 허가·심사 주도 1년 9개월만에 직접 항암 신약 허가 美담관암 치료제 시장 1500억 규모 4분기 출시 추진…유럽허가도 신청",산업,바이오,산업,바이오,점검용,True,True
2026-09-21-첫날-1-112번-멈춰-세웠는데-변동성은-정규장보다-낮았다고,2026-09-21,"첫날 1,112번 멈춰 세웠는데, 변동성은 정규장보다 낮았다고? 🚦",정규장 평균 494회보다 여전히 많아 감시·예방·공매도 9명 전담 체계 가동,증시,국내증시,시그널,국내증시,점검용,True,True
2026-09-16-1조-원-국산-신약-27년-만에-숫자가-나왔다-1999년-선플라주부터-최근-라키타점안액까지-허가된-국산,2026-09-16,"1조 원 국산 신약, 27년 만에 숫자가 나왔다 1999년 선플라주부터 최근 라키타점안액까지, 허가된 국산",보산진 “내년 연매출 10억 달러 돌파” 케이캡·나보타 등 블록버스터 기대주,산업,바이오,산업,바이오,점검용,True,True
2026-10-08-삼성전자-분기-영업익-107조라고-국내-첫-100조-돌파,2026-10-08,삼성전자 분기 영업익 107조라고? 국내 첫 100조 돌파 📈,"4개 분기 연속 실적 신기록 하이닉스·삼성전기·SK스퀘어 ↑ 美 증시, 금리 부담에 하락",증시,국내증시,산업,대기업,점검용,False,False
2026-10-09-UN대사-지뢰-매설-사과하라-러-군사-협력도-중단해야,2026-10-09,"UN대사 “北, 지뢰 매설 사과하라...러 군사 협력도 중단해야”",차지훈 “지뢰는 정전협정 위반” 유엔총회 연설서 북핵 위험 호소,국제,미국·중남미,정치,통일·외교·안보,점검용,False,False
2026-09-24-하루-300만-개-격리-공간을-만든-딥시크가-자기-AI를-못-믿겠다고-합니다,2026-09-24,"하루 300만 개 격리 공간을 만든 딥시크가, 자기 AI를 못 믿겠다고 합니다 🧱",대규모 훈련용 샌드박스 DSec 공개 하루 300만개 생성·38만개 동시 가동 부정행위 차단·행동 제한 필요성 강조,산업,중기·IT,국제,일본·중국,점검용,False,False
2026-09-15-서학개미-초단기채로-피신-한달새-3000억원-뭉칫돈,2026-09-15,"서학개미, 美 초단기채로 피신…한달새 3000억원 ‘뭉칫돈’",SGOV 순매수액 해외주식 중 2위 국내 상장 ‘한국판 ETF’도 209억,증시,해외증시,시그널,펀드·채권,점검용,True,False
2026-09-27-압구정-51억-노원-7억-8000만-같은-서울에서-반대로-움직입니다,2026-09-27,"압구정 51억, 노원 7억 8000만 — 같은 서울에서 반대로 움직입니다 🪢",[서울 집값 디커플링 심화] 은마·개포·압구정 재건축 가격 조정 노원·도봉 등 중저가 단지 수요 지속 ‘8·3 개편’ 후 동북권 2.49% 상승 동남권은 0.49% 하락하며 대조적 서울 집값 85주↑…최장 상승 동률,부동산,부동산일반,부동산,부동산일반,점검용,True,True
2026-09-21-한국-옷이면-뜬다-K패션-발굴-나선-글로벌-유통가,2026-09-21,“한국 옷이면 뜬다”…K패션 발굴 나선 글로벌 유통가,日백화점서 신진 브랜드 잇단 팝업 K팝 아이돌 착용 등 홍보 내걸기도 美·유럽서도 ‘韓 업체’ 마케팅 활용 서울패션위크선 수주상담 757만弗 2분기 의류·가방 수출 1년새 21%↑,산업,유통·생활,산업,유통·생활,점검용,True,True
2026-09-12-비닐봉투인-줄-알았는데-품절에-프리미엄-붙은-스타벅스-가방-똑똑-스마슈머,2026-09-12,비닐봉투인 줄 알았는데…품절에 프리미엄 붙은 스타벅스 가방 [똑똑! 스마슈머],출시 닷새 만에 90% 판매 중고거래서 1.5배에 팔리기도,산업,유통·생활,산업,유통·생활,점검용,True,True
2026-10-05-금융-3분기-인수금융-리그테이블-9위였던-은행이-한-분기에-2위로-올라섰다고,2026-10-05,"3분기 인수금융 리그테이블, 9위였던 은행이 한 분기에 2위로 올라섰다고? 🪜","[시그널 2026년 상반기 인수금융·리파이낸싱 리그테이블] 한투증권, 청호나이스 인수 뒷받침 국민은행은 어프로티움 등 5건 주선 여기어때 리파이낸싱 하나증권 3위로",증시,IB&Deal,시그널,IB&Deal,점검용,True,True
2026-10-01-국제-대미-전략투자-2-000억-달러-남은-한도가-577억-달러뿐이라고,2026-10-01,"대미 전략투자 2,000억 달러, 남은 한도가 577억 달러뿐이라고? 🧮",美 “韓 500억 달러 이상 알래스카 LNG 투자” 추후 협상키로 했지만 선거 급한 美 먼저 발표 정부 “투자 한도 넘지 않도록 축소안 요청했다” 관세 인하 및 LNG 도입 우선권 등 더 협상해야 김정관 “남는 투자,국제,미국·중남미,경제,통상,점검용,False,False
2026-09-28-삼성디스플레이가-처음으로-LG-계열사-칩을-받습니다,2026-09-28,◾ 삼성디스플레이가 처음으로 LG 계열사 칩을 받습니다 🧊,노트북·모니터 OLED 반도체 내달부터 수십만개 양산 돌입 양사 주력 사업서 협력 물꼬 대만 노바텍 위협에 고객 다각화,산업,대기업,산업,대기업,점검용,True,True
2026-09-16-상반기-영업익-43-줄었는데-포스코-노조-120시간-부분파업-돌입,2026-09-16,"상반기 영업익 43% 줄었는데… 포스코 노조, 120시간 부분파업 돌입",전날 추가교섭서 이견 못 좁혀 추후 쟁의 규모 확대 가능성도 “조업 차질 없도록 비상대응”,산업,대기업,산업,대기업,점검용,True,True
2026-09-18-SK하이닉스-미국에-첫-낸드-공장-검토,2026-09-19,"SK하이닉스 손자회사, 미국에 첫 낸드 공장을 검토합니다 💾","솔리다임, 동부에 구축 추진 수요 뛰자 현지 생산 저울질 현실화 땐 전공정 기반 확보",산업,대기업,산업,대기업,점검용,True,True
2026-09-21-출신학교도-학점도-묻지-않습니다-SK하이닉스-해커톤-상금-1억에-서류-필기-면제,2026-09-22,"출신학교도 학점도 묻지 않습니다 — SK하이닉스 해커톤, 상금 1억에 서류·필기 면제 🧩",28일까지 접수받고 11월 본선 학력 안 보고 AI 도구로 평가,산업,대기업,산업,대기업,점검용,True,True
2026-10-06-부동산-전용-59-와-84-가격-격차-어느-단지는-350만-원까지-좁혀졌다고,2026-10-06,"전용 59㎡와 84㎡ 가격 격차, 어느 단지는 350만 원까지 좁혀졌다고? 📐",8월 서울 실거래데이터 5년 전과 비교해보니 69곳 단지 59·84㎡ 가격차 22%→13% 전세값 격차도 26.6%→17%로 줄어들어 이문동쌍용 매매 격차 1.27억→ 350만원 급감 가격 급등에 대출 제한 등 규제,부동산,부동산일반,부동산,부동산일반,점검용,True,True
2026-10-05-부동산-재개발-동의율-70-완화-여야가-한-달에-이-법만-다섯-개를-냈다고,2026-10-05,"재개발 동의율 70% 완화, 여야가 한 달에 이 법만 다섯 개를 냈다고? 🧮","與, 재개발 조합 설립 완화 재차 추진 서울 시장 선거 패배 뒤 민심 촉각 민간 정비사업 방점 野, 사업성 보장 나서",부동산,정책,부동산,정책,점검용,True,True
2026-09-18-젠슨-황-내년-칩-판매-2배로-뛴다-한마디에-삼전닉스-나란히-훨훨,2026-09-18,"젠슨 황이 ""내년 칩 두 배 판다""고 하자, 삼성전자·SK하이닉스가 같이 뛰었습니다 🚀",,증시,해외증시,시그널,국내증시,점검용,True,False
2026-10-03-금융-시총-미달-상장폐지-법원이-두-곳을-먼저-멈춰-세웠다,2026-10-03,"시총 미달 상장폐지, 법원이 두 곳을 먼저 멈춰 세웠다 ⚖️","법원, 시총 미달 상폐 규정에 제동…소명 기회 배제 문제 삼아 주연테크·케이엠제약, 본안판결 확정까지 상장폐지·정리매매 중단 핀텔·메디콕스도 가처분 신청…퇴출 대상 기업 법적 대응 확산 상폐 모면 기대만으로 투자 유",증시,국내증시,시그널,국내증시,점검용,True,True
2026-09-15-이달-9일-종가-기준-삼성전자-우선주는-보통주보다-26-7-낮은-가격에-거래되고-있습니다-같은-회사가-발,2026-09-15,이달 9일 종가 기준 삼성전자 우선주는 보통주보다 26.7% 낮은 가격에 거래되고 있습니다. 같은 회사가 발,잔여 주주환원 재원만 60조 우선주 매입·소각 제안 삼성생명·화재가 보유한 삼성전자 지분 매각 리스크 차단,증시,국내증시,시그널,국내증시,점검용,True,True
2026-09-21-정상-24일-백악관-회담-빅테크-CEO-대거-배석-글로벌-모닝-브리핑,2026-09-21,"관세 휴전 기간, 미국은 ""6개월"" 중국은 ""임기까지"" — 24일 트럼프·시진핑 담판 🌐",,국제,미국·중남미,국제,미국·중남미,점검용,True,True
2026-09-24-삼진제약이-7월-공고를-두-달-뒤-다시-낸-이유,2026-09-24,삼진제약이 7월 공고를 두 달 뒤 다시 낸 이유 🪑,"한미, 펩타이드 설계 인력 모집 삼진은 박사급 AI 전문가 공고 GC·대웅 등도 연구에 AI 접목",산업,바이오,산업,바이오,점검용,True,True
2026-09-30-장바구니에-담을-게-줄어든-게-아니라-마트가-매대를-바꿨습니다,2026-09-30,"장바구니에 담을 게 줄어든 게 아니라, 마트가 매대를 바꿨습니다 🧺",이마트·롯데마트 식품 공간 대폭 늘려 대형마트 식품 매출 비중 5년간 ‘우상향’ “비식품 온라인 채널과 경쟁 어려워”,산업,유통·생활,산업,유통·생활,점검용,True,True
2026-09-25-7000피-올라타기-겁난다-단기채-ETF에-뭉칫돈-코주부,2026-09-25,7000피 올라타기 겁난다…단기채 ETF에 뭉칫돈 [코주부],서학개미 9월 순매수 1위 SGOV 23일까지 2.4억弗…배당 ETF도 상위권,증시,펀드·채권,시그널,펀드·채권,점검용,True,True
2026-10-08-HLB-담관암-신약-미국-다음은-유럽이라고,2026-10-08,"HLB 담관암 신약, 미국 다음은 유럽이라고?",EMA서 ‘리픽투’ 본심사 들어가 美 이어 상업화 기반 확장 기대 R&D 투자 599억으로 늘리고 유럽학회서 후속 임상 공개도,산업,바이오,산업,바이오,점검용,True,True
2026-10-06-전세사기-보증금-최소-3분의-1은-받는다고,2026-10-06,"전세사기 보증금, 최소 3분의 1은 받는다고?",11월부터 최소 보장…선지급-후정산 시행,부동산,정책,부동산,정책,점검용,True,True
2026-09-16-신한-ISA-특판RP-조기-소진-3차례-모두-10일-내-완판,2026-09-16,신한證 ‘ISA 특판RP’ 조기 소진…“3차례 모두 10일 내 완판”,5·7·9월 각각 100억 원씩 판매 총 300억 원 모두 조기 한도 소진 ISA 절세 혜택에 RP 운용 결합,증시,증권일반,시그널,증권일반,점검용,True,True
2026-09-24-설비-한-번-멈추면-시간당-2억-3-150만-원이-새어-나가거든요,2026-09-24,"설비 한 번 멈추면 시간당 2억 3,150만 원이 새어 나가거든요 🩺","돌발 셧다운 손실, 글로벌 年 68조원 진동·전류 등 분석·정비시점 최적화 현대차·포스코 등 현장 도입 잇달아 ABB 등 AI접목 진단 솔루션 확대도",산업,중기·IT,산업,기업일반,점검용,True,False
2026-09-17-한우가-1년새-15-오르자-수입육으로-기우는-장바구니,2026-09-17,한우가 1년새 15% 오르자…수입육으로 기우는 장바구니,이마트 수입 돼지고기 매출 32.2% 증가 롯데마트 수입 돈육 2년 새 13%→29% 고금리·고물가·고유가 가성비 소비 확산,산업,유통·생활,경제,경제일반,점검용,False,False
2026-09-12-대표-증권사도-한국으로-K뷰티에-꽂힌-글로벌-큰손들-김연하의-킬링이슈,2026-09-12,日 대표 증권사도 “한국으로”…K뷰티에 꽂힌 글로벌 큰손들 [김연하의 킬링이슈],"다이와증권, 한국콜마·에이피알 등 방문 피델리티·맥쿼리 등 지분 투자도 단행 “산업 경쟁력 주목…투자 섹터로 인식”",산업,바이오,시그널,국내증시,점검용,False,False
2026-09-28-15년-전에-시작한-칠러-사업-엔비디아-목록에-이름이-오르다,2026-09-28,"15년 전에 시작한 칠러 사업, 엔비디아 목록에 이름이 오르다 🧊",거시경제 악재 속 홀로 약진 냉각 솔루션 사업 탄력 전망,증시,해외증시,산업,중기·IT,점검용,False,False
2026-09-30-한국이-추후-협의-라고-한-사업을-백악관이-먼저-발표할-수-있습니다,2026-09-30,"한국이 ""추후 협의""라고 한 사업을, 백악관이 먼저 발표할 수 있습니다 🗺️",로이터통신 보도,국제,미국·중남미,경제,통상,점검용,False,False
2026-09-26-단조로-시작한-한호산업-도면을-직접-그려-10년-안에-1조를-하겠다고,2026-09-26,"단조로 시작한 한호산업, 도면을 직접 그려 10년 안에 1조를 하겠다고? 🔨",■강동한 한호산업 대표 인터뷰 2013년 경북 영천에 가공공장 구축 자체 설계 제품 비중 50% 이상 목표 감속기·액추에이터 앞세워 방산 진출,산업,중기·IT,산업,기업인,점검용,True,False
2026-10-01-사회-라돈-매트리스-회수율-244개-중-12개만-돌아왔다고,2026-10-01,"라돈 매트리스 회수율, 244개 중 12개만 돌아왔다고? 🛏️",원안위 ‘결함 가공제품 현황’ 자료 10년간 회수 명령 사례 총 35건 침대·매트리스부터 이불까지 피부 밀착 제품들 다수 포함,산업,기업일반,사회,사회일반,점검용,False,False
2026-09-30-8-000건이던-서울-아파트-거래가-석-달-만에-3-466건으로-내려앉았습니다-2026년-4월과-5월,2026-09-30,"8,000건이던 서울 아파트 거래가 석 달 만에 3,466건으로 내려앉았습니다 🧊 2026년 4월과 5월,",거래량·토허제 신청 급감 대출·금리·세제에 매수세 주춤 세제 개편에 강남권은 가격 조정도 “금리 상승에 추격매수 한계”,부동산,부동산일반,부동산,부동산일반,점검용,True,True
2026-09-28-당신이-탄-트램에-기관사가-없어지는-시점-2031년입니다,2026-09-28,"당신이 탄 트램에 기관사가 없어지는 시점, 2031년입니다 🚏",■이노트란스 2026 수소와 전기배터리 결합해 운행 피지컬 AI로 완전자율주행 구현 올해 개발 마친 ADAS로 고도화 29조 자율주행 철도 시장 정조준 2031년까지 기술 개발 완료 목표,산업,중기·IT,산업,중기·IT,점검용,True,True
2026-09-14-산정방식-안-바꾸면-부담금-못내-홍지선-합리적-해법-찾겠다-강남-재초환-청구서,2026-09-14,“산정방식 안 바꾸면 부담금 못내”…홍지선 “합리적 해법 찾겠다” [강남 재초환 청구서],■소송전 불사하는 재건축 단지 트리니원 3.2억·한강맨션 6.8억 등 서울 46곳 평균 부담금 1.2억 달해 송파·광명도 재초환 두고 갈등 확산 정비사업 위축·주택공급 축소 우려 재초환 부담완화·폐지 목소리 높아,부동산,정책,부동산,정책,점검용,True,True
2026-09-18-7000선은-반납했는데-코스닥은-버텼다-장중-한때-1-넘게-올랐던-지수가-마감-무렵-모두-제자리로-돌아왔,2026-09-18,"7000선 찍고 일주일, 코스피는 4.53% 코스닥은 1.76%만 빠졌습니다 📉",코스피 7000 돌파 후 4.53% 내렸지만 코스닥은 1.76%↓ 매파 FOMC에도 코스닥 3일째 상승…소부장·성장주 버팀목 외인 매도·반도체 숨고르기에 코스피 약세…온도차 뚜렷,증시,국내증시,시그널,국내증시,점검용,True,True
2026-09-21-대미투자-원리금-회수-20년-로-연장,2026-09-21,대미투자 원리금 회수 ‘20년+α’로 연장,"수익 배분율 놓고 막판 줄다리기 정부, 22일 ‘1호 투자’ 국회 보고",산업,투자·재무,경제,통상,점검용,False,False
2026-09-14-골드만삭스-옆에-한국-운용사가-앉았다,2026-09-14,골드만삭스 옆에 한국 운용사가 앉았다,거래 검증·주요 정책 결정에 참여 토큰증권 법제화 전까지 기술 검증,증시,IB&Deal,시그널,증권일반,점검용,True,False
2026-09-30-서울-아파트-전세-둘-중-한-명은-그-집에-그냥-남았습니다,2026-09-30,"서울 아파트 전세, 둘 중 한 명은 그 집에 그냥 남았습니다 🔒",갱신계약 비중 3년 만에 23.6%포인트 올라 실거주 의무 강화에 다주택자·임대사업자 규제 “민간임대사업자 육성해 임대차 공금 늘려야”,부동산,정책,부동산,부동산일반,점검용,True,False
2026-09-22-DB손보-PBR-회계상-0-82배인데-내재가치로는-0-58배라고,2026-09-22,"DB손보 PBR, 회계상 0.82배인데 내재가치로는 0.58배라고? ✉️",주주환원율 35%→50% 주당배당금 年 10% 상향 “배당보단 자사주 소각 늘려야”,증시,국내증시,금융,보험,점검용,False,False
2026-09-23-9월-28일-뉴욕-이재용-최태원이-젠슨-황-옆에-앉습니다,2026-09-24,"9월 28일 뉴욕, 이재용·최태원이 젠슨 황 옆에 앉습니다 🏅","■사업 재편·투자 등 경영구상 매진 이재용·최태원 뉴욕서 ‘깐부회동’ 밴플리트상 받는 젠슨황 또 만나 구광모, 멕시코 경제외교 힘보태 정의선·김동관·정기선은 국내서 내년 사업 다각화 전략 등 점검 임원 인사·조직개편",산업,기업인,산업,대기업,점검용,True,False
2026-09-17-빅뱅-전시를-만든-회사가-300억을-모은다,2026-09-17,빅뱅 전시를 만든 회사가 300억을 모은다,AI·VR 미디어 전시 기업 기업가치 1000억 거론 K팝 열풍 힘입어 흑전 내년 코스닥 IPO 시동,증시,IB&Deal,시그널,IB&Deal,점검용,True,True
2026-10-04-금융-금융권-해킹-6곳-내-계좌-정보도-그-안에-있었냐고,2026-10-04,"금융권 해킹 6곳, 내 계좌 정보도 그 안에 있었냐고? 🔑","“2011·2013년에도 北, 금융기관 해킹 전적” “AI 빛의 속도 진화에도 당국 대응 아날로그” “금융사도 책임”…국감장서 송곳 검증 예고",산업,기업일반,금융,금융일반,점검용,False,False
